key,effort,rule,evidence
DCTgarden IKEDA,じっくり,osm_feature,tourism=museum
JRタワー,じっくり,name_heavy,タワー
あさひかわ北彩都ガーデン,,default,手がかり無し
いわみざわ公園,,name_light,公園
うらかわ優駿ビレッジAERU,,default,手がかり無し
えこりん村,じっくり,wikipedia_fee,料金の記述あり
おたる水族館,じっくり,name_heavy,水族館
おびひろ動物園,じっくり,name_heavy,動物園
かかし古里館,じっくり,category,美術館博物館
かみゆうべつチューリップ公園,じっくり,wikipedia_fee,料金の記述あり
くるるの杜,,default,手がかり無し
さっぽろばんけいスキー場,じっくり,name_heavy,スキー場
さっぽろテレビ塔,,default,手がかり無し
さっぽろ羊ヶ丘展望台,じっくり,wikipedia_fee,料金の記述あり
しょさんべつ天文台,,default,手がかり無し
すすきの,,default,手がかり無し
ぬかびら温泉,じっくり,name_heavy,温泉
ぬかびら源泉郷スキー場,じっくり,name_heavy,スキー場
のぼりべつクマ牧場,じっくり,name_heavy,牧場
はこだて明治館,,default,手がかり無し
はこだて自由市場,,default,手がかり無し
ひがしかぐら森林公園,,name_light,公園
ひがし大雪自然館,じっくり,category,美術館博物館
ひまわりの里,,default,手がかり無し
ぴっぷスキー場,じっくり,name_heavy,スキー場
ふきだし公園,,name_light,公園
ふるさと公園 (新十津川町),,name_light,公園 
ふるさと銀河線りくべつ鉄道,,default,手がかり無し
ほろしん温泉,じっくり,name_heavy,温泉
まなぼっと幣舞,,default,手がかり無し
アトサヌプリ,,osm_feature,natural=peak
アポイ岳,じっくり,name_heavy,岳
ウトナイ湖,,default,手がかり無し
ウポポイ,じっくり,osm_feature,tourism=museum
エスコンフィールドHOKKAIDO,,default,手がかり無し
エドウィン・ダン記念館,じっくり,name_heavy,記念館
エンルム岬,,name_light,岬
オコタンペ湖,,osm_feature,natural=water
オシンコシンの滝,,name_light,滝
オニウシ公園,,name_light,公園
オホーツクとっかりセンター,じっくり,wikipedia_fee,料金の記述あり
オホーツク流氷館,じっくり,category,美術館博物館
オヤコツ,,default,手がかり無し
オロフレ峠,,default,手がかり無し
オンネトー,,osm_feature,natural=water
カトリック元町教会,,default,手がかり無し
カナディアンワールド,じっくり,name_heavy,ワールド
カムイスキーリンクス,,default,手がかり無し
カムイト沼,,osm_feature,natural=water
カムイワッカ湯の滝,,name_light,滝
カルルス温泉,じっくり,name_heavy,温泉
カルルス温泉サンライバスキー場,じっくり,name_heavy,温泉
キウス周堤墓群,,default,手がかり無し
キタカラ,,default,手がかり無し
キャンモアスキービレッジ,,default,手がかり無し
キロロスノーワールド,じっくり,name_heavy,ワールド
キロロリゾート,,default,手がかり無し
クッチャロ湖,,default,手がかり無し
ケンとメリーの木,,default,手がかり無し
サケのふるさと 千歳水族館,じっくり,name_heavy,水族館
サッポロさとらんど,,osm_feature,leisure=park
サッポロガーデンパーク,,default,手がかり無し
サッポロテイネ,,default,手がかり無し
サッポロビール博物館,じっくり,name_heavy,博物館
サッポロファクトリー,,default,手がかり無し
サホロリゾート,じっくり,osm_feature,tourism=hotel
サホロリゾート ベア・マウンテン,,default,手がかり無し
サラキ岬,,name_light,岬
サロベツ原野,,default,手がかり無し
サロマ湖,,default,手がかり無し
スコトン岬,,name_light,岬
スノークルーズ・オーンズ,,default,手がかり無し
タウシュベツ川橋梁,,name_light,橋梁
ダイナスティスキーリゾート,,default,手がかり無し
チキウ岬,,name_light,岬
チミケップ湖,,default,手がかり無し
トッカリショ,,osm_feature,tourism=viewpoint
トドワラ,,osm_feature,tourism=viewpoint
トムラウシ温泉,じっくり,name_heavy,温泉
トラピスト修道院,,default,手がかり無し
トロッコ王国美深,,default,手がかり無し
ナウマン温泉,じっくり,name_heavy,温泉
ニセコHANAZONOリゾート,,default,手がかり無し
ニセコアンヌプリ,,osm_feature,natural=peak
ニセコアンヌプリ国際スキー場,じっくり,name_heavy,スキー場
ニセコビレッジ,,default,手がかり無し
ニセコ東急 グラン・ヒラフ,,default,手がかり無し
ニセコ温泉郷,じっくり,name_heavy,温泉
ニセコ積丹小樽海岸国定公園,,name_light,公園
ノーザンホースパーク,じっくり,name_heavy,スパ
パンケ沼,,default,手がかり無し
ピヤシリ山,じっくり,name_heavy,山
ピョウタンの滝,,name_light,滝
ファーム富田,,default,手がかり無し
フラノマルシェ,,default,手がかり無し
フレペの滝,,name_light,滝
ペシ岬,,name_light,岬
マイルドセブンの丘,,default,手がかり無し
マウントレースイ,じっくり,osm_feature,tourism=hotel
マクンベツ湿原,じっくり,name_heavy,湿原
マスイチ浜,,default,手がかり無し
メルヘンの丘,,default,手がかり無し
メルヘン交差点,,default,手がかり無し
モエレ沼公園,,name_light,公園
モヨロ貝塚,,name_light,貝塚
ルスツリゾート,じっくり,osm_feature,tourism=theme_park
レンガの館,,default,手がかり無し
ローズガーデンちっぷべつ,,osm_feature,leisure=park
ローソク岩,,default,手がかり無し
ワッカ原生花園,,default,手がかり無し
三井アウトレットパーク 札幌北広島,,default,手がかり無し
三国峠 (北海道),,default,手がかり無し
三段滝 (北海道),,default,手がかり無し
三浦綾子記念文学館,じっくり,name_heavy,文学館
三笠市立博物館,じっくり,name_heavy,博物館
三笠鉄道記念館,じっくり,name_heavy,記念館
三階滝 (北海道),,default,手がかり無し
三頭山 (北海道),,osm_feature,natural=peak
上川神社,,default,手がかり無し
上砂川駅,,name_light,駅
上野ファーム,,default,手がかり無し
中原悌二郎記念旭川市彫刻美術館,じっくり,name_heavy,美術館
中山峠 (国道230号),,default,手がかり無し
中島公園,,name_light,公園
中川町エコミュージアムセンター,じっくり,name_heavy,ミュージアム
中札内美術村,じっくり,osm_feature,tourism=museum
中標津空港,,name_light,港
中頓別鍾乳洞,じっくり,name_heavy,鍾乳洞
丸瀬布森林公園いこいの森,じっくり,wikipedia_fee,料金の記述あり
丸瀬布温泉,じっくり,name_heavy,温泉
丸駒温泉,じっくり,name_heavy,温泉
久種湖,,osm_feature,natural=water
九度山,じっくり,name_heavy,山
亀田八幡宮,,default,手がかり無し
二条市場,,default,手がかり無し
二股ラヂウム温泉,じっくり,name_heavy,温泉
二風谷アイヌ文化博物館,じっくり,name_heavy,博物館
五稜郭,じっくり,category,城
五稜郭タワー,じっくり,name_heavy,タワー
井上靖記念館,じっくり,name_heavy,記念館
伊達温泉,じっくり,name_heavy,温泉
余市蒸溜所,,default,手がかり無し
倶多楽湖,,default,手がかり無し
元和台海浜公園,,name_light,公園
元町公園,,name_light,公園
光善寺 (北海道松前町),,default,手がかり無し
入江・高砂貝塚,,name_light,貝塚
八雲町郷土資料館,じっくり,name_heavy,資料館
六花の森,じっくり,osm_feature,tourism=museum
円山 (札幌市),,default,手がかり無し
円山公園 (札幌市),,name_light,公園 
函館ハリストス正教会,,default,手がかり無し
函館七飯スノーパーク,,default,手がかり無し
函館八幡宮,,default,手がかり無し
函館公園,,name_light,公園
函館山,じっくり,name_heavy,山
函館山ロープウェイ,,default,手がかり無し
函館市北方民族資料館,じっくり,name_heavy,資料館
函館市旧イギリス領事館,,default,手がかり無し
函館市熱帯植物園,じっくり,name_heavy,植物園
函館市縄文文化交流センター,じっくり,category,美術館博物館
函館市青函連絡船記念館摩周丸,じっくり,name_heavy,記念館
函館朝市,,osm_feature,historic=memorial
函館空港,,name_light,港
函館競輪場,,default,手がかり無し
函館競馬場,じっくり,wikipedia_fee,料金の記述あり
函館聖ヨハネ教会,,default,手がかり無し
函館駅,,name_light,駅
初山別温泉,じっくり,name_heavy,温泉
利尻ふれあい温泉,じっくり,name_heavy,温泉
利尻富士温泉,じっくり,name_heavy,温泉
利尻山,じっくり,name_heavy,山
利尻礼文サロベツ国立公園,,name_light,公園
利根別自然公園,,name_light,公園
前田森林公園,,name_light,公園
剣山 (芽室町・清水町),,default,手がかり無し
剣淵町絵本の館,,default,手がかり無し
勝山館,,default,手がかり無し
北きつね牧場,じっくり,name_heavy,牧場
北オホーツク道立自然公園,,name_light,公園
北一ヴェネツィア美術館,じっくり,name_heavy,美術館
北欧の風 道の駅とうべつ,,name_light,道の駅
北海道グリーンランド,じっくり,name_heavy,ランド
北海道・北東北の縄文遺跡群,,default,手がかり無し
北海道博物館,じっくり,name_heavy,博物館
北海道大学,じっくり,osm_feature,tourism=museum
北海道大学植物園,じっくり,name_heavy,植物園
北海道子どもの国,,default,手がかり無し
北海道庁旧本庁舎,,default,手がかり無し
北海道旅客鉄道苗穂工場,,default,手がかり無し
北海道知事公館,,default,手がかり無し
北海道神宮,,osm_feature,historic=memorial
北海道立ゆめの森公園,,name_light,公園
北海道立オホーツク公園,,name_light,公園
北海道立オホーツク流氷公園,,name_light,公園
北海道立サンピラーパーク,,osm_feature,leisure=park
北海道立三岸好太郎美術館,じっくり,name_heavy,美術館
北海道立函館美術館,じっくり,name_heavy,美術館
北海道立北方民族博物館,じっくり,name_heavy,博物館
北海道立噴火湾パノラマパーク,,default,手がかり無し
北海道立宗谷ふれあい公園,,name_light,公園
北海道立帯広美術館,じっくり,name_heavy,美術館
北海道立文学館,じっくり,name_heavy,文学館
北海道立旭川美術館,じっくり,name_heavy,美術館
北海道立真駒内公園,,name_light,公園
北海道立近代美術館,じっくり,name_heavy,美術館
北海道立道南四季の杜公園,,name_light,公園
北海道立道民の森,,default,手がかり無し
北海道立野幌総合運動公園,,name_light,公園
北海道立釧路芸術館,じっくり,category,美術館博物館
北海道護國神社,,default,手がかり無し
北海道開拓の村,じっくり,category,美術館博物館
北海道駒ヶ岳,じっくり,name_heavy,岳
北湯沢温泉,じっくり,name_heavy,温泉
北見ハッカ記念館,じっくり,name_heavy,記念館
北見神威岬,,name_light,岬
北邦野草園,じっくり,category,美術館博物館
北鎮記念館,じっくり,name_heavy,記念館
北防波堤ドーム,,osm_feature,leisure=park
北黄金貝塚,,name_light,貝塚
十勝が丘公園,,name_light,公園
十勝エコロジーパーク,,default,手がかり無し
十勝スピードウェイ,,default,手がかり無し
十勝ヒルズ,じっくり,wikipedia_fee,料金の記述あり
十勝千年の森,じっくり,wikipedia_fee,料金の記述あり
十勝岳,じっくり,name_heavy,岳
十勝岳望岳台,,osm_feature,tourism=viewpoint
十勝岳温泉,じっくり,name_heavy,温泉
十勝川温泉,じっくり,name_heavy,温泉
十勝幌尻岳,じっくり,name_heavy,岳
博物館網走監獄,じっくり,name_heavy,博物館
厚岸湖,,default,手がかり無し
厚岸霧多布昆布森国定公園,,name_light,公園
厳島神社 (増毛町),,default,手がかり無し
名寄ピヤシリスキー場,じっくり,name_heavy,スキー場
吹上温泉 (北海道),じっくり,name_heavy,温泉
和寒町郷土資料館,じっくり,name_heavy,資料館
四季彩の丘,じっくり,wikipedia_fee,料金の記述あり
四稜郭,,default,手がかり無し
国道12号,,default,手がかり無し
国道336号,,default,手がかり無し
國稀酒造,,default,手がかり無し
地獄谷 (登別市),,default,手がかり無し
垣ノ島遺跡,,name_light,跡
塘路湖,,default,手がかり無し
塩狩峠記念館,じっくり,name_heavy,記念館
増毛駅,,name_light,駅
夕張市石炭博物館,じっくり,name_heavy,博物館
外国人墓地 (函館),,default,手がかり無し
外国樹種見本林,,default,手がかり無し
多和平,,osm_feature,tourism=viewpoint
大倉山 (北海道),,default,手がかり無し
大倉山ジャンプ競技場,じっくり,wikipedia_fee,料金の記述あり
大岬旧海軍望楼跡,,name_light,跡
大樹町多目的航空公園,,name_light,公園
大沼 (七飯町),,default,手がかり無し
大沼 (稚内市),,default,手がかり無し
大沼国定公園,,name_light,公園
大船遺跡,,name_light,跡
大通公園,,name_light,公園
大間埼灯台,,name_light,灯台
大雪展望台,,name_light,展望台
大雪山国立公園,,name_light,公園
大雪山層雲峡・黒岳ロープウェイ,,default,手がかり無し
大雪高原温泉,じっくり,name_heavy,温泉
大鵬相撲記念館,じっくり,name_heavy,記念館
大黒島 (室蘭市),,default,手がかり無し
天に続く道,,osm_feature,tourism=viewpoint
天人峡温泉,じっくり,name_heavy,温泉
天使の聖母トラピスチヌ修道院,,default,手がかり無し
天塩岳道立自然公園,,name_light,公園
天塩川温泉,じっくり,name_heavy,温泉
天売島,,default,手がかり無し
天狗山 (小樽市),,osm_feature,natural=peak
天都山,じっくり,name_heavy,山
太陽の丘えんがる公園,,name_light,公園
女満別空港,,name_light,港
安田侃彫刻美術館 アルテピアッツァ美唄,じっくり,name_heavy,美術館
宗谷丘陵,,default,手がかり無し
宗谷岬,,name_light,岬
宗谷岬ウインドファーム,,default,手がかり無し
定山渓ダム,,name_light,ダム
定山渓温泉,じっくり,name_heavy,温泉
実行寺 (函館市),,default,手がかり無し
室蘭八幡宮,,default,手がかり無し
室蘭港,,name_light,港
室蘭駅,,name_light,駅
宮島沼,,osm_feature,natural=water
家畜改良センター十勝牧場,じっくり,name_heavy,牧場
富良野スキー場,じっくり,name_heavy,スキー場
富良野芦別道立自然公園,,name_light,公園
寿都漁港,,name_light,漁港
小幌駅,,name_light,駅
小樽天狗山ロープウエイ,,default,手がかり無し
小樽市総合博物館,じっくり,name_heavy,博物館
小樽港マリーナ,,default,手がかり無し
小樽運河,,osm_feature,tourism=viewpoint
小清水原生花園,,default,手がかり無し
就実の丘,,default,手がかり無し
尻羽岬,,name_light,岬
屈斜路湖,,default,手がかり無し
層雲峡,じっくり,name_heavy,峡
層雲峡温泉,じっくり,name_heavy,温泉
山の水族館,じっくり,name_heavy,水族館
山彦の滝,,name_light,滝
岩見沢レールセンター,,default,手がかり無し
岩見沢市絵画ホール・松島正幸記念館,じっくり,name_heavy,記念館
嵐山公園 (北海道),,name_light,公園 
川下公園,,name_light,公園
川口遺跡,,name_light,跡
川湯温泉 (北海道),じっくり,name_heavy,温泉
市民の森 (函館市),,default,手がかり無し
市立室蘭水族館,じっくり,name_heavy,水族館
市立小樽文学館,じっくり,name_heavy,文学館
帯広百年記念館,じっくり,name_heavy,記念館
帯広空港,,name_light,港
帯広競馬場,じっくり,wikipedia_fee,料金の記述あり
帯広駅,,name_light,駅
常磐公園,,name_light,公園
幌尻岳,じっくり,name_heavy,岳
幌岩山,じっくり,name_heavy,山
幌見峠,,default,手がかり無し
幕別温泉,じっくり,name_heavy,温泉
幣舞橋,,name_light,橋
平取町芽生すずらん群生地,,default,手がかり無し
平和の滝,,name_light,滝
平和通買物公園,,name_light,公園
平岡公園,,name_light,公園
平岡樹芸センター,,default,手がかり無し
幸福駅,,name_light,駅
幾寅駅,,name_light,駅
弟子屈町屈斜路コタンアイヌ民族資料館,じっくり,name_heavy,資料館
当麻鍾乳洞,じっくり,name_heavy,鍾乳洞
忠類ナウマン象記念館,じっくり,name_heavy,記念館
恵山 (火山),,default,手がかり無し
恵山岬,,name_light,岬
恵山道立自然公園,,name_light,公園
恵比島駅,,name_light,駅
悲別ロマン座,,default,手がかり無し
愛冠岬,,name_light,岬
愛国駅,,name_light,駅
戸外炉峠,,osm_feature,historic=memorial
戸田記念墓地公園,,name_light,公園
手宮公園,じっくり,wikipedia_fee,料金の記述あり
手稲山,じっくり,name_heavy,山
拓真館,じっくり,osm_feature,tourism=museum
摩周温泉,じっくり,name_heavy,温泉
摩周湖,,default,手がかり無し
支笏洞爺国立公園,,name_light,公園
支笏湖,,default,手がかり無し
支笏湖温泉,じっくり,name_heavy,温泉
斜里岳,じっくり,name_heavy,岳
斜里岳道立自然公園,,name_light,公園
新さっぽろアークシティ サンピアザ,,default,手がかり無し
新さっぽろサンピアザ水族館,じっくり,name_heavy,水族館
新ひだか町アイヌ民俗資料館,じっくり,name_heavy,資料館
新千歳空港,,name_light,港
新星館 須田剋太・島岡達三美術館,じっくり,name_heavy,美術館
新登別大橋,,name_light,大橋
日の出公園 (上富良野町),,name_light,公園 
日勝峠,,default,手がかり無し
日本銀行旧小樽支店金融資料館,じっくり,name_heavy,資料館
日高山脈襟裳十勝国立公園,,name_light,公園
日高育成牧場,じっくり,name_heavy,牧場
旧ロシア領事館 (函館市),,default,手がかり無し
旧函館区公会堂,,default,手がかり無し
旧島松駅逓所,,default,手がかり無し
旭山記念公園,,name_light,公園
旭岳,じっくり,name_heavy,岳
旭岳ロープウェイ,,default,手がかり無し
旭岳温泉,じっくり,name_heavy,温泉
旭川市大雪クリスタルホール,じっくり,name_heavy,ホール
旭川市旭山動物園,じっくり,name_heavy,動物園
旭川市科学館 サイパル,じっくり,name_heavy,科学館
旭川空港,,name_light,港
旭橋 (旭川市),,default,手がかり無し
旭温泉 (北海道),じっくり,name_heavy,温泉
明治公園 (根室市),,name_light,公園 
星野リゾート トマム,,default,手がかり無し
春国岱,,default,手がかり無し
昭和新山,じっくり,name_heavy,山
晩成温泉,じっくり,name_heavy,温泉
暑寒別天売焼尻国定公園,,name_light,公園
月形樺戸博物館,じっくり,name_heavy,博物館
有島記念館,じっくり,name_heavy,記念館
有珠山,じっくり,name_heavy,山
有珠山サービスエリア,,default,手がかり無し
有珠山ロープウェイ,,default,手がかり無し
朝日ケ丘公園 (大空町),,name_light,公園 
朝日ヶ丘総合公園,,name_light,公園
朝里ダム,,name_light,ダム
朝里岳,じっくり,name_heavy,岳
朝里川温泉,じっくり,name_heavy,温泉
朝里川温泉スキー場,じっくり,name_heavy,温泉
札幌ゴルフ倶楽部,じっくり,name_heavy,ゴルフ
札幌ステラプレイス,,default,手がかり無し
札幌ドーム,じっくり,wikipedia_fee,料金の記述あり
札幌三井JPビルディング,,default,手がかり無し
札幌国際スキー場,じっくり,name_heavy,スキー場
札幌市中央卸売市場,,default,手がかり無し
札幌市円山動物園,じっくり,name_heavy,動物園
札幌市時計台,,name_light,時計台
札幌市美香保体育館,,default,手がかり無し
札幌市豊平川さけ科学館,じっくり,name_heavy,科学館
札幌市資料館,じっくり,name_heavy,資料館
札幌市青少年科学館,じっくり,name_heavy,科学館
札幌競馬場,じっくり,wikipedia_fee,料金の記述あり
札幌芸術の森,じっくり,wikipedia_fee,料金の記述あり
札幌芸術の森美術館,じっくり,name_heavy,美術館
札幌藻岩山スキー場,じっくり,name_heavy,スキー場
札幌農学校第2農場,じっくり,category,美術館博物館
札幌駅,,name_light,駅
朱鞠内湖,,default,手がかり無し
朱鞠内道立自然公園,,name_light,公園
東川町キトウシ森林公園家族旅行村,,osm_feature,leisure=park
松前城,じっくり,name_heavy,城
松前矢越道立自然公園,,name_light,公園
柳月,,default,手がかり無し
根室車石,,default,手がかり無し
桂沢ダム,,name_light,ダム
標津サーモン科学館,じっくり,name_heavy,科学館
横綱千代の山・千代の富士記念館,じっくり,name_heavy,記念館
樽前山,じっくり,name_heavy,山
檜山道立自然公園,,name_light,公園
毛無山 (小樽市),,osm_feature,natural=peak
水無海浜温泉,じっくり,name_heavy,温泉
氷雪の門,,name_light,門
江別市ガラス工芸館,じっくり,category,美術館博物館
江差追分会館・江差山車会館,じっくり,wikipedia_fee,料金の記述あり
池田町ブドウ・ブドウ酒研究所,,default,手がかり無し
法華寺 (北海道松前町),,default,手がかり無し
洞爺湖,,default,手がかり無し
洞爺湖温泉,じっくり,name_heavy,温泉
津別峠,,default,手がかり無し
津軽海峡,じっくり,name_heavy,峡
浜頓別温泉,じっくり,name_heavy,温泉
浦臼神社,,default,手がかり無し
深川市桜山公園,,name_light,公園
清水円山展望台,,name_light,展望台
清華亭,,default,手がかり無し
温根湯温泉,じっくり,name_heavy,温泉
測量山,じっくり,name_heavy,山
湯の川温泉 (北海道),じっくり,name_heavy,温泉
湯倉神社,,default,手がかり無し
滝川市航空科学センター,じっくり,category,美術館博物館
滝川市郷土館,じっくり,category,美術館博物館
滝野すずらん丘陵公園,,name_light,公園
濁川温泉,じっくり,name_heavy,温泉
濤沸湖,,default,手がかり無し
然別湖,,default,手がかり無し
然別湖畔温泉,じっくり,name_heavy,温泉
焼尻島,,osm_feature,man_made=lighthouse
狩勝峠,,osm_feature,tourism=viewpoint
狩場茂津多道立自然公園,,name_light,公園
狸小路商店街,,name_light,商店街
玉泉館跡地公園,,name_light,公園
由仁温泉,じっくり,name_heavy,温泉
男山 (酒造メーカー),,default,手がかり無し
留真温泉,じっくり,name_heavy,温泉
留萌テレビ中継局,,default,手がかり無し
留萌市海のふるさと館,じっくり,category,美術館博物館
登別マリンパークニクス,じっくり,category,美術館博物館
登別伊達時代村,,osm_feature,tourism=viewpoint
登別温泉,じっくり,name_heavy,温泉
白い恋人パーク,じっくり,osm_feature,tourism=museum
白ひげの滝,,name_light,滝
白滝パーキングエリア,,default,手がかり無し
白神岬,,name_light,岬
白老仙台藩陣屋跡,,name_light,跡
白金温泉,じっくり,name_heavy,温泉
白鳥大橋,,name_light,大橋
百合が原公園,,name_light,公園
真宗大谷派函館別院,,default,手がかり無し
真鍋庭園,じっくり,category,美術館博物館
真駒内屋内競技場,,default,手がかり無し
知内温泉,じっくり,name_heavy,温泉
知床 (世界遺産),,default,手がかり無し
知床五湖,,default,手がかり無し
知床国立公園,,name_light,公園
知床岬,,name_light,岬
知床峠,,osm_feature,historic=memorial
知床硫黄山,じっくり,name_heavy,山
石北峠,,osm_feature,tourism=viewpoint
石狩灯台,,name_light,灯台
砂川サービスエリア,,default,手がかり無し
碧血碑,,name_light,碑
礼文岳,じっくり,name_heavy,岳
社台スタリオンステーション,,default,手がかり無し
神の子池,,default,手がかり無し
神仙沼,,osm_feature,natural=water
神威岬,,name_light,岬
神居古潭,,default,手がかり無し
神楽岡公園,,name_light,公園
福島町青函トンネル記念館,じっくり,name_heavy,記念館
秩父別温泉,じっくり,name_heavy,温泉
稚内公園,,name_light,公園
稚内副港市場,,default,手がかり無し
稚内市立ノシャップ寒流水族館,じっくり,name_heavy,水族館
稚内市開基百年記念塔・北方記念館,じっくり,name_heavy,記念館
稚内温泉,じっくり,name_heavy,温泉
稚内港,,name_light,港
稚内駅,,name_light,駅
穂別博物館,じっくり,name_heavy,博物館
積丹岬,,name_light,岬
突哨山,じっくり,name_heavy,山
立待岬,,name_light,岬
竹山高原温泉,じっくり,name_heavy,温泉
笹流ダム,,name_light,ダム
糠平ダム,,name_light,ダム
糠平駅,,name_light,駅
納沙布岬,,name_light,岬
細岡展望台,,name_light,展望台
絵鞆岬,,name_light,岬
網走国定公園,,name_light,公園
網走市立美術館,じっくり,name_heavy,美術館
網走市立郷土博物館,じっくり,name_heavy,博物館
網走湖,,default,手がかり無し
総合公園だて歴史の杜,,osm_feature,leisure=park
緑ヶ丘公園 (帯広市),,name_light,公園 
羅臼岳,じっくり,name_heavy,岳
羅臼温泉,じっくり,name_heavy,温泉
羅臼湖,,osm_feature,tourism=viewpoint
羅臼漁港,,name_light,漁港
羊と雲の丘,,default,手がかり無し
羊蹄山,じっくり,name_heavy,山
美利河温泉,じっくり,name_heavy,温泉
美幌峠,,osm_feature,tourism=viewpoint
美瑛岳,じっくり,name_heavy,岳
羽衣の滝,,name_light,滝
能取湖,,default,手がかり無し
芦別温泉,じっくり,name_heavy,温泉
芽登温泉,じっくり,name_heavy,温泉
苫小牧市民文化公園,,name_light,公園
苫小牧市科学センター,じっくり,category,美術館博物館
苫小牧市緑ヶ丘公園,,name_light,公園
苫小牧市美術博物館,じっくり,name_heavy,博物館
苫小牧市錦大沼公園,,name_light,公園
萱野茂二風谷アイヌ資料館,じっくり,name_heavy,資料館
藻岩山 (札幌市),,osm_feature,natural=peak
蘭島海水浴場,,osm_feature,tourism=viewpoint
蘭越町貝の館,じっくり,category,美術館博物館
襟裳岬,,name_light,岬
襟裳岬灯台,,name_light,灯台
西岡公園,,name_light,公園
見晴公園 (函館市),,name_light,公園 
谷地頭温泉,じっくり,name_heavy,温泉
豊似湖,,default,手がかり無し
豊富温泉,じっくり,name_heavy,温泉
豊平公園,,name_light,公園
豊平峡ダム,,name_light,ダム
豊平館,,default,手がかり無し
賀老の滝,,name_light,滝
足寄動物化石博物館,じっくり,name_heavy,博物館
農試公園,,name_light,公園
道と川の駅花ロードえにわ,,default,手がかり無し
道の駅230ルスツ,,name_light,道の駅
道の駅275つきがた,,name_light,道の駅
道の駅YOU・遊・もり,,name_light,道の駅
道の駅☆ロマン街道しょさんべつ,,name_light,道の駅
道の駅あいおい,,name_light,道の駅
道の駅あかいがわ,,name_light,道の駅
道の駅あさひかわ,,name_light,道の駅
道の駅あしょろ銀河ホール21,,name_light,道の駅
道の駅あっさぶ,,name_light,道の駅
道の駅あびら D51ステーション,,name_light,道の駅
道の駅あぷた,,name_light,道の駅
道の駅いわない,,name_light,道の駅
道の駅うたしないチロルの湯,,name_light,道の駅
道の駅うとろ・シリエトク,,name_light,道の駅
道の駅うらほろ,,name_light,道の駅
道の駅うりまく,,name_light,道の駅
道の駅えんべつ富士見,,name_light,道の駅
道の駅おうむ,,name_light,道の駅
道の駅おこっぺ,,name_light,道の駅
道の駅おだいとう,,name_light,道の駅
道の駅おといねっぷ,,name_light,道の駅
道の駅おとふけ,,name_light,道の駅
道の駅おびら鰊番屋,,name_light,道の駅
道の駅おんねゆ温泉,,name_light,道の駅
道の駅かみしほろ,,name_light,道の駅
道の駅かみゆうべつ温泉チューリップの湯,,name_light,道の駅
道の駅くろまつない,,name_light,道の駅
道の駅ぐるっとパノラマ美幌峠,,name_light,道の駅
道の駅さらべつ,,name_light,道の駅
道の駅さるふつ公園,,name_light,道の駅
道の駅しかおい,,name_light,道の駅
道の駅しかべ間歇泉公園,じっくり,wikipedia_fee,料金の記述あり
道の駅しほろ温泉,,name_light,道の駅
道の駅しゃり,,name_light,道の駅
道の駅しらぬか恋問,,name_light,道の駅
道の駅しりうち,,name_light,道の駅
道の駅しんしのつ,,name_light,道の駅
道の駅そうべつ情報館i(アイ),,name_light,道の駅
道の駅たきかわ,,name_light,道の駅
道の駅つど〜る・プラザ・さわら,,name_light,道の駅
道の駅つるぬま,,name_light,道の駅
道の駅てしお,,name_light,道の駅
道の駅てっくいランド大成,,name_light,道の駅
道の駅とうま,,name_light,道の駅
道の駅とうや湖,,name_light,道の駅
道の駅とようら,,name_light,道の駅
道の駅なかがわ,,name_light,道の駅
道の駅なかさつない,,name_light,道の駅
道の駅なとわ・えさん,,name_light,道の駅
道の駅なないろ・ななえ,,name_light,道の駅
道の駅にしおこっぺ花夢,,name_light,道の駅
道の駅はなやか（葉菜野花）小清水,,name_light,道の駅
道の駅ひがしかわ「道草館」,,name_light,道の駅
道の駅びえい「丘のくら」,,name_light,道の駅
道の駅びえい「白金ビルケ」,,name_light,道の駅
道の駅びふか,,name_light,道の駅
道の駅ほっと♡はぼろ,,name_light,道の駅
道の駅まるせっぷ,,name_light,道の駅
道の駅みそぎの郷 きこない,,name_light,道の駅
道の駅みたら室蘭,,name_light,道の駅
道の駅みついし,,name_light,道の駅
道の駅みなとま〜れ寿都,,name_light,道の駅
道の駅むかわ四季の館,,name_light,道の駅
道の駅もち米の里☆なよろ,,name_light,道の駅
道の駅よってけ!島牧,,name_light,道の駅
道の駅るもい,,name_light,道の駅
道の駅ウトナイ湖,,name_light,道の駅
道の駅オスコイ!かもえない,,name_light,道の駅
道の駅オホーツク紋別,,name_light,道の駅
道の駅オーロラタウン93りくべつ,,name_light,道の駅
道の駅ガーデンスパ十勝川温泉,じっくり,wikipedia_fee,料金の記述あり
道の駅コスモール大樹,,name_light,道の駅
道の駅サラブレッドロード新冠,,name_light,道の駅
道の駅サロマ湖,,name_light,道の駅
道の駅サンフラワー北竜,,name_light,道の駅
道の駅サーモンパーク千歳,,name_light,道の駅
道の駅スタープラザ芦別,,name_light,道の駅
道の駅ステラ★ほんべつ,,name_light,道の駅
道の駅スペース・アップルよいち,,name_light,道の駅
道の駅スワン44ねむろ,,name_light,道の駅
道の駅ニセコビュープラザ,,name_light,道の駅
道の駅ノンキーランド ひがしもこと,,name_light,道の駅
道の駅ハウスヤルビ奈井江,,name_light,道の駅
道の駅パパスランドさっつる,,name_light,道の駅
道の駅ピア21しほろ,,name_light,道の駅
道の駅マオイの丘公園,,name_light,道の駅
道の駅マリーンアイランド岡島,,name_light,道の駅
道の駅メルヘンの丘めまんべつ,,name_light,道の駅
道の駅ライスランドふかがわ,,name_light,道の駅
道の駅ルート229元和台,,name_light,道の駅
道の駅三笠,,name_light,道の駅
道の駅上ノ国もんじゅ,,name_light,道の駅
道の駅北オホーツクはまとんべつ,,name_light,道の駅
道の駅北前船 松前,,name_light,道の駅
道の駅南ふらの,,name_light,道の駅
道の駅厚岸グルメパーク,,name_light,道の駅
道の駅名水の郷きょうごく,,name_light,道の駅
道の駅夕張メロード,,name_light,道の駅
道の駅忠類,,name_light,道の駅
道の駅愛ランド湧別,,name_light,道の駅
道の駅摩周温泉,,name_light,道の駅
道の駅望羊中山,,name_light,道の駅
道の駅森と湖の里ほろかない,,name_light,道の駅
道の駅横綱の里ふくしま,,name_light,道の駅
道の駅樹海ロード日高,,name_light,道の駅
道の駅江差,,name_light,道の駅
道の駅流氷街道網走,,name_light,道の駅
道の駅田園の里うりゅう,,name_light,道の駅
道の駅真狩フラワーセンター,,name_light,道の駅
道の駅知床・らうす,,name_light,道の駅
道の駅石狩「あいろーど厚田」,,name_light,道の駅
道の駅絵本の里けんぶち,,name_light,道の駅
道の駅縄文ロマン 南かやべ,,name_light,道の駅
道の駅羊のまち 侍・しべつ,,name_light,道の駅
道の駅自然体感しむかっぷ,,name_light,道の駅
道の駅遠軽 森のオホーツク,,name_light,道の駅
道の駅鐘のなるまち・ちっぷべつ,,name_light,道の駅
道の駅阿寒丹頂の里,,name_light,道の駅
道の駅風Wとままえ,,name_light,道の駅
道の駅香りの里たきのうえ,,name_light,道の駅
道立自然公園野幌森林公園,,name_light,公園
達古武湖,,default,手がかり無し
野付風蓮道立自然公園,,name_light,公園
野寒布岬,,name_light,岬
金山ダム,,name_light,ダム
金森赤レンガ倉庫,,default,手がかり無し
釧路フィッシャーマンズワーフMOO,,default,手がかり無し
釧路和商市場,,default,手がかり無し
釧路市こども遊学館,じっくり,osm_feature,tourism=museum
釧路市動物園,じっくり,name_heavy,動物園
釧路市立博物館,じっくり,name_heavy,博物館
釧路市立美術館,じっくり,name_heavy,美術館
釧路湿原,じっくり,name_heavy,湿原
釧路湿原国立公園,,name_light,公園
銀河の森天文台,じっくり,wikipedia_fee,料金の記述あり
鍋釣岩,,default,手がかり無し
長節湖,,default,手がかり無し
門別競馬場,じっくり,wikipedia_fee,料金の記述あり
開陽台,,osm_feature,tourism=viewpoint
阿寒国際ツルセンター,じっくり,osm_feature,tourism=museum
阿寒富士,,default,手がかり無し
阿寒摩周国立公園,,name_light,公園
阿寒湖,,default,手がかり無し
阿寒湖アイヌコタン,じっくり,wikipedia_fee,料金の記述あり
阿寒湖温泉,じっくり,name_heavy,温泉
雄冬岬,,name_light,岬
雄阿寒岳,じっくり,name_heavy,岳
雌阿寒岳,じっくり,name_heavy,岳
雌阿寒温泉,じっくり,name_heavy,温泉
雨竜沼湿原,じっくり,name_heavy,湿原
霧多布温泉,じっくり,name_heavy,温泉
霧多布湿原,じっくり,name_heavy,湿原
青い池,,osm_feature,natural=water
青葉公園 (千歳市),,name_light,公園 
音江環状列石,,default,手がかり無し
風蓮湖,,default,手がかり無し
養老牛温泉,じっくり,name_heavy,温泉
館城,じっくり,name_heavy,城
香雪園,,default,手がかり無し
高龍寺,,default,手がかり無し
鳥沼公園,,name_light,公園
鴎島 (江差町),,default,手がかり無し
鶴の湯温泉 (北海道),じっくり,name_heavy,温泉
鹿ノ子ダム,,name_light,ダム
麓郷の森,,default,手がかり無し
黄金山 (石狩市),,osm_feature,natural=peak
黒松内温泉,じっくり,name_heavy,温泉
くろくまの滝,,name_light,滝
つがる地球村,じっくり,osm_feature,tourism=camp_site
ねぶたの家 ワ・ラッセ,じっくり,osm_feature,tourism=museum
はっち,じっくり,osm_feature,tourism=museum
みろく横丁,,default,手がかり無し
むつ矢立温泉,じっくり,name_heavy,温泉
むつ科学技術館,じっくり,category,美術館博物館
キリストの墓 (日本),じっくり,wikipedia_fee,料金の記述あり
七戸城,じっくり,name_heavy,城
三八城公園,,name_light,公園
三内丸山遺跡,,name_light,跡
三戸城,じっくり,name_heavy,城
三沢市寺山修司記念館,じっくり,name_heavy,記念館
三陸海岸,,default,手がかり無し
下北半島国定公園,,name_light,公園
下風呂温泉,じっくり,name_heavy,温泉
中町こみせ通り,,name_light,通り
亀ヶ岡遺跡,,name_light,跡
二ツ森貝塚,,name_light,貝塚
五戸町消防団第一分団屯所,,default,手がかり無し
仏ヶ浦,,default,手がかり無し
仏沼,,default,手がかり無し
仲町 (弘前市),,default,手がかり無し
八戸ラピア,,default,手がかり無し
八戸公園,,name_light,公園
八戸市博物館,じっくり,name_heavy,博物館
八戸市埋蔵文化財センター 是川縄文館,じっくり,osm_feature,tourism=museum
八戸市水産科学館,じっくり,name_heavy,科学館
八戸市美術館,じっくり,name_heavy,美術館
八戸市魚菜小売市場,,default,手がかり無し
八甲田ロープウェー,,default,手がかり無し
八甲田山,じっくり,name_heavy,山
八甲田山雪中行軍遭難資料館,じっくり,name_heavy,資料館
八甲田温泉,じっくり,name_heavy,温泉
八食センター,,default,手がかり無し
円覚寺 (青森県深浦町),,default,手がかり無し
北金ヶ沢のイチョウ,,default,手がかり無し
十三湖,,default,手がかり無し
十二湖,じっくり,osm_feature,tourism=camp_site
十和田八幡平国立公園,,name_light,公園
十和田市現代美術館,じっくり,name_heavy,美術館
十和田湖,,default,手がかり無し
十和田湖畔温泉,じっくり,name_heavy,温泉
十和田神社,,default,手がかり無し
千畳敷 (青森県),,default,手がかり無し
古牧温泉,じっくり,name_heavy,温泉
合浦公園,,name_light,公園
名久井岳,じっくり,name_heavy,岳
善知鳥神社,,default,手がかり無し
国道339号,,default,手がかり無し
大円寺 (青森県大鰐町),,default,手がかり無し
大島 (陸奥湾),,default,手がかり無し
大平山元I遺跡,,name_light,跡
大森勝山遺跡,,name_light,跡
大間崎,,name_light,崎
大鰐温泉,じっくり,name_heavy,温泉
太宰治記念館 「斜陽館」,じっくり,name_heavy,記念館
奥入瀬渓流,,default,手がかり無し
奥入瀬渓流温泉,じっくり,name_heavy,温泉
宇曽利湖,,default,手がかり無し
安藤昌益資料館,じっくり,name_heavy,資料館
富田の清水,,default,手がかり無し
小川原湖,,default,手がかり無し
小牧野遺跡,,name_light,跡
尻屋崎,,name_light,崎
岩木山,じっくり,name_heavy,山
岩木山神社,,default,手がかり無し
岩木高原県立自然公園,,name_light,公園
嶽温泉,じっくり,name_heavy,温泉
平舘不老不死温泉,じっくり,name_heavy,温泉
廣田神社 (青森市),,default,手がかり無し
弘前ねぷた,,default,手がかり無し
弘前八幡宮,,default,手がかり無し
弘前公園,じっくり,wikipedia_fee,料金の記述あり
弘前城,じっくり,name_heavy,城
弘前市立郷土文学館,じっくり,name_heavy,文学館
恐山,じっくり,name_heavy,山
恐山温泉,じっくり,name_heavy,温泉
揚亀園,,default,手がかり無し
新青森県総合運動公園,,name_light,公園
日本キャニオン,,osm_feature,tourism=viewpoint
旧弘前市立図書館,,default,手がかり無し
旧東奥義塾外人教師館,,default,手がかり無し
旧第五十九銀行本店本館,,default,手がかり無し
是川遺跡,,name_light,跡
暗門滝,,name_light,滝
最勝院,,default,手がかり無し
木造駅,,name_light,駅
根城,じっくり,name_heavy,城
棟方志功記念館,じっくり,name_heavy,記念館
櫛引八幡宮,じっくり,osm_feature,tourism=museum
津軽こけし館,じっくり,osm_feature,tourism=museum
津軽伝承工芸館,,default,手がかり無し
津軽国定公園,,name_light,公園
津軽富士見湖,,default,手がかり無し
津軽藩ねぷた村,じっくり,osm_feature,tourism=museum
浅虫夏泊県立自然公園,,name_light,公園
浅虫温泉,じっくり,name_heavy,温泉
淋代海岸,,default,手がかり無し
湯ノ島 (青森湾),,default,手がかり無し
猿倉温泉 (十和田市),じっくり,name_heavy,温泉
瑞楽園,,default,手がかり無し
田小屋野貝塚,,name_light,貝塚
白神山地,,default,手がかり無し
白神岳,じっくり,name_heavy,岳
百沢温泉,じっくり,name_heavy,温泉
盛美園,,default,手がかり無し
種差海岸,,default,手がかり無し
立佞武多の館,じっくり,osm_feature,tourism=museum
紅葉山 (青森県),,osm_feature,natural=peak
芦野池沼群県立自然公園,,name_light,公園
菩提寺 (むつ市),,default,手がかり無し
蔦七沼,,default,手がかり無し
蔦温泉,じっくり,name_heavy,温泉
蕪島,,default,手がかり無し
薬研温泉,じっくり,name_heavy,温泉
藤田記念庭園,,default,手がかり無し
谷地温泉,じっくり,name_heavy,温泉
道の駅いかりがせき,,name_light,道の駅
道の駅いなかだて,,name_light,道の駅
道の駅いまべつ,,name_light,道の駅
道の駅おがわら湖,,name_light,道の駅
道の駅こどまり,,name_light,道の駅
道の駅さんのへ,,name_light,道の駅
道の駅しちのへ,,name_light,道の駅
道の駅たいらだて,,name_light,道の駅
道の駅つるた,,name_light,道の駅
道の駅とわだ,,name_light,道の駅
道の駅なみおか,,name_light,道の駅
道の駅なんごう (青森県),,name_light,道の駅
道の駅はしかみ,,name_light,道の駅
道の駅ひろさき,,name_light,道の駅
道の駅ふかうら,,name_light,道の駅
道の駅みさわ,,name_light,道の駅
道の駅もりた,,name_light,道の駅
道の駅十三湖高原,,name_light,道の駅
道の駅奥入瀬,,name_light,道の駅
道の駅浅虫温泉,,name_light,道の駅
道の駅虹の湖,,name_light,道の駅
酸ヶ湯,じっくり,name_heavy,湯
野木和公園,,name_light,公園
金平成園,,default,手がかり無し
釜臥山,じっくり,name_heavy,山
長勝寺 (弘前市),,default,手がかり無し
青函連絡船メモリアルシップ八甲田丸,じっくり,category,美術館博物館
青森ねぶた,,default,手がかり無し
青森スプリング・スキーリゾート,,default,手がかり無し
青森ベイブリッジ,,default,手がかり無し
青森市森林博物館,じっくり,name_heavy,博物館
青森市民図書館,,default,手がかり無し
青森県営浅虫水族館,じっくり,name_heavy,水族館
青森県立三沢航空科学館,じっくり,name_heavy,科学館
青森県立美術館,じっくり,name_heavy,美術館
青森県総合運動公園,,name_light,公園
青森県総合運動公園陸上競技場,,osm_feature,leisure=park
青森県観光物産館アスパム,じっくり,name_heavy,スパ
青森自然公園ねぶたの里,,default,手がかり無し
馬門温泉,じっくり,name_heavy,温泉
高山稲荷神社,,default,手がかり無し
黄金崎不老不死温泉,じっくり,name_heavy,温泉
龍飛崎,,name_light,崎
いわて子どもの森,,default,手がかり無し
えさし藤原の郷,じっくり,wikipedia_fee,料金の記述あり
せんまや街角資料館,じっくり,name_heavy,資料館
つりがね洞,じっくり,name_heavy,洞
とおの物語の館,じっくり,category,美術館博物館
ど根性ポプラ,,default,手がかり無し
ほっとゆだ駅,,name_light,駅
もぐらんぴあ,じっくり,category,美術館博物館
もりおか啄木・賢治青春館,じっくり,category,美術館博物館
オランダ島,,default,手がかり無し
カッパ淵,,osm_feature,natural=water
サトウハチロー記念館,じっくり,name_heavy,記念館
マリオス,,osm_feature,amenity=parking
三ツ石神社,,default,手がかり無し
三熊野神社 (花巻市),,default,手がかり無し
三王岩 (岩手県),,default,手がかり無し
三陸復興国立公園,,name_light,公園
不動の滝 (八幡平市),,default,手がかり無し
中尊寺,じっくり,wikipedia_fee,料金の記述あり
中尊寺金色堂,,default,手がかり無し
中津川 (岩手県),,osm_feature,natural=water
久慈琥珀博物館,じっくり,name_heavy,博物館
九戸城,じっくり,name_heavy,城
五輪峠 (岩手県),,default,手がかり無し
伝承園,じっくり,category,美術館博物館
住田町民俗資料館,じっくり,name_heavy,資料館
北上市立公園展勝地,,default,手がかり無し
北山崎,,name_light,崎
千厩酒のくら交流施設,じっくり,osm_feature,tourism=museum
千田正記念館,じっくり,name_heavy,記念館
千葉家住宅,,default,手がかり無し
南昌荘,,default,手がかり無し
厳美渓,,osm_feature,tourism=viewpoint
国見温泉,じっくり,name_heavy,温泉
報恩寺 (盛岡市),,default,手がかり無し
夏油温泉,じっくり,name_heavy,温泉
夏油温泉の石灰華,じっくり,name_heavy,温泉
夏油高原スキー場,じっくり,name_heavy,スキー場
大籠キリシタン殉教公園,,name_light,公園
奇跡の一本松,,default,手がかり無し
奥中山高原スキー場,じっくり,name_heavy,スキー場
奥州市牛の博物館,じっくり,name_heavy,博物館
姫神山 (岩手県),,osm_feature,natural=peak
安家洞,じっくり,name_heavy,洞
安比温泉,じっくり,name_heavy,温泉
安比高原スキー場,じっくり,name_heavy,スキー場
宝徳寺 (盛岡市),,default,手がかり無し
室根高原県立自然公園,,name_light,公園
宮守川橋梁,,name_light,橋梁
小岩井農場,じっくり,osm_feature,tourism=museum
岩山パークランド,じっくり,name_heavy,ランド
岩手サファリパーク,じっくり,osm_feature,tourism=zoo
岩手山,じっくり,name_heavy,山
岩手県公会堂,,default,手がかり無し
岩手県営運動公園,,name_light,公園
岩手県立博物館,じっくり,name_heavy,博物館
岩手県立美術館,じっくり,name_heavy,美術館
岩手銀行赤レンガ館,,default,手がかり無し
岩手高原スノーパーク,,default,手がかり無し
岩洞ダム,,name_light,ダム
幣掛の滝,,name_light,滝
平泉,,default,手がかり無し
幽玄洞,じっくり,name_heavy,洞
後藤伯記念公民館,,default,手がかり無し
御所ダム,,name_light,ダム
御所野遺跡,,name_light,跡
戸隠神社 (奥州市),,default,手がかり無し
折爪岳,じっくり,name_heavy,岳
旧岩谷堂共立病院,,default,手がかり無し
早池峰国定公園,,name_light,公園
早池峰山,じっくり,name_heavy,山
早池峰神楽,,default,手がかり無し
月山 (宮古市),,default,手がかり無し
松川地熱発電所,,default,手がかり無し
松川温泉,じっくり,name_heavy,温泉
柳之御所遺跡,,name_light,跡
栗駒国定公園,,name_light,公園
根反の大珪化木,,default,手がかり無し
桜山神社 (盛岡市),,default,手がかり無し
橋野高炉跡,,name_light,跡
正法寺 (奥州市),,default,手がかり無し
毛越寺,じっくり,wikipedia_fee,料金の記述あり
水沢VLBI観測所,,default,手がかり無し
水沢公園,,name_light,公園
水沢競馬場,じっくり,wikipedia_fee,料金の記述あり
浄土ヶ浜,,default,手がかり無し
浅井愛宕神社,,default,手がかり無し
清水寺 (花巻市),,default,手がかり無し
湯田ダム,,name_light,ダム
湯田温泉峡,じっくり,name_heavy,温泉
滝観洞,じっくり,name_heavy,洞
無量光院跡,,name_light,跡
焼走り熔岩流,,default,手がかり無し
狼森,,default,手がかり無し
猊鼻渓,,default,手がかり無し
白山神社 (平泉町),,default,手がかり無し
盛合家住宅,,default,手がかり無し
盛岡つなぎ温泉,じっくり,name_heavy,温泉
盛岡八幡宮,,default,手がかり無し
盛岡城,じっくり,name_heavy,城
盛岡市動物公園,,name_light,公園
盛岡市子ども科学館,じっくり,name_heavy,科学館
盛岡市総合アリーナ,,default,手がかり無し
石と賢治のミュージアム,じっくり,name_heavy,ミュージアム
石割桜,,default,手がかり無し
石川啄木記念館,じっくり,name_heavy,記念館
碁石海岸,,default,手がかり無し
種山ヶ原,,default,手がかり無し
米内浄水場,,default,手がかり無し
網張温泉,じっくり,name_heavy,温泉
胆沢ダム,,name_light,ダム
花と泉の公園,じっくり,wikipedia_fee,料金の記述あり
花巻新渡戸記念館,じっくり,name_heavy,記念館
花巻温泉,じっくり,name_heavy,温泉
花巻空港,,name_light,港
蓬萊島 (岩手県),,default,手がかり無し
藤七温泉,じっくり,name_heavy,温泉
衣川館,,default,手がかり無し
観自在王院跡,,name_light,跡
道の駅いわいずみ,,name_light,道の駅
道の駅おおの (岩手県),,name_light,道の駅
道の駅おりつめ,,name_light,道の駅
道の駅かわさき,,name_light,道の駅
道の駅くじ,,name_light,道の駅
道の駅さんりく,,name_light,道の駅
道の駅にしね,,name_light,道の駅
道の駅のだ,,name_light,道の駅
道の駅みやこ,,name_light,道の駅
道の駅みやもり,,name_light,道の駅
道の駅やまだ,,name_light,道の駅
道の駅やまびこ館,,name_light,道の駅
道の駅三田貝分校,,name_light,道の駅
道の駅厳美渓,,name_light,道の駅
道の駅平泉,,name_light,道の駅
道の駅石神の丘,,name_light,道の駅
道の駅石鳥谷,,name_light,道の駅
道の駅紫波,,name_light,道の駅
道の駅釜石仙人峠,,name_light,道の駅
道の駅雫石あねっこ,,name_light,道の駅
道の駅高田松原,,name_light,道の駅
達谷窟,,default,手がかり無し
遠野ふるさと村,じっくり,category,美術館博物館
遠野市立博物館・図書館,じっくり,name_heavy,博物館
郡山城 (陸奥国紫波郡),じっくり,category,城
金ケ崎町城内諏訪小路,,default,手がかり無し
金取遺跡,,name_light,跡
金田一温泉,じっくり,name_heavy,温泉
金鶏山,じっくり,name_heavy,山
釜淵の滝,,name_light,滝
釜石大観音,,default,手がかり無し
釜石市立鉄の歴史館,じっくり,category,美術館博物館
鍋倉公園,,name_light,公園
鏡沼,,default,手がかり無し
長安寺 (大船渡市),,default,手がかり無し
陸中黒埼灯台,,name_light,灯台
雪谷川ダムフォリストパーク・軽米,,name_light,ダム
雫石スキー場,じっくり,name_heavy,スキー場
馬仙峡,じっくり,name_heavy,峡
駅前橋上市場サン・フィッシュ釜石,,name_light,駅前
骨寺村荘園遺跡,,name_light,跡
高村山荘,,default,手がかり無し
高田松原,,osm_feature,leisure=park
鬼の館,じっくり,category,美術館博物館
魹ヶ崎,,name_light,崎
鵜ノ巣断崖,,default,手がかり無し
鶯宿温泉,じっくり,name_heavy,温泉
黒崎 (岩手県),,default,手がかり無し
黒森神社,,default,手がかり無し
黒石寺,,default,手がかり無し
龍泉洞,じっくり,name_heavy,洞
JRフルーツパーク仙台あらはま,,default,手がかり無し
YOSAKOI&ねぷたinとよさと,,default,手がかり無し
あ・ら・伊達な道の駅,,name_light,道の駅
かわまちてらす閖上,,default,手がかり無し
かわまちオープンパーク,,default,手がかり無し
くりでんレールバイク乗車会,,default,手がかり無し
すみかわスノーパーク,,default,手がかり無し
せんだいメディアテーク,,default,手がかり無し
せんだい農業園芸センター,じっくり,wikipedia_fee,料金の記述あり
ひまわりの丘,,default,手がかり無し
みちのく伊達政宗歴史館,じっくり,category,美術館博物館
みやぎ東日本大震災津波伝承館,じっくり,category,美術館博物館
みやぎ蔵王白石スキー場,じっくり,name_heavy,スキー場
やくらいガーデン,,default,手がかり無し
ゆりあげ港朝市,,default,手がかり無し
わくや万葉の里 天平ろまん館,じっくり,category,美術館博物館
アエル (仙台市),,default,手がかり無し
アクアテラス錦ヶ丘,じっくり,category,美術館博物館
イオンモール名取,,default,手がかり無し
エスパル仙台,じっくり,name_heavy,スパ
オニコウベスキー場,じっくり,name_heavy,スキー場
シャークミュージアム,じっくり,name_heavy,ミュージアム
スプリングバレー仙台泉,,default,手がかり無し
スポーツランドSUGO,,default,手がかり無し
チャチャワールドいしこし,じっくり,wikipedia_fee,料金の記述あり
ドラゴンカヌー大会 (加美町),,default,手がかり無し
ホエールタウンおしか,じっくり,wikipedia_fee,料金の記述あり
リアス・アーク美術館,じっくり,name_heavy,美術館
一番町 (仙台市),,default,手がかり無し
七ツ森湖畔公園,,name_light,公園
七北田公園,,name_light,公園
万石浦,,default,手がかり無し
万葉クリエートパーク,,osm_feature,leisure=park
三井アウトレットパーク 仙台港,,name_light,港
三神峯公園,,name_light,公園
三階の滝,,name_light,滝
上品山,じっくり,name_heavy,山
世界谷地原生花園,,default,手がかり無し
五大堂,じっくり,wikipedia_fee,料金の記述あり
亘理公園,,name_light,公園
仙台うみの杜水族館,じっくり,name_heavy,水族館
仙台アンパンマンこどもミュージアム&モール,じっくり,name_heavy,ミュージアム
仙台サンプラザ,じっくり,osm_feature,tourism=hotel
仙台スタジアム,,default,手がかり無し
仙台万華鏡美術館,じっくり,name_heavy,美術館
仙台国際センター,,default,手がかり無し
仙台城,じっくり,name_heavy,城
仙台市八木山動物公園,じっくり,wikipedia_fee,料金の記述あり
仙台市博物館,じっくり,name_heavy,博物館
仙台市天文台,じっくり,osm_feature,tourism=museum
仙台市歴史民俗資料館,じっくり,name_heavy,資料館
仙台市科学館,じっくり,name_heavy,科学館
仙台市立荒浜小学校,,osm_feature,historic=monument
仙台市野草園,じっくり,category,美術館博物館
仙台文学館,じっくり,name_heavy,文学館
仙台朝市,,default,手がかり無し
仙台東照宮,,default,手がかり無し
仙台泉プレミアム・アウトレット,,default,手がかり無し
仙台空港,,name_light,港
仙台駅,,name_light,駅
伊豆沼,,default,手がかり無し
伊達神社 (色麻町),,default,手がかり無し
作並温泉,じっくり,name_heavy,温泉
八木山ベニーランド,じっくり,name_heavy,ランド
八木山動物公園駅,,name_light,駅
円通院 (宮城県松島町),,default,手がかり無し
出島 (宮城県),,default,手がかり無し
加瀬沼公園,,name_light,公園
加護坊山,じっくり,name_heavy,山
勾当台公園,,name_light,公園
化女沼ダム,,name_light,ダム
千田家住宅,,default,手がかり無し
南三陸さんさん商店街,,name_light,商店街
国営みちのく杜の湖畔公園,じっくり,wikipedia_fee,料金の記述あり
地底の森ミュージアム,じっくり,name_heavy,ミュージアム
多賀城,じっくり,name_heavy,城
多賀神社 (宮城県名取郡),,default,手がかり無し
大亀山森林公園,,name_light,公園
大島 (宮城県気仙沼市),,default,手がかり無し
大崎八幡宮,,default,手がかり無し
大慈寺 (登米市),,default,手がかり無し
大衡村ふるさと美術館,じっくり,name_heavy,美術館
大雄寺 (宮城県南三陸町),,default,手がかり無し
大高森,,osm_feature,natural=peak
天皇寺 (宮城県大和町),,default,手がかり無し
天空のゆりガーデン,,default,手がかり無し
女川原子力発電所,,default,手がかり無し
女川温泉ゆぽっぽ,じっくり,name_heavy,温泉
宮城峡蒸溜所,,default,手がかり無し
宮城球場,,default,手がかり無し
宮城県図書館,,default,手がかり無し
宮城県民会館,,default,手がかり無し
宮城県総合運動公園,,name_light,公園
宮城県美術館,じっくり,name_heavy,美術館
宮城県道・山形県道12号白石上山線,,default,手がかり無し
宮城縣護國神社,,osm_feature,historic=memorial
宮城蔵王キツネ村,じっくり,category,美術館博物館
宮城野原公園総合運動場,,default,手がかり無し
宮戸島,,default,手がかり無し
富沢遺跡,,name_light,跡
山神社 (美里町),,default,手がかり無し
岩井崎,,name_light,崎
巨釜半造,,default,手がかり無し
広瀬川 (宮城県),,default,手がかり無し
御崎 (宮城県),,default,手がかり無し
御釜 (蔵王連峰),じっくり,name_heavy,連峰
愛宕神社 (仙台市),,default,手がかり無し
愛宕神社 (松島町),,default,手がかり無し
感覚ミュージアム,じっくり,name_heavy,ミュージアム
支倉常長メモリアルパーク,,default,手がかり無し
新幹線総合車両センター,,default,手がかり無し
日和山 (石巻市),,default,手がかり無し
日本こけし館,じっくり,osm_feature,tourism=museum
旧登米高等尋常小学校校舎,,default,手がかり無し
旭山 (宮城県),,default,手がかり無し
晩翠草堂,,osm_feature,tourism=viewpoint
有備館,じっくり,wikipedia_fee,料金の記述あり
杜の市場,,default,手がかり無し
東北大学,じっくり,osm_feature,tourism=museum
東北大学学術資源研究公開センター植物園,じっくり,name_heavy,植物園
東北歴史博物館,じっくり,name_heavy,博物館
松島,,default,手がかり無し
松島基地,,default,手がかり無し
栗駒山,じっくり,name_heavy,山
桂葉清水,,osm_feature,tourism=viewpoint
榴岡公園,,name_light,公園
榴岡天満宮,,default,手がかり無し
横山不動尊,,default,手がかり無し
氷の水族館,じっくり,name_heavy,水族館
泉ヶ岳,じっくり,name_heavy,岳
涌谷城,じっくり,name_heavy,城
滑津大滝,,name_light,滝
潟沼,,osm_feature,natural=water
煙雲館庭園,,default,手がかり無し
牛野ダム,,name_light,ダム
瑞巌寺,じっくり,wikipedia_fee,料金の記述あり
瑞鳳殿,,default,手がかり無し
田代島,,default,手がかり無し
白石城,じっくり,name_heavy,城
県立自然公園船形連峰,じっくり,name_heavy,連峰
石ノ森章太郎ふるさと記念館,じっくり,name_heavy,記念館
石ノ森萬画館,じっくり,category,美術館博物館
石巻南浜津波復興祈念公園,,name_light,公園
石巻市立大川小学校,,default,手がかり無し
石巻市立門脇小学校,,default,手がかり無し
石巻漁港,,name_light,漁港
磊々峡,じっくり,name_heavy,峡
神割崎,,name_light,崎
神明社 (白石市),,default,手がかり無し
秋保大滝,,name_light,滝
秋保森林スポーツ公園,,name_light,公園
秋保温泉,じっくり,name_heavy,温泉
竹駒神社,じっくり,osm_feature,tourism=museum
箟峯寺,,default,手がかり無し
細倉マインパーク,,default,手がかり無し
網地島,,default,手がかり無し
船岡城,じっくり,name_heavy,城
蔵の郷土館齋理屋敷,じっくり,name_heavy,屋敷
蔵王国定公園,,name_light,公園
蔵王連峰,じっくり,name_heavy,連峰
薬萊山,じっくり,name_heavy,山
藤田喬平ガラス美術館,じっくり,name_heavy,美術館
西公園 (仙台市),,name_light,公園 
西方寺 (仙台市),,default,手がかり無し
西行戻しの松公園,,name_light,公園
貞山運河,,default,手がかり無し
賀茂神社 (仙台市),,default,手がかり無し
追分温泉,じっくり,name_heavy,温泉
道の駅おおさき,,name_light,道の駅
道の駅おおさと,,name_light,道の駅
道の駅みなみかた,,name_light,道の駅
道の駅七ヶ宿,,name_light,道の駅
道の駅三本木,,name_light,道の駅
道の駅上品の郷,,name_light,道の駅
道の駅大谷海岸,,name_light,道の駅
道の駅村田,,name_light,道の駅
道の駅東松島,,name_light,道の駅
道の駅津山,,name_light,道の駅
道の駅路田里はなやま,,name_light,道の駅
遠刈田温泉,じっくり,name_heavy,温泉
野蒜海岸,,default,手がかり無し
金華山 (宮城県),,default,手がかり無し
金蛇水神社,,default,手がかり無し
釜房ダム,,name_light,ダム
釣石神社,,default,手がかり無し
錦ケ丘ヒルサイドモール,,default,手がかり無し
鎌先温泉,じっくり,name_heavy,温泉
長沼ダム,,name_light,ダム
長沼フートピア公園,,name_light,公園
阿武隈渓谷県立自然公園,,name_light,公園
陸奥国分寺,,osm_feature,historic=monument
青い鯉のぼりプロジェクト,,default,手がかり無し
青根温泉,じっくり,name_heavy,温泉
青葉山公園,,name_light,公園
青葉神社,,default,手がかり無し
高蔵寺 (角田市),,default,手がかり無し
鬼首カルデラ,じっくり,name_heavy,カルデラ
鳥の海,,default,手がかり無し
鳳鳴四十八滝,,name_light,滝
鳴子ダム,,name_light,ダム
鳴子峡,じっくり,name_heavy,峡
鹽竈神社,,default,手がかり無し
鹿島御児神社,,default,手がかり無し
黄金山産金遺跡,,name_light,跡
黄金山神社 (涌谷町),,default,手がかり無し
齋藤氏庭園,,default,手がかり無し
かがり美少女イラストコンテスト,,default,手がかり無し
きみまち阪,,osm_feature,leisure=park
たざわ湖スキー場,じっくり,name_heavy,スキー場
なまはげ館,じっくり,category,美術館博物館
ジュネス栗駒スキー場,じっくり,name_heavy,スキー場
セリオン (秋田市),じっくり,wikipedia_fee,料金の記述あり
一日市の盆踊,,default,手がかり無し
七滝,,name_light,滝
三崎公園 (秋田県・山形県),,name_light,公園 
下浜海水浴場,,default,手がかり無し
久保田城,じっくり,name_heavy,城
乳頭温泉郷,じっくり,name_heavy,温泉
仁別森林博物館,じっくり,name_heavy,博物館
仙北市立角館樺細工伝承館,じっくり,osm_feature,tourism=museum
伊勢堂岱遺跡,じっくり,wikipedia_fee,料金の記述あり
保呂羽山の霜月神楽,,default,手がかり無し
入道埼灯台,,name_light,灯台
入道崎,,name_light,崎
八幡平,,osm_feature,natural=peak
八幡平温泉郷,じっくり,name_heavy,温泉
八森いさりび温泉 ハタハタ館,じっくり,name_heavy,温泉
八森岩館県立自然公園,,name_light,公園
八郎潟,,default,手がかり無し
六郷扇状地,,default,手がかり無し
刺巻湿原,じっくり,name_heavy,湿原
千秋公園,,name_light,公園
史跡 尾去沢鉱山,じっくり,name_heavy,山
唐松神社,,osm_feature,historic=memorial
大湯温泉 (鹿角市),じっくり,name_heavy,温泉
大湯環状列石,,default,手がかり無し
大滝温泉 (秋田県),じっくり,name_heavy,温泉
大館樹海ドーム,じっくり,name_heavy,樹海
天徳寺 (秋田市),,default,手がかり無し
太平山 (秋田県),,osm_feature,natural=peak
太平山県立自然公園 (秋田県),,name_light,公園 
奈曽の白滝,,name_light,滝
安の滝,,name_light,滝
寒風山 (秋田県),,osm_feature,natural=peak
小坂鉱山事務所,じっくり,osm_feature,tourism=museum
小坂駅,,name_light,駅
小安峡温泉,じっくり,name_heavy,温泉
峨瓏峡,じっくり,name_heavy,峡
川原毛地獄,,default,手がかり無し
川原毛大湯滝,,name_light,滝
康楽館,,default,手がかり無し
後生掛温泉,じっくり,name_heavy,温泉
御座石神社,,default,手がかり無し
払田柵跡,,name_light,跡
抱返り渓谷,じっくり,name_heavy,渓谷
新潮社記念文学館,じっくり,name_heavy,文学館
日本国花苑,,default,手がかり無し
旧池田氏庭園,,default,手がかり無し
旧秋田藩主佐竹氏別邸,,default,手がかり無し
本荘公園,,name_light,公園
東湖八坂神社,,default,手がかり無し
森吉山,じっくり,name_heavy,山
森吉山県立自然公園,,name_light,公園
森岳温泉,じっくり,name_heavy,温泉
横手城,じっくり,name_heavy,城
横手市ふれあいセンター,じっくり,wikipedia_fee,料金の記述あり
横手市増田まんが美術館,じっくり,name_heavy,美術館
横手市増田伝統的建造物群保存地区,,default,手がかり無し
毛馬内の盆踊,,default,手がかり無し
法体の滝,,name_light,滝
泥湯温泉,じっくり,name_heavy,温泉
湯瀬温泉,じっくり,name_heavy,温泉
漢槎宮,,default,手がかり無し
猿倉温泉 (由利本荘市),じっくり,name_heavy,温泉
玉川ダム (秋田県),,name_light,ダム
玉川温泉 (秋田県),じっくり,name_heavy,温泉
田代岳,じっくり,name_heavy,岳
田沢湖,,default,手がかり無し
田沢湖抱返り県立自然公園,,name_light,公園
田沢湖高原温泉郷,じっくり,name_heavy,温泉
男鹿三山,じっくり,name_heavy,山
男鹿国定公園,,name_light,公園
男鹿温泉郷,じっくり,name_heavy,温泉
発荷峠,,default,手がかり無し
白瀑神社,,default,手がかり無し
白瀬南極探検隊記念館,じっくり,name_heavy,記念館
真人公園,,name_light,公園
真山神社,,default,手がかり無し
真木真昼県立自然公園,,name_light,公園
石黒家,,default,手がかり無し
神室山,じっくり,name_heavy,山
秋ノ宮温泉郷,じっくり,name_heavy,温泉
秋田ふるさと村,,default,手がかり無し
秋田城,じっくり,name_heavy,城
秋田市大森山動物園,じっくり,name_heavy,動物園
秋田市民市場,,default,手がかり無し
秋田市立千秋美術館,じっくり,name_heavy,美術館
秋田市立赤れんが郷土館,じっくり,category,美術館博物館
秋田温泉,じっくり,name_heavy,温泉
秋田焼山,じっくり,name_heavy,山
秋田犬の里,,default,手がかり無し
秋田犬保存会,,default,手がかり無し
秋田白神県立自然公園,,name_light,公園
秋田県立中央公園,,name_light,公園
秋田県立北欧の杜公園,,name_light,公園
秋田県立博物館,じっくり,name_heavy,博物館
秋田県立小泉潟公園,,name_light,公園
秋田県立男鹿水族館,じっくり,name_heavy,水族館
秋田県立美術館 平野政吉コレクション,じっくり,name_heavy,美術館
秋田県立近代美術館,じっくり,name_heavy,美術館
秋田諏訪宮,,default,手がかり無し
秋田駅,,name_light,駅
秋田駒ヶ岳,じっくり,name_heavy,岳
竿燈,じっくり,osm_feature,tourism=hotel
素波里ダム,,name_light,ダム
美郷町ラベンダー園,,osm_feature,leisure=park
能代火力発電所,,default,手がかり無し
花輪スキー場,じっくり,name_heavy,スキー場
蒸ノ湯温泉,じっくり,name_heavy,温泉
藤倉水源地,,default,手がかり無し
藤里駒ヶ岳,じっくり,name_heavy,岳
西馬音内の盆踊,,default,手がかり無し
角館,,default,手がかり無し
角館のシダレザクラ,じっくり,wikipedia_fee,料金の記述あり
象潟,,default,手がかり無し
赤神神社,,default,手がかり無し
道の駅あに,,name_light,道の駅
道の駅おおうち,,name_light,道の駅
道の駅おおがた,,name_light,道の駅
道の駅おがち,,name_light,道の駅
道の駅かづの,,name_light,道の駅
道の駅かみこあに,,name_light,道の駅
道の駅こさか七滝,,name_light,道の駅
道の駅しょうわ,,name_light,道の駅
道の駅たかのす,じっくり,wikipedia_fee,料金の記述あり
道の駅てんのう,,name_light,道の駅
道の駅はちもり,,name_light,道の駅
道の駅ひない,,name_light,道の駅
道の駅ふたつい,,name_light,道の駅
道の駅みねはま,,name_light,道の駅
道の駅やたて峠,,name_light,道の駅
道の駅五城目,,name_light,道の駅
道の駅十文字,,name_light,道の駅
道の駅岩城,,name_light,道の駅
道の駅美郷,,name_light,道の駅
道の駅象潟,,name_light,道の駅
金勇,,default,手がかり無し
鈴木家住宅 (羽後町),,default,手がかり無し
長走風穴,,default,手がかり無し
阿仁スキー場,じっくり,name_heavy,スキー場
阿仁熊牧場,じっくり,name_heavy,牧場
雄島 (秋田県),,default,手がかり無し
須川温泉,じっくり,name_heavy,温泉
鳥海国定公園,,name_light,公園
鳥海高原矢島スキー場,じっくり,name_heavy,スキー場
Asahi自然観,,default,手がかり無し
あつみ温泉,じっくり,name_heavy,温泉
さかた海鮮市場,,default,手がかり無し
さくらんぼタントクルセンター,,default,手がかり無し
すぽーてぃあ,,default,手がかり無し
どんでん平ゆり園,,default,手がかり無し
ひがしねあそびあランド,じっくり,name_heavy,ランド
まほろば・童話の里 浜田広介記念館,じっくり,name_heavy,記念館
まむろがわ温泉 梅里苑,じっくり,name_heavy,温泉
イオンモール三川,,default,手がかり無し
スノーパーク面白山,じっくり,name_heavy,山
マリンパークねずがせき,,default,手がかり無し
マルコの蔵,,default,手がかり無し
リナワールド,じっくり,name_heavy,ワールド
上山城,じっくり,name_heavy,城
上山温泉,じっくり,name_heavy,温泉
上杉家廟所,,default,手がかり無し
上杉神社,,osm_feature,historic=memorial
伊佐沢の久保ザクラ,,default,手がかり無し
光禅寺,,default,手がかり無し
出羽三山,じっくり,name_heavy,山
出羽神社,,default,手がかり無し
加無山県立自然公園,,name_light,公園
十六羅漢岩,,osm_feature,tourism=viewpoint
南陽市立結城豊太郎記念館,じっくり,name_heavy,記念館
善寳寺,,default,手がかり無し
土門拳記念館,じっくり,name_heavy,記念館
塩野毘沙門堂,,default,手がかり無し
大山上池・下池,,default,手がかり無し
大日坊,,default,手がかり無し
大聖寺 (山形県高畠町),,default,手がかり無し
天元台高原,じっくり,name_heavy,高原
天童市美術館,じっくり,name_heavy,美術館
天童温泉,じっくり,name_heavy,温泉
天童駅,,name_light,駅
姥湯温泉,じっくり,name_heavy,温泉
安国寺 (山形県山辺町),,default,手がかり無し
宮坂考古館,じっくり,category,美術館博物館
寒河江ダム,,name_light,ダム
小杉の大杉,,default,手がかり無し
小野川温泉,じっくり,name_heavy,温泉
山寺芭蕉記念館,じっくり,name_heavy,記念館
山居倉庫,,default,手がかり無し
山形市野草園,じっくり,category,美術館博物館
山形県産業科学館,じっくり,name_heavy,科学館
山形県県民の森,,default,手がかり無し
山形県立博物館,じっくり,name_heavy,博物館
山形県立自然博物園,じっくり,wikipedia_fee,料金の記述あり
山形県総合運動公園,,name_light,公園
山形県道・福島県道2号米沢猪苗代線,,default,手がかり無し
山形県野球場,,default,手がかり無し
山形美術館,じっくり,name_heavy,美術館
山形蔵王温泉スキー場,じっくり,name_heavy,温泉
山形駅,,name_light,駅
山辺温泉,じっくり,name_heavy,温泉
川西ダリヤ園,,default,手がかり無し
広重美術館 (山形県),じっくり,name_heavy,美術館
弓張平公園,,name_light,公園
愛宕神社 (米沢市遠山町),,default,手がかり無し
慈恩寺 (寒河江市),,default,手がかり無し
掬粋巧芸館,じっくり,category,美術館博物館
摩耶山 (山形県),,osm_feature,natural=peak
文翔館,,default,手がかり無し
斎藤茂吉記念館,じっくり,name_heavy,記念館
新庄ふるさと歴史センター,じっくり,category,美術館博物館
新庄城,じっくり,name_heavy,城
日和山公園 (酒田市),,name_light,公園 
旧鐙屋,じっくり,osm_feature,tourism=museum
最上峡,じっくり,name_heavy,峡
最上義光歴史館,じっくり,category,美術館博物館
月山,じっくり,name_heavy,山
本間美術館,じっくり,name_heavy,美術館
東根の大ケヤキ,,default,手がかり無し
東根温泉,じっくり,name_heavy,温泉
東沢バラ公園,,name_light,公園
林家舞楽,,default,手がかり無し
林泉寺 (米沢市),,default,手がかり無し
横川ダム (山形県),,name_light,ダム
武家屋敷 (上山市),じっくり,name_heavy,屋敷
清河八郎記念館,じっくり,name_heavy,記念館
済生館,じっくり,wikipedia_fee,料金の記述あり
湯殿山 (山形県),,osm_feature,natural=peak
湯殿山神社,,default,手がかり無し
湯田川温泉,じっくり,name_heavy,温泉
湯野浜温泉,じっくり,name_heavy,温泉
滑川温泉,じっくり,name_heavy,温泉
瀬見温泉,じっくり,name_heavy,温泉
烏帽子山八幡宮,,default,手がかり無し
烏帽子山公園,,name_light,公園
熊野神社 (南陽市),,default,手がかり無し
犬の宮・猫の宮,,default,手がかり無し
玉簾の滝 (山形県),,default,手がかり無し
白山島,,default,手がかり無し
白川ダム (山形県),,name_light,ダム
白布温泉,じっくり,name_heavy,温泉
白糸の滝 (山形県),,default,手がかり無し
白鷹町営スキー場,じっくり,name_heavy,スキー場
相馬樓,じっくり,osm_feature,tourism=museum
立石寺,,default,手がかり無し
米沢スキー場,じっくり,name_heavy,スキー場
米沢城,じっくり,name_heavy,城
米沢市上杉博物館,じっくり,name_heavy,博物館
紅花資料館,じっくり,name_heavy,資料館
羽黒山 (山形県),,osm_feature,natural=peak
羽黒山のスギ並木,,name_light,並木
羽黒山五重塔,,default,手がかり無し
肘折温泉,じっくり,name_heavy,温泉
致道博物館,じっくり,name_heavy,博物館
致道館,,osm_feature,tourism=viewpoint
舞鶴山,じっくり,name_heavy,山
芭蕉・清風歴史資料館,じっくり,name_heavy,資料館
花咲山展望台,,name_light,展望台
若松寺,,default,手がかり無し
荘内神社,,default,手がかり無し
蔵王みはらしの丘・ミュージアムパーク,じっくり,name_heavy,ミュージアム
蔵王ロープウェイ,,default,手がかり無し
蟹仙洞,じっくり,name_heavy,洞
西浜海水浴場,,default,手がかり無し
西蔵王公園,,name_light,公園
赤倉温泉 (山形県),じっくり,name_heavy,温泉
赤湯温泉 (山形県),じっくり,name_heavy,温泉
道の駅あつみ,,name_light,道の駅
道の駅いいで,,name_light,道の駅
道の駅おおえ,,name_light,道の駅
道の駅しょうない,,name_light,道の駅
道の駅たかはた,,name_light,道の駅
道の駅とざわ,,name_light,道の駅
道の駅にしかわ,,name_light,道の駅
道の駅むらやま,,name_light,道の駅
道の駅天童温泉,,name_light,道の駅
道の駅寒河江,,name_light,道の駅
道の駅尾花沢,,name_light,道の駅
道の駅庄内みかわ,,name_light,道の駅
道の駅月山,,name_light,道の駅
道の駅白鷹ヤナ公園,,name_light,道の駅
道の駅米沢,,name_light,道の駅
道の駅鳥海,,name_light,道の駅
酒田市美術館,じっくり,name_heavy,美術館
銀山温泉,じっくり,name_heavy,温泉
長井あやめ公園,,name_light,公園
関山大滝,,name_light,滝
霞城セントラル,,default,手がかり無し
霞城公園,,name_light,公園
飛島 (山形県),,default,手がかり無し
鳥海山,じっくり,name_heavy,山
鶴岡カトリック教会天主堂,,default,手がかり無し
鶴岡公園,,name_light,公園
鶴岡市立加茂水族館,じっくり,name_heavy,水族館
鶴岡市立藤沢周平記念館,じっくり,name_heavy,記念館
黒伏高原スノーパークジャングル・ジャングル,,default,手がかり無し
21世紀記念公園麓山の杜,,osm_feature,leisure=park
あだたら高原スキー場,じっくり,name_heavy,スキー場
あぶくま洞,じっくり,name_heavy,洞
いいたて村の道の駅までい館,,name_light,道の駅
いわきマリンタワー,じっくり,name_heavy,タワー
いわき・ら・ら・ミュウ,,default,手がかり無し
いわき公園,,name_light,公園
いわき市アンモナイトセンター,じっくり,osm_feature,tourism=museum
いわき市フラワーセンター,じっくり,category,美術館博物館
いわき市石炭・化石館,じっくり,category,美術館博物館
いわき湯本温泉,じっくり,name_heavy,温泉
みずいろ公園,,name_light,公園
アウシュヴィッツ平和博物館,じっくり,name_heavy,博物館
アクアマリンいなわしろカワセミ水族館,じっくり,name_heavy,水族館
アクアマリンふくしま,じっくり,category,美術館博物館
グランデコスノーリゾート,,default,手がかり無し
コラッセふくしま,,default,手がかり無し
ジュピアランドひらた,,default,手がかり無し
スパリゾートハワイアンズ,じっくり,name_heavy,スパ
デコ屋敷,じっくり,name_heavy,屋敷
ビッグアイ (郡山市),,default,手がかり無し
ブリティッシュヒルズ,,default,手がかり無し
ボナリ高原ゴルフクラブ,じっくり,name_heavy,ゴルフ
ムシテックワールド,じっくり,name_heavy,ワールド
リカちゃんキャッスル,じっくり,osm_feature,tourism=theme_park
リステルスキーファンタジア,,default,手がかり無し
一切経山,じっくり,name_heavy,山
三崎公園 (福島県),,name_light,公園 
三春ダム,,name_light,ダム
三春滝桜,じっくり,wikipedia_fee,料金の記述あり
三条の滝,,name_light,滝
不動沢橋,,name_light,橋
中ノ沢温泉,じっくり,name_heavy,温泉
二岐温泉,じっくり,name_heavy,温泉
二本松城,じっくり,name_heavy,城
二本松塩沢スキー場,じっくり,name_heavy,スキー場
五色沼 (北塩原村),,default,手がかり無し
伊佐須美神社,じっくり,wikipedia_fee,料金の記述あり
会津レクリエーション公園,,name_light,公園
会津村,じっくり,wikipedia_fee,料金の記述あり
会津武家屋敷,じっくり,name_heavy,屋敷
会津駒ヶ岳,じっくり,name_heavy,岳
会津高原たかつえスキー場,じっくり,name_heavy,スキー場
会津高原だいくらスキー場,じっくり,name_heavy,スキー場
住吉神社 (いわき市),,default,手がかり無し
信夫山,じっくり,name_heavy,山
円蔵寺,,default,手がかり無し
勝常寺,,default,手がかり無し
医王寺 (福島市),,default,手がかり無し
南会津町前沢,,default,手がかり無し
南湖公園,,name_light,公園
南湖神社,,default,手がかり無し
南相馬市馬事公苑,,default,手がかり無し
南相馬鹿島サービスエリア,,default,手がかり無し
原釜尾浜海水浴場,,default,手がかり無し
厳島神社 (福島県伊達市),,default,手がかり無し
吾妻小富士,,default,手がかり無し
喜多方市小田付伝統的建造物群保存地区,,default,手がかり無し
四季の里,じっくり,osm_feature,tourism=theme_park
土津神社,,default,手がかり無し
土湯温泉,じっくり,name_heavy,温泉
塔のへつり,,default,手がかり無し
塩屋埼灯台,,name_light,灯台
夜ノ森,,default,手がかり無し
大内宿,,default,手がかり無し
大國魂神社 (いわき市),,default,手がかり無し
大塚古墳 (須賀川市),,name_light,古墳
大山祇神社 (西会津町),,default,手がかり無し
大槻公園,,name_light,公園
天鏡閣,じっくり,osm_feature,tourism=museum
奥只見ダム,,name_light,ダム
如法寺 (福島県西会津町),,default,手がかり無し
安積国造神社,,default,手がかり無し
安達ヶ原ふるさと村,じっくり,wikipedia_fee,料金の記述あり
安達太良山,じっくり,name_heavy,山
安達太良神社,,default,手がかり無し
宝蔵寺 (南相馬市),,default,手がかり無し
小沢の桜,,default,手がかり無し
小野川不動滝,,name_light,滝
尾瀬,,default,手がかり無し
尾瀬国立公園,,name_light,公園
岩瀬牧場,じっくり,name_heavy,牧場
岳温泉,じっくり,name_heavy,温泉
峠の森自然公園,,name_light,公園
布引高原,じっくり,name_heavy,高原
弘安寺,,default,手がかり無し
御薬園,じっくり,wikipedia_fee,料金の記述あり
微温湯温泉,じっくり,name_heavy,温泉
恵日寺 (福島県磐梯町),,default,手がかり無し
恵隆寺,じっくり,wikipedia_fee,料金の記述あり
新宮城 (陸奥国),じっくり,category,城
新宮熊野神社,,default,手がかり無し
日新館,じっくり,osm_feature,tourism=museum
旧伊達郡役所,,default,手がかり無し
旧堀切邸,じっくり,osm_feature,tourism=museum
旧滝沢本陣,,default,手がかり無し
早戸温泉,じっくり,name_heavy,温泉
明神ヶ岳 (福島県),,default,手がかり無し
星野リゾート アルツ磐梯,,default,手がかり無し
星野リゾート 猫魔スキー場,じっくり,name_heavy,スキー場
曽原湖,,osm_feature,natural=water
會津壹番館,,default,手がかり無し
木賊温泉,じっくり,name_heavy,温泉
東北サファリパーク,じっくり,category,美術館博物館
東山温泉,じっくり,name_heavy,温泉
東日本大震災・原子力災害伝承館,じっくり,category,美術館博物館
松川浦,,default,手がかり無し
松川浦県立自然公園,,name_light,公園
柳津温泉,じっくり,name_heavy,温泉
桧原湖,,osm_feature,natural=water
棚倉城,じっくり,name_heavy,城
檜枝岐温泉,じっくり,name_heavy,温泉
母畑温泉,じっくり,name_heavy,温泉
沼尻スキー場,じっくり,name_heavy,スキー場
沼尻温泉,じっくり,name_heavy,温泉
沼沢湖,,osm_feature,natural=water
浄土平,,default,手がかり無し
温泉神社 (いわき市),じっくり,name_heavy,温泉
湯野上温泉,じっくり,name_heavy,温泉
湯野上温泉駅,,name_light,駅
熱塩温泉,じっくり,name_heavy,温泉
熱塩駅,,name_light,駅
燧ヶ岳,じっくり,name_heavy,岳
猪苗代湖,,default,手がかり無し
猪苗代緑の村,じっくり,wikipedia_fee,料金の記述あり
田子倉ダム,,name_light,ダム
田村神社 (郡山市),,default,手がかり無し
甲子温泉,じっくり,name_heavy,温泉
白水阿弥陀堂,,default,手がかり無し
白河の関,,default,手がかり無し
白河小峰城,じっくり,name_heavy,城
相馬中村城,じっくり,name_heavy,城
相馬中村神社,,default,手がかり無し
相馬神社 (相馬市),,default,手がかり無し
矢祭山,じっくり,name_heavy,山
石母田城,じっくり,name_heavy,城
磐城海岸県立自然公園,,name_light,公園
磐梯山,じっくり,name_heavy,山
磐梯朝日国立公園,,name_light,公園
磐梯熱海スポーツパーク,,default,手がかり無し
磐梯熱海温泉,じっくり,name_heavy,温泉
磐梯高原,じっくり,name_heavy,高原
福島市写真美術館,じっくり,name_heavy,美術館
福島県あづま総合運動公園,,name_light,公園
福島県立博物館,じっくり,name_heavy,博物館
福島県立美術館,じっくり,name_heavy,美術館
福島稲荷神社,,default,手がかり無し
福島空港公園,,name_light,公園
福島競馬場,じっくり,wikipedia_fee,料金の記述あり
秋元湖,,osm_feature,natural=water
第一只見川橋梁,,name_light,橋梁
箕輪スキー場,じっくり,name_heavy,スキー場
紅枝垂地蔵桜,,default,手がかり無し
羽鳥ダム,,name_light,ダム
羽鳥湖高原,じっくり,name_heavy,高原
翠ヶ丘公園,,name_light,公園
能満寺 (いわき市),,default,手がかり無し
芦ノ牧温泉,じっくり,name_heavy,温泉
花ももの里,,default,手がかり無し
花見山公園,,name_light,公園
若松城,じっくり,name_heavy,城
薬王寺 (いわき市),,default,手がかり無し
西山温泉 (福島県),じっくり,name_heavy,温泉
諸橋近代美術館,じっくり,name_heavy,美術館
赤湯温泉 (福島県),じっくり,name_heavy,温泉
越代のサクラ,,default,手がかり無し
逢瀬公園・緑化センター,じっくり,wikipedia_fee,料金の記述あり
道の駅あいづ 湯川・会津坂下,,name_light,道の駅
道の駅きらら289,,name_light,道の駅
道の駅さくらの郷,,name_light,道の駅
道の駅しもごう,,name_light,道の駅
道の駅そうま,,name_light,道の駅
道の駅たじま,,name_light,道の駅
道の駅たまかわ,,name_light,道の駅
道の駅つちゆ,,name_light,道の駅
道の駅なみえ,,name_light,道の駅
道の駅にしあいづ,,name_light,道の駅
道の駅はなわ,,name_light,道の駅
道の駅ばんだい,,name_light,道の駅
道の駅ひらた,,name_light,道の駅
道の駅ふくしま,,name_light,道の駅
道の駅ふくしま東和,,name_light,道の駅
道の駅ふるどの,,name_light,道の駅
道の駅南相馬,,name_light,道の駅
道の駅喜多の郷,,name_light,道の駅
道の駅国見 あつかしの郷,,name_light,道の駅
道の駅季の里天栄,,name_light,道の駅
道の駅安達,,name_light,道の駅
道の駅尾瀬檜枝岐,,name_light,道の駅
道の駅尾瀬街道みしま宿,,name_light,道の駅
道の駅川俣,,name_light,道の駅
道の駅猪苗代,,name_light,道の駅
道の駅羽鳥湖高原,,name_light,道の駅
道の駅裏磐梯,,name_light,道の駅
達沢不動滝,,name_light,滝
郡山カルチャーパーク,じっくり,osm_feature,tourism=theme_park
郡山市ふれあい科学館,じっくり,name_heavy,科学館
郡山市立美術館,じっくり,name_heavy,美術館
郡山市開成館,じっくり,category,美術館博物館
野口英世記念館,じっくり,name_heavy,記念館
釣師浜海水浴場,,default,手がかり無し
銚子の口,,default,手がかり無し
開成山公園,,name_light,公園
開成山大神宮,,default,手がかり無し
阿弥陀寺 (会津若松市),,default,手がかり無し
隠津島神社 (二本松市),,default,手がかり無し
雄国沼,,default,手がかり無し
霊山 (福島県),,default,手がかり無し
霞ヶ城県立自然公園,,name_light,公園
須賀川牡丹園,じっくり,wikipedia_fee,料金の記述あり
飯坂温泉,じっくり,name_heavy,温泉
飯盛山 (福島県),,default,手がかり無し
飯豊山,じっくり,name_heavy,山
飯豊山地,,default,手がかり無し
駒止湿原,じっくり,name_heavy,湿原
高湯温泉,じっくり,name_heavy,温泉
鷲倉温泉,じっくり,name_heavy,温泉
鹿狼山,じっくり,name_heavy,山
Iiasつくば,,default,手がかり無し
あみプレミアム・アウトレット,,default,手がかり無し
かすみがうら市水族館,じっくり,name_heavy,水族館
こもれび森のイバライド,,osm_feature,leisure=park
つくばわんわんランド,じっくり,name_heavy,ランド
つくばエキスポセンター,じっくり,category,美術館博物館
つくば文化会館アルス,,default,手がかり無し
つくば牡丹園,じっくり,category,美術館博物館
アクアワールド・大洗,じっくり,category,美術館博物館
ザ・ヒロサワ・シティ,,default,手がかり無し
ダチョウ王国,じっくり,wikipedia_fee,料金の記述あり
ネーブルパーク,,osm_feature,leisure=park
ノバホール,じっくり,name_heavy,ホール
ミュージアムパーク茨城県自然博物館,じっくり,name_heavy,ミュージアム
一言主神社 (常総市),,default,手がかり無し
不動院 (つくばみらい市),,default,手がかり無し
久慈浜海水浴場,,osm_feature,amenity=parking
亀城公園 (土浦市),,name_light,公園 
予科練平和記念館,じっくり,name_heavy,記念館
二ツ島,じっくり,osm_feature,tourism=hotel
五角堂,,default,手がかり無し
偕楽園,,default,手がかり無し
八坂神社 (土浦市),,default,手がかり無し
八溝山,じっくり,name_heavy,山
六角堂 (北茨城市),じっくり,wikipedia_fee,料金の記述あり
千波公園,,name_light,公園
千波湖,,osm_feature,natural=water
厳島神社 (鉾田市),,default,手がかり無し
古河文学館,じっくり,name_heavy,文学館
古河歴史博物館,じっくり,name_heavy,博物館
古河総合公園,,name_light,公園
吉田正音楽記念館,じっくり,name_heavy,記念館
吉田神社 (水戸市),,default,手がかり無し
国営ひたち海浜公園,じっくり,wikipedia_fee,料金の記述あり
土浦城,じっくり,name_heavy,城
地図と測量の科学館,じっくり,name_heavy,科学館
地質標本館,じっくり,category,美術館博物館
大串貝塚,,name_light,貝塚
大子温泉,じっくり,name_heavy,温泉
大戸のサクラ,,default,手がかり無し
大杉神社,,default,手がかり無し
大洗シーサイドステーション,,default,手がかり無し
大洗マリンタワー,じっくり,name_heavy,タワー
大洗海岸,,default,手がかり無し
大洗磯前神社,,default,手がかり無し
大洗駅,,name_light,駅
大竹海岸鉾田海水浴場,,default,手がかり無し
大覚寺 (石岡市),,default,手がかり無し
奥久慈男体山,じっくり,name_heavy,山
奥日立きららの里,,osm_feature,leisure=park
守谷サービスエリア,,default,手がかり無し
山方淡水魚館,じっくり,category,美術館博物館
常磐神社,,default,手がかり無し
常総市地域交流センター,じっくり,category,城
常陸国出雲大社,,default,手がかり無し
常陸国分寺,,default,手がかり無し
常陸國總社宮,,default,手がかり無し
幕末と明治の博物館,じっくり,name_heavy,博物館
弘道館,じっくり,wikipedia_fee,料金の記述あり
御岩神社,,default,手がかり無し
徳川ミュージアム,じっくり,name_heavy,ミュージアム
息栖神社,,default,手がかり無し
愛宕神社 (土浦市),,default,手がかり無し
愛宕神社 (笠間市),,default,手がかり無し
日立シビックセンター,じっくり,osm_feature,tourism=museum
日立市かみね公園,,name_light,公園
日立市かみね動物園,じっくり,name_heavy,動物園
月待の滝,,name_light,滝
村松虚空蔵尊,,default,手がかり無し
来迎院 (龍ケ崎市),,default,手がかり無し
東京芸術大学大学美術館,じっくり,name_heavy,美術館
東筑波ユートピア,じっくり,category,美術館博物館
桜川 (茨城県南部),,default,手がかり無し
桜川のサクラ,,default,手がかり無し
楽法寺,,default,手がかり無し
横利根閘門,,name_light,門
水戸八幡宮,,default,手がかり無し
水戸城,じっくり,name_heavy,城
水戸市植物公園,じっくり,wikipedia_fee,料金の記述あり
水戸市水道低区配水塔,,osm_feature,historic=memorial
水戸市立競技場,,osm_feature,leisure=park
水戸東照宮,,default,手がかり無し
水戸芸術館,じっくり,category,美術館博物館
水郷潮来あやめ園,,osm_feature,tourism=viewpoint
水郷筑波国定公園,,name_light,公園
波崎海水浴場,,default,手がかり無し
洞峰公園,,name_light,公園
涸沼,,default,手がかり無し
涸沼自然公園,,name_light,公園
清滝寺 (土浦市),,default,手がかり無し
牛久シャトー,,default,手がかり無し
牛久大仏,,osm_feature,tourism=artwork
牛久沼,,default,手がかり無し
百里飛行場,,default,手がかり無し
石切山脈,,osm_feature,tourism=viewpoint
石岡第一発電所,,default,手がかり無し
砂沼,,default,手がかり無し
福岡堰,,name_light,堰
科学万博記念公園,,name_light,公園
竜神峡,じっくり,name_heavy,峡
笠松運動公園,,name_light,公園
笠間ショッピングセンター,,default,手がかり無し
笠間日動美術館,じっくり,name_heavy,美術館
笠間稲荷神社,,default,手がかり無し
筑波サーキット,,default,手がかり無し
筑波宇宙センター,,default,手がかり無し
筑波実験植物園,じっくり,name_heavy,植物園
筑波山,じっくり,name_heavy,山
筑波山ロープウェイ,,default,手がかり無し
筑波山梅林,,default,手がかり無し
筑波山温泉,じっくり,name_heavy,温泉
筑波山神社,,default,手がかり無し
筑波観光鉄道筑波山鋼索鉄道線,,default,手がかり無し
篆刻美術館,じっくり,name_heavy,美術館
花園神社 (北茨城市),,default,手がかり無し
花園花貫県立自然公園,,name_light,公園
若宮八幡宮 (常陸太田市),,default,手がかり無し
茨城県フラワーパーク,じっくり,category,美術館博物館
茨城県天心記念五浦美術館,じっくり,name_heavy,美術館
茨城県庁,,default,手がかり無し
茨城県植物園,じっくり,name_heavy,植物園
茨城県立カシマサッカースタジアム,,default,手がかり無し
茨城県立歴史館,じっくり,category,美術館博物館
茨城県護国神社,,default,手がかり無し
茨城県近代美術館,じっくり,name_heavy,美術館
薬王院 (水戸市),,default,手がかり無し
袋田の滝,じっくり,wikipedia_fee,料金の記述あり
袋田温泉,じっくり,name_heavy,温泉
西山荘,じっくり,osm_feature,tourism=museum
西蓮寺 (行方市),,default,手がかり無し
逆井城,じっくり,name_heavy,城
道の駅いたこ,,name_light,道の駅
道の駅かつら,,name_light,道の駅
道の駅ごか,,name_light,道の駅
道の駅さかい (茨城県),,name_light,道の駅
道の駅さとみ,,name_light,道の駅
道の駅しもつま,,name_light,道の駅
道の駅たまつくり,,name_light,道の駅
道の駅まくらがの里こが,,name_light,道の駅
道の駅みわ,,name_light,道の駅
道の駅奥久慈だいご,,name_light,道の駅
道の駅常陸大宮,,name_light,道の駅
那珂湊反射炉,,osm_feature,historic=memorial
那珂湊駅,,name_light,駅
酒列磯前神社,,default,手がかり無し
阿字ヶ浦海水浴場,,default,手がかり無し
阿弥陀寺 (那珂市),,default,手がかり無し
霞ヶ浦,,default,手がかり無し
霞ヶ浦ふれあいランド,じっくり,name_heavy,ランド
霞ヶ浦総合公園,,name_light,公園
青蓮寺 (常陸太田市),,default,手がかり無し
静峰ふるさと公園,,name_light,公園
鹿島灘海浜公園,,name_light,公園
鹿島神宮,,osm_feature,historic=memorial
あしかがフラワーパーク,じっくり,wikipedia_fee,料金の記述あり
おもちゃのまちバンダイミュージアム,じっくり,name_heavy,ミュージアム
とちぎわんぱく公園,,name_light,公園
とちのきファミリーランド,じっくり,name_heavy,ランド
とりっくあーとぴあ日光,じっくり,category,美術館博物館
イタリア大使館別荘記念公園,,name_light,公園
エーデルワイス スキーリゾート,,default,手がかり無し
カトリック松が峰教会,,default,手がかり無し
キスゲ平園地,,default,手がかり無し
スパリゾートリブマックス,じっくり,name_heavy,スパ
ハンターマウンテン塩原,,osm_feature,tourism=viewpoint
ベルモール,,default,手がかり無し
モビリティリゾートもてぎ,,default,手がかり無し
三毳山,じっくり,name_heavy,山
下野国分寺跡,じっくり,wikipedia_fee,料金の記述あり
下野薬師寺跡,,name_light,跡
中禅寺 (日光市),,default,手がかり無し
中禅寺湖,,default,手がかり無し
乃木神社 (那須塩原市),,default,手がかり無し
久保記念観光文化交流館,,default,手がかり無し
井頭公園,,name_light,公園
今宮神社 (鹿沼市),,default,手がかり無し
佐貫観音院,,default,手がかり無し
佐野プレミアム・アウトレット,,default,手がかり無し
八幡山公園,じっくり,wikipedia_fee,料金の記述あり
八方ヶ原,,default,手がかり無し
円通寺 (栃木県益子町),,default,手がかり無し
出流原弁天池,,osm_feature,natural=water
勝山城 (下野国),じっくり,category,城
医王寺 (鹿沼市),,default,手がかり無し
南ヶ丘牧場,じっくり,name_heavy,牧場
古峯神社,,default,手がかり無し
古賀志山,じっくり,name_heavy,山
唐沢山城,じっくり,name_heavy,城
唐沢山神社,,default,手がかり無し
喜連川温泉,じっくり,name_heavy,温泉
嘉右衛門町 (栃木市),,default,手がかり無し
地蔵院 (栃木県益子町),,default,手がかり無し
塩原ダム,,name_light,ダム
塩原御用邸,,default,手がかり無し
塩原温泉郷,じっくり,name_heavy,温泉
塩竃神社 (矢板市),,default,手がかり無し
壬生寺 (栃木県壬生町),,default,手がかり無し
壬生町おもちゃ博物館,じっくり,name_heavy,博物館
大前神社,,default,手がかり無し
大瀬観光やな,,default,手がかり無し
大田原城,じっくり,name_heavy,城
大神神社 (栃木市),,default,手がかり無し
大笹牧場,じっくり,name_heavy,牧場
大谷の奇岩群,,default,手がかり無し
大谷寺 (宇都宮市),,default,手がかり無し
大谷平和観音,,osm_feature,historic=monument
大谷磨崖仏,,default,手がかり無し
大谷資料館,じっくり,name_heavy,資料館
大雄寺 (大田原市),,default,手がかり無し
天性寺 (那須烏山市),,default,手がかり無し
太平山 (栃木県),,osm_feature,natural=peak
太平山県立自然公園 (栃木県),,name_light,公園 
太平山神社,,osm_feature,tourism=viewpoint
奥日光,,default,手がかり無し
奥鬼怒温泉郷,じっくり,name_heavy,温泉
宇都宮タワー,じっくり,name_heavy,タワー
宇都宮二荒山神社,,default,手がかり無し
宇都宮動物園,じっくり,name_heavy,動物園
宇都宮城址公園,,name_light,公園
宇都宮市森林公園,,name_light,公園
宇都宮県立自然公園,,name_light,公園
宇都宮美術館,じっくり,name_heavy,美術館
安住神社,,default,手がかり無し
安房神社 (小山市),,default,手がかり無し
専修寺,,default,手がかり無し
小山 思川温泉,じっくり,name_heavy,温泉
小山城 (下野国),じっくり,category,城
小田代ヶ原,,osm_feature,tourism=viewpoint
岡部記念館「金鈴荘」,じっくり,name_heavy,記念館
岩下の新生姜ミュージアム,じっくり,name_heavy,ミュージアム
岩船山,じっくり,name_heavy,山
川治温泉,じっくり,name_heavy,温泉
市貝町芝ざくら公園,,name_light,公園
惣宗寺,,default,手がかり無し
憾満ヶ淵,,default,手がかり無し
戦場ヶ原,,default,手がかり無し
日光の社寺,,default,手がかり無し
日光二荒山神社,,default,手がかり無し
日光国立公園,,name_light,公園
日光市平家の里,じっくり,wikipedia_fee,料金の記述あり
日光市湯西川水の郷,,default,手がかり無し
日光杉並木,,name_light,並木
日光東照宮,じっくり,osm_feature,tourism=museum
日光江戸村,じっくり,osm_feature,tourism=theme_park
日光湯元温泉,じっくり,name_heavy,温泉
日光湯元温泉スキー場,じっくり,name_heavy,温泉
日光田母沢御用邸記念公園,,name_light,公園
日光白根山,じっくり,name_heavy,山
日光真光教会礼拝堂,,default,手がかり無し
旧下野煉化製造会社煉瓦窯,じっくり,name_heavy,窯
明智平ロープウェイ,,default,手がかり無し
東武ワールドスクウェア,じっくり,wikipedia_fee,料金の記述あり
松方別邸,,default,手がかり無し
板室温泉,じっくり,name_heavy,温泉
栃木・群馬・埼玉の三県境,,default,手がかり無し
栃木県なかがわ水遊園,じっくり,category,美術館博物館
栃木県中央公園,,name_light,公園
栃木県子ども総合科学館,じっくり,name_heavy,科学館
栃木県立博物館,じっくり,name_heavy,博物館
栃木県立日光自然博物館,じっくり,name_heavy,博物館
栃木県立美術館,じっくり,name_heavy,美術館
栃木県総合運動公園,,name_light,公園
栃木県道19号藤原塩原線,,default,手がかり無し
栗田美術館,じっくり,name_heavy,美術館
殺生石,,default,手がかり無し
法輪寺 (大田原市),,default,手がかり無し
深山ダム,,name_light,ダム
渡良瀬橋,,name_light,橋
温泉寺 (日光市),じっくり,name_heavy,温泉
湯っ歩の里,じっくり,category,温泉
湯ノ湖,,osm_feature,natural=water
湯川 (日光市),,default,手がかり無し
湯滝,,name_light,滝
湯西川温泉,じっくり,name_heavy,温泉
満願寺 (栃木市),,default,手がかり無し
源三窟,,default,手がかり無し
瀬戸合峡,じっくり,name_heavy,峡
生子神社 (鹿沼市),,default,手がかり無し
男体山,じっくり,name_heavy,山
白髭神社 (小山市),,default,手がかり無し
益子参考館,じっくり,category,美術館博物館
真岡井頭温泉,じっくり,name_heavy,温泉
真岡鐵道,,default,手がかり無し
真岡駅,,name_light,駅
矢板温泉,じっくり,name_heavy,温泉
神明宮 (栃木市),,default,手がかり無し
神橋,,name_light,橋
竜化の滝,,name_light,滝
竜頭の滝,,name_light,滝
織姫神社 (足利市),,default,手がかり無し
羽黒山 (栃木県),,osm_feature,natural=peak
華厳滝,,name_light,滝
蔵の街遊覧船,,default,手がかり無し
藤城清治美術館那須高原,じっくり,name_heavy,美術館
裏見滝,,name_light,滝
西ノ湖,,osm_feature,tourism=viewpoint
西明寺 (栃木県益子町),,default,手がかり無し
足利学校,,default,手がかり無し
足利市立美術館,じっくり,name_heavy,美術館
足尾銅山,じっくり,name_heavy,山
輪王寺,じっくり,wikipedia_fee,料金の記述あり
道の駅うつのみや ろまんちっく村,じっくり,wikipedia_fee,料金の記述あり
道の駅きつれがわ,,name_light,道の駅
道の駅しもつけ,,name_light,道の駅
道の駅たかねざわ 元気あっぷむら,,name_light,道の駅
道の駅どまんなか たぬま,,name_light,道の駅
道の駅にのみや,,name_light,道の駅
道の駅はが (栃木県),,name_light,道の駅
道の駅ばとう,,name_light,道の駅
道の駅ましこ,,name_light,道の駅
道の駅みかも,,name_light,道の駅
道の駅もてぎ,,name_light,道の駅
道の駅やいた,,name_light,道の駅
道の駅サシバの里いちかい,,name_light,道の駅
道の駅日光,,name_light,道の駅
道の駅明治の森・黒磯,,name_light,道の駅
道の駅東山道伊王野,,name_light,道の駅
道の駅湯の香しおばら,,name_light,道の駅
道の駅湯西川,,name_light,道の駅
道の駅那須与一の郷,,name_light,道の駅
道の駅那須高原友愛の森,,name_light,道の駅
那珂川町馬頭広重美術館,じっくり,name_heavy,美術館
那珂川県立自然公園,,name_light,公園
那須とりっくあーとぴあ,じっくり,category,美術館博物館
那須どうぶつ王国,じっくり,category,美術館博物館
那須アルパカ牧場,じっくり,name_heavy,牧場
那須オルゴール美術館,じっくり,name_heavy,美術館
那須ガーデンアウトレット,,default,手がかり無し
那須サファリパーク,じっくり,category,美術館博物館
那須ハイランドパーク,じっくり,osm_feature,tourism=theme_park
那須ロープウェイ,,default,手がかり無し
那須岳,じっくり,name_heavy,岳
那須平成の森,,default,手がかり無し
那須温泉神社,じっくり,name_heavy,温泉
那須温泉郷,じっくり,name_heavy,温泉
那須高原,じっくり,name_heavy,高原
那須高原りんどう湖ファミリー牧場,じっくり,name_heavy,牧場
那須高原恋人の聖地展望台,,name_light,展望台
金精峠,,osm_feature,amenity=parking
鎌倉山 (栃木県),,osm_feature,natural=peak
鑁阿寺,,default,手がかり無し
雲巌寺,,default,手がかり無し
霧降の滝,,name_light,滝
霧降高原,じっくり,name_heavy,高原
鬼怒川温泉,じっくり,name_heavy,温泉
鬼怒楯岩大吊橋,,name_light,橋
鷲子山上神社,,default,手がかり無し
黒川 (利根川水系),,default,手がかり無し
龍王峡,じっくり,name_heavy,峡
龍門の滝 (栃木県),,default,手がかり無し
かたしな高原スキー場,じっくり,name_heavy,スキー場
かみつけの里博物館,じっくり,name_heavy,博物館
ぐんまこどもの国,,osm_feature,leisure=park
ぐんまフラワーパーク,じっくり,category,美術館博物館
ぐんま昆虫の森,じっくり,osm_feature,tourism=zoo
たんばらスキーパーク,,default,手がかり無し
つつじが岡公園,,name_light,公園
みどり市立富弘美術館,じっくり,name_heavy,美術館
るなぱあく,じっくり,osm_feature,tourism=theme_park
わたらせ渓谷鐵道,,default,手がかり無し
アサマ2000パーク,,default,手がかり無し
アプトの道,,default,手がかり無し
カリビアンビーチ,じっくり,wikipedia_fee,料金の記述あり
グリーンドーム前橋,,name_light,橋
ジャパンスネークセンター,じっくり,category,美術館博物館
スノーパル・オグナ武尊,,default,手がかり無し
スバルビジターセンター,じっくり,category,美術館博物館
ノルン水上スキー場,じっくり,name_heavy,スキー場
ハルナグラス,,default,手がかり無し
パルコール嬬恋スキーリゾート,,default,手がかり無し
一之宮貫前神社,,default,手がかり無し
万座温泉,じっくり,name_heavy,温泉
万座温泉スキー場,じっくり,name_heavy,温泉
三峰山 (群馬県),,default,手がかり無し
三波石峡,じっくり,name_heavy,峡
上信越高原国立公園,,name_light,公園
上毛野はにわの里公園,,name_light,公園
上越クリスタル硝子,,default,手がかり無し
上野スカイブリッジ,,default,手がかり無し
下久保ダム,,name_light,ダム
不二洞,じっくり,name_heavy,洞
世良田東照宮,,default,手がかり無し
丸沼ダム,,name_light,ダム
丸沼高原スキー場,じっくり,name_heavy,スキー場
伊香保おもちゃと人形自動車博物館,じっくり,name_heavy,博物館
伊香保グリーン牧場,じっくり,name_heavy,牧場
伊香保ロープウェイ,,default,手がかり無し
伊香保温泉,じっくり,name_heavy,温泉
伊香保神社,,default,手がかり無し
光泉寺,,default,手がかり無し
八ッ場ダム,,name_light,ダム
冠稲荷神社,,default,手がかり無し
前橋公園,,name_light,公園
吉祥寺 (群馬県川場村),,default,手がかり無し
名胡桃城,じっくり,name_heavy,城
向井千秋記念子ども科学館,じっくり,name_heavy,科学館
吹割の滝,,name_light,滝
吾妻渓谷,じっくり,name_heavy,渓谷
善導寺 (館林市),,default,手がかり無し
四万川ダム,,name_light,ダム
四万温泉,じっくり,name_heavy,温泉
四季の森ホワイトワールド尾瀬岩鞍,,default,手がかり無し
土合駅,,name_light,駅
城沼,,default,手がかり無し
塩河原温泉,じっくり,name_heavy,温泉
多々良沼,,osm_feature,natural=water
多胡碑,,name_light,碑
大光院 (太田市),,default,手がかり無し
大室公園,,name_light,公園
大沼 (赤城山),,default,手がかり無し
大理石村ロックハート城,じっくり,name_heavy,城
大穴スキー場,じっくり,name_heavy,スキー場
太田天神山古墳,,name_light,古墳
奈良俣ダム,,name_light,ダム
奥利根スノーパーク,,default,手がかり無し
妙義山,じっくり,name_heavy,山
妙義神社,,default,手がかり無し
妙義荒船佐久高原国定公園,,name_light,公園
嫗仙の滝,,name_light,滝
富岡製糸場,,default,手がかり無し
富岡製糸場と絹産業遺産群,,default,手がかり無し
小平の里,,default,手がかり無し
小泉城,じっくり,name_heavy,城
小野上温泉,じっくり,name_heavy,温泉
尻焼温泉,じっくり,name_heavy,温泉
尾瀬沼,,default,手がかり無し
山ノ上碑,,name_light,碑
岩宿遺跡,,name_light,跡
岩櫃城,じっくり,name_heavy,城
嶺公園,,name_light,公園
川原湯温泉,じっくり,name_heavy,温泉
川場スキー場,じっくり,name_heavy,スキー場
広瀬川 (群馬県),,default,手がかり無し
慈眼寺 (高崎市),,default,手がかり無し
敷島公園,,name_light,公園
新田神社 (太田市),,default,手がかり無し
新田金山城,じっくり,name_heavy,城
本白根山,じっくり,name_heavy,山
桐生が岡公園,,name_light,公園
桐生明治館,じっくり,wikipedia_fee,料金の記述あり
桐生西宮神社,,default,手がかり無し
桜山 (群馬県),,default,手がかり無し
梨木温泉,じっくり,name_heavy,温泉
楽山園,じっくり,wikipedia_fee,料金の記述あり
榛名山,じっくり,name_heavy,山
榛名山ロープウェイ,,default,手がかり無し
榛名湖,,osm_feature,natural=water
榛名神社,,default,手がかり無し
榛名神社 (沼田市),,default,手がかり無し
横川駅 (群馬県),,default,手がかり無し
正覚寺 (沼田市),,default,手がかり無し
武尊山,じっくり,name_heavy,山
水上宝台樹スキー場,じっくり,name_heavy,スキー場
水上高原スキーリゾート,,default,手がかり無し
水沼駅,,name_light,駅
水澤寺,,default,手がかり無し
沢渡温泉 (群馬県),じっくり,name_heavy,温泉
沼田城,じっくり,name_heavy,城
法師温泉,じっくり,name_heavy,温泉
波志江沼環境ふれあい公園,,name_light,公園
渋峠,,default,手がかり無し
猿ヶ京温泉,じっくり,name_heavy,温泉
産泰神社,,default,手がかり無し
田島弥平旧宅,じっくり,name_heavy,旧宅
白沢高原温泉,じっくり,name_heavy,温泉
相俣ダム,,name_light,ダム
矢木沢ダム,,name_light,ダム
碓氷峠,,default,手がかり無し
碓氷峠鉄道文化むら,じっくり,category,美術館博物館
碓氷第三橋梁,,name_light,橋梁
碓氷関所,,osm_feature,historic=memorial
磯部温泉,じっくり,name_heavy,温泉
神戸駅 (群馬県),,default,手がかり無し
神流川 (利根川水系),,default,手がかり無し
神流町恐竜センター,じっくり,category,美術館博物館
竹久夢二伊香保記念館,じっくり,name_heavy,記念館
箕輪城,じっくり,name_heavy,城
箱島湧水,,default,手がかり無し
総社神社 (前橋市),,default,手がかり無し
羊神社 (安中市),,default,手がかり無し
群馬の森,,osm_feature,leisure=park
群馬サファリパーク,じっくり,category,美術館博物館
群馬県庁,,default,手がかり無し
群馬県立ぐんま天文台,じっくり,wikipedia_fee,料金の記述あり
群馬県立歴史博物館,じっくり,name_heavy,博物館
群馬県立自然史博物館,じっくり,name_heavy,博物館
群馬県立近代美術館,じっくり,name_heavy,美術館
群馬県立館林美術館,じっくり,name_heavy,美術館
群馬鉄山,じっくり,name_heavy,山
群馬音楽センター,,default,手がかり無し
老神温泉,じっくり,name_heavy,温泉
臨江閣,,default,手がかり無し
至仏山,じっくり,name_heavy,山
芳ヶ平湿地群,,default,手がかり無し
茂林寺,,default,手がかり無し
草木ダム,,name_light,ダム
草津温泉,じっくり,name_heavy,温泉
草津温泉スキー場,じっくり,name_heavy,温泉
草津熱帯圏,じっくり,category,美術館博物館
草津白根山,じっくり,name_heavy,山
荒船・東谷風穴蚕種貯蔵所跡,,name_light,跡
荒船山,じっくり,name_heavy,山
菅沼 (群馬県),,default,手がかり無し
華蔵寺公園,,name_light,公園
薬師温泉,じっくり,name_heavy,温泉
覚満淵,,osm_feature,natural=water
観音山公園,,name_light,公園
諏訪山,じっくり,name_heavy,山
谷川岳,じっくり,name_heavy,岳
谷川岳ロープウェイ,,default,手がかり無し
谷川岳天神平スキー場,じっくり,name_heavy,スキー場
貴船神社 (みどり市),,default,手がかり無し
赤城山,じっくり,name_heavy,山
赤城神社 (前橋市三夜沢町),,default,手がかり無し
赤城神社 (前橋市富士見町赤城山),,default,手がかり無し
赤城自然園,じっくり,wikipedia_fee,料金の記述あり
赤岩 (中之条町),,default,手がかり無し
軽井沢スノーパーク,,default,手がかり無し
迦葉山龍華院,,default,手がかり無し
道の駅あがつま峡,,name_light,道の駅
道の駅あぐりーむ昭和,,name_light,道の駅
道の駅くらぶち小栗の里,,name_light,道の駅
道の駅ぐりーんふらわー牧場・大胡,,name_light,道の駅
道の駅こもち,,name_light,道の駅
道の駅しもにた,,name_light,道の駅
道の駅たくみの里,,name_light,道の駅
道の駅ふじみ,,name_light,道の駅
道の駅みなかみ水紀行館,,name_light,道の駅
道の駅みょうぎ,,name_light,道の駅
道の駅よしおか温泉,じっくり,wikipedia_fee,料金の記述あり
道の駅ららん藤岡,,name_light,道の駅
道の駅オアシスなんもく,,name_light,道の駅
道の駅上州おにし,,name_light,道の駅
道の駅上野,,name_light,道の駅
道の駅八ッ場ふるさと館,,name_light,道の駅
道の駅六合,,name_light,道の駅
道の駅川場田園プラザ,,name_light,道の駅
道の駅月夜野矢瀬親水公園,,name_light,道の駅
道の駅玉村宿,,name_light,道の駅
道の駅甘楽,,name_light,道の駅
道の駅白沢,,name_light,道の駅
道の駅草津運動茶屋公園,,name_light,道の駅
道の駅霊山たけやま,,name_light,道の駅
達磨寺 (高崎市),,default,手がかり無し
野反ダム,,name_light,ダム
金井沢碑,,name_light,碑
鎌原観音堂,,default,手がかり無し
雷電神社 (伊勢崎市境伊与久),,default,手がかり無し
雷電神社 (板倉町),,default,手がかり無し
霧積温泉,じっくり,name_heavy,温泉
須賀神社 (沼田市),,default,手がかり無し
頼母子のシダレザクラ,,default,手がかり無し
高山温泉ふれあいプラザ,じっくり,name_heavy,温泉
高山社,じっくり,osm_feature,tourism=museum
高崎タワー21,じっくり,name_heavy,タワー
高崎城,じっくり,name_heavy,城
高崎市山田かまち美術館,じっくり,name_heavy,美術館
高崎市美術館,じっくり,name_heavy,美術館
高崎白衣大観音,,osm_feature,historic=monument
鬼押出し園,,default,手がかり無し
鹿沢スノーエリア,,default,手がかり無し
黒斑山,じっくり,name_heavy,山
あしがくぼの氷柱,,osm_feature,tourism=artwork
あやめ公園 (久喜市),,name_light,公園 
うらわ美術館,じっくり,name_heavy,美術館
けやきひろば,,default,手がかり無し
さいたまスーパーアリーナ,,default,手がかり無し
さいたま市営大宮球場,,default,手がかり無し
さいたま市大宮公園サッカー場,,default,手がかり無し
さいたま市大宮盆栽美術館,じっくり,name_heavy,美術館
さいたま市岩槻川通公園野球場,,osm_feature,leisure=park
さいたま市立博物館,じっくり,name_heavy,博物館
さいたま市立岩槻郷土資料館,じっくり,name_heavy,資料館
さいたま市立浦和くらしの博物館民家園,じっくり,name_heavy,博物館
さいたま市立浦和博物館,じっくり,name_heavy,博物館
さいたま市立漫画会館,じっくり,category,美術館博物館
さいたま市青少年宇宙科学館,じっくり,name_heavy,科学館
さいたま市駒場スタジアム,,default,手がかり無し
さいたま市駒場運動公園補助競技場,,default,手がかり無し
さいたま文学館,じっくり,name_heavy,文学館
さいたま水上公園,,name_light,公園
さいたま水族館,じっくり,name_heavy,水族館
さいたま清河寺温泉,じっくり,name_heavy,温泉
さいたま緑の森博物館,じっくり,name_heavy,博物館
さぎ山記念公園,,name_light,公園
しらこばと水上公園,,name_light,公園
しらこばと運動公園,,name_light,公園
しらさぎ公園 (久喜市),,name_light,公園 
そうか公園,,name_light,公園
ちちぶ銘仙館,じっくり,category,美術館博物館
ところざわサクラタウン,,osm_feature,amenity=parking
ふじみ野市立上福岡歴史民俗資料館,じっくり,name_heavy,資料館
ふじみ野市立大井郷土資料館,じっくり,name_heavy,資料館
ふじみ野市立福岡河岸記念館,じっくり,name_heavy,記念館
まつぶし緑の丘公園,,name_light,公園
みさと公園,,name_light,公園
むさしの村,じっくり,wikipedia_fee,料金の記述あり
ららぽーと富士見,,default,手がかり無し
ららぽーと新三郷,,default,手がかり無し
アクアパラダイス パティオ,じっくり,wikipedia_fee,料金の記述あり
イオンレイクタウン,,default,手がかり無し
エンゼル公園,,name_light,公園
キャンベルタウン野鳥の森,じっくり,category,美術館博物館
コクーンシティ,,default,手がかり無し
サトエ記念21世紀美術館,じっくり,name_heavy,美術館
チョウショウインハタザクラ,,default,手がかり無し
トトロの森,,osm_feature,leisure=park
トーベ・ヤンソンあけぼの子どもの森公園,,name_light,公園
ピオニウォーク東松山,じっくり,name_heavy,山
ホンダエアポート,,default,手がかり無し
メッツァ (テーマパーク),じっくり,name_heavy,テーマパーク
三井アウトレットパーク 入間,,default,手がかり無し
三峯神社,,default,手がかり無し
三峰山,じっくり,name_heavy,山
三橋総合公園,,name_light,公園
三芳パーキングエリア,,default,手がかり無し
三芳野神社,,default,手がかり無し
上之村神社,,default,手がかり無し
上尾市民球場,,default,手がかり無し
上尾運動公園,,name_light,公園
上谷総合公園,,name_light,公園
与野公園,,name_light,公園
両神山,じっくり,name_heavy,山
中津川 (埼玉県),,default,手がかり無し
丸神の滝,,name_light,滝
久伊豆神社 (さいたま市),,default,手がかり無し
久伊豆神社 (越谷市),,default,手がかり無し
久喜市立郷土資料館,じっくり,name_heavy,資料館
久喜市総合運動公園,,name_light,公園
久喜総合文化会館,,default,手がかり無し
久喜菖蒲公園,,name_light,公園
二子山 (埼玉県小鹿野町),,osm_feature,natural=peak
五千頭の龍が昇る聖天宮,,default,手がかり無し
仙波東照宮,,default,手がかり無し
伊佐沼,,osm_feature,natural=water
会の川親水公園,,name_light,公園
入間基地,,default,手がかり無し
入間川 (埼玉県),,default,手がかり無し
入間市博物館,じっくり,name_heavy,博物館
八丁湖,,osm_feature,natural=water
八潮市立資料館,じっくり,name_heavy,資料館
内牧公園,,name_light,公園
円墳大塚古墳,,name_light,古墳
別所沼,,osm_feature,natural=water
利根大堰,,name_light,堰
加須はなさき公園,,name_light,公園
加須未来館,じっくり,category,美術館博物館
北本水辺プラザ公園,,name_light,公園
北浦和公園,,name_light,公園
千年谷公園,,name_light,公園
南栗橋近隣公園,,name_light,公園
原爆の図丸木美術館,じっくり,name_heavy,美術館
古久喜公園,,name_light,公園
古代蓮の里,,default,手がかり無し
吉川公園,,name_light,公園
吉川駅,,name_light,駅
吉羽公園,,name_light,公園
吉見百穴,,default,手がかり無し
名栗温泉,じっくり,name_heavy,温泉
名栗湖,,osm_feature,natural=water
和光樹林公園,,name_light,公園
和樂備神社,,default,手がかり無し
和銅遺跡,,name_light,跡
善光寺 (川口市),,default,手がかり無し
喜多院,じっくり,wikipedia_fee,料金の記述あり
国営武蔵丘陵森林公園,じっくり,wikipedia_fee,料金の記述あり
地球観測センター,,default,手がかり無し
地蔵院 (川口市),,default,手がかり無し
城山公園 (桶川市),,name_light,公園 
城峯公園,,name_light,公園
城西大学,,default,手がかり無し
埼玉スタジアム2002,,default,手がかり無し
埼玉スタジアム2002公園,,name_light,公園
埼玉古墳群,,name_light,古墳
埼玉県こども動物自然公園,,name_light,公園
埼玉県営大宮公園野球場,,default,手がかり無し
埼玉県平和資料館,じっくり,name_heavy,資料館
埼玉県県民の森,,default,手がかり無し
埼玉県立さきたま史跡の博物館,じっくり,name_heavy,博物館
埼玉県立両神自然公園,,name_light,公園
埼玉県立安行武南自然公園,,name_light,公園
埼玉県立嵐山史跡の博物館,じっくり,name_heavy,博物館
埼玉県立川の博物館,じっくり,name_heavy,博物館
埼玉県立歴史と民俗の博物館,じっくり,name_heavy,博物館
埼玉県立狭山自然公園,,name_light,公園
埼玉県立自然の博物館,じっくり,name_heavy,博物館
埼玉県立近代美術館,じっくり,name_heavy,美術館
埼玉県立長瀞玉淀自然公園,,name_light,公園
塙保己一記念館,じっくり,name_heavy,記念館
多福寺 (埼玉県三芳町),,default,手がかり無し
多聞院 (所沢市),,default,手がかり無し
大宮ソニックシティ,,default,手がかり無し
大宮公園,,name_light,公園
大宮盆栽村,,default,手がかり無し
大宮競輪場,じっくり,wikipedia_fee,料金の記述あり
大宮花の丘農林公苑,,default,手がかり無し
大崎公園 (さいたま市),,name_light,公園 
大東文化大学ビアトリクス・ポター資料館,じっくり,name_heavy,資料館
大正浪漫夢通り,,name_light,通り
大沢家住宅,,default,手がかり無し
大滝温泉 (埼玉県),じっくり,name_heavy,温泉
大聖寺 (越谷市),,default,手がかり無し
天覧山,じっくり,name_heavy,山
妙音沢,,default,手がかり無し
妙顕寺 (戸田市),,default,手がかり無し
宇和田公園,,name_light,公園
安楽寺 (埼玉県吉見町),,default,手がかり無し
安養院 (本庄市),,default,手がかり無し
宝登山,じっくり,name_heavy,山
宝登山ロープウェイ,,osm_feature,natural=peak
宮代町総合運動公園,,name_light,公園
密蔵院 (川口市),,default,手がかり無し
寳登山神社,,default,手がかり無し
尾ノ内渓谷,じっくり,name_heavy,渓谷
山口貯水池,,default,手がかり無し
山崎公園,,name_light,公園
岩槻人形博物館,じっくり,name_heavy,博物館
岩槻城,じっくり,name_heavy,城
岩鼻運動公園,,name_light,公園
川口オートレース場,,default,手がかり無し
川口市母子・父子福祉センター,,default,手がかり無し
川口市立アートギャラリー・アトリア,じっくり,osm_feature,tourism=gallery
川口市立グリーンセンター,じっくり,category,美術館博物館
川口市立科学館,じっくり,name_heavy,科学館
川口神社 (川口市),,default,手がかり無し
川口総合文化センター,,default,手がかり無し
川越八幡宮,,default,手がかり無し
川越城,じっくり,name_heavy,城
川越市産業観光館,,default,手がかり無し
川越市立博物館,じっくり,name_heavy,博物館
川越市立美術館,じっくり,name_heavy,美術館
川越市蔵造り資料館,じっくり,name_heavy,資料館
川越水上公園,,name_light,公園
川越運動公園,,name_light,公園
川里中央公園,,name_light,公園
巾着田,じっくり,wikipedia_fee,料金の記述あり
常楽院,,default,手がかり無し
平林寺,,default,手がかり無し
幸手総合公園,,name_light,公園
広沢の池,,default,手がかり無し
庄和総合公園,,name_light,公園
弦代公園,,name_light,公園
彩の国さいたま芸術劇場,じっくり,name_heavy,劇場
彩の森入間公園,,name_light,公園
彩湖・道満グリーンパーク,,osm_feature,leisure=park
彩湖自然学習センター,じっくり,wikipedia_fee,料金の記述あり
御岳の鏡岩,,default,手がかり無し
御嶽神社 (久喜市南),,default,手がかり無し
忍城,じっくり,name_heavy,城
愛宕神社 (入間市),,default,手がかり無し
慈光寺 (埼玉県ときがわ町),,default,手がかり無し
慈恩寺 (さいたま市),,default,手がかり無し
戸田公園,,name_light,公園
戸田市スポーツセンター,,default,手がかり無し
戸田市北部公園野球場,,osm_feature,leisure=park
戸田市立郷土博物館,じっくり,name_heavy,博物館
戸田漕艇場,,default,手がかり無し
戸田競艇場,,default,手がかり無し
所沢市民文化センター ミューズ,,default,手がかり無し
所沢航空発祥記念館,じっくり,name_heavy,記念館
所沢航空記念公園,,name_light,公園
文殊寺 (熊谷市),,default,手がかり無し
日和田山,じっくり,name_heavy,山
日本工業大学,,default,手がかり無し
日本栄養大学,,default,手がかり無し
日枝神社 (川越市),,default,手がかり無し
旧坂東家住宅見沼くらしっく館,じっくり,category,美術館博物館
旧川ふるさと公園,,name_light,公園
星溪園,,default,手がかり無し
時の鐘 (さいたま市),,default,手がかり無し
時の鐘 (川越市),,default,手がかり無し
智光山公園,,name_light,公園
朝霞中央公園野球場,,default,手がかり無し
朝霞市博物館,じっくり,name_heavy,博物館
杉山城,じっくり,name_heavy,城
杉戸西近隣公園,,name_light,公園
村山快哉堂,,default,手がかり無し
東光寺 (北本市),,default,手がかり無し
東松山ぼたん園,じっくり,wikipedia_fee,料金の記述あり
東武動物公園,じっくり,wikipedia_fee,料金の記述あり
東福寺 (草加市),,default,手がかり無し
松風公園 (東松山市),,name_light,公園 
柴山沼,,default,手がかり無し
桶川飛行学校平和祈念館,,default,手がかり無し
森のせせらぎ なごみ,じっくり,category,温泉
権現堂公園,,name_light,公園
権現堂堤,,default,手がかり無し
橋立鍾乳洞,じっくり,name_heavy,鍾乳洞
歓喜院 (熊谷市),じっくり,wikipedia_fee,料金の記述あり
正法寺 (東松山市),,default,手がかり無し
武甲山,じっくり,name_heavy,山
武甲温泉,じっくり,name_heavy,温泉
武甲酒造,,default,手がかり無し
武蔵野音楽大学,,default,手がかり無し
水城公園,,name_light,公園
水子貝塚,,name_light,貝塚
氷川神社,,default,手がかり無し
氷川神社 (ふじみ野市大井),,default,手がかり無し
氷川神社 (川越市),,default,手がかり無し
永福寺 (埼玉県杉戸町),,default,手がかり無し
河越館,,default,手がかり無し
河鍋暁斎記念美術館,じっくり,name_heavy,美術館
沼井公園,,name_light,公園
浅間神社 (草加市),,default,手がかり無し
浦和伝統文化館恭慶館,,default,手がかり無し
浦和北公園,,name_light,公園
浦和競馬場,じっくり,wikipedia_fee,料金の記述あり
浦山ダム,,name_light,ダム
浦山歴史民俗資料館,じっくり,name_heavy,資料館
深谷駅,,name_light,駅
清久公園,,name_light,公園
渋沢栄一記念館,じっくり,name_heavy,記念館
滝の城,じっくり,name_heavy,城
熊谷スポーツ文化公園,,name_light,公園
熊谷ラグビー場,,default,手がかり無し
熊谷運動公園,,name_light,公園
熊野神社 (川越市),,default,手がかり無し
熊野神社古墳,,name_light,古墳
牛島のフジ,,default,手がかり無し
物見山 (埼玉県東松山市),,osm_feature,natural=peak
狭山不動尊,,default,手がかり無し
玉川温泉 (埼玉県),じっくり,name_heavy,温泉
玉敷神社,,default,手がかり無し
田島ヶ原,,default,手がかり無し
百代橋,,name_light,橋
百観音温泉,じっくり,name_heavy,温泉
県立黒山自然公園,,name_light,公園
矢尾本店,,default,手がかり無し
石戸蒲ザクラ,,default,手がかり無し
石田堤,じっくり,category,城
秋ヶ瀬公園,,name_light,公園
秩父ミューズパーク,,default,手がかり無し
秩父公園橋,,name_light,橋
秩父多摩甲斐国立公園,,name_light,公園
秩父御岳山,じっくり,name_heavy,山
秩父御嶽神社,,default,手がかり無し
秩父神社,,default,手がかり無し
秩父鉄道車両公園,,name_light,公園
稲荷山古墳 (行田市),,name_light,古墳
立正大学博物館,じっくり,name_heavy,博物館
竹寺,,default,手がかり無し
笠山 (埼玉県),,default,手がかり無し
箕和田湖,,default,手がかり無し
箭弓稲荷神社 (東松山市),,default,手がかり無し
羊山公園,,name_light,公園
美の山公園,,name_light,公園
羽生パーキングエリア,,default,手がかり無し
羽生水郷公園,,name_light,公園
聖神社 (秩父市),,default,手がかり無し
花園フォレスト,,default,手がかり無し
花崎遺跡,,name_light,跡
花田苑,じっくり,wikipedia_fee,料金の記述あり
草加松原,,default,手がかり無し
草加神社,,default,手がかり無し
荒川 (関東),,default,手がかり無し
菅谷館,,default,手がかり無し
菓子屋横丁,,default,手がかり無し
蓑虫美術館,じっくり,name_heavy,美術館
蓮馨寺,,default,手がかり無し
西武ドーム,,default,手がかり無し
西武園ゆうえんち,,default,手がかり無し
西武園競輪場,,default,手がかり無し
見沼通船堀,,default,手がかり無し
見沼通船堀公園,,name_light,公園
見田方遺跡,,name_light,跡
誠之堂,,default,手がかり無し
調神社,,default,手がかり無し
越生梅林,,osm_feature,leisure=park
越谷アリタキ植物園,じっくり,name_heavy,植物園
越谷公園,,name_light,公園
越谷梅林公園,,name_light,公園
造幣さいたま博物館,じっくり,name_heavy,博物館
道の駅いちごの里 よしみ,,name_light,道の駅
道の駅おかべ,,name_light,道の駅
道の駅おがわまち,,name_light,道の駅
道の駅かぞわたらせ,,name_light,道の駅
道の駅ちちぶ,,name_light,道の駅
道の駅はなぞの,,name_light,道の駅
道の駅はにゅう,,name_light,道の駅
道の駅めぬま,,name_light,道の駅
道の駅アグリパークゆめすぎと,,name_light,道の駅
道の駅和紙の里ひがしちちぶ,,name_light,道の駅
道の駅大滝温泉,,name_light,道の駅
道の駅川口・あんぎょう,,name_light,道の駅
道の駅庄和,,name_light,道の駅
道の駅果樹公園 あしがくぼ,,name_light,道の駅
道の駅童謡のふる里おおとね,,name_light,道の駅
道の駅龍勢会館,,name_light,道の駅
遠山記念館,じっくり,name_heavy,記念館
醤遊王国,じっくり,category,美術館博物館
金剛寺 (川口市),,default,手がかり無し
金鑚神社,,default,手がかり無し
鉄道博物館 (さいたま市),じっくり,name_heavy,博物館
鉢形城,じっくり,name_heavy,城
鎌北湖,,osm_feature,natural=water
長徳寺 (川口市),,default,手がかり無し
長泉寺 (本庄市),じっくり,wikipedia_fee,料金の記述あり
長瀞渓谷,じっくり,name_heavy,渓谷
長瀞町郷土資料館,じっくり,name_heavy,資料館
雁坂峠,,default,手がかり無し
難波田城,じっくり,name_heavy,城
青木町公園総合運動場,,osm_feature,leisure=park
青葉公園 (久喜市),,name_light,公園 
須賀神社 (北本市),,default,手がかり無し
首都圏外郭放水路,じっくり,osm_feature,tourism=museum
香取公園 (久喜市),,name_light,公園 
高城神社,,default,手がかり無し
高麗村石器時代住居跡,,name_light,跡
高麗神社,,default,手がかり無し
高麗郷古民家,じっくり,name_heavy,古民家
鬼鎮神社,,default,手がかり無し
鳩峯八幡神社 (所沢市),,default,手がかり無し
鴨川 (埼玉県),,default,手がかり無し
鴻沼資料館,じっくり,name_heavy,資料館
鷲宮神社,,default,手がかり無し
黒山三滝,,name_light,滝
黒須銀行,,default,手がかり無し
龍泉寺 (熊谷市),,default,手がかり無し
21世紀の森と広場,,name_light,広場
I-linkタウンいちかわ,,default,手がかり無し
MONA新浦安,,default,手がかり無し
Qiball,,default,手がかり無し
“渚の駅”たてやま,,default,手がかり無し
あけぼの山公園,,name_light,公園
いすみ鉄道,,default,手がかり無し
おせんころがし,,osm_feature,tourism=viewpoint
きみさらずタワー,じっくり,name_heavy,タワー
さんぶの森公園,,name_light,公園
そよら成田ニュータウン,,default,手がかり無し
ふなばしアンデルセン公園,じっくり,wikipedia_fee,料金の記述あり
みんなみの里,,default,手がかり無し
むつざわスマートウェルネスタウン・道の駅・つどいの郷,,name_light,道の駅
ららぽーとTOKYO-BAY,,default,手がかり無し
イオンモール幕張新都心,,default,手がかり無し
イオンモール成田,,default,手がかり無し
イオンモール銚子,,default,手がかり無し
イオン新浦安ショッピングセンター,,default,手がかり無し
イクスピアリ,,default,手がかり無し
キッコーマン,じっくり,osm_feature,tourism=museum
ニッケコルトンプラザ,,osm_feature,amenity=parking
ファイターズ鎌ケ谷スタジアム,,default,手がかり無し
フクダ電子アリーナ,,default,手がかり無し
プレナ幕張,,default,手がかり無し
ホキ美術館,じっくり,name_heavy,美術館
マザー牧場,じっくり,name_heavy,牧場
ヤマサ醤油,,default,手がかり無し
ユーカリが丘,,default,手がかり無し
ヨドバシHD千葉ビル,,default,手がかり無し
七里川温泉,じっくり,name_heavy,温泉
万葉植物園 (市川市),じっくり,name_heavy,植物園
三井アウトレットパーク 幕張,,default,手がかり無し
三井アウトレットパーク 木更津,,default,手がかり無し
中の島 (千葉県),,default,手がかり無し
中台運動公園,,name_light,公園
久留里城,じっくり,name_heavy,城
九十九里浜,,default,手がかり無し
亀山ダム,,name_light,ダム
二宮神社 (船橋市),,default,手がかり無し
亥鼻公園,,name_light,公園
亥鼻城,じっくり,name_heavy,城
京成バラ園,,default,手がかり無し
京成ホテルミラマーレ,じっくり,osm_feature,tourism=hotel
仁右衛門島,じっくり,wikipedia_fee,料金の記述あり
伊能忠敬旧宅,じっくり,name_heavy,旧宅
佐倉ふるさと広場,,name_light,広場
佐倉城,じっくり,name_heavy,城
佐倉市立美術館,じっくり,name_heavy,美術館
佐倉草ぶえの丘,,default,手がかり無し
佐倉順天堂記念館,じっくり,name_heavy,記念館
佐原の町並み,,default,手がかり無し
保田妙本寺,,default,手がかり無し
光明寺 (木更津市),,default,手がかり無し
八剱八幡神社,,default,手がかり無し
八幡岬 (千葉県勝浦市),,default,手がかり無し
八鶴湖,,osm_feature,natural=water
円福寺 (銚子市),,default,手がかり無し
刑部岬,,name_light,岬
利根運河,,default,手がかり無し
加曽利貝塚,,name_light,貝塚
勝浦城,じっくり,name_heavy,城
勝浦宇宙通信所,,default,手がかり無し
勝浦朝市,,osm_feature,historic=memorial
勝浦海中公園,,name_light,公園
北総花の丘公園,,name_light,公園
千葉こどもの国キッズダム,,name_light,ダム
千葉ポートタワー,じっくり,name_heavy,タワー
千葉ポートパーク,,default,手がかり無し
千葉マリンスタジアム,,default,手がかり無し
千葉公園,,name_light,公園
千葉大学,,default,手がかり無し
千葉寺,,default,手がかり無し
千葉市動物公園,じっくり,wikipedia_fee,料金の記述あり
千葉市昭和の森公園,,name_light,公園
千葉市美術館,じっくり,name_heavy,美術館
千葉市花の美術館,じっくり,name_heavy,美術館
千葉市都市緑化植物園,じっくり,name_heavy,植物園
千葉港,,name_light,港
千葉県国際総合水泳場,,default,手がかり無し
千葉県立中央博物館,じっくり,name_heavy,博物館
千葉県立九十九里自然公園,,name_light,公園
千葉県立印旛手賀自然公園,,name_light,公園
千葉県立大利根自然公園,,name_light,公園
千葉県立富津公園,,name_light,公園
千葉県立嶺岡山系自然公園,,name_light,公園
千葉県立房総のむら,じっくり,category,美術館博物館
千葉県立清和県民の森,,default,手がかり無し
千葉県立現代産業科学館,じっくり,name_heavy,科学館
千葉県立笠森鶴舞自然公園,,name_light,公園
千葉県立美術館,じっくり,name_heavy,美術館
千葉県立関宿城博物館,じっくり,name_heavy,博物館
千葉県立養老渓谷奥清澄自然公園,,name_light,公園
千葉県立館山運動公園,,name_light,公園
千葉県立館山野鳥の森,,default,手がかり無し
千葉県立高宕山自然公園,,name_light,公園
千葉県総合スポーツセンター,,default,手がかり無し
千葉神社,,default,手がかり無し
南房総国定公園,,name_light,公園
印旛沼,,default,手がかり無し
吉保八幡神社,,default,手がかり無し
国立歴史民俗博物館,じっくり,name_heavy,博物館
坂田池,,default,手がかり無し
城山公園 (香取市),,name_light,公園 
堀之内貝塚,,name_light,貝塚
大多喜城,じっくり,name_heavy,城
大山千枚田,,default,手がかり無し
大慶園,じっくり,osm_feature,tourism=theme_park
大房岬,,name_light,岬
大福寺 (館山市),,default,手がかり無し
大福山,じっくり,name_heavy,山
太東岬,,name_light,岬
太海フラワーセンター,じっくり,wikipedia_fee,料金の記述あり
太田山公園,,name_light,公園
妙福寺 (銚子市),,default,手がかり無し
妙蓮寺 (鴨川市),,default,手がかり無し
姥山貝塚,,name_light,貝塚
守谷海水浴場,,default,手がかり無し
安房神社,,default,手がかり無し
宮内庁下総御料牧場,じっくり,name_heavy,牧場
富山 (千葉県),,default,手がかり無し
富津岬,,name_light,岬
小中池,,osm_feature,natural=water
小松寺 (南房総市),,default,手がかり無し
小林牧場,じっくり,name_heavy,牧場
屏風ヶ浦,,default,手がかり無し
山倉大神,,default,手がかり無し
川口神社 (銚子市),,default,手がかり無し
市原ぞうの国,じっくり,category,美術館博物館
市原サービスエリア,,default,手がかり無し
市原緑地運動公園,,name_light,公園
市川市スポーツセンター,,default,手がかり無し
市川市動植物園,じっくり,name_heavy,植物園
常盤平さくら通り,,name_light,通り
幕張メッセ,,default,手がかり無し
幕張海浜公園,じっくり,wikipedia_fee,料金の記述あり
広済寺 (千葉県横芝光町),,default,手がかり無し
延命寺 (南房総市),,default,手がかり無し
式場精神病院火災,,default,手がかり無し
弘法寺 (市川市),,default,手がかり無し
御宿海岸,,default,手がかり無し
意富比神社,,default,手がかり無し
愛宕神社 (野田市),,default,手がかり無し
成東総合運動公園,,name_light,公園
成田ゆめ牧場,じっくり,name_heavy,牧場
成田国際空港,,name_light,港
成田山新勝寺,,default,手がかり無し
成田市さくらの山,じっくり,name_heavy,山
成田市公設地方卸売市場,,default,手がかり無し
成田羊羹資料館,じっくり,name_heavy,資料館
我孫子市鳥の博物館,じっくり,name_heavy,博物館
我孫子谷津ミュージアム,じっくり,name_heavy,ミュージアム
戸定邸,,default,手がかり無し
手賀沼,,osm_feature,leisure=park
日吉神社 (東金市),,default,手がかり無し
日本寺 (千葉県多古町),,default,手がかり無し
日本寺 (千葉県鋸南町),,default,手がかり無し
日本寺大仏,,osm_feature,tourism=artwork
日西墨三国交通発祥記念之碑,,name_light,碑
旧堀田邸,じっくり,osm_feature,tourism=museum
旧大塚家住宅,,osm_feature,historic=memorial
旧宇田川家住宅,,osm_feature,historic=memorial
本佐倉城,じっくり,name_heavy,城
本土寺,じっくり,wikipedia_fee,料金の記述あり
東京ディズニーシー,じっくり,osm_feature,tourism=theme_park
東京ディズニーランド,じっくり,name_heavy,ランド
東京ディズニーランドホテル,じっくり,osm_feature,tourism=hotel
東京ドイツ村,じっくり,osm_feature,tourism=zoo
東京大学検見川総合運動場,,default,手がかり無し
東京湾観音,,default,手がかり無し
東勝寺 (成田市),,default,手がかり無し
東大社,,default,手がかり無し
東松戸ゆいの花公園,,name_light,公園
東海寺 (柏市),,default,手がかり無し
東漸寺 (松戸市),,default,手がかり無し
東邦大学,,default,手がかり無し
松戸神社,,default,手がかり無し
松戸運動公園,,name_light,公園
柏の葉公園,,name_light,公園
柏神社,,default,手がかり無し
栗山川ふれあいの里公園,,name_light,公園
樋橋,,name_light,橋
橘ふれあい公園,,name_light,公園
気象台記念公園,,name_light,公園
水郷佐原あやめパーク,じっくり,category,美術館博物館
江川海岸,,default,手がかり無し
泉自然公園,,name_light,公園
法華経寺,,default,手がかり無し
洲埼灯台,,name_light,灯台
洲崎神社,,osm_feature,historic=memorial
流山市総合運動公園,,name_light,公園
浦安市郷土博物館,じっくり,name_heavy,博物館
海ほたるパーキングエリア,,default,手がかり無し
清水公園,じっくり,wikipedia_fee,料金の記述あり
清澄寺 (鴨川市),,default,手がかり無し
濃溝の滝,,name_light,滝
犬吠埼,,default,手がかり無し
犬吠埼温泉,じっくり,name_heavy,温泉
犬吠埼灯台,,name_light,灯台
猿田神社,,default,手がかり無し
玉前神社,,default,手がかり無し
甚大寺,,default,手がかり無し
白幡八幡神社,,default,手がかり無し
白浜温泉 (千葉県),じっくり,name_heavy,温泉
白鳥神社 (君津市),,default,手がかり無し
真光寺 (山武市),,default,手がかり無し
神崎神社,,default,手がかり無し
稲毛浅間神社,,default,手がかり無し
稲毛海浜公園,,name_light,公園
笠森寺,じっくり,wikipedia_fee,料金の記述あり
粟又の滝,,name_light,滝
習志野市秋津サッカー場,,default,手がかり無し
臼井城,じっくり,name_heavy,城
舞浜アンフィシアター,,default,手がかり無し
航空科学博物館,じっくり,name_heavy,博物館
船橋市立夏見総合運動公園,,name_light,公園
船橋市立馬込霊園,,default,手がかり無し
船橋市総合体育館,,default,手がかり無し
船橋市運動公園陸上競技場,,default,手がかり無し
船橋競馬場,じっくり,wikipedia_fee,料金の記述あり
茂原公園,,name_light,公園
葛飾八幡宮,,default,手がかり無し
蓮沼海浜公園,,name_light,公園
薬円台公園,,name_light,公園
薬王寺 (白井市),,default,手がかり無し
行田公園,,name_light,公園
袖ケ浦公園,,name_light,公園
袖ケ浦海浜公園,,name_light,公園
誕生寺 (鴨川市),,default,手がかり無し
諏訪神社 (流山市),,default,手がかり無し
證誠寺 (木更津市),,default,手がかり無し
谷津バラ園,じっくり,category,美術館博物館
谷津干潟,じっくり,wikipedia_fee,料金の記述あり
赤城神社 (流山市),,default,手がかり無し
赤山地下壕跡,,name_light,跡
近藤勇陣屋跡,,name_light,跡
道の駅あずの里いちはら,,name_light,道の駅
道の駅おおつの里,,name_light,道の駅
道の駅きょなん,,name_light,道の駅
道の駅くりもと,,name_light,道の駅
道の駅しょうなん,,name_light,道の駅
道の駅ちくら・潮風王国,,name_light,道の駅
道の駅とみうら,,name_light,道の駅
道の駅ながら,,name_light,道の駅
道の駅ふれあいパーク・きみつ,,name_light,道の駅
道の駅みのりの郷東金,,name_light,道の駅
道の駅やちよ,,name_light,道の駅
道の駅オライはすぬま,,name_light,道の駅
道の駅ローズマリー公園,,name_light,道の駅
道の駅・川の駅水の郷さわら,,name_light,道の駅
道の駅三芳村,,name_light,道の駅
道の駅保田小学校,,name_light,道の駅
道の駅和田浦WA・O!,,name_light,道の駅
道の駅多古,,name_light,道の駅
道の駅季楽里あさひ,,name_light,道の駅
道の駅富楽里とみやま,,name_light,道の駅
道の駅木更津 うまくたの里,,name_light,道の駅
道の駅発酵の里こうざき,,name_light,道の駅
道の駅白浜野島崎,,name_light,道の駅
道の駅鴨川オーシャンパーク,,name_light,道の駅
遠見岬神社,,default,手がかり無し
那古寺,,default,手がかり無し
酒々井ちびっこ天国,,default,手がかり無し
酒々井プレミアム・アウトレット,,default,手がかり無し
酒々井総合公園,,name_light,公園
里見公園,,name_light,公園
野島埼灯台,,name_light,灯台
野島崎,,name_light,崎
野菊の墓文学碑,,name_light,碑
金蔵寺 (船橋市),,default,手がかり無し
釣ヶ崎海岸,,default,手がかり無し
鈴木貫太郎記念館,じっくり,name_heavy,記念館
銚子ポートタワー,じっくり,name_heavy,タワー
銚子漁港,,name_light,漁港
鋸山 (千葉県),じっくり,wikipedia_fee,料金の記述あり
鋸山ロープウェー,,default,手がかり無し
鎌ヶ谷大仏,,default,手がかり無し
鎌数伊勢大神宮,,default,手がかり無し
長柄ダム (千葉県),,name_light,ダム
長楽寺 (木更津市),,default,手がかり無し
関宿城,じっくり,name_heavy,城
雄蛇ヶ池,,osm_feature,natural=water
青葉の森公園,,name_light,公園
風和里しばやま,,default,手がかり無し
飯香岡八幡宮,,default,手がかり無し
飯高寺,,default,手がかり無し
飽富神社,,default,手がかり無し
養老渓谷,じっくり,name_heavy,渓谷
養老渓谷温泉,じっくり,name_heavy,温泉
館山城,じっくり,name_heavy,城
香取神宮,,osm_feature,historic=memorial
高宕山自然動物園,じっくり,name_heavy,動物園
高家神社,,default,手がかり無し
高梨氏庭園,,default,手がかり無し
高滝ダム,,name_light,ダム
高蔵寺 (木更津市),,default,手がかり無し
魚見塚展望台,,name_light,展望台
鯛の浦,,default,手がかり無し
鴨川シーワールド,じっくり,name_heavy,ワールド
鴨川市総合運動施設,,default,手がかり無し
鴨川松島,,default,手がかり無し
鵜原理想郷,,default,手がかり無し
鶴谷八幡宮,,default,手がかり無し
鷺沼城,じっくり,name_heavy,城
鹿野山,じっくり,name_heavy,山
麻賀多神社,,default,手がかり無し
龍角寺古墳群,,name_light,古墳
Bunkamura,じっくり,wikipedia_fee,料金の記述あり
GINZA SIX,,osm_feature,tourism=viewpoint
Ginza Sony Park,,default,手がかり無し
GinzaNovo,,default,手がかり無し
JPタワー,じっくり,name_heavy,タワー
JRA競馬博物館,じっくり,name_heavy,博物館
NHKホール,じっくり,name_heavy,ホール
NHK放送博物館,じっくり,name_heavy,博物館
NTTドコモ代々木ビル,,default,手がかり無し
QFRONT,,default,手がかり無し
SOMPO美術館,じっくり,name_heavy,美術館
TOTOギャラリー・間,じっくり,osm_feature,tourism=museum
あらかわ遊園,じっくり,osm_feature,tourism=theme_park
お台場,,default,手がかり無し
お台場海浜公園,,name_light,公園
お鷹の道・真姿の池湧水群,,default,手がかり無し
かつしかシンフォニーヒルズ,,default,手がかり無し
しながわ区民公園,,name_light,公園
しながわ水族館,じっくり,name_heavy,水族館
すずめのお宿緑地公園,,name_light,公園
すみだトリフォニーホール,じっくり,name_heavy,ホール
すみだ北斎美術館,じっくり,name_heavy,美術館
すみだ水族館,じっくり,name_heavy,水族館
ちひろ美術館・東京,じっくり,name_heavy,美術館
めぐろパーシモンホール,じっくり,name_heavy,ホール
めぐろ歴史資料館,じっくり,name_heavy,資料館
もみじ山文化センター,,default,手がかり無し
よみうりランド,じっくり,name_heavy,ランド
アクアシティお台場,,default,手がかり無し
アクアパーク品川,じっくり,category,美術館博物館
アド・ミュージアム東京,じっくり,name_heavy,ミュージアム
アメヤ横丁,,osm_feature,tourism=artwork
アークヒルズ,,default,手がかり無し
アーティゾン美術館,じっくり,name_heavy,美術館
アートアクアリウム,じっくり,category,美術館博物館
カトリック碑文谷教会,,default,手がかり無し
カトリック神田教会,,default,手がかり無し
カトリック関口教会,,default,手がかり無し
ガスの科学館,じっくり,name_heavy,科学館
キッザニア東京,じっくり,osm_feature,tourism=theme_park
キャロットタワー,じっくり,name_heavy,タワー
ギャラクシティ,,default,手がかり無し
ゲートシティ大崎,,name_light,崎
サンシャインシティ,じっくり,osm_feature,tourism=hotel
サンシャイン水族館,じっくり,name_heavy,水族館
サントリーホール,じっくり,name_heavy,ホール
サントリー美術館,じっくり,name_heavy,美術館
サンリオピューロランド,じっくり,name_heavy,ランド
ジョイポリス,じっくり,osm_feature,tourism=theme_park
スヌーピーミュージアム,じっくり,name_heavy,ミュージアム
タカシマヤタイムズスクエア,,default,手がかり無し
タワーホール船堀,じっくり,name_heavy,タワー
ダイバーシティ東京,,osm_feature,amenity=parking
ダイヤと花の大観覧車,じっくり,osm_feature,tourism=theme_park
チームラボプラネッツ TOKYO DMM.com,じっくり,category,美術館博物館
デックス東京ビーチ,,default,手がかり無し
トリエ京王調布,,default,手がかり無し
ナンジャタウン,じっくり,wikipedia_fee,料金の記述あり
ニコライ堂,,default,手がかり無し
ニポカジ,,default,手がかり無し
ニュー新橋ビル,,default,手がかり無し
バスタ新宿,,default,手がかり無し
パナソニック汐留美術館,じっくり,name_heavy,美術館
パルテノン多摩,,default,手がかり無し
ヒルサイドテラス,,default,手がかり無し
ファーレ立川,,default,手がかり無し
フジテレビジョン,,default,手がかり無し
フラッグス,,default,手がかり無し
ホテルニューオータニ,じっくり,osm_feature,tourism=hotel
ラクーア,,default,手がかり無し
リバーピア吾妻橋,,name_light,橋
ルミネtheよしもと,,default,手がかり無し
レインボーブリッジ,,osm_feature,man_made=bridge
レゴランド・ディスカバリー・センター東京,じっくり,osm_feature,tourism=theme_park
一心寺 (品川区),,default,手がかり無し
一橋大学,,default,手がかり無し
一葉記念館,じっくり,name_heavy,記念館
三井記念美術館,じっくり,name_heavy,美術館
三原山,じっくり,name_heavy,山
三宅島,,default,手がかり無し
三菱一号館美術館,じっくり,name_heavy,美術館
三越日本橋本店,,default,手がかり無し
三頭山 (東京都),,default,手がかり無し
三鷹の森ジブリ美術館,じっくり,name_heavy,美術館
上千葉砂原公園,,name_light,公園
上野の森美術館,じっくり,name_heavy,美術館
上野恩賜公園,,name_light,公園
上野東照宮,じっくり,wikipedia_fee,料金の記述あり
下町風俗資料館,じっくり,name_heavy,資料館
不忍池,,default,手がかり無し
世田谷パブリックシアター,,default,手がかり無し
世田谷公園,,name_light,公園
世田谷文学館,じっくり,name_heavy,文学館
両国国技館,,default,手がかり無し
両国橋,,name_light,橋
両国花火資料館,じっくり,name_heavy,資料館
中央大橋,,name_light,大橋
中川公園,,name_light,公園
中川船番所資料館,じっくり,name_heavy,資料館
中村屋,,default,手がかり無し
中野サンモール商店街,,name_light,商店街
中野ブロードウェイ,,default,手がかり無し
丸の内ビルディング,,default,手がかり無し
乃木神社 (東京都港区),,default,手がかり無し
乗蓮寺,,default,手がかり無し
乳房山,じっくり,name_heavy,山
亀戸中央公園,,name_light,公園
亀戸天神社,じっくり,wikipedia_fee,料金の記述あり
二子玉川公園,,name_light,公園
二宮神社 (あきる野市),,default,手がかり無し
二重橋,,name_light,橋
五島美術館,じっくり,name_heavy,美術館
五百羅漢寺,,default,手がかり無し
井の頭恩賜公園,,name_light,公園
井の頭自然文化園,じっくり,category,美術館博物館
井草八幡宮,,default,手がかり無し
京橋エドグラン,,default,手がかり無し
京浜島つばさ公園,,name_light,公園
京王れーるランド,じっくり,name_heavy,ランド
京王百貨店新宿店,,default,手がかり無し
今戸神社,,default,手がかり無し
代々木八幡宮,,default,手がかり無し
代々木公園,,name_light,公園
代官山アドレス,,default,手がかり無し
伊豆大島,,default,手がかり無し
伊豆美神社,,default,手がかり無し
伝通院,,default,手がかり無し
住吉神社 (東京都中央区),,default,手がかり無し
住吉神社 (青梅市),,default,手がかり無し
光が丘公園,,name_light,公園
光厳寺 (あきる野市),,default,手がかり無し
光明寺 (大田区),,default,手がかり無し
全生庵,,default,手がかり無し
八丈島,,default,手がかり無し
八丈島温泉,じっくり,name_heavy,温泉
八丈島灯台,,name_light,灯台
八国山緑地,,name_light,緑地
八坂神社 (日野市),,default,手がかり無し
八王子城,じっくり,name_heavy,城
八芳園,,default,手がかり無し
六仙公園,,name_light,公園
六本木,,default,手がかり無し
六本木ヒルズ,,default,手がかり無し
六義園,じっくり,wikipedia_fee,料金の記述あり
円通寺 (清瀬市),,default,手がかり無し
円通寺 (荒川区),,default,手がかり無し
出光美術館,じっくり,name_heavy,美術館
切手の博物館,じっくり,name_heavy,博物館
切支丹屋敷,じっくり,name_heavy,屋敷
利島,,default,手がかり無し
勝鬨橋,,name_light,橋
北の丸公園,,name_light,公園
北区飛鳥山博物館,じっくり,name_heavy,博物館
北山公園 (東京都),,name_light,公園 
医王寺 (葛飾区),,default,手がかり無し
千鳥ケ淵戦没者墓苑,,default,手がかり無し
千鳥ヶ淵公園,,name_light,公園
南島 (東京都),,default,手がかり無し
南池袋公園,,name_light,公園
博物館動物園駅,,name_light,駅
占春園,,default,手がかり無し
印刷博物館,じっくり,name_heavy,博物館
原美術館,じっくり,name_heavy,美術館
厩橋,,name_light,橋
古代オリエント博物館,じっくり,name_heavy,博物館
古川親水公園,,name_light,公園
台場公園,,name_light,公園
合羽橋,,name_light,橋
吉祥寺 (文京区),,default,手がかり無し
吉祥寺シアター,,default,手がかり無し
吉野梅郷,,default,手がかり無し
名主の滝公園,,name_light,公園
向島百花園,じっくり,wikipedia_fee,料金の記述あり
吾妻橋,,name_light,橋
和光 (商業施設),,default,手がかり無し
和田堀公園,,name_light,公園
品川インターシティ,,default,手がかり無し
品川寺,,default,手がかり無し
品川神社,,default,手がかり無し
哲学堂公園,,name_light,公園
善國寺,,default,手がかり無し
善福寺 (東京都港区),,default,手がかり無し
善福寺公園,,name_light,公園
善福寺川緑地,,name_light,緑地
回向院,,osm_feature,historic=memorial
国会議事堂,,default,手がかり無し
国営昭和記念公園,じっくり,wikipedia_fee,料金の記述あり
国立オリンピック記念青少年総合センター,,default,手がかり無し
国立代々木競技場,,default,手がかり無し
国立公文書館,じっくり,category,美術館博物館
国立劇場,じっくり,name_heavy,劇場
国立国会図書館,,default,手がかり無し
国立新美術館,じっくり,name_heavy,美術館
国立極地研究所,,default,手がかり無し
国立科学博物館,じっくり,name_heavy,博物館
国立科学博物館附属自然教育園,じっくり,name_heavy,博物館
国立能楽堂,,default,手がかり無し
国立西が丘サッカー場,,default,手がかり無し
国立西洋美術館,じっくり,name_heavy,美術館
国際子ども図書館,,default,手がかり無し
国際連合大学,,default,手がかり無し
土方歳三資料館,じっくり,name_heavy,資料館
地下鉄博物館,じっくり,name_heavy,博物館
地鉈温泉,じっくり,name_heavy,温泉
城北中央公園,,name_light,公園
城南島海浜公園,,name_light,公園
堀切菖蒲園,じっくり,category,美術館博物館
塩船観音寺,,default,手がかり無し
増上寺,,default,手がかり無し
夕やけ小やけふれあいの里,,osm_feature,leisure=park
外交官の家,,default,手がかり無し
多摩六都科学館,じっくり,name_heavy,科学館
多摩動物公園,,name_light,公園
多摩川台公園,,name_light,公園
多摩川浅間神社,,default,手がかり無し
多摩森林科学園,じっくり,osm_feature,tourism=zoo
多田神社 (中野区),,default,手がかり無し
多磨霊園,,osm_feature,leisure=park
夢の大橋,,name_light,大橋
夢の島公園,,name_light,公園
夢の島熱帯植物館,じっくり,category,美術館博物館
大井競馬場,じっくり,wikipedia_fee,料金の記述あり
大倉集古館,じっくり,category,美術館博物館
大円寺 (目黒区),,default,手がかり無し
大國魂神社,,default,手がかり無し
大宮八幡宮 (杉並区),,osm_feature,historic=memorial
大岳山 (東京都),,osm_feature,natural=peak
大島公園動物園,じっくり,name_heavy,動物園
大島小松川公園,,name_light,公園
大島温泉,じっくり,name_heavy,温泉
大戸緑地,,name_light,緑地
大森海苔のふるさと館,じっくり,category,美術館博物館
大森貝塚,,name_light,貝塚
大沢の里,,default,手がかり無し
大泉中央公園,,name_light,公園
大田区民プラザ,,default,手がかり無し
大田区産業プラザ,,default,手がかり無し
大田黒公園,,name_light,公園
大神山公園,じっくり,wikipedia_fee,料金の記述あり
大神山神社 (東京都),,default,手がかり無し
大鳥神社 (目黒区),,default,手がかり無し
天上山 (東京都),,osm_feature,natural=peak
天王洲アイル,,default,手がかり無し
天祖神社 (墨田区),,default,手がかり無し
太田記念美術館,じっくり,name_heavy,美術館
奥多摩湖,,default,手がかり無し
妙法寺 (杉並区),,default,手がかり無し
学習院大学,,default,手がかり無し
宇喜田公園,,name_light,公園
安楽寺 (青梅市),,default,手がかり無し
実相院 (世田谷区),,default,手がかり無し
実相院 (中野区),,default,手がかり無し
宮益坂,,default,手がかり無し
富岡八幡宮,,default,手がかり無し
寛永寺,,osm_feature,historic=memorial
将門塚,,default,手がかり無し
小塚原刑場,,default,手がかり無し
小宮公園,,name_light,公園
小山内裏公園,,name_light,公園
小山田緑地,,name_light,緑地
小平中央公園,,name_light,公園
小平市平櫛田中彫刻美術館,じっくり,name_heavy,美術館
小平霊園,,default,手がかり無し
小林家住宅 (檜原村),,default,手がかり無し
小河内の鹿島踊,,default,手がかり無し
小澤酒造,,default,手がかり無し
小田急百貨店,,default,手がかり無し
小石川後楽園,じっくり,wikipedia_fee,料金の記述あり
小石川養生所,,default,手がかり無し
小笠原国立公園,,name_light,公園
小網神社,,default,手がかり無し
小野神社 (多摩市),,default,手がかり無し
小金井カントリー倶楽部,じっくり,osm_feature,leisure=golf_course
小金井公園,,name_light,公園
尾久の原公園,,name_light,公園
山本亭,,default,手がかり無し
岡本太郎記念館,じっくり,name_heavy,記念館
川苔山,じっくり,name_heavy,山
市ヶ谷フィッシュセンター,,default,手がかり無し
布多天神社,,default,手がかり無し
帝国劇場,じっくり,name_heavy,劇場
常盤堂雷おこし本舗,,default,手がかり無し
平和の森公園 (中野区),,name_light,公園 
平和の森公園 (大田区),,name_light,公園 
平和島公園,,name_light,公園
平山城址公園,,name_light,公園
平成つつじ公園,,name_light,公園
広徳寺 (あきる野市),,default,手がかり無し
府中の森公園,,name_light,公園
府中市美術館,じっくり,name_heavy,美術館
府中市郷土の森公園,,name_light,公園
府中市郷土の森博物館,じっくり,name_heavy,博物館
式根島,,default,手がかり無し
弥生美術館,じっくり,name_heavy,美術館
御前山 (東京都),,osm_feature,natural=peak
御岳山 (東京都),,default,手がかり無し
御岳登山鉄道,,default,手がかり無し
御嶽神社 (大田区北嶺町),,default,手がかり無し
御蔵島,,default,手がかり無し
徳大寺,,default,手がかり無し
恩賜上野動物園,じっくり,name_heavy,動物園
恵比寿ガーデンプレイス,,default,手がかり無し
愛宕神社 (東京都港区),,osm_feature,historic=memorial
慈眼寺 (中野区),,default,手がかり無し
慶應義塾大学,,default,手がかり無し
憲政記念館,じっくり,name_heavy,記念館
成田山東京別院深川不動堂,,default,手がかり無し
戸山公園,,name_light,公園
戸栗美術館,じっくり,name_heavy,美術館
戸越公園,,name_light,公園
払沢の滝,,name_light,滝
教育の森公園,,name_light,公園
文京区役所,,default,手がかり無し
文京区立森鷗外記念館,じっくり,name_heavy,記念館
新国立劇場,じっくり,name_heavy,劇場
新宿アイランドタワー,じっくり,name_heavy,タワー
新宿ゴールデン街,,default,手がかり無し
新宿中央公園,,name_light,公園
新宿御苑,じっくり,wikipedia_fee,料金の記述あり
新宿文化センター,,default,手がかり無し
新宿末廣亭,じっくり,wikipedia_fee,料金の記述あり
新島,,default,手がかり無し
新田神社 (大田区),,default,手がかり無し
日の出山,じっくり,name_heavy,山
日原鍾乳洞,じっくり,name_heavy,鍾乳洞
日本テレビ放送網,,default,手がかり無し
日本女子大学,,default,手がかり無し
日本橋 (東京都中央区),,default,手がかり無し
日本武道館,,default,手がかり無し
日本民藝館,じっくり,category,美術館博物館
日本科学未来館,じっくり,category,美術館博物館
日本近代文学館,じっくり,name_heavy,文学館
日本銀行本店,,default,手がかり無し
日枝神社 (千代田区),,default,手がかり無し
日枝神社 (小平市),,default,手がかり無し
日枝神社 (清瀬市),,default,手がかり無し
日比谷公会堂,,default,手がかり無し
日比谷公園,,name_light,公園
日野宿,じっくり,osm_feature,tourism=museum
日野市立新選組のふるさと歴史館,じっくり,category,美術館博物館
旧古河庭園,じっくり,wikipedia_fee,料金の記述あり
旧安田庭園,,default,手がかり無し
旧岩崎邸庭園,じっくり,wikipedia_fee,料金の記述あり
旧芝離宮恩賜庭園,じっくり,wikipedia_fee,料金の記述あり
早稲田大学坪内博士記念演劇博物館,じっくり,name_heavy,博物館
明治の森高尾国定公園,,name_light,公園
明治公園,,name_light,公園
明治大学博物館,じっくり,name_heavy,博物館
明治座,じっくり,osm_feature,tourism=hotel
明治神宮,,default,手がかり無し
明治神宮外苑,,default,手がかり無し
春花園BONSAI美術館,じっくり,name_heavy,美術館
昭和のくらし博物館,じっくり,name_heavy,博物館
昭和レトロ商品博物館,じっくり,name_heavy,博物館
時の鐘 (台東区上野公園),,default,手がかり無し
景信山,じっくり,name_heavy,山
晴海ふ頭公園,,name_light,公園
晴海アイランドトリトンスクエア,,default,手がかり無し
有明コロシアム,,default,手がかり無し
有栖川宮記念公園,,name_light,公園
有楽町センタービル,,default,手がかり無し
朝倉彫塑館,じっくり,category,美術館博物館
木場公園,,name_light,公園
木材・合板博物館,じっくり,name_heavy,博物館
本多劇場,じっくり,name_heavy,劇場
本妙寺 (豊島区),,default,手がかり無し
本所松坂町公園,,name_light,公園
本龍院,,default,手がかり無し
杉並アニメーションミュージアム,じっくり,name_heavy,ミュージアム
村山貯水池,,default,手がかり無し
来迎寺 (新宿区),,default,手がかり無し
東京おもちゃ美術館,じっくり,name_heavy,美術館
東京オペラシティアートギャラリー,じっくり,category,美術館博物館
東京グローブ座,,default,手がかり無し
東京ゲートブリッジ,,default,手がかり無し
東京サマーランド,じっくり,name_heavy,ランド
東京ジャーミイ,,default,手がかり無し
東京スカイツリー,じっくり,name_heavy,スカイツリー
東京スカイツリータウン,じっくり,name_heavy,スカイツリー
東京スタジアム (多目的スタジアム),,default,手がかり無し
東京ステーションギャラリー,じっくり,category,美術館博物館
東京ソラマチ,,default,手がかり無し
東京タワー,じっくり,name_heavy,タワー
東京ドーム,じっくり,osm_feature,tourism=theme_park
東京ドームシティアトラクションズ,じっくり,osm_feature,tourism=theme_park
東京ミッドタウン,,default,手がかり無し
東京ミッドタウン日比谷,,default,手がかり無し
東京体育館,,default,手がかり無し
東京国立博物館,じっくり,name_heavy,博物館
東京国立近代美術館,じっくり,name_heavy,美術館
東京国際フォーラム,じっくり,wikipedia_fee,料金の記述あり
東京国際空港,,name_light,港
東京大学大学院理学系研究科附属植物園,じっくり,name_heavy,植物園
東京大学本郷地区キャンパス,,default,手がかり無し
東京大学総合研究博物館,じっくり,name_heavy,博物館
東京大神宮,,default,手がかり無し
東京宝塚劇場,じっくり,name_heavy,劇場
東京富士美術館,じっくり,name_heavy,美術館
東京文化会館,,default,手がかり無し
東京文化財研究所,,default,手がかり無し
東京港,,name_light,港
東京港野鳥公園,,name_light,公園
東京臨海広域防災公園,,name_light,公園
東京芸術劇場,じっくり,name_heavy,劇場
東京証券取引所,,default,手がかり無し
東京辰巳アイスアリーナ,,default,手がかり無し
東京都写真美術館,じっくり,name_heavy,美術館
東京都庁舎,,default,手がかり無し
東京都庭園美術館,じっくり,name_heavy,美術館
東京都慰霊堂,,default,手がかり無し
東京都水の科学館,じっくり,name_heavy,科学館
東京都水道歴史館,じっくり,osm_feature,tourism=museum
東京都江戸東京博物館,じっくり,name_heavy,博物館
東京都現代美術館,じっくり,name_heavy,美術館
東京都立八柱霊園,,default,手がかり無し
東京都立奥多摩湖畔公園 山のふるさと村,,name_light,公園 
東京都立滝山自然公園,,name_light,公園
東京都立狭山自然公園,,name_light,公園
東京都立秋川丘陵自然公園,,name_light,公園
東京都立第五福竜丸展示館,じっくり,category,美術館博物館
東京都立赤塚公園,,name_light,公園
東京都美術館,じっくり,name_heavy,美術館
東京都薬用植物園,じっくり,name_heavy,植物園
東京駅,,name_light,駅
東京高円寺阿波おどり,,default,手がかり無し
東伏見アイスアリーナ,,default,手がかり無し
東伏見公園,,name_light,公園
東伏見稲荷神社,,default,手がかり無し
東光寺 (中野区),,default,手がかり無し
東大和公園,,name_light,公園
東大和南公園,,name_light,公園
東宝日比谷ビル,,default,手がかり無し
東本願寺 (台東区),,default,手がかり無し
東村山中央公園,,name_light,公園
東武博物館,じっくり,name_heavy,博物館
東武百貨店,,default,手がかり無し
東洋文庫,,default,手がかり無し
東白鬚公園,,name_light,公園
東綾瀬公園,,name_light,公園
東郷神社 (渋谷区),,default,手がかり無し
松屋 (百貨店),,default,手がかり無し
板橋 (石神井川),,default,手がかり無し
板橋区立教育科学館,じっくり,name_heavy,科学館
板橋区立熱帯環境植物館,じっくり,category,美術館博物館
板橋区立赤塚植物園,じっくり,name_heavy,植物園
林芙美子記念館,じっくり,name_heavy,記念館
林試の森公園,,name_light,公園
柳森神社,,default,手がかり無し
柴又,,default,手がかり無し
柴又帝釈天,,default,手がかり無し
根津神社,,osm_feature,historic=memorial
根津美術館,じっくり,name_heavy,美術館
桜坂 (大田区),,default,手がかり無し
桜木神社 (文京区),,default,手がかり無し
桜橋 (東京都),,default,手がかり無し
桜田門,,name_light,門
梅照院,,default,手がかり無し
棒ノ折山,じっくり,name_heavy,山
森美術館,じっくり,name_heavy,美術館
椿山荘,じっくり,osm_feature,tourism=hotel
横十間川親水公園,,name_light,公園
横山大観記念館,じっくり,name_heavy,記念館
横綱力士碑,,name_light,碑
横網町公園,,name_light,公園
歌舞伎座,じっくり,osm_feature,tourism=museum
歌舞伎町,,default,手がかり無し
正福寺 (墨田区),,default,手がかり無し
正覚寺 (目黒区),,default,手がかり無し
武蔵国分寺,,default,手がかり無し
武蔵国分寺公園,,name_light,公園
武蔵御嶽神社,,default,手がかり無し
武蔵野の森公園,,name_light,公園
武蔵野中央公園,,name_light,公園
武蔵野八幡宮,,default,手がかり無し
武蔵野公会堂,,default,手がかり無し
武蔵野公園,,name_light,公園
武蔵野市民文化会館,,default,手がかり無し
武蔵野稲荷神社,,default,手がかり無し
殿ヶ谷戸庭園,じっくり,wikipedia_fee,料金の記述あり
母島,,default,手がかり無し
水元公園,,name_light,公園
水天宮 (東京都中央区),,default,手がかり無し
氷川神社 (中野区東中野),,default,手がかり無し
氷川神社 (中野区江古田),,default,手がかり無し
氷川神社 (中野区沼袋),,default,手がかり無し
氷川神社 (東京都港区赤坂),,default,手がかり無し
氷川神社 (目黒区八雲),,default,手がかり無し
永代橋,,name_light,橋
永青文庫,じっくり,category,美術館博物館
汐留,,default,手がかり無し
汐留駅 (国鉄),,default,手がかり無し
江戸城,じっくり,name_heavy,城
江戸川区自然動物園,じっくり,name_heavy,動物園
江戸東京たてもの園,じっくり,category,美術館博物館
池上本門寺,,default,手がかり無し
池上梅園,じっくり,wikipedia_fee,料金の記述あり
池田山公園,,name_light,公園
池袋演芸場,じっくり,wikipedia_fee,料金の記述あり
池袋西口公園,,name_light,公園
池袋防災館,じっくり,osm_feature,tourism=museum
泉岳寺,,default,手がかり無し
泉龍寺 (狛江市),,default,手がかり無し
泊海水浴場,,default,手がかり無し
法善寺 (新宿区),,default,手がかり無し
法性寺 (墨田区),,default,手がかり無し
法明寺 (豊島区),,default,手がかり無し
波浮港,,name_light,港
波除稲荷神社,,default,手がかり無し
洗足池,,default,手がかり無し
洲崎神社 (江東区),,default,手がかり無し
浅草ROX,,default,手がかり無し
浅草公会堂,,default,手がかり無し
浅草寺,,default,手がかり無し
浅草文化観光センター,,default,手がかり無し
浅草演芸ホール,じっくり,name_heavy,ホール
浅草神社,,default,手がかり無し
浅草花やしき,じっくり,wikipedia_fee,料金の記述あり
浅間山公園,,name_light,公園
浜町公園,,name_light,公園
浜離宮恩賜庭園,じっくり,wikipedia_fee,料金の記述あり
浮間公園,,name_light,公園
消防博物館,じっくり,name_heavy,博物館
深大寺,,default,手がかり無し
深川公園,,name_light,公園
深川江戸資料館,じっくり,name_heavy,資料館
清水坂公園,,name_light,公園
清水谷公園,,name_light,公園
清洲橋,,name_light,橋
清澄庭園,じっくり,wikipedia_fee,料金の記述あり
渋沢史料館,じっくり,name_heavy,史料館
渋谷スクランブルスクエア,,default,手がかり無し
渋谷スクランブル交差点,,default,手がかり無し
渋谷ヒカリエ,,default,手がかり無し
渋谷マークシティ,,default,手がかり無し
渋谷区立松濤美術館,じっくり,name_heavy,美術館
湯島天満宮,,default,手がかり無し
湯島聖堂,,default,手がかり無し
源覚寺 (文京区),,default,手がかり無し
潮風公園,,name_light,公園
瀧泉寺,,default,手がかり無し
烏森神社,,default,手がかり無し
熊川神社,,default,手がかり無し
熊野神社 (新宿区),,default,手がかり無し
熊野神社 (目黒区),,default,手がかり無し
熊野神社 (葛飾区),,default,手がかり無し
父島,,default,手がかり無し
牛嶋神社,,default,手がかり無し
牧野記念庭園,じっくり,category,美術館博物館
狭山公園,,name_light,公園
狭山池公園 (東京都),,name_light,公園 
猿江恩賜公園,,name_light,公園
玉堂美術館,じっくり,name_heavy,美術館
玉川上水,,default,手がかり無し
玉川上水緑道,,default,手がかり無し
王子神社 (東京都北区),,default,手がかり無し
王子稲荷神社,,default,手がかり無し
田河水泡・のらくろ館,じっくり,category,美術館博物館
田無神社,,default,手がかり無し
町田リス園,じっくり,category,美術館博物館
町田市立国際版画美術館,じっくり,name_heavy,美術館
町田市立陸上競技場,,default,手がかり無し
白山神社 (文京区),,default,手がかり無し
白根記念渋谷区郷土博物館・文学館,じっくり,name_heavy,博物館
白鬚神社 (墨田区),,default,手がかり無し
百尋ノ滝,,name_light,滝
百草園,,default,手がかり無し
皆中稲荷神社,,default,手がかり無し
皇居外苑,,default,手がかり無し
皇居東御苑,,default,手がかり無し
目白庭園,,default,手がかり無し
目黒区役所,,default,手がかり無し
目黒区美術館,じっくり,name_heavy,美術館
目黒天空庭園,,default,手がかり無し
目黒寄生虫館,じっくり,category,美術館博物館
相撲博物館,じっくり,name_heavy,博物館
真性寺,,default,手がかり無し
石川島公園,,name_light,公園
石神井公園,,name_light,公園
砂町銀座商店街,,name_light,商店街
砧公園,,name_light,公園
碑文谷公園,,name_light,公園
祐天寺,,default,手がかり無し
神代植物公園,じっくり,wikipedia_fee,料金の記述あり
神戸岩,,osm_feature,tourism=viewpoint
神楽坂,,default,手がかり無し
神津島,,default,手がかり無し
神田の家,,default,手がかり無し
神田明神,,default,手がかり無し
秋川 (東京都),,default,手がかり無し
秋留台公園,,name_light,公園
秋葉原,,default,手がかり無し
科学技術館,じっくり,category,美術館博物館
秩父宮ラグビー場,,default,手がかり無し
税務大学校,じっくり,osm_feature,tourism=museum
稲荷鬼王神社,,default,手がかり無し
穴八幡宮,,default,手がかり無し
穴守稲荷神社,,default,手がかり無し
立川防災館,じっくり,wikipedia_fee,料金の記述あり
竹下通り,,name_light,通り
竹久夢二美術館,じっくり,name_heavy,美術館
竹林公園 (東久留米市),,name_light,公園 
竹橋,,name_light,橋
筆島,,default,手がかり無し
築土神社,,osm_feature,historic=memorial
築地市場,,default,手がかり無し
築地本願寺,,default,手がかり無し
篠崎公園,,name_light,公園
紙の博物館,じっくり,name_heavy,博物館
総持寺 (西東京市),,default,手がかり無し
練馬区立美術館,じっくり,name_heavy,美術館
總持寺 (足立区),,default,手がかり無し
羽村取水堰,,name_light,堰
羽村市動物公園,,name_light,公園
羽田クロノゲート,,default,手がかり無し
羽田航空神社,,default,手がかり無し
聖イグナチオ教会,,default,手がかり無し
聖徳記念絵画館,じっくり,wikipedia_fee,料金の記述あり
聖路加ガーデン,,default,手がかり無し
聖蹟蒲田梅屋敷公園,,name_light,公園
肥後細川庭園,,default,手がかり無し
舎人公園,,name_light,公園
芋洗坂,,default,手がかり無し
芝公園,,name_light,公園
芝大神宮,,default,手がかり無し
芝東照宮,,default,手がかり無し
花園神社,,default,手がかり無し
若洲公園,,name_light,公園
若洲海浜公園,,name_light,公園
草間彌生美術館,じっくり,name_heavy,美術館
荏原 畠山美術館,じっくり,name_heavy,美術館
荒川自然公園,,name_light,公園
菊富士ホテル,,default,手がかり無し
萬福寺 (大田区),,default,手がかり無し
葛西海浜公園,,name_light,公園
葛西神社,,default,手がかり無し
葛西臨海公園,,name_light,公園
葛西臨海水族園,じっくり,name_heavy,水族
葛飾区郷土と天文の博物館,じっくり,name_heavy,博物館
葛飾柴又寅さん記念館,じっくり,name_heavy,記念館
蓮華寺 (中野区大和町),,default,手がかり無し
蔵前橋,,name_light,橋
薬師池公園,,name_light,公園
薬王院 (新宿区),,default,手がかり無し
蘆花恒春園,,osm_feature,leisure=park
蚕糸の森公園,,name_light,公園
行船公園,,name_light,公園
表参道 (原宿),,default,手がかり無し
表参道ヒルズ,,default,手がかり無し
西教寺 (文京区),,default,手がかり無し
西郷山公園,,name_light,公園
言問橋,,name_light,橋
諏訪神社 (板橋区),,default,手がかり無し
諏訪神社 (立川市柴崎町),,default,手がかり無し
護国寺,,default,手がかり無し
谷中霊園,,default,手がかり無し
谷保天満宮,,default,手がかり無し
豊島区立郷土資料館,じっくり,name_heavy,資料館
豊島園 庭の湯,じっくり,name_heavy,湯
豊川稲荷東京別院,,default,手がかり無し
豊洲 千客万来,,default,手がかり無し
貨幣博物館,じっくり,name_heavy,博物館
赤坂サカス,,default,手がかり無し
足立区生物園,じっくり,category,美術館博物館
道の駅八王子滝山,,name_light,道の駅
道玄坂,,default,手がかり無し
都市農業公園,,name_light,公園
重願寺 (江東区),,default,手がかり無し
野山北・六道山公園,,name_light,公園
野川公園,,name_light,公園
野球殿堂博物館 (日本),じっくり,name_heavy,博物館
金刀比羅宮 (東京都港区),,default,手がかり無し
金剛寺 (日野市),,default,手がかり無し
金剛寺 (青梅市),,default,手がかり無し
金王八幡宮,,default,手がかり無し
鈴ヶ森刑場,,default,手がかり無し
鈴本演芸場,じっくり,wikipedia_fee,料金の記述あり
銀座四丁目交差点,,default,手がかり無し
錦糸公園,,name_light,公園
鍋島松濤公園,,name_light,公園
長命寺 (墨田区),,default,手がかり無し
長沼公園,,name_light,公園
長泉寺 (渋谷区),,default,手がかり無し
長谷川町子美術館,じっくり,name_heavy,美術館
関口芭蕉庵,,default,手がかり無し
阿佐ヶ谷神明宮,,default,手がかり無し
阿蘇神社 (羽村市),,default,手がかり無し
陣馬山,じっくり,name_heavy,山
陵南公園,,name_light,公園
陸上自衛隊広報センター,じっくり,category,美術館博物館
隅田公園,,name_light,公園
雑司が谷旧宣教師館,じっくり,osm_feature,tourism=museum
雑司ヶ谷霊園,,default,手がかり無し
雲取山,じっくり,name_heavy,山
電通本社ビル,,default,手がかり無し
霊南坂教会,,default,手がかり無し
霊巌寺 (江東区),,default,手がかり無し
青ヶ島,,default,手がかり無し
青山公園,,name_light,公園
青山霊園,,default,手がかり無し
青梅赤塚不二夫会館,じっくり,category,美術館博物館
青梅鉄道公園,じっくり,wikipedia_fee,料金の記述あり
靖国神社,じっくり,wikipedia_fee,料金の記述あり
静嘉堂文庫,,default,手がかり無し
音無親水公園,,name_light,公園
須賀神社 (新宿区),,default,手がかり無し
飛鳥山公園,,name_light,公園
馬事公苑,,osm_feature,leisure=park
馬場大門のケヤキ並木,,name_light,並木
駒場公園 (目黒区),,name_light,公園 
駒形橋,,name_light,橋
駒沢オリンピック公園,,name_light,公園
高尾山,じっくり,name_heavy,山
高岩寺,,default,手がかり無し
高橋是清翁記念公園,,name_light,公園
鳥越神社,,default,手がかり無し
鳩ノ巣渓谷,じっくり,name_heavy,渓谷
鳩山会館,じっくり,category,美術館博物館
鷲神社 (台東区),,default,手がかり無し
鷺宮八幡神社 (中野区),,default,手がかり無し
龍福寺 (板橋区),,default,手がかり無し
KDX横浜みなとみらいタワー,じっくり,name_heavy,タワー
MARINE & WALK YOKOHAMA,,default,手がかり無し
MARK IS みなとみらい,,default,手がかり無し
OSC湘南シティ,,default,手がかり無し
TOY MUSEUM,じっくり,category,美術館博物館
うみかぜ公園,,name_light,公園
おだわら諏訪の原公園,,name_light,公園
お林展望公園,,name_light,展望
くりはま花の国,,osm_feature,leisure=park
こどもの国 (横浜市),,default,手がかり無し
こども自然公園,,name_light,公園
さがみ湖MORI MORI,じっくり,osm_feature,tourism=theme_park
さがみ湖温泉 うるり,じっくり,name_heavy,温泉
しとどの窟,,default,手がかり無し
そごう美術館,じっくり,name_heavy,美術館
はだの歴史博物館,じっくり,name_heavy,博物館
はやま三ヶ岡山緑地,,name_light,緑地
ぷかりさん橋,,name_light,橋
ぼうさいの丘公園,,name_light,公園
よこはまコスモワールド,じっくり,name_heavy,ワールド
よこはま動物園ズーラシア,じっくり,name_heavy,動物園
ららぽーと横浜,,default,手がかり無し
ららぽーと海老名,,default,手がかり無し
ららぽーと湘南平塚,,default,手がかり無し
アトレ川崎,,name_light,崎
アメリカ山公園,,name_light,公園
ウイトリッヒの森,,default,手がかり無し
エリスマン邸,,default,手がかり無し
カトリック山手教会,,default,手がかり無し
カワスイ 川崎水族館,じっくり,name_heavy,水族館
キュービックプラザ新横浜,,default,手がかり無し
クイーンズスクエア横浜,,default,手がかり無し
サザンビーチちがさき,,default,手がかり無し
テラスモール湘南,,default,手がかり無し
トレッサ横浜,,default,手がかり無し
ハマボール イアス,,default,手がかり無し
ビナウォーク,,default,手がかり無し
ペリー公園,,name_light,公園
ホテルニューグランド,じっくり,name_heavy,ランド
ボーノ相模大野,,default,手がかり無し
ポートサイド公園,,name_light,公園
ポーラ美術館,じっくり,name_heavy,美術館
ミューザ川崎,,name_light,崎
モザイクモール港北,,default,手がかり無し
ユーシン渓谷,じっくり,name_heavy,渓谷
ラ チッタデッラ,,default,手がかり無し
ラゾーナ川崎プラザ,,default,手がかり無し
ヴェルニー公園,,name_light,公園
七沢森林公園,,name_light,公園
七沢温泉,じっくり,name_heavy,温泉
万葉公園 (湯河原町),,name_light,公園 
三ツ沢公園,,name_light,公園
三ツ沢公園球技場,,osm_feature,leisure=park
三ツ石 (真鶴町),,default,手がかり無し
三井アウトレットパーク 横浜ベイサイド,,default,手がかり無し
三崎漁港,,name_light,漁港
三浦海岸,,default,手がかり無し
三溪園,,default,手がかり無し
三笠公園,,name_light,公園
中原平和公園,,name_light,公園
中川の箒スギ,,default,手がかり無し
中川温泉,じっくり,name_heavy,温泉
丹沢大山国定公園,,name_light,公園
丹沢山,じっくり,name_heavy,山
丹沢湖,,default,手がかり無し
久良岐公園,,name_light,公園
九品寺 (鎌倉市),,default,手がかり無し
亀ヶ谷坂,,default,手がかり無し
二ヶ領用水,,default,手がかり無し
五所八幡宮 (中井町),,default,手がかり無し
五所神社 (湯河原町),,default,手がかり無し
人間国宝美術館,じっくり,name_heavy,美術館
仏果山,じっくり,name_heavy,山
仙石原,,default,手がかり無し
伊勢山皇大神宮,,default,手がかり無し
保土ケ谷公園,,name_light,公園
元町 (横浜市),,default,手がかり無し
元町公園 (横浜市),,name_light,公園 
元箱根石仏群,,default,手がかり無し
光則寺,,default,手がかり無し
光明寺 (平塚市),,default,手がかり無し
光明寺 (鎌倉市),,default,手がかり無し
児玉神社 (藤沢市),,default,手がかり無し
六所神社 (大磯町),,default,手がかり無し
六角橋,,name_light,橋
円応寺,,default,手がかり無し
円覚寺,,default,手がかり無し
円覚寺庭園,,default,手がかり無し
出雲大社相模分祠,,default,手がかり無し
別所温泉 (神奈川県),じっくり,name_heavy,温泉
前鳥神社,,default,手がかり無し
剱埼灯台,,name_light,灯台
千条の滝,,name_light,滝
半原温泉,じっくり,name_heavy,温泉
原鉄道模型博物館,じっくり,name_heavy,博物館
名越切通,,osm_feature,historic=memorial
吾妻山 (神奈川県),,osm_feature,natural=peak
四季の森公園,,name_light,公園
地球市民かながわプラザ,じっくり,osm_feature,tourism=museum
城ヶ島,,default,手がかり無し
城ヶ島公園,,name_light,公園
城ヶ島大橋,,name_light,大橋
城ヶ島灯台,,name_light,灯台
城山ダム,,name_light,ダム
城山公園 (綾瀬市),,name_light,公園 
報国寺 (鎌倉市),じっくり,wikipedia_fee,料金の記述あり
報徳二宮神社 (小田原市),,default,手がかり無し
塔ノ岳,じっくり,name_heavy,岳
塚山公園 (横須賀市),,name_light,公園 
境川遊水地公園,,name_light,公園
夢見ヶ崎動物公園,,name_light,公園
大さん橋,,name_light,橋
大佛次郎記念館,じっくり,name_heavy,記念館
大倉山公園 (横浜市),,name_light,公園 
大和ゆとりの森,,osm_feature,leisure=park
大和オークシティ,,default,手がかり無し
大塚・歳勝土遺跡,,name_light,跡
大山 (神奈川県),,default,手がかり無し
大山寺 (伊勢原市),,default,手がかり無し
大山観光電鉄大山鋼索線,,default,手がかり無し
大山阿夫利神社,,default,手がかり無し
大崎公園 (逗子市),,name_light,公園 
大師公園,,name_light,公園
大庭城址公園,,name_light,公園
大涌谷,,default,手がかり無し
大磯ロングビーチ,,default,手がかり無し
大磯城山公園,,name_light,公園
大磯海水浴場,,default,手がかり無し
大船観音寺,,default,手がかり無し
大通り公園,,name_light,公園
大野山 (神奈川県),,osm_feature,natural=peak
姥島,,default,手がかり無し
安藤百福発明記念館 横浜,じっくり,name_heavy,記念館
安養院 (鎌倉市),,default,手がかり無し
宝戒寺,じっくり,wikipedia_fee,料金の記述あり
宮ヶ瀬ダム,,name_light,ダム
富士箱根伊豆国立公園,,name_light,公園
寒川神社,,default,手がかり無し
寺家ふるさと村,,default,手がかり無し
寿福寺,,default,手がかり無し
小田原こどもの森公園わんぱくらんど,,default,手がかり無し
小田原フラワーガーデン,,default,手がかり無し
小田原城,じっくり,name_heavy,城
小田原城址公園,,name_light,公園
小田原市郷土文化館,じっくり,category,城
小田急箱根鋼索線,,default,手がかり無し
小町通り,,name_light,通り
山下公園,,name_light,公園
山北鉄道公園,,name_light,公園
山手111番館,じっくり,osm_feature,tourism=museum
山手234番館,,default,手がかり無し
山手イタリア山庭園,,osm_feature,historic=memorial
山手公園,,name_light,公園
岡田美術館,じっくり,name_heavy,美術館
岩海水浴場,,default,手がかり無し
嵐山 (神奈川県),,default,手がかり無し
川勾神社,,default,手がかり無し
川崎アゼリア,,default,手がかり無し
川崎マリエン,,osm_feature,tourism=viewpoint
川崎市とどろきアリーナ,,default,手がかり無し
川崎市岡本太郎美術館,じっくり,name_heavy,美術館
川崎市市民ミュージアム,じっくり,name_heavy,ミュージアム
川崎市民プラザ,,default,手がかり無し
川崎競輪場,じっくり,wikipedia_fee,料金の記述あり
川崎競馬場,,default,手がかり無し
市ヶ尾横穴古墳群,,name_light,古墳
常楽寺 (鎌倉市),,default,手がかり無し
幕山公園,じっくり,wikipedia_fee,料金の記述あり
平和中央公園,,name_light,公園
平塚八幡宮,,default,手がかり無し
平塚市博物館,じっくり,name_heavy,博物館
平塚市総合公園,,name_light,公園
平塚市美術館,じっくり,name_heavy,美術館
平塚競技場,,default,手がかり無し
平塚競輪場,じっくり,wikipedia_fee,料金の記述あり
平間寺,,default,手がかり無し
座間谷戸山公園,,name_light,公園
延命寺 (逗子市),,default,手がかり無し
建長寺,じっくり,wikipedia_fee,料金の記述あり
弘明寺,,default,手がかり無し
弘法山,じっくり,name_heavy,山
強羅公園,じっくり,wikipedia_fee,料金の記述あり
恩賜箱根公園,,name_light,公園
成就院 (鎌倉市),,default,手がかり無し
成川美術館,じっくり,name_heavy,美術館
成田山横浜別院延命院,,default,手がかり無し
披露山公園,,name_light,公園
掃部山公園,,name_light,公園
放送ライブラリー,,default,手がかり無し
新横浜プリンスホテル,じっくり,osm_feature,tourism=hotel
新横浜ラーメン博物館,じっくり,name_heavy,博物館
新江ノ島水族館,じっくり,name_heavy,水族館
日向薬師,じっくり,wikipedia_fee,料金の記述あり
日本丸メモリアルパーク,じっくり,wikipedia_fee,料金の記述あり
日本大通,,default,手がかり無し
日本民家園,じっくり,category,美術館博物館
日本郵船歴史博物館,じっくり,name_heavy,博物館
早川 (神奈川県),,default,手がかり無し
早雲寺,,default,手がかり無し
明月院,,default,手がかり無し
明神ヶ岳 (神奈川県),,osm_feature,natural=peak
星谷寺,,default,手がかり無し
曽我梅林,,default,手がかり無し
最乗寺,じっくり,osm_feature,tourism=museum
朝夷奈切通,,default,手がかり無し
本牧山頂公園,,name_light,公園
本牧市民公園,,name_light,公園
本覚寺 (横浜市),,default,手がかり無し
本覚寺 (鎌倉市),,default,手がかり無し
杉本寺,,default,手がかり無し
材木座海岸,,default,手がかり無し
東京都立高尾陣場自然公園,,name_light,公園
東慶寺,,default,手がかり無し
東芝未来科学館,じっくり,name_heavy,科学館
東高根森林公園,,name_light,公園
松田町寄ロウバイ園,じっくり,wikipedia_fee,料金の記述あり
森戸大明神,,default,手がかり無し
極楽寺 (鎌倉市),,default,手がかり無し
横浜こども科学館,じっくり,name_heavy,科学館
横浜みなとみらい21,,default,手がかり無し
横浜アリーナ,,default,手がかり無し
横浜アンパンマンこどもミュージアム,じっくり,name_heavy,ミュージアム
横浜スタジアム,じっくり,wikipedia_fee,料金の記述あり
横浜ベイクォーター,,default,手がかり無し
横浜ベイサイドマリーナ,,default,手がかり無し
横浜ベイブリッジ,,osm_feature,man_made=bridge
横浜マリンタワー,じっくり,name_heavy,タワー
横浜ランドマークタワー,じっくり,name_heavy,タワー
横浜ワールドポーターズ,,default,手がかり無し
横浜・八景島シーパラダイス,じっくり,category,美術館博物館
横浜中華街,,default,手がかり無し
横浜人形の家,じっくり,category,美術館博物館
横浜公園,,name_light,公園
横浜国際プール,,default,手がかり無し
横浜国際総合競技場,,default,手がかり無し
横浜外国人墓地,じっくり,osm_feature,tourism=museum
横浜市こども植物園,じっくり,name_heavy,植物園
横浜市イギリス館,じっくり,osm_feature,tourism=museum
横浜市歴史博物館,じっくり,name_heavy,博物館
横浜市立金沢動物園,じっくり,name_heavy,動物園
横浜市立間門小学校,,default,手がかり無し
横浜市開港記念会館,,default,手がかり無し
横浜市電保存館,じっくり,wikipedia_fee,料金の記述あり
横浜情報文化センター,じっくり,category,美術館博物館
横浜指路教会,,default,手がかり無し
横浜海岸教会,,default,手がかり無し
横浜港シンボルタワー,じっくり,name_heavy,タワー
横浜税関,,default,手がかり無し
横浜美術館,じっくり,name_heavy,美術館
横浜赤レンガ倉庫,,default,手がかり無し
横浜開港資料館,じっくり,name_heavy,資料館
横浜開運水族館フォーチュンアクアリウム,じっくり,name_heavy,水族館
横須賀しょうぶ園,,default,手がかり無し
横須賀美術館,じっくり,name_heavy,美術館
横須賀芸術劇場,じっくり,name_heavy,劇場
比々多神社,,default,手がかり無し
氷川丸,,osm_feature,historic=monument
江の島,,default,手がかり無し
江の島サムエル・コッキング苑,,default,手がかり無し
江の島ヨットハーバー,,osm_feature,amenity=parking
江の島大師,,default,手がかり無し
江ノ島駅,,name_light,駅
江島神社,,default,手がかり無し
汽車道,,default,手がかり無し
油壺,,default,手がかり無し
泉の森,,default,手がかり無し
洒水の滝,,name_light,滝
洪福寺,,default,手がかり無し
洪福寺松原商店街,,name_light,商店街
浄妙寺 (鎌倉市),,default,手がかり無し
浄智寺,,default,手がかり無し
浄見寺 (茅ヶ崎市),,default,手がかり無し
浦賀の渡船,,default,手がかり無し
海の公園,,name_light,公園
海南神社,,default,手がかり無し
海老名サービスエリア,,default,手がかり無し
海老名中央公園,,name_light,公園
海老名運動公園,,name_light,公園
海芝浦駅,,name_light,駅
海蔵寺,,default,手がかり無し
海辺つり公園,,name_light,公園
深見神社,,default,手がかり無し
淵野辺公園,,name_light,公園
清浄光寺,,default,手がかり無し
清閑亭,,default,手がかり無し
港の見える丘公園,,name_light,公園
湘南モールフィル,,default,手がかり無し
湘南台公園,,name_light,公園
湘南台文化センター,,default,手がかり無し
湘南平,,osm_feature,natural=peak
湘南汐見台公園,,name_light,公園
湘南海岸公園 (藤沢市),,name_light,公園 
湯河原温泉,じっくり,name_heavy,温泉
満福寺 (鎌倉市),,default,手がかり無し
源氏山公園 (鎌倉市),,name_light,公園 
無量光寺 (相模原市),,default,手がかり無し
焼山 (丹沢),,default,手がかり無し
片瀬東浜海水浴場,,default,手がかり無し
片瀬江ノ島駅,,name_light,駅
片瀬西浜・鵠沼海水浴場,,default,手がかり無し
猿島,じっくり,wikipedia_fee,料金の記述あり
王禅寺,,default,手がかり無し
瑜伽洞,じっくり,name_heavy,洞
瑞泉寺 (鎌倉市),,default,手がかり無し
甘縄神明神社,,default,手がかり無し
生田緑地,じっくり,wikipedia_fee,料金の記述あり
由比ヶ浜,,default,手がかり無し
町立湯河原美術館,じっくり,name_heavy,美術館
白旗神社 (藤沢市),,default,手がかり無し
相模三川公園,,name_light,公園
相模原公園,,name_light,公園
相模原市横山公園野球場,,default,手がかり無し
相模原市立博物館,じっくり,name_heavy,博物館
相模原麻溝公園,,name_light,公園
相模国分寺,,osm_feature,historic=memorial
相模川ふれあい科学館,じっくり,name_heavy,科学館
相模湖,,default,手がかり無し
相模湖公園,,name_light,公園
相鉄ジョイナス,,default,手がかり無し
真鶴岬,,name_light,岬
石垣山,じっくり,name_heavy,山
石垣山一夜城歴史公園,,name_light,公園
石老山,じっくり,name_heavy,山
神仙郷,,default,手がかり無し
神奈川県庁舎,,default,手がかり無し
神奈川県水道記念館,じっくり,name_heavy,記念館
神奈川県立あいかわ公園,,name_light,公園
神奈川県立三ツ池公園,,name_light,公園
神奈川県立丹沢大山自然公園,,name_light,公園
神奈川県立大船フラワーセンター,じっくり,category,美術館博物館
神奈川県立歴史博物館,じっくり,name_heavy,博物館
神奈川県立生命の星・地球博物館,じっくり,name_heavy,博物館
神奈川県立県民ホール,じっくり,name_heavy,ホール
神奈川県立真鶴半島自然公園,,name_light,公園
神奈川県立秦野戸川公園,,name_light,公園
神奈川県立茅ケ崎里山公園,,name_light,公園
神奈川県立近代美術館,じっくり,name_heavy,美術館
神奈川県立陣馬相模湖自然公園,,name_light,公園
神山,じっくり,name_heavy,山
神崎遺跡,,name_light,跡
神武寺,,default,手がかり無し
秋葉山古墳群,,name_light,古墳
秦野盆地,,default,手がかり無し
称名寺 (横浜市),,default,手がかり無し
称名寺 (鎌倉市),,default,手がかり無し
稲村ヶ崎,,name_light,崎
稲毛神社,,default,手がかり無し
立石公園 (横須賀市),,name_light,公園 
等々力陸上競技場,じっくり,wikipedia_fee,料金の記述あり
箱根 彫刻の森美術館,じっくり,name_heavy,美術館
箱根ガラスの森,じっくり,category,美術館博物館
箱根ラリック美術館,じっくり,name_heavy,美術館
箱根園,じっくり,category,美術館博物館
箱根小涌園,じっくり,osm_feature,tourism=hotel
箱根山,じっくり,name_heavy,山
箱根海賊船,,default,手がかり無し
箱根温泉,じっくり,name_heavy,温泉
箱根町立箱根湿生花園,じっくり,category,美術館博物館
箱根神社,じっくり,wikipedia_fee,料金の記述あり
箱根美術館,じっくり,name_heavy,美術館
箱根関,,default,手がかり無し
箱根駒ヶ岳,じっくり,name_heavy,岳
綱島温泉,じっくり,name_heavy,温泉
綾瀬スポーツ公園,,name_light,公園
總持寺,じっくり,osm_feature,tourism=museum
臨港パーク,,osm_feature,leisure=park
芦ノ湖,,default,手がかり無し
英勝寺,,default,手がかり無し
茅ヶ崎館,,default,手がかり無し
荏柄天神社,,default,手がかり無し
荒井城址公園,,name_light,公園
荒崎公園,,name_light,公園
葉山公園,,name_light,公園
葛原岡神社,,default,手がかり無し
藤子・F・不二雄ミュージアム,じっくり,name_heavy,ミュージアム
蛭ヶ岳,じっくり,name_heavy,岳
衣笠山公園,,name_light,公園
西丹沢ビジターセンター,,default,手がかり無し
西方寺 (横浜市),,default,手がかり無し
西村京太郎記念館,じっくり,name_heavy,記念館
覚園寺,,default,手がかり無し
観音埼灯台,,name_light,灯台
観音崎 (神奈川県),,default,手がかり無し
観音崎公園,,name_light,公園
観音崎自然博物館,じっくり,name_heavy,博物館
諏訪神社 (箱根町仙石原),,default,手がかり無し
象の鼻パーク,,default,手がかり無し
貴船神社 (真鶴町),,default,手がかり無し
走水神社 (横須賀市),,default,手がかり無し
辻堂海水浴場,,default,手がかり無し
辻堂海浜公園,,name_light,公園
逗子マリーナ,,default,手がかり無し
逗子海岸,,default,手がかり無し
道の駅山北,,name_light,道の駅
道の駅清川,,name_light,道の駅
道の駅箱根峠,,name_light,道の駅
道保川公園,,name_light,公園
野島公園,,name_light,公園
野毛山公園,,name_light,公園
野毛山動物園,じっくり,name_heavy,動物園
金剛寺 (厚木市),,default,手がかり無し
金剛寺 (秦野市),,default,手がかり無し
金時山,じっくり,name_heavy,山
鈴廣,じっくり,osm_feature,tourism=museum
鈴鹿明神社,,default,手がかり無し
銀河アリーナ,,default,手がかり無し
銭洗弁財天宇賀福神社,,default,手がかり無し
鎌倉国宝館,じっくり,category,美術館博物館
鎌倉宮,,default,手がかり無し
鎌倉山,じっくり,name_heavy,山
鎌倉文学館,じっくり,name_heavy,文学館
鎌倉海浜公園,,name_light,公園
鎌倉駅,,name_light,駅
鎌倉高校前駅,,name_light,駅
長久保公園都市緑化植物園,じっくり,name_heavy,植物園
長井海の手公園 ソレイユの丘,,name_light,公園 
長興山のシダレザクラ,,default,手がかり無し
長谷寺 (厚木市),,default,手がかり無し
長谷寺 (鎌倉市),じっくり,wikipedia_fee,料金の記述あり
陣ケ下渓谷,じっくり,name_heavy,渓谷
電気の史料館,じっくり,name_heavy,史料館
電車とバスの博物館,じっくり,name_heavy,博物館
震生湖,,default,手がかり無し
飯山温泉,じっくり,name_heavy,温泉
高徳院,,default,手がかり無し
高来神社,,default,手がかり無し
高麗山,じっくり,name_heavy,山
鮎沢パーキングエリア,,default,手がかり無し
鴫立庵,,default,手がかり無し
鶴岡八幡宮,,default,手がかり無し
鶴巻温泉,じっくり,name_heavy,温泉
鶴見つばさ橋,,name_light,橋
鹿沼公園,,name_light,公園
龍口寺,,osm_feature,historic=memorial
NASPAスキーガーデン,,default,手がかり無し
SLばんえつ物語,,default,手がかり無し
いくとぴあ食花,,osm_feature,leisure=park
かぐらスキー場,じっくり,name_heavy,スキー場
まつだい「農舞台」,じっくり,category,美術館博物館
もみじ園,,osm_feature,leisure=park
やすらぎ堤,,osm_feature,leisure=park
イヨボヤ会館,じっくり,category,美術館博物館
カーブドッチ,,osm_feature,amenity=parking
ガーラ湯沢スキー場,じっくり,name_heavy,スキー場
キューピットバレイ,,default,手がかり無し
サントピアワールド,じっくり,name_heavy,ワールド
シャルマン火打スキー場,じっくり,name_heavy,スキー場
ニュー・グリーンピア津南,,default,手がかり無し
ヒスイ海岸 (糸魚川市),,default,手がかり無し
ピアBandai,,default,手がかり無し
フォッサマグナミュージアム,じっくり,name_heavy,ミュージアム
ムイカスノーリゾート,,default,手がかり無し
ラポルテ五泉,,default,手がかり無し
ロッテアライリゾート,,default,手がかり無し
三国峠 (群馬県・新潟県),,default,手がかり無し
上越国際スキー場,じっくり,name_heavy,スキー場
上越市立水族博物館,じっくり,name_heavy,水族
中野邸記念館,じっくり,name_heavy,記念館
乙寶寺,,default,手がかり無し
五十公野御茶屋,,default,手がかり無し
五智国分寺,,default,手がかり無し
五頭山,じっくり,name_heavy,山
五頭温泉郷,じっくり,name_heavy,温泉
今代司酒造,,default,手がかり無し
佐渡奉行,,default,手がかり無し
佐渡弥彦米山国定公園,,name_light,公園
佐渡西三川ゴールドパーク,じっくり,category,美術館博物館
佐渡金山,じっくり,name_heavy,山
佐潟,,osm_feature,natural=water
信濃川ウォーターシャトル,,default,手がかり無し
八木ヶ鼻,,name_light,鼻
八海山,じっくり,name_heavy,山
八海山ロープウェー,,default,手がかり無し
六日町八海山スキー場,じっくり,name_heavy,スキー場
六日町温泉,じっくり,name_heavy,温泉
加茂山公園,,name_light,公園
加茂湖,,default,手がかり無し
北方文化博物館,じっくり,name_heavy,博物館
北沢浮遊選鉱場,,default,手がかり無し
十日町市博物館,じっくり,name_heavy,博物館
千手温泉 千年の湯,じっくり,name_heavy,温泉
咲花温泉,じっくり,name_heavy,温泉
国上山,じっくり,name_heavy,山
国営越後丘陵公園,,name_light,公園
国設胎内スキー場,じっくり,name_heavy,スキー場
外海府海岸,,default,手がかり無し
大潟水と森公園,,name_light,公園
奥只見丸山スキー場,じっくり,name_heavy,スキー場
妙高サンシャインランド,じっくり,name_heavy,ランド
妙高山,じっくり,name_heavy,山
妙高杉ノ原スキー場,じっくり,name_heavy,スキー場
姫埼灯台,,name_light,灯台
宝蔵寺 (新潟県刈羽村),,default,手がかり無し
宿根木,,default,手がかり無し
寺泊水族博物館,じっくり,name_heavy,水族
寺泊魚の市場通り,,name_light,通り
小千谷市錦鯉の里,じっくり,wikipedia_fee,料金の記述あり
小林古径記念美術館,じっくり,name_heavy,美術館
小蓮華山,じっくり,name_heavy,山
尾畑酒造,,default,手がかり無し
岩原スキー場,じっくり,name_heavy,スキー場
岩室温泉,じっくり,name_heavy,温泉
巻機山,じっくり,name_heavy,山
常楽寺 (新潟県刈羽村),,default,手がかり無し
弥彦山,じっくり,name_heavy,山
弥彦山ロープウェイ,,default,手がかり無し
彌彦神社,,default,手がかり無し
悠久山公園,,name_light,公園
新津油田,,default,手がかり無し
新潟市アグリパーク,,default,手がかり無し
新潟市新津鉄道資料館,じっくり,name_heavy,資料館
新潟市歴史博物館,じっくり,name_heavy,博物館
新潟市水族館 マリンピア日本海,じっくり,name_heavy,水族館
新潟市美術館,じっくり,name_heavy,美術館
新潟淡麗にいがた酒の陣,,default,手がかり無し
新潟県スポーツ公園,,name_light,公園
新潟県立こども自然王国,,default,手がかり無し
新潟県立万代島美術館,じっくり,name_heavy,美術館
新潟県立植物園,じっくり,name_heavy,植物園
新潟県立歴史博物館,じっくり,name_heavy,博物館
新潟県立環境と人間のふれあい館,じっくり,osm_feature,tourism=museum
新潟県立紫雲寺記念公園,,name_light,公園
新潟県立自然科学館,じっくり,name_heavy,科学館
新潟県立近代美術館,じっくり,name_heavy,美術館
新潟県道50号小出奥只見線,,default,手がかり無し
新潟空港,,name_light,港
新発田城,じっくり,name_heavy,城
新発田城址公園,,name_light,公園
日本海フィッシャーマンズケープ,,default,手がかり無し
日本海夕日コンサート,,default,手がかり無し
旧小林古径邸,じっくり,category,城
旧師団長官舎 (上越市),じっくり,category,美術館博物館
春日山城,じっくり,name_heavy,城
春日山神社,,default,手がかり無し
月岡温泉,じっくり,name_heavy,温泉
木村茶道美術館,じっくり,name_heavy,美術館
朱鷺メッセ,,default,手がかり無し
村上城,じっくり,name_heavy,城
村松公園,,name_light,公園
松之山温泉,じっくり,name_heavy,温泉
松之山温泉スキー場,じっくり,name_heavy,温泉
林泉寺 (上越市),,default,手がかり無し
栗山米菓,,default,手がかり無し
正法寺 (佐渡市),,default,手がかり無し
池の平温泉スキー場,じっくり,name_heavy,温泉
沼垂テラス,,default,手がかり無し
清九郎の家,,default,手がかり無し
清水園,,osm_feature,amenity=parking
清津峡,じっくり,name_heavy,峡
湯之谷温泉郷,じっくり,name_heavy,温泉
湯沢中里スノーリゾート,,default,手がかり無し
湯沢高原スキー場,じっくり,name_heavy,スキー場
湯沢高原ロープウェイ,,default,手がかり無し
湯田上温泉,じっくり,name_heavy,温泉
瀬波海岸,,default,手がかり無し
瀬波温泉,じっくり,name_heavy,温泉
燕市産業史料館,じっくり,name_heavy,史料館
燕温泉,じっくり,name_heavy,温泉
瓢湖,,osm_feature,natural=water
白山神社 (新潟市中央区一番堀通町),,default,手がかり無し
白馬連山高山植物帯,,default,手がかり無し
目黒邸,じっくり,osm_feature,tourism=museum
石打丸山スキー場,じっくり,name_heavy,スキー場
石泉荘,,osm_feature,amenity=parking
神立スノーリゾート,,default,手がかり無し
福島潟,,osm_feature,leisure=park
竜ヶ窪,じっくり,osm_feature,amenity=public_bath
笹川流れ,,default,手がかり無し
粟島 (新潟県),,default,手がかり無し
美人林,,default,手がかり無し
胎内川ダム,,name_light,ダム
舞子スノーリゾート,,default,手がかり無し
苗名滝,,name_light,滝
苗場スキー場,じっくり,name_heavy,スキー場
苗場山,じっくり,name_heavy,山
荻ノ島,,default,手がかり無し
萬代橋,,name_light,橋
蓮華峰寺,,default,手がかり無し
西三川砂金山,じっくり,name_heavy,山
西福寺 (魚沼市),,default,手がかり無し
親不知,,default,手がかり無し
角田山,じっくり,name_heavy,山
諏訪神社 (新発田市),,default,手がかり無し
護摩堂山 (新潟県),,osm_feature,natural=peak
貞観園,,default,手がかり無し
赤倉温泉スキー場,じっくり,name_heavy,温泉
越後三山只見国定公園,,name_light,公園
越後妻有里山現代美術館MonET,じっくり,name_heavy,美術館
越後湯沢温泉,じっくり,name_heavy,温泉
越後駒ヶ岳,じっくり,name_heavy,岳
道の駅R290とちお,,name_light,道の駅
道の駅あらい,,name_light,道の駅
道の駅うみてらす名立,,name_light,道の駅
道の駅ながおか花火館,,name_light,道の駅
道の駅まつだいふるさと会館,,name_light,道の駅
道の駅みつまた,,name_light,道の駅
道の駅ゆのたに,,name_light,道の駅
道の駅南魚沼,,name_light,道の駅
道の駅国上,,name_light,道の駅
道の駅新潟ふるさと村,じっくり,wikipedia_fee,料金の記述あり
道の駅朝日,,name_light,道の駅
道の駅燕三条地場産センター,,name_light,道の駅
道の駅神林,,name_light,道の駅
道の駅笹川流れ,,name_light,道の駅
道の駅胎内,,name_light,道の駅
道の駅能生,,name_light,道の駅
道の駅花夢里にいつ,,name_light,道の駅
道の駅親不知ピアパーク,,name_light,道の駅
道の駅豊栄,,name_light,道の駅
道の駅越後出雲崎天領の里,,name_light,道の駅
道の駅関川,じっくり,wikipedia_fee,料金の記述あり
道の駅阿賀の里,,name_light,道の駅
長岡城,じっくり,name_heavy,城
長岡市シティホールプラザアオーレ長岡,,default,手がかり無し
長岡戦災資料館,じっくり,name_heavy,資料館
長岡駅,,name_light,駅
長徳寺 (新発田市),,default,手がかり無し
長谷寺 (佐渡市),,default,手がかり無し
雨飾温泉,じっくり,name_heavy,温泉
雲洞庵,じっくり,wikipedia_fee,料金の記述あり
青海川駅,,name_light,駅
青海神社 (加茂市),,default,手がかり無し
高浪の池,,osm_feature,natural=water
高田城,じっくり,name_heavy,城
魚沼神社,,default,手がかり無し
魚沼連峰県立自然公園,,name_light,公園
鯨波海水浴場,,default,手がかり無し
鳥屋野潟,,default,手がかり無し
鳥屋野潟公園,,name_light,公園
ありそドーム,,default,手がかり無し
たいらスキー場,じっくり,name_heavy,スキー場
となみ散居村ミュージアム,じっくり,name_heavy,ミュージアム
とやマルシェ,,default,手がかり無し
ほたるいかミュージアム,じっくり,name_heavy,ミュージアム
みくりが池温泉,じっくり,name_heavy,温泉
イオックス・アローザ,,default,手がかり無し
クロスランドおやべ,じっくり,category,美術館博物館
タカンボースキー場,じっくり,name_heavy,スキー場
チューリップ四季彩館,じっくり,category,美術館博物館
マリエとやま,,default,手がかり無し
ミクリガ池,,osm_feature,natural=water
ミラージュランド,じっくり,name_heavy,ランド
三井アウトレットパーク北陸小矢部,,default,手がかり無し
二上山 (富山県),,osm_feature,natural=peak
五箇山,じっくり,name_heavy,山
五箇山県立自然公園,,name_light,公園
佐藤記念美術館,じっくり,name_heavy,美術館
僧ヶ岳,じっくり,name_heavy,岳
八尾おわら資料館,じっくり,name_heavy,資料館
前田利長墓所,,osm_feature,historic=memorial
剱岳,じっくり,name_heavy,岳
医王山県立自然公園,,name_light,公園
医王院 (小矢部市),,default,手がかり無し
南砺市立福光美術館,じっくり,name_heavy,美術館
国土交通省立山砂防工事専用軌道,,default,手がかり無し
地獄谷 (立山町),,default,手がかり無し
大日平,,default,手がかり無し
大牧温泉,じっくり,name_heavy,温泉
大観峰駅,,name_light,駅
太閤山ランド,じっくり,name_heavy,ランド
奥鐘山,じっくり,name_heavy,山
宇奈月ダム,,name_light,ダム
宇奈月温泉,じっくり,name_heavy,温泉
宇奈月温泉スキー場,じっくり,name_heavy,温泉
室堂,,default,手がかり無し
室堂ターミナル,,default,手がかり無し
室堂小屋,,default,手がかり無し
宮島温泉,じっくり,name_heavy,温泉
宮崎・境海岸,,default,手がかり無し
富山ガラス工房,じっくり,name_heavy,工房
富山城,じっくり,name_heavy,城
富山市ガラス美術館,じっくり,name_heavy,美術館
富山市ファミリーパーク,じっくり,category,美術館博物館
富山市役所,,default,手がかり無し
富山市科学博物館,じっくり,name_heavy,博物館
富山市郷土博物館,じっくり,name_heavy,博物館
富山県中央植物園,じっくり,name_heavy,植物園
富山県五福公園,,name_light,公園
富山県水墨美術館,じっくり,name_heavy,美術館
富山県空港スポーツ緑地,,name_light,緑地
富山県立山博物館,じっくり,name_heavy,博物館
富山県総合運動公園,,name_light,公園
富山県美術館,じっくり,name_heavy,美術館
富岩運河環水公園,,name_light,公園
射水市大島絵本館,じっくり,category,美術館博物館
射水市新湊博物館,じっくり,name_heavy,博物館
射水神社,,default,手がかり無し
小矢部市立大谷中学校,,default,手がかり無し
山町筋,,default,手がかり無し
岩瀬家住宅,じっくり,wikipedia_fee,料金の記述あり
常楽寺 (富山市),,default,手がかり無し
庄川水記念公園,,name_light,公園
弥陀ヶ原 (立山),,default,手がかり無し
新五箇山温泉,じっくり,name_heavy,温泉
新湊大橋,,name_light,大橋
日枝神社 (富山市),,default,手がかり無し
日石寺,,default,手がかり無し
春日温泉 (富山県),じっくり,name_heavy,温泉
有峰ダム,,name_light,ダム
有峰県立自然公園,,name_light,公園
有磯海サービスエリア,,default,手がかり無し
朝日県立自然公園,,name_light,公園
杉沢の沢スギ,,default,手がかり無し
村上家住宅,じっくり,wikipedia_fee,料金の記述あり
松川 (富山市),,default,手がかり無し
松川公園,,name_light,公園
桜ヶ池 (南砺市),,osm_feature,natural=water
櫛田神社 (射水市),,default,手がかり無し
気多神社,,default,手がかり無し
氷見市潮風ギャラリー,じっくり,category,美術館博物館
氷見市立博物館,じっくり,name_heavy,博物館
氷見漁港,,name_light,漁港
海の駅蜃気楼,,default,手がかり無し
海王丸 (初代),じっくり,wikipedia_fee,料金の記述あり
滑川市立博物館,じっくり,name_heavy,博物館
爺ヶ岳,じっくり,name_heavy,岳
瑞龍寺 (高岡市),じっくり,wikipedia_fee,料金の記述あり
白山国立公園,,name_light,公園
白木水無県立自然公園,,name_light,公園
県民公園新港の森,,osm_feature,leisure=park
真宗大谷派井波別院瑞泉寺,じっくり,wikipedia_fee,料金の記述あり
真宗大谷派城端別院善徳寺,じっくり,wikipedia_fee,料金の記述あり
砺波チューリップ公園,,name_light,公園
祖母谷温泉,じっくり,name_heavy,温泉
称名滝,,name_light,滝
穴の谷の霊水,,default,手がかり無し
立山,じっくり,name_heavy,山
立山カルデラ砂防博物館,じっくり,name_heavy,カルデラ
立山山麓スキー場,じっくり,name_heavy,スキー場
立山黒部アルペンルート,,default,手がかり無し
美女平駅,,name_light,駅
義経岩,,osm_feature,tourism=viewpoint
薬師岳,じっくり,name_heavy,岳
薬師岳の圏谷群,,default,手がかり無し
西田美術館,じっくり,name_heavy,美術館
道の駅まるごと射水,,name_light,道の駅
道の駅メルヘンおやべ,,name_light,道の駅
道の駅氷見,,name_light,道の駅
道の駅福光,,name_light,道の駅
金太郎温泉,じっくり,name_heavy,温泉
金屋町 (高岡市),,default,手がかり無し
鐘釣温泉,じっくり,name_heavy,温泉
長慶寺 (富山市),,default,手がかり無し
雄山神社,,default,手がかり無し
雨晴海岸,,default,手がかり無し
高岡おとぎの森公園,,name_light,公園
高岡古城公園動物園,じっくり,name_heavy,動物園
高岡城,じっくり,name_heavy,城
高岡大仏,,osm_feature,tourism=artwork
高岡市伏木気象資料館,じっくり,name_heavy,資料館
高岡市立博物館,じっくり,name_heavy,博物館
高岡市美術館,じっくり,name_heavy,美術館
高瀬神社,,default,手がかり無し
魚の駅生地,,default,手がかり無し
魚津埋没林,じっくり,osm_feature,tourism=museum
魚津埋没林博物館,じっくり,name_heavy,博物館
魚津水族館,じっくり,name_heavy,水族館
黒薙温泉,じっくり,name_heavy,温泉
黒部ダム,,name_light,ダム
黒部峡谷,,default,手がかり無し
黒部峡谷鉄道,,default,手がかり無し
黒部川電気記念館,じっくり,name_heavy,記念館
黒部平駅,,name_light,駅
あやとり橋,,name_light,橋
いしかわ動物園,じっくり,name_heavy,動物園
こおろぎ橋,,name_light,橋
にし茶屋街,,default,手がかり無し
のとじま臨海公園水族館,じっくり,name_heavy,水族館
のと蘭ノ国,じっくり,category,美術館博物館
のと鉄道,,default,手がかり無し
アリス館志賀,じっくり,osm_feature,tourism=museum
イオンモール新小松,,default,手がかり無し
コスモアイル羽咋,じっくり,category,美術館博物館
ゴジラ岩 (石川県),,default,手がかり無し
サイエンスヒルズこまつ,じっくり,category,美術館博物館
ハニベ大仏,,default,手がかり無し
ヤセの断崖,,default,手がかり無し
七尾城,じっくり,name_heavy,城
三ノ峰 (両白山地),,osm_feature,natural=peak
三笠 (戦艦),じっくり,wikipedia_fee,料金の記述あり
中宮温泉,じっくり,name_heavy,温泉
中能登農道橋,,name_light,橋
中谷宇吉郎雪の科学館,じっくり,name_heavy,科学館
主計町 (金沢市),,default,手がかり無し
健民海浜公園,,name_light,公園
兼六園,じっくり,wikipedia_fee,料金の記述あり
内灘大橋,,name_light,大橋
加佐ノ岬,,name_light,岬
加賀 伝統工芸村 ゆのくにの森,,default,手がかり無し
加賀屋,じっくり,osm_feature,tourism=hotel
加賀本多博物館,じっくり,name_heavy,博物館
加賀橋立,,default,手がかり無し
医王山,じっくり,name_heavy,山
千里浜なぎさドライブウェイ,,default,手がかり無し
卯辰山,じっくり,name_heavy,山
卯辰山山麓寺院群,,osm_feature,natural=peak
和倉温泉,じっくり,name_heavy,温泉
四高記念文化交流館,,default,手がかり無し
大乗寺,,default,手がかり無し
大樋美術館,じっくり,name_heavy,美術館
大沢町 (輪島市),,default,手がかり無し
天徳院 (金沢市),,default,手がかり無し
妙成寺,じっくり,wikipedia_fee,料金の記述あり
妙立寺,じっくり,wikipedia_fee,料金の記述あり
姥ケ滝,,name_light,滝
安宅の関,,default,手がかり無し
室生犀星記念館,じっくり,name_heavy,記念館
小松城,じっくり,name_heavy,城
尼御前岬,,name_light,岬
尾山神社,,default,手がかり無し
山中・大日山県立自然公園,,name_light,公園
山中温泉,じっくり,name_heavy,温泉
山代温泉,じっくり,name_heavy,温泉
岩間温泉 (石川県),じっくり,name_heavy,温泉
御経塚遺跡,,name_light,跡
徳田秋聲記念館,じっくり,name_heavy,記念館
成巽閣,じっくり,osm_feature,tourism=museum
手取フィッシュランド,じっくり,name_heavy,ランド
日本自動車博物館,じっくり,name_heavy,博物館
旧福浦灯台,,name_light,灯台
曽々木海岸,,default,手がかり無し
木場潟公園,,name_light,公園
末浄水場,,default,手がかり無し
本多の森公園,,name_light,公園
東山ひがし,,default,手がかり無し
松井秀喜ベースボールミュージアム,じっくり,name_heavy,ミュージアム
松任総合運動公園,,name_light,公園
栢野大杉,,default,手がかり無し
気多大社,,default,手がかり無し
泉鏡花記念館,じっくり,name_heavy,記念館
浅野川大橋,,name_light,大橋
海士町 (輪島市),,default,手がかり無し
湯川温泉 (石川県),じっくり,name_heavy,温泉
湯涌温泉,じっくり,name_heavy,温泉
片山津温泉,じっくり,name_heavy,温泉
片町 (金沢市),,default,手がかり無し
片野鴨池,,osm_feature,natural=water
犀川大橋,,name_light,大橋
獅子吼・手取県立自然公園,,name_light,公園
珠洲岬,,name_light,岬
琴ヶ浜海岸 (石川県),,default,手がかり無し
白山,じっくり,name_heavy,山
白山一里野温泉,じっくり,name_heavy,温泉
白山一里野温泉スキー場,じっくり,name_heavy,温泉
白山一里野県立自然公園,,name_light,公園
白山市白峰,じっくり,name_heavy,峰
白山恐竜パーク白峰,じっくり,name_heavy,峰
白山比咩神社,,osm_feature,historic=memorial
白米千枚田,,default,手がかり無し
石川県ふれあい昆虫館,じっくり,name_heavy,昆虫館
石川県七尾美術館,じっくり,name_heavy,美術館
石川県九谷焼美術館,じっくり,name_heavy,美術館
石川県庁舎,,default,手がかり無し
石川県森林公園,,name_light,公園
石川県立伝統産業工芸館,じっくり,category,美術館博物館
石川県立歴史博物館,じっくり,name_heavy,博物館
石川県立美術館,じっくり,name_heavy,美術館
石川県立航空プラザ,じっくり,category,美術館博物館
石川県立音楽堂,,default,手がかり無し
石川県能登島ガラス美術館,じっくり,name_heavy,美術館
石川県西田幾多郎記念哲学館,じっくり,osm_feature,tourism=museum
石川県輪島漆芸美術館,じっくり,name_heavy,美術館
石川県金沢港大野からくり記念館,じっくり,name_heavy,記念館
石浦神社,,default,手がかり無し
碁石ケ峰県立自然公園,,name_light,公園
禄剛埼灯台,,name_light,灯台
禄剛崎,,name_light,崎
竪町 (金沢市),,default,手がかり無し
粟津温泉,じっくり,name_heavy,温泉
總持寺祖院,,default,手がかり無し
美川温泉,じっくり,name_heavy,温泉
能登上布会館,じっくり,wikipedia_fee,料金の記述あり
能登半島国定公園,,name_light,公園
能登国分寺,じっくり,osm_feature,tourism=museum
能登島,,default,手がかり無し
能登島大橋,,name_light,大橋
能登演劇堂,,default,手がかり無し
能登町柳田植物公園,,name_light,公園
能登空港,,name_light,港
能登食祭市場,,default,手がかり無し
能登鹿島駅,,name_light,駅
舳倉島,,default,手がかり無し
芦城公園,,name_light,公園
西茶屋資料館,じっくり,name_heavy,資料館
西部緑地公園,,name_light,公園
見附島 (石川県),,default,手がかり無し
越前加賀海岸国定公園,,name_light,公園
輪島朝市,,default,手がかり無し
辰口温泉,じっくり,name_heavy,温泉
近江町市場,,default,手がかり無し
道の駅いおり,,name_light,道の駅
道の駅こまつ木場潟,,name_light,道の駅
道の駅ころ柿の里しか,,name_light,道の駅
道の駅しらやまさん,,name_light,道の駅
道の駅すずなり,,name_light,道の駅
道の駅すず塩田村,,name_light,道の駅
道の駅とぎ海街道,,name_light,道の駅
道の駅のとじま,,name_light,道の駅
道の駅千枚田ポケットパーク,,name_light,道の駅
道の駅山中温泉 ゆけむり健康村,,name_light,道の駅
道の駅瀬女,,name_light,道の駅
道の駅狼煙,,name_light,道の駅
道の駅輪島,,name_light,道の駅
那谷寺,じっくり,osm_feature,tourism=museum
重蔵神社,,default,手がかり無し
金剱宮,,default,手がかり無し
金沢21世紀美術館,じっくり,name_heavy,美術館
金沢フォーラス,,default,手がかり無し
金沢丸越百貨店,,default,手がかり無し
金沢城,じっくり,name_heavy,城
金沢市民芸術村,,default,手がかり無し
金沢市立中村記念美術館,じっくり,name_heavy,美術館
金沢市立安江金箔工芸館,じっくり,category,美術館博物館
金沢市足軽資料館,じっくり,name_heavy,資料館
金沢百番街,,default,手がかり無し
金沢駅,,name_light,駅
鈴木大拙館,じっくり,category,美術館博物館
長町武家屋敷跡,,name_light,跡
須須神社,,default,手がかり無し
高松サービスエリア,,default,手がかり無し
「ちひろの生まれた家」記念館,じっくり,name_heavy,記念館
うみんぴあ大飯,,default,手がかり無し
かこさとし ふるさと絵本館,,default,手がかり無し
きのこの森,,osm_feature,leisure=park
くるふ福井駅,,name_light,駅
みなとつるが山車会館,じっくり,category,美術館博物館
めがねミュージアム,じっくり,name_heavy,ミュージアム
ゆりの里公園,,name_light,公園
スキージャム勝山,じっくり,name_heavy,山
トリムパークかなづ,,default,手がかり無し
ホノケ山,じっくり,name_heavy,山
一乗滝,,name_light,滝
一乗谷朝倉氏遺跡,,name_light,跡
三国海水浴場,,default,手がかり無し
三國神社,,default,手がかり無し
三方五湖,,default,手がかり無し
中山寺 (福井県高浜町),,default,手がかり無し
中池見湿地,,default,手がかり無し
丸岡城,じっくり,name_heavy,城
九十九橋,,name_light,橋
九頭竜スキー場,じっくり,name_heavy,スキー場
九頭竜ダム,,name_light,ダム
九頭竜温泉,じっくり,name_heavy,温泉
人道の港 敦賀ムゼウム,じっくり,category,美術館博物館
今庄365スキー場,じっくり,name_heavy,スキー場
今庄宿,,default,手がかり無し
兜山古墳 (鯖江市),,name_light,古墳
六呂師温泉,じっくり,name_heavy,温泉
六呂師高原,じっくり,name_heavy,高原
内浦湾 (福井県),,default,手がかり無し
刈込池,,osm_feature,natural=water
劔神社,,default,手がかり無し
勝山城 (越前国),じっくり,category,城
勝山城博物館,じっくり,name_heavy,博物館
北潟湖,,default,手がかり無し
南条サービスエリア,,default,手がかり無し
吉崎御坊,,default,手がかり無し
味真野のサクラ,,default,手がかり無し
呼鳥門,,name_light,門
坂井市龍翔博物館,じっくり,name_heavy,博物館
夜叉ヶ池,,osm_feature,natural=water
大塩八幡宮,,default,手がかり無し
大安寺 (福井市),,default,手がかり無し
大瀧神社・岡太神社,,default,手がかり無し
大谷寺 (福井県越前町),,default,手がかり無し
大野城 (越前国),じっくり,category,城
奥越高原県立自然公園,,name_light,公園
小浜城 (若狭国),じっくり,category,城
小浜西組,じっくり,osm_feature,tourism=museum
干飯埼灯台,,name_light,灯台
平泉寺白山神社,じっくり,wikipedia_fee,料金の記述あり
御誕生寺,,osm_feature,tourism=viewpoint
恐竜広場 (福井市),,name_light,広場
敦賀市立博物館,じっくり,name_heavy,博物館
敦賀港駅,,name_light,駅
敦賀赤レンガ倉庫,じっくり,wikipedia_fee,料金の記述あり
日野山,じっくり,name_heavy,山
旧森田銀行本店,じっくり,osm_feature,tourism=museum
明通寺,,default,手がかり無し
木ノ芽峠,,default,手がかり無し
杉津パーキングエリア,,default,手がかり無し
東尋坊,,osm_feature,tourism=viewpoint
東尋坊三国温泉,じっくり,name_heavy,温泉
柴田氏庭園,,default,手がかり無し
柴田神社,,default,手がかり無し
栃ノ木峠,,default,手がかり無し
武周ヶ池,,default,手がかり無し
気比松原,,default,手がかり無し
氣比神宮,,default,手がかり無し
水島 (福井県),,default,手がかり無し
永平寺,,default,手がかり無し
湯尾峠,,default,手がかり無し
瀧谷寺,じっくり,wikipedia_fee,料金の記述あり
熊川宿,じっくり,osm_feature,tourism=hotel
瓜割の滝,,name_light,滝
睦月神事,,default,手がかり無し
福井和泉スキー場,じっくり,name_heavy,スキー場
福井城,じっくり,name_heavy,城
福井市立郷土歴史博物館,じっくり,name_heavy,博物館
福井市自然史博物館,じっくり,name_heavy,博物館
福井県こども家族館,じっくり,wikipedia_fee,料金の記述あり
福井県児童科学館,じっくり,name_heavy,科学館
福井県立一乗谷朝倉氏遺跡博物館,じっくり,name_heavy,博物館
福井県立恐竜博物館,じっくり,name_heavy,博物館
福井県立歴史博物館,じっくり,name_heavy,博物館
福井県立音楽堂,じっくり,wikipedia_fee,料金の記述あり
福井総合植物園プラントピア,じっくり,name_heavy,植物園
福井運動公園,,name_light,公園
糸崎の仏舞,,default,手がかり無し
紫式部公園,,name_light,公園
経ヶ岳 (福井県),,osm_feature,natural=peak
芝政ワールド,じっくり,name_heavy,ワールド
芦原温泉,じっくり,name_heavy,温泉
若州一滴文庫,じっくり,category,美術館博物館
若狭たかはまエルどらんど,じっくり,osm_feature,tourism=museum
若狭三方縄文博物館,じっくり,name_heavy,博物館
若狭和田海水浴場,,default,手がかり無し
若狭国分寺,,default,手がかり無し
若狭彦神社,,default,手がかり無し
若狭湾国定公園,,name_light,公園
若狭神宮寺,,default,手がかり無し
萬徳寺,,default,手がかり無し
蘇洞門,,name_light,門
西光寺 (福井市),,default,手がかり無し
西山公園 (鯖江市),,name_light,公園 
西福寺 (敦賀市),,default,手がかり無し
赤礁埼灯台,じっくり,wikipedia_fee,料金の記述あり
越前がにミュージアム,じっくり,name_heavy,ミュージアム
越前厨温泉,じっくり,name_heavy,温泉
越前和紙の里美術館,じっくり,name_heavy,美術館
越前大仏,じっくり,wikipedia_fee,料金の記述あり
越前岬,,name_light,岬
越前松島水族館,じっくり,name_heavy,水族館
越前水仙の里公園,,name_light,公園
越前海岸,,default,手がかり無し
越廼海水浴場,,default,手がかり無し
足羽山,じっくり,name_heavy,山
道の駅みくに,,name_light,道の駅
道の駅シーサイド高浜,,name_light,道の駅
道の駅三方五湖,,name_light,道の駅
道の駅九頭竜,,name_light,道の駅
道の駅河野,,name_light,道の駅
道の駅若狭おばま,,name_light,道の駅
道の駅若狭熊川宿,,name_light,道の駅
金ヶ崎城,じっくり,name_heavy,城
金ヶ崎緑地,,name_light,緑地
金崎宮,,default,手がかり無し
金津創作の森,じっくり,category,美術館博物館
鉾島,,default,手がかり無し
雁が原スキー場,じっくり,name_heavy,スキー場
雄島 (福井県),,default,手がかり無し
須波阿湏疑神社,,default,手がかり無し
養浩館庭園,,default,手がかり無し
鮎川海水浴場,,default,手がかり無し
鯖江市西山動物園,じっくり,name_heavy,動物園
鳩ヶ湯温泉,じっくり,name_heavy,温泉
鷹巣海水浴場,,default,手がかり無し
龍双ケ滝,,name_light,滝
FUJI Retromobile Museum & Air Museum,じっくり,category,美術館博物館
〜河口湖〜 富士山パノラマロープウェイ,,default,手がかり無し
はやぶさ温泉,じっくり,name_heavy,温泉
ふじてんスノーリゾート,,default,手がかり無し
ぶどうの丘,,osm_feature,amenity=parking
ほったらかし温泉,じっくり,name_heavy,温泉
アルカディア南部総合公園,,name_light,公園
カムイみさかスキー場,じっくり,name_heavy,スキー場
サンメドウズ清里スキー場,じっくり,name_heavy,スキー場
ミュージアム都留,じっくり,name_heavy,ミュージアム
モンデ酒造,,default,手がかり無し
一蓮寺,,default,手がかり無し
七面山,じっくり,name_heavy,山
万力公園,,name_light,公園
三つ峠,,default,手がかり無し
三島由紀夫文学館,じっくり,name_heavy,文学館
三条の湯,じっくり,name_heavy,湯
下部温泉,じっくり,name_heavy,温泉
不老園,,default,手がかり無し
久遠寺,,default,手がかり無し
乙女高原,じっくり,name_heavy,高原
仙娥滝,,name_light,滝
信玄の湯 湯村温泉,じっくり,name_heavy,温泉
八代ふるさと公園,,name_light,公園
八田家書院,,default,手がかり無し
冨士御室浅間神社,,default,手がかり無し
勝山城 (甲斐国都留郡),じっくり,category,城
北口本宮冨士浅間神社,,default,手がかり無し
北岳,じっくり,name_heavy,岳
南アルプス巨摩県立自然公園,,name_light,公園
南部アルカディア温泉,じっくり,name_heavy,温泉
台ヶ原宿,,default,手がかり無し
吐竜の滝,,name_light,滝
向嶽寺,,default,手がかり無し
四尾連湖,,osm_feature,natural=water
四尾連湖県立自然公園,,name_light,公園
塩澤寺,,default,手がかり無し
増富温泉,じっくり,name_heavy,温泉
大善寺 (甲州市),,default,手がかり無し
大室山 (丹沢),,osm_feature,natural=peak
大法師公園,,name_light,公園
大菩薩峠,,default,手がかり無し
大菩薩嶺,,osm_feature,natural=peak
天津司舞,,default,手がかり無し
奈良田温泉,じっくり,name_heavy,温泉
安藤家住宅,じっくり,wikipedia_fee,料金の記述あり
実相寺 (北杜市),,default,手がかり無し
富士五湖,,default,手がかり無し
富士吉田市立富士山レーダードーム館,じっくり,category,美術館博物館
富士山,じっくり,name_heavy,山
富士川クラフトパーク,,osm_feature,leisure=park
富士急ハイランド,じっくり,name_heavy,ランド
富士河口湖温泉郷,じっくり,name_heavy,温泉
富岳風穴,,default,手がかり無し
山の神千本桜,,default,手がかり無し
山中湖,,default,手がかり無し
山梨県富士北麓公園,,name_light,公園
山梨県小瀬スポーツ公園,,name_light,公園
山梨県立フラワーセンター ハイジの村,じっくり,wikipedia_fee,料金の記述あり
山梨県立リニア見学センター,じっくり,osm_feature,tourism=museum
山梨県立博物館,じっくり,name_heavy,博物館
山梨県立富士山世界遺産センター,じっくり,osm_feature,tourism=museum
山梨県立富士湧水の里水族館,じっくり,name_heavy,水族館
山梨県立愛宕山こどもの国,,default,手がかり無し
山梨県立科学館,じっくり,name_heavy,科学館
山梨県立美術館,じっくり,name_heavy,美術館
山梨県笛吹川フルーツ公園,,name_light,公園
平山郁夫シルクロード美術館,じっくり,name_heavy,美術館
広瀬ダム,,name_light,ダム
御勅使南公園,,name_light,公園
御坂峠,,default,手がかり無し
忍野 しのびの里,じっくり,osm_feature,tourism=theme_park
忍野八海,,default,手がかり無し
恵林寺,,osm_feature,historic=memorial
慈雲寺 (甲州市),,default,手がかり無し
新倉山浅間公園,,name_light,公園
新府城,じっくり,name_heavy,城
日の出温泉 (山梨県),じっくり,name_heavy,温泉
昇仙峡,じっくり,name_heavy,峡
昇仙峡ロープウェイ,,osm_feature,amenity=parking
春日居温泉,じっくり,name_heavy,温泉
景徳院,,default,手がかり無し
曽根丘陵公園,,name_light,公園
本栖湖,,osm_feature,natural=water
東光寺 (甲府市),,default,手がかり無し
根津記念館,じっくり,name_heavy,記念館
権現山 (山梨県),,osm_feature,natural=peak
櫛形山 (山梨県),,default,手がかり無し
武田八幡宮,,default,手がかり無し
武田神社,,osm_feature,historic=memorial
毛無山 (山梨県・静岡県),,osm_feature,natural=peak
河口浅間神社,,default,手がかり無し
河口湖,,default,手がかり無し
河口湖ショッピングセンター ベル,,default,手がかり無し
河口湖ステラシアター,,default,手がかり無し
河口湖大橋,,name_light,大橋
河口湖音楽と森の美術館,じっくり,name_heavy,美術館
浅間神社 (笛吹市),,default,手がかり無し
海岸寺 (北杜市),,default,手がかり無し
清泉寮,じっくり,osm_feature,tourism=hotel
清白寺,,default,手がかり無し
清里高原,じっくり,name_heavy,高原
無生野の大念仏,,default,手がかり無し
熊野神社 (甲州市),,default,手がかり無し
猿橋,,name_light,橋
瑞牆山,じっくり,name_heavy,山
甘利山,じっくり,name_heavy,山
甘草屋敷,じっくり,name_heavy,屋敷
生出神社,,default,手がかり無し
甲州夢小路,じっくり,wikipedia_fee,料金の記述あり
甲州市塩山下小田原上条伝統的建造物群保存地区,,default,手がかり無し
甲府城,じっくり,name_heavy,城
甲府市武田氏館跡歴史館,じっくり,category,美術館博物館
甲府市藤村記念館,じっくり,name_heavy,記念館
甲府市遊亀公園,,name_light,公園
甲府市遊亀公園附属動物園,じっくり,name_heavy,動物園
甲府駅,,name_light,駅
甲斐善光寺,,default,手がかり無し
甲斐銚子塚古墳,,name_light,古墳
甲斐黄金村・湯之奥金山博物館,じっくり,name_heavy,博物館
甲武信ヶ岳,じっくり,name_heavy,岳
白州蒸溜所,,default,手がかり無し
石和温泉,じっくり,name_heavy,温泉
神代桜,,default,手がかり無し
神田の大イトザクラ,,default,手がかり無し
積翠寺温泉,じっくり,name_heavy,温泉
精進湖,,default,手がかり無し
美し森,,osm_feature,natural=peak
義清神社,,default,手がかり無し
荒川ダム,,name_light,ダム
西山温泉 (山梨県),じっくり,name_heavy,温泉
西沢渓谷と東沢渓谷,じっくり,name_heavy,渓谷
西湖 (富士五湖),,default,手がかり無し
西湖蝙蝠穴およびコウモリ,,default,手がかり無し
談合坂サービスエリア,,default,手がかり無し
諏訪神社 (山中湖村),,default,手がかり無し
赤坂台総合公園,,name_light,公園
赤沢,,default,手がかり無し
躑躅ヶ崎館,,default,手がかり無し
身延山,じっくり,name_heavy,山
身曾岐神社,,default,手がかり無し
道の駅かつやま,,name_light,道の駅
道の駅しもべ,,name_light,道の駅
道の駅つる,,name_light,道の駅
道の駅とみざわ,,name_light,道の駅
道の駅とよとみ,,name_light,道の駅
道の駅どうし,,name_light,道の駅
道の駅なるさわ,,name_light,道の駅
道の駅にしじま和紙の里 かみすきパーク,,name_light,道の駅
道の駅はくしゅう,,name_light,道の駅
道の駅みとみ,,name_light,道の駅
道の駅南きよさと,,name_light,道の駅
道の駅富士吉田,,name_light,道の駅
道の駅甲斐大和,,name_light,道の駅
道の駅花かげの郷まきおか,,name_light,道の駅
都留市商家資料館,じっくり,name_heavy,資料館
釈迦堂遺跡博物館,じっくり,name_heavy,博物館
金峰山 (山梨県・長野県),,osm_feature,natural=peak
金櫻神社,,default,手がかり無し
鐘山の滝,,name_light,滝
長作観音堂,,default,手がかり無し
青木ヶ原,,default,手がかり無し
青楓美術館,じっくり,name_heavy,美術館
韮崎大村美術館,じっくり,name_heavy,美術館
韮崎旭温泉,じっくり,name_heavy,温泉
高川山,じっくり,name_heavy,山
鳴沢氷穴,,default,手がかり無し
鳴沢熔岩樹型,,default,手がかり無し
黒岳 (御坂山地),,default,手がかり無し
Hakuba47ウィンタースポーツパーク,,default,手がかり無し
Mt.乗鞍,,default,手がかり無し
SUWAガラスの里の美術館,じっくり,name_heavy,美術館
あがたの森公園,,name_light,公園
いいづなリゾートスキー場,じっくり,name_heavy,スキー場
おぶせミュージアム・中島千波館,じっくり,name_heavy,ミュージアム
きそふくしまスキー場,じっくり,name_heavy,スキー場
さかえ倶楽部スキー場,じっくり,name_heavy,スキー場
しらびそ高原,じっくり,name_heavy,高原
たつの海,,osm_feature,natural=water
みはらしファーム,,default,手がかり無し
やぶはら高原スキー場,じっくり,name_heavy,スキー場
りんご並木 (飯田市),,name_light,並木
アテビ平小鳥の森,,default,手がかり無し
アルプス公園 (松本市),,name_light,公園 
エコーバレースキー場,じっくり,name_heavy,スキー場
エルツおもちゃ博物館・軽井沢,じっくり,name_heavy,博物館
ショーハウス記念館,じっくり,name_heavy,記念館
スノーリゾートロマンスの神様,,default,手がかり無し
セゾン現代美術館,じっくり,name_heavy,美術館
タングラムスキーサーカス,,default,手がかり無し
ハチ博物館,じっくり,name_heavy,博物館
ピラタス蓼科スノーリゾート,,default,手がかり無し
ブランシュたかやまスキーリゾート,,default,手がかり無し
ヘブンスそのはらSNOW WORLD,じっくり,osm_feature,tourism=hotel
ラーラ松本,じっくり,osm_feature,amenity=public_bath
ルヴァン美術館,じっくり,name_heavy,美術館
一の瀬ファミリースキー場,じっくり,name_heavy,スキー場
万治の石仏,,default,手がかり無し
三本滝,,name_light,滝
上田城,じっくり,name_heavy,城
上田城跡公園,,name_light,公園
上田市立博物館,じっくり,name_heavy,博物館
上諏訪温泉,じっくり,name_heavy,温泉
上諏訪駅,,name_light,駅
上高地,,default,手がかり無し
下諏訪温泉,じっくり,name_heavy,温泉
不動滝 (高森町),,default,手がかり無し
中央アルプス国定公園,,name_light,公園
中央構造線博物館,じっくり,name_heavy,博物館
中尾歌舞伎,,default,手がかり無し
中町蔵の会館,,default,手がかり無し
中綱湖,,osm_feature,natural=water
中部山岳国立公園,,name_light,公園
中野陣屋・県庁記念館,じっくり,name_heavy,記念館
乗鞍岳,じっくり,name_heavy,岳
乗鞍高原,じっくり,name_heavy,高原
乗鞍高原温泉,じっくり,name_heavy,温泉
乙女湖公園,,name_light,公園
仁科神明宮,,default,手がかり無し
仙丈ヶ岳,じっくり,name_heavy,岳
住吉神社 (安曇野市),,default,手がかり無し
佐久スキーガーデンパラダ,,default,手がかり無し
信州まつかわ温泉,じっくり,name_heavy,温泉
信州大芝高原,じっくり,name_heavy,高原
信濃国分寺,,default,手がかり無し
健命寺,,default,手がかり無し
元善光寺,,default,手がかり無し
光前寺,,default,手がかり無し
光輪寺 (長野県朝日村),,default,手がかり無し
入笠山,じっくり,name_heavy,山
八ヶ岳,じっくり,name_heavy,岳
八ヶ岳中信高原国定公園,,name_light,公園
八ヶ岳自然文化園,じっくり,osm_feature,tourism=museum
八千穂高原,じっくり,name_heavy,高原
八千穂高原スキー場,じっくり,name_heavy,スキー場
八島ヶ原湿原,じっくり,name_heavy,湿原
八方池,,osm_feature,natural=water
冠着山,じっくり,name_heavy,山
分杭峠,,default,手がかり無し
切明温泉,じっくり,name_heavy,温泉
別所温泉,じっくり,name_heavy,温泉
北アルプス展望美術館,,name_light,展望
北八ヶ岳,じっくり,name_heavy,岳
北八ヶ岳ロープウエイ,,default,手がかり無し
北向観音,,default,手がかり無し
北志賀高原,じっくり,name_heavy,高原
北斎館,じっくり,category,美術館博物館
北横岳,じっくり,name_heavy,岳
北澤美術館,じっくり,name_heavy,美術館
千畳敷カール,,default,手がかり無し
南長野運動公園,,name_light,公園
和田宿,,default,手がかり無し
唐松岳,じっくり,name_heavy,岳
善五郎の滝,,name_light,滝
善光寺,,osm_feature,historic=memorial
喬木村立椋鳩十記念図書館,じっくり,wikipedia_fee,料金の記述あり
四柱神社,,default,手がかり無し
四阿山,じっくり,name_heavy,山
国営アルプスあづみの公園,じっくり,wikipedia_fee,料金の記述あり
園原,,default,手がかり無し
地獄谷温泉 (長野県),じっくり,name_heavy,温泉
地獄谷野猿公苑,じっくり,osm_feature,tourism=zoo
坂巻温泉,じっくり,name_heavy,温泉
城山公園 (長野市),,name_light,公園 
堀辰雄文学記念館,じっくり,name_heavy,記念館
塩の道ちょうじや,じっくり,category,美術館博物館
塩尻宿,,osm_feature,historic=memorial
塩嶺王城県立自然公園,,name_light,公園
塩見岳,じっくり,name_heavy,岳
大山田神社,,default,手がかり無し
大島城,じっくり,name_heavy,城
大御食神社,,default,手がかり無し
大正池 (松本市),,osm_feature,natural=water
大法寺,,default,手がかり無し
大王わさび農場,,default,手がかり無し
大町ダム,,name_light,ダム
大町山岳博物館,じっくり,name_heavy,博物館
天竜奥三河国定公園,,name_light,公園
天竜小渋水系県立自然公園,,name_light,公園
天竜峡,じっくり,name_heavy,峡
天龍村の霜月神楽,,default,手がかり無し
奈良井宿,,default,手がかり無し
奥志賀高原スキー場,じっくり,name_heavy,スキー場
奥村土牛記念美術館,じっくり,name_heavy,美術館
女神湖,,osm_feature,natural=water
妻籠宿,,default,手がかり無し
姨捨駅,,name_light,駅
安曇野ちひろ公園,,name_light,公園
安曇野ちひろ美術館,じっくり,name_heavy,美術館
安曇野わさび田湧水群公園,じっくり,wikipedia_fee,料金の記述あり
安曇野スイス村,,default,手がかり無し
安曇野山岳美術館,じっくり,name_heavy,美術館
安楽寺 (上田市),じっくり,wikipedia_fee,料金の記述あり
宝剣岳,じっくり,name_heavy,岳
富士見パノラマリゾート,,default,手がかり無し
富士見高原スキー場,じっくり,name_heavy,スキー場
寝覚の床,,osm_feature,tourism=viewpoint
寺小屋スキー場,じっくり,name_heavy,スキー場
小布施ワイナリー,じっくり,name_heavy,ワイナリー
小笠原資料館,じっくり,name_heavy,資料館
小菅集落 (飯山市),,default,手がかり無し
小諸城,じっくり,name_heavy,城
小諸市動物園,じっくり,name_heavy,動物園
小諸市立藤村記念館,じっくり,name_heavy,記念館
小赤沢温泉,じっくり,name_heavy,温泉
尖石・与助尾根遺跡,,name_light,跡
山村代官屋敷,じっくり,name_heavy,屋敷
山清路,,default,手がかり無し
岩松院,,default,手がかり無し
岩鼻 (長野県),,default,手がかり無し
川中島古戦場,,osm_feature,leisure=park
川中島古戦場史跡公園,,name_light,公園
川会神社,,default,手がかり無し
布施温泉,じっくり,name_heavy,温泉
常念岳,じっくり,name_heavy,岳
常楽寺 (上田市),,default,手がかり無し
平出遺跡,,name_light,跡
弘法山古墳,,name_light,古墳
御射鹿池,,osm_feature,natural=water
御岳県立公園,,name_light,公園
御嶽スキー場,じっくり,name_heavy,スキー場
御嶽山,じっくり,name_heavy,山
御座山,じっくり,name_heavy,山
志賀高原,じっくり,name_heavy,高原
恵那山,じっくり,name_heavy,山
戸倉上山田温泉,じっくり,name_heavy,温泉
戸狩温泉スキー場,じっくり,name_heavy,温泉
戸隠スキー場,じっくり,name_heavy,スキー場
戸隠山,じっくり,name_heavy,山
戸隠森林植物園,じっくり,name_heavy,植物園
戸隠神社,,osm_feature,historic=memorial
文武学校,,default,手がかり無し
斑尾高原,じっくり,name_heavy,高原
斑尾高原スキー場,じっくり,name_heavy,スキー場
新海三社神社,,default,手がかり無し
日本のあかり博物館,じっくり,name_heavy,博物館
日本基督教団軽井沢教会,,default,手がかり無し
日本浮世絵博物館,じっくり,name_heavy,博物館
旧三笠ホテル,じっくり,wikipedia_fee,料金の記述あり
旧中込学校,,default,手がかり無し
旧制高等学校記念館,じっくり,name_heavy,記念館
旧開智学校,じっくり,osm_feature,tourism=museum
早太郎温泉,じっくり,name_heavy,温泉
早稲田神社 (阿南町),,default,手がかり無し
明神池 (松本市),じっくり,wikipedia_fee,料金の記述あり
春日城址公園,,name_light,公園
昼神温泉,じっくり,name_heavy,温泉
月瀬の大スギ,,default,手がかり無し
有明山神社,,default,手がかり無し
木崎湖,,default,手がかり無し
木曽平沢,,default,手がかり無し
木曽駒ヶ岳,じっくり,name_heavy,岳
杖突峠,,default,手がかり無し
東館山スキー場,じっくり,name_heavy,スキー場
東館山高山植物園,じっくり,name_heavy,植物園
松代城,じっくり,name_heavy,城
松代大本営跡,,name_light,跡
松原湖,,osm_feature,natural=water
松原湖温泉,じっくり,name_heavy,温泉
松尾寺 (安曇野市),,default,手がかり無し
松川 (上高井郡),,default,手がかり無し
松本ぼんぼん,,default,手がかり無し
松本城,じっくり,name_heavy,城
松本市はかり資料館,じっくり,name_heavy,資料館
松本市時計博物館,じっくり,name_heavy,博物館
松本市立博物館,じっくり,name_heavy,博物館
松本市美術館,じっくり,name_heavy,美術館
松本民芸館,じっくり,category,美術館博物館
松本駅,,name_light,駅
柳町 (上田市),,default,手がかり無し
栂池自然園,じっくり,wikipedia_fee,料金の記述あり
栂池高原,じっくり,name_heavy,高原
栂池高原スキー場,じっくり,name_heavy,スキー場
栃原岩陰遺跡,,name_light,跡
栄村歴史文化館,,default,手がかり無し
根子岳 (長野県),,osm_feature,natural=peak
森と水のアウトドア体験広場,,name_light,広場
森将軍塚古墳館,,name_light,古墳
槍ヶ岳,じっくり,name_heavy,岳
横手山,じっくり,name_heavy,山
横手山・渋峠スキー場,じっくり,name_heavy,スキー場
横谷温泉,じっくり,name_heavy,温泉
武水別神社,じっくり,osm_feature,tourism=museum
水内ダム,,name_light,ダム
水無神社 (木曽町),,default,手がかり無し
池波正太郎真田太平記館,じっくり,category,美術館博物館
河童橋,,name_light,橋
泉龍院 (長野県豊丘村),,default,手がかり無し
浄光寺 (長野県小布施町),,default,手がかり無し
浅間山,じっくり,name_heavy,山
浅間温泉,じっくり,name_heavy,温泉
海野宿,,default,手がかり無し
深志神社,,default,手がかり無し
清水寺 (長野市松代町西条),,default,手がかり無し
清水寺 (長野県山形村),,default,手がかり無し
湯の丸スキー場,じっくり,name_heavy,スキー場
湯の丸高原,じっくり,name_heavy,高原
満光寺 (伊那市),,default,手がかり無し
源智の井戸,,default,手がかり無し
滝沢牧場,じっくり,name_heavy,牧場
烏川 (長野県),,default,手がかり無し
無言館,じっくり,category,美術館博物館
焼岳,じっくり,name_heavy,岳
焼額山スキー場,じっくり,name_heavy,スキー場
燕岳,じっくり,name_heavy,岳
片倉館,じっくり,osm_feature,amenity=public_bath
牛留池,,default,手がかり無し
瑠璃寺 (長野県高森町),,default,手がかり無し
生島足島神社,,default,手がかり無し
田中本家博物館,じっくり,name_heavy,博物館
田代池,,osm_feature,natural=water
田本駅,,name_light,駅
田沢温泉,じっくり,name_heavy,温泉
田立の滝,,name_light,滝
番所大滝,,name_light,滝
白樺湖,じっくり,osm_feature,tourism=hotel
白樺湖ロイヤルヒルスキー場,じっくり,name_heavy,スキー場
白樺高原国際スキー場,じっくり,name_heavy,スキー場
白糸の滝 (長野県),,default,手がかり無し
白馬さのさかスキー場,じっくり,name_heavy,スキー場
白馬コルチナ国際スキー場,じっくり,name_heavy,スキー場
白馬ジャンプ競技場,じっくり,wikipedia_fee,料金の記述あり
白馬五竜スキー場,じっくり,name_heavy,スキー場
白馬五竜高山植物園,じっくり,name_heavy,植物園
白馬八方尾根スキー場,じっくり,name_heavy,スキー場
白馬八方温泉,じっくり,name_heavy,温泉
白馬大池,,osm_feature,natural=water
白馬大雪渓,,default,手がかり無し
白馬岩岳スノーフィールド,,default,手がかり無し
白馬岳,じっくり,name_heavy,岳
白駒の池,,default,手がかり無し
白骨温泉,じっくり,name_heavy,温泉
真田宝物館,じっくり,category,美術館博物館
真田本城,じっくり,name_heavy,城
矢原神明宮,,default,手がかり無し
石の教会・内村鑑三記念堂,じっくり,category,美術館博物館
硫黄岳 (八ヶ岳),,osm_feature,natural=peak
碌山美術館,じっくり,name_heavy,美術館
福島宿 (中山道),じっくり,wikipedia_fee,料金の記述あり
稲荷山公園 (佐久市),,name_light,公園 
稲荷山宿,じっくり,osm_feature,tourism=museum
穂高岳,じっくり,name_heavy,岳
穂高神社,じっくり,wikipedia_fee,料金の記述あり
立石公園 (諏訪市),,name_light,公園 
竜王スキーパーク,,default,手がかり無し
箕輪ダム,,name_light,ダム
米子大瀑布,,osm_feature,tourism=viewpoint
縄手通り商店街,,name_light,商店街
美ヶ原,,default,手がかり無し
美ヶ原温泉,じっくり,name_heavy,温泉
美ヶ原高原美術館,じっくり,name_heavy,美術館
美和ダム,,name_light,ダム
聖光寺,,default,手がかり無し
聖山高原県立公園,,name_light,公園
聖岳,じっくり,name_heavy,岳
聖高原,じっくり,name_heavy,高原
臥竜公園,,name_light,公園
興禅寺 (長野県木曽町),,default,手がかり無し
花桃の里 月川温泉郷,じっくり,name_heavy,温泉
若一王子神社,,default,手がかり無し
若里公園,,name_light,公園
茅野市尖石縄文考古館,じっくり,category,美術館博物館
荒砥城,じっくり,name_heavy,城
菅平高原スキー場,じっくり,name_heavy,スキー場
葛尾城,じっくり,name_heavy,城
蓼科アミューズメント水族館,じっくり,name_heavy,水族館
蓼科テディベア美術館,じっくり,name_heavy,美術館
蓼科山,じっくり,name_heavy,山
蓼科湖,,osm_feature,natural=water
蓼科高原,じっくり,name_heavy,高原
蓼科高原バラクライングリッシュガーデン,じっくり,osm_feature,tourism=museum
藪原宿,,default,手がかり無し
西宮神社 (長野市),,default,手がかり無し
西方寺 (長野市),,default,手がかり無し
西穂高岳,じっくり,name_heavy,岳
諏訪大社,,default,手がかり無し
諏訪市原田泰治美術館,じっくり,name_heavy,美術館
諏訪湖,,default,手がかり無し
諏訪湖サービスエリア,,default,手がかり無し
象山神社,,default,手がかり無し
贄川宿,,default,手がかり無し
赤岳 (八ヶ岳山系),,default,手がかり無し
赤沢自然休養林,,default,手がかり無し
赤石山脈,,default,手がかり無し
車山,じっくり,name_heavy,山
車山高原スキー場,じっくり,name_heavy,スキー場
軽井沢ショー記念礼拝堂,,default,手がかり無し
軽井沢タリアセン,じっくり,wikipedia_fee,料金の記述あり
軽井沢プリンスホテルスキー場,じっくり,name_heavy,スキー場
軽井沢・プリンスショッピングプラザ,,default,手がかり無し
軽井沢町,,default,手がかり無し
軽井沢絵本の森美術館,じっくり,name_heavy,美術館
軽井沢聖パウロカトリック教会,,default,手がかり無し
軽井沢駅,,name_light,駅
軽井沢高原文庫,じっくり,category,美術館博物館
道の駅あおき,,name_light,道の駅
道の駅しなの,,name_light,道の駅
道の駅ほっとぱ〜く・浅科,,name_light,道の駅
道の駅アルプス安曇野ほりがねの里,,name_light,道の駅
道の駅オアシスおぶせ,,name_light,道の駅
道の駅マルメロの駅ながと,,name_light,道の駅
道の駅信州平谷,,name_light,道の駅
道の駅信州新野千石平,,name_light,道の駅
道の駅信州蔦木宿,,name_light,道の駅
道の駅信越さかえ,,name_light,道の駅
道の駅北信州やまのうち,,name_light,道の駅
道の駅南アルプスむら長谷,,name_light,道の駅
道の駅大桑,,name_light,道の駅
道の駅奈良井木曽の大橋,,name_light,道の駅
道の駅安曇野松川,,name_light,道の駅
道の駅小坂田公園,,name_light,道の駅
道の駅日義木曽駒高原,,name_light,道の駅
道の駅木曽川源流の里 きそむら,,name_light,道の駅
道の駅木曽福島,,name_light,道の駅
道の駅池田,,name_light,道の駅
道の駅白馬,,name_light,道の駅
道の駅花の里いいじま,,name_light,道の駅
道の駅花の駅 千曲川,,name_light,道の駅
道の駅雷電くるみの里,,name_light,道の駅
遠照寺,,default,手がかり無し
釈尊寺,,default,手がかり無し
野尻湖,,default,手がかり無し
野尻湖ナウマンゾウ博物館,じっくり,name_heavy,博物館
野沢温泉,じっくり,name_heavy,温泉
野沢温泉スキー場,じっくり,name_heavy,温泉
野辺山宇宙電波観測所,,default,手がかり無し
野辺山駅,,name_light,駅
野辺山高原,じっくり,name_heavy,高原
釜口水門,,name_light,水門
長峰山 (安曇野市),,osm_feature,natural=peak
長野オリンピックスタジアム,,default,手がかり無し
長野市オリンピック記念アリーナ,,default,手がかり無し
長野市城山動物園,じっくり,name_heavy,動物園
長野市少年科学センター,じっくり,osm_feature,tourism=museum
長野市立博物館,じっくり,name_heavy,博物館
長野市茶臼山動物園,じっくり,name_heavy,動物園
長野市茶臼山恐竜公園,,name_light,公園
長野県松本平広域公園,,name_light,公園
長野県立美術館,じっくり,name_heavy,美術館
長野運動公園,,name_light,公園
長野駅,,name_light,駅
開田高原マイアスキー場,じっくり,name_heavy,スキー場
阿寺川 (長野県),,default,手がかり無し
陣馬形山,じっくり,name_heavy,山
雨飾山,じっくり,name_heavy,山
雲場池,,osm_feature,tourism=viewpoint
雷滝,,name_light,滝
霊仙寺湖,,osm_feature,natural=water
霊泉寺温泉,じっくり,name_heavy,温泉
霧ヶ峰,じっくり,name_heavy,峰
青木湖,,osm_feature,natural=water
青柳宿,,default,手がかり無し
青鬼 (白馬村),,default,手がかり無し
須坂市動物園,じっくり,name_heavy,動物園
風越公園 (軽井沢町),じっくり,wikipedia_fee,料金の記述あり
飯田市川本喜八郎人形美術館,じっくり,name_heavy,美術館
飯田市立動物園,じっくり,name_heavy,動物園
飯田市美術博物館,じっくり,name_heavy,博物館
飯綱高原,じっくり,name_heavy,高原
馬曲温泉,じっくり,name_heavy,温泉
馬籠宿,,default,手がかり無し
駒ヶ岳ロープウェイ,,default,手がかり無し
駒ヶ根高原,じっくり,name_heavy,高原
駒場公園 (佐久市),,name_light,公園 
高ボッチ山,じっくり,name_heavy,山
高島城,じっくり,name_heavy,城
高遠城,じっくり,name_heavy,城
高遠城址公園,,name_light,公園
鳥居平やまびこ公園,,name_light,鳥居
鷹狩山,じっくり,name_heavy,山
鹿教湯温泉,じっくり,name_heavy,温泉
黒姫山 (長野県),,osm_feature,natural=peak
黒姫童話館,じっくり,category,美術館博物館
黒姫高原スノーパーク,,default,手がかり無し
龍岡城,じっくり,name_heavy,城
ぎふワールド・ローズガーデン,じっくり,wikipedia_fee,料金の記述あり
ぎふ清流里山公園,,name_light,公園
ひるがの高原,じっくり,name_heavy,高原
みんなの森 ぎふメディアコスモス,,default,手がかり無し
めいほうスキー場,じっくり,name_heavy,スキー場
アクアワールド水郷パークセンター,,osm_feature,leisure=park
アクア・トトぎふ,じっくり,category,美術館博物館
ウイングヒルズ白鳥リゾート,,default,手がかり無し
エコミュージアム関ケ原,じっくり,name_heavy,ミュージアム
オアシスパーク,じっくり,name_heavy,スパ
カラフルタウン岐阜,,default,手がかり無し
スノーウェーブパーク白鳥高原,じっくり,name_heavy,高原
スーパーカミオカンデ,,default,手がかり無し
セラミックパークMINO,じっくり,category,美術館博物館
ソフトピアジャパン,,osm_feature,tourism=artwork
ダイナランド,じっくり,name_heavy,ランド
チャオ御岳スノーリゾート,,default,手がかり無し
フェザーミュージアム,じっくり,name_heavy,ミュージアム
ホワイトピアたかす,,default,手がかり無し
モネの池,,osm_feature,natural=water
三町 (高山市),,default,手がかり無し
三輪神社 (揖斐川町),,default,手がかり無し
下呂温泉,じっくり,name_heavy,温泉
下呂温泉合掌村,じっくり,name_heavy,温泉
不破関資料館,じっくり,name_heavy,資料館
中山七里,,default,手がかり無し
中山道広重美術館,じっくり,name_heavy,美術館
中橋 (宮川),,default,手がかり無し
中津川市ふれあい牧場,じっくり,name_heavy,牧場
人道の丘公園,,name_light,公園
付知峡,じっくり,name_heavy,峡
伊奈波神社,,default,手がかり無し
光ミュージアム,じっくり,name_heavy,ミュージアム
八重垣神社 (垂井町),,default,手がかり無し
内藤記念くすり博物館,じっくり,name_heavy,博物館
円鏡寺,,default,手がかり無し
千代保稲荷神社,,default,手がかり無し
千本松原 (岐阜県),,default,手がかり無し
南宮大社,,default,手がかり無し
南濃温泉,じっくり,name_heavy,温泉
博石館,じっくり,category,美術館博物館
古今伝授の里フィールドミュージアム,じっくり,name_heavy,ミュージアム
各務原公園,,name_light,公園
各務原市民プール,じっくり,osm_feature,leisure=water_park
各務原市民公園,,name_light,公園
吉島家住宅,,default,手がかり無し
吉田川 (郡上市),,default,手がかり無し
名和昆虫博物館,じっくり,name_heavy,博物館
和田家住宅,じっくり,osm_feature,tourism=museum
国営木曽三川公園,,name_light,公園
土岐プレミアム・アウトレット,,default,手がかり無し
地蔵寺 (下呂市),,default,手がかり無し
城山公園 (高山市),,name_light,公園 
墨俣城,じっくり,name_heavy,城
多治見市モザイクタイルミュージアム,じっくり,name_heavy,ミュージアム
多治見市美濃焼ミュージアム,じっくり,name_heavy,ミュージアム
大垣公園,,name_light,公園
大垣城,じっくり,name_heavy,城
大垣市郷土館,じっくり,category,美術館博物館
大日ヶ岳,じっくり,name_heavy,岳
大橋コレクション館,じっくり,wikipedia_fee,料金の記述あり
大滝鍾乳洞,じっくり,name_heavy,鍾乳洞
大矢田神社,,default,手がかり無し
大野町バラ公園,,name_light,公園
天生峠,,default,手がかり無し
太田宿 (中山道),,default,手がかり無し
奥の細道むすびの地記念館,じっくり,name_heavy,記念館
奥長良川県立自然公園,,name_light,公園
奥飛騨クマ牧場,じっくり,name_heavy,牧場
奥飛騨数河流葉県立自然公園,,name_light,公園
奥飛騨温泉郷,じっくり,name_heavy,温泉
宇津江四十八滝,,name_light,滝
安八百梅園,,osm_feature,leisure=park
安国寺 (高山市),,default,手がかり無し
宗祇水,,default,手がかり無し
富士見台高原,じっくり,name_heavy,高原
寺尾ヶ原千本桜公園,,name_light,公園
小簾紅園,,osm_feature,leisure=park
小里川ダム,,name_light,ダム
山之村牧場,じっくり,name_heavy,牧場
岐阜かかみがはら航空宇宙博物館,じっくり,name_heavy,博物館
岐阜シティ・タワー43,じっくり,name_heavy,タワー
岐阜ファミリーパーク,,osm_feature,leisure=park
岐阜メモリアルセンター,,osm_feature,leisure=park
岐阜公園,,name_light,公園
岐阜城,じっくり,name_heavy,城
岐阜市歴史博物館,じっくり,name_heavy,博物館
岐阜市科学館,じっくり,name_heavy,科学館
岐阜県先端科学技術体験センター,じっくり,category,美術館博物館
岐阜県現代陶芸美術館,じっくり,name_heavy,美術館
岐阜県美術館,じっくり,name_heavy,美術館
岐阜護國神社,,default,手がかり無し
岐阜関ケ原古戦場記念館,じっくり,name_heavy,記念館
岐阜関刃物会館,,default,手がかり無し
岩村城,じっくり,name_heavy,城
岩村町本通り,,name_light,通り
崇福寺 (岐阜市),,default,手がかり無し
巌立,,osm_feature,historic=monument
川島パーキングエリア,,default,手がかり無し
平湯大滝,,name_light,滝
平湯民俗館,じっくり,category,温泉
御嶽山県立自然公園,,name_light,公園
御母衣ダム,,name_light,ダム
徳山ダム,,name_light,ダム
恵那峡,じっくり,name_heavy,峡
恵那峡ワンダーランド,じっくり,name_heavy,ランド
慈恩寺 (郡上市),,default,手がかり無し
揖斐二度桜,,default,手がかり無し
揖斐峡,じっくり,name_heavy,峡
揖斐県立自然公園,,name_light,公園
揖斐関ヶ原養老国定公園,,name_light,公園
新穂高ロープウェイ,,default,手がかり無し
日下部民藝館,じっくり,category,美術館博物館
日吉神社 (神戸町),,default,手がかり無し
日本大正村,じっくり,category,美術館博物館
日本最古の石博物館,じっくり,name_heavy,博物館
日枝神社 (高山市),,default,手がかり無し
明知鉄道,じっくり,wikipedia_fee,料金の記述あり
春日神社 (関市),,default,手がかり無し
本光寺 (飛騨市),,default,手がかり無し
柳ヶ瀬 (岐阜市),,default,手がかり無し
根尾の滝,,name_light,滝
根尾谷断層,,default,手がかり無し
桜山八幡宮,,default,手がかり無し
梅林公園,,name_light,公園
横蔵寺 (岐阜県揖斐川町),じっくり,wikipedia_fee,料金の記述あり
樽見鉄道,,default,手がかり無し
正法寺 (岐阜市大仏町),,default,手がかり無し
民芸ミュージアム匠の館,じっくり,name_heavy,ミュージアム
永保寺,,default,手がかり無し
池田山 (岐阜県),,osm_feature,natural=peak
池田温泉,じっくり,name_heavy,温泉
河川環境楽園,,default,手がかり無し
海津温泉,じっくり,name_heavy,温泉
淡墨桜,,default,手がかり無し
温泉寺 (下呂市),じっくり,name_heavy,温泉
濁河温泉,じっくり,name_heavy,温泉
瀬戸川用水,,default,手がかり無し
牧歌の里,,default,手がかり無し
瑞浪市化石博物館,じっくり,name_heavy,博物館
白山神社 (山県市東深瀬),,default,手がかり無し
白川郷,,default,手がかり無し
白川郷・五箇山の合掌造り集落,じっくり,name_heavy,集落
白川郷平瀬温泉,じっくり,name_heavy,温泉
真宗大谷派竹鼻別院,,default,手がかり無し
真桑人形浄瑠璃,,default,手がかり無し
真禅院,,default,手がかり無し
真福寺 (羽島市),,default,手がかり無し
石徹白の大杉,,default,手がかり無し
禅昌寺 (下呂市),,default,手がかり無し
笠松競馬場,,default,手がかり無し
美山鍾乳洞,じっくり,name_heavy,鍾乳洞
美濃和紙の里会館,じっくり,category,美術館博物館
美濃国分寺,,default,手がかり無し
美濃市美濃町伝統的建造物群保存地区,,default,手がかり無し
美濃駅,,name_light,駅
羽島市文化センター,,default,手がかり無し
胞山県立自然公園,,name_light,公園
胡麻の郷,じっくり,category,美術館博物館
能郷白山神社,,default,手がかり無し
臥龍桜,,default,手がかり無し
苗代桜,,default,手がかり無し
苗木城,じっくり,name_heavy,城
苧ヶ瀬池,,default,手がかり無し
荘川桜,,default,手がかり無し
華厳寺,,default,手がかり無し
藤橋城,じっくり,name_heavy,城
虎渓公園,,name_light,公園
裏木曽県立自然公園,,name_light,公園
谷汲昆虫館,じっくり,name_heavy,昆虫館
貴船神社 (関市),,default,手がかり無し
道の駅おばあちゃん市・山岡,,name_light,道の駅
道の駅きりら坂下,,name_light,道の駅
道の駅そばの郷らっせぃみさと,,name_light,道の駅
道の駅ななもり清見,,name_light,道の駅
道の駅ひだ朝日村,,name_light,道の駅
道の駅むげ川,,name_light,道の駅
道の駅アルプ飛騨古川,,name_light,道の駅
道の駅クレール平田,,name_light,道の駅
道の駅モンデウス飛騨位山,,name_light,道の駅
道の駅ラステンほらど,,name_light,道の駅
道の駅ロック・ガーデンひちそう,,name_light,道の駅
道の駅上矢作ラ・フォーレ福寿の里,,name_light,道の駅
道の駅加子母,,name_light,道の駅
道の駅南飛騨小坂,,name_light,道の駅
道の駅古今伝授の里やまと,,name_light,道の駅
道の駅可児ッテ,,name_light,道の駅
道の駅土岐美濃焼街道,,name_light,道の駅
道の駅奥飛騨温泉郷上宝,,name_light,道の駅
道の駅宙ドーム・神岡,,name_light,道の駅
道の駅富有柿の里いとぬき,,name_light,道の駅
道の駅平成,,name_light,道の駅
道の駅志野・織部,,name_light,道の駅
道の駅明宝,,name_light,道の駅
道の駅星のふる里ふじはし,,name_light,道の駅
道の駅月見の里 南濃,,name_light,道の駅
道の駅柳津,,name_light,道の駅
道の駅桜の郷 荘川,,name_light,道の駅
道の駅池田温泉,,name_light,道の駅
道の駅白山文化の里長滝,,name_light,道の駅
道の駅白川郷,,name_light,道の駅
道の駅織部の里もとす,,name_light,道の駅
道の駅美並,,name_light,道の駅
道の駅美濃にわか茶屋,,name_light,道の駅
道の駅美濃白川,,name_light,道の駅
道の駅花街道付知,,name_light,道の駅
道の駅賤母,,name_light,道の駅
道の駅飛騨街道なぎさ,,name_light,道の駅
道の駅飛騨金山ぬく森の里温泉,,name_light,道の駅
郡上八幡博覧館,じっくり,category,美術館博物館
郡上八幡城,じっくり,name_heavy,城
郡上八幡旧庁舎記念館,じっくり,name_heavy,記念館
野麦峠,,osm_feature,historic=memorial
金神社 (岐阜市),,default,手がかり無し
金華山 (岐阜県),,osm_feature,natural=peak
金華山リス村,じっくり,category,美術館博物館
金華山ロープウェー,,default,手がかり無し
長良川うかいミュージアム,じっくり,name_heavy,ミュージアム
長良川国際会議場,,default,手がかり無し
長良川温泉,じっくり,name_heavy,温泉
関ケ原町歴史民俗学習館,じっくり,category,美術館博物館
関ヶ原ウォーランド,じっくり,name_heavy,ランド
関ヶ原鍾乳洞,じっくり,name_heavy,鍾乳洞
関善光寺,,default,手がかり無し
関市円空館,じっくり,category,美術館博物館
関鍛冶伝承館,じっくり,osm_feature,tourism=museum
阿弥陀ケ滝,,name_light,滝
阿木川ダム,,name_light,ダム
霞間ヶ渓,,default,手がかり無し
飛水峡,じっくり,name_heavy,峡
飛騨ほおのき平スキー場,じっくり,name_heavy,スキー場
飛騨一宮水無神社,,default,手がかり無し
飛騨国分寺,,default,手がかり無し
飛騨大鍾乳洞,じっくり,name_heavy,鍾乳洞
飛騨木曽川国定公園,,name_light,公園
飛騨民俗村,じっくり,category,美術館博物館
飛騨高山まちの博物館,じっくり,name_heavy,博物館
飛騨高山美術館,じっくり,name_heavy,美術館
養老の滝,,name_light,滝
養老公園,,name_light,公園
高山市政記念館,じっくり,name_heavy,記念館
高山祭屋台会館,じっくり,category,美術館博物館
高山陣屋,じっくり,category,城
高鷲スノーパーク,,default,手がかり無し
鬼岩公園,,name_light,公園
鷲ヶ岳スキー場,じっくり,name_heavy,スキー場
ACAO FOREST,じっくり,wikipedia_fee,料金の記述あり
IZoo,じっくり,category,美術館博物館
MOA美術館,じっくり,name_heavy,美術館
あわしまマリンパーク,じっくり,category,美術館博物館
お宮の松,,default,手がかり無し
かんざんじロープウェイ,,default,手がかり無し
ぐりんぱ,じっくり,osm_feature,tourism=theme_park
さがら子生れ温泉,じっくり,name_heavy,温泉
さくらの里,,osm_feature,leisure=park
つま恋リゾート 彩の郷,,default,手がかり無し
どんつく神社,,default,手がかり無し
ねこの博物館,じっくり,name_heavy,博物館
びゅうお,じっくり,wikipedia_fee,料金の記述あり
ふじのくに地球環境史ミュージアム,じっくり,name_heavy,ミュージアム
まかいの牧場,じっくり,name_heavy,牧場
らららサンビーチ,,default,手がかり無し
アクトシティ浜松,,default,手がかり無し
アタミロープウェイ,,default,手がかり無し
エスパルスドリームプラザ,じっくり,name_heavy,スパ
クレマチスの丘,,default,手がかり無し
サントムーン柿田川,,default,手がかり無し
ザザシティ浜松,,default,手がかり無し
スズキ歴史館,じっくり,category,美術館博物館
スノーパーク イエティ,,default,手がかり無し
ディスカバリーパーク焼津天文科学館,じっくり,name_heavy,科学館
ドライブインもちや,じっくり,wikipedia_fee,料金の記述あり
ヒリゾ浜,,default,手がかり無し
マリンスパあたみ,じっくり,name_heavy,スパ
ヤマハスタジアム,,default,手がかり無し
ヤマハ・コミュニケーションプラザ,じっくり,category,美術館博物館
一碧湖,,osm_feature,natural=water
万城の滝,,name_light,滝
三保の松原,,osm_feature,tourism=viewpoint
三嶋大社,,osm_feature,historic=memorial
下田ロープウェイ,,default,手がかり無し
下田海中水族館,じっくり,name_heavy,水族館
下賀茂温泉,じっくり,name_heavy,温泉
中央公園 (富士市),,name_light,公園 
中田島砂丘,,default,手がかり無し
中郷温水池,,osm_feature,natural=water
久能山東照宮,じっくり,wikipedia_fee,料金の記述あり
久野脇橋,,name_light,橋
了仙寺,,default,手がかり無し
事任八幡宮,,default,手がかり無し
二俣城,じっくり,name_heavy,城
五社神社・諏訪神社,,default,手がかり無し
井伊谷城,じっくり,name_heavy,城
井伊谷宮,,default,手がかり無し
井川ダム,,name_light,ダム
人穴富士講遺跡,,name_light,跡
伊古奈比咩命神社,,default,手がかり無し
伊太和里の湯,じっくり,name_heavy,湯
伊東温泉,じっくり,name_heavy,温泉
伊豆ぐらんぱる公園,,name_light,公園
伊豆の長八美術館,じっくり,name_heavy,美術館
伊豆アニマルキングダム,,name_light,ダム
伊豆シャボテン動物公園,,name_light,公園
伊豆パノラマパーク,,default,手がかり無し
伊豆・三津シーパラダイス,じっくり,category,美術館博物館
伊豆半島ジオパーク,じっくり,osm_feature,tourism=museum
伊豆山温泉,じっくり,name_heavy,温泉
伊豆山神社,,default,手がかり無し
伊豆長岡温泉,じっくり,name_heavy,温泉
伊豆高原,じっくり,name_heavy,高原
伊豆高原駅,,name_light,駅
佐久間ダム,,name_light,ダム
佐野美術館,じっくり,name_heavy,美術館
佐鳴湖,,default,手がかり無し
修善寺温泉,じっくり,name_heavy,温泉
修善寺虹の郷,,default,手がかり無し
修禅寺,,default,手がかり無し
光明寺 (浜松市),,default,手がかり無し
冨士霊園,,default,手がかり無し
初島,,default,手がかり無し
加茂荘花鳥園,,default,手がかり無し
北川温泉 (静岡県),じっくり,name_heavy,温泉
十国峠十国鋼索線,,default,手がかり無し
千頭駅,,name_light,駅
可睡斎,,default,手がかり無し
土肥温泉,じっくり,name_heavy,温泉
土肥港,,name_light,港
土肥金山,じっくり,name_heavy,山
城ヶ崎海岸,,default,手がかり無し
城北公園 (静岡市),,name_light,公園 
城山 (伊豆の国市),,default,手がかり無し
堂ヶ島,,default,手がかり無し
堂ヶ島天窓洞,じっくり,name_heavy,洞
堂ヶ島温泉,じっくり,name_heavy,温泉
外浦海水浴場,,default,手がかり無し
夢の吊橋,,name_light,橋
大井川鐵道,,default,手がかり無し
大井神社 (島田市),,default,手がかり無し
大仁温泉,じっくり,name_heavy,温泉
大室山 (静岡県),,default,手がかり無し
大室高原,じっくり,name_heavy,高原
大崩海岸,,default,手がかり無し
大川温泉,じっくり,name_heavy,温泉
大沢温泉 (静岡県),じっくり,name_heavy,温泉
大湯間歇泉,じっくり,category,温泉
大瀬崎,,name_light,崎
大石寺,,default,手がかり無し
天城トンネル,,default,手がかり無し
天城神社,,default,手がかり無し
天竜浜名湖鉄道,,default,手がかり無し
奇石博物館,じっくり,name_heavy,博物館
奥大井湖上駅,,name_light,駅
奥大井県立自然公園,,name_light,公園
奥石廊ユウスゲ公園,,name_light,公園
奥野ダム,,name_light,ダム
妙法寺 (富士市),,default,手がかり無し
姫の沢公園,,name_light,公園
宇嶺の滝,,name_light,滝
宇津ノ谷峠,,default,手がかり無し
宝永山,じっくり,name_heavy,山
実相寺 (富士市),,default,手がかり無し
富士サファリパーク,じっくり,category,美術館博物館
富士スピードウェイ,,default,手がかり無し
富士ミルクランド,じっくり,name_heavy,ランド
富士山-信仰の対象と芸術の源泉,,default,手がかり無し
富士山こどもの国,じっくり,osm_feature,tourism=theme_park
富士山本宮浅間大社,,default,手がかり無し
寸又峡,じっくり,name_heavy,峡
寸又峡温泉,じっくり,name_heavy,温泉
対面石八幡神社,,default,手がかり無し
小国神社,,default,手がかり無し
小室山,じっくり,name_heavy,山
小山城 (遠江国),じっくり,category,城
小笠山総合運動公園,,name_light,公園
山中城,じっくり,name_heavy,城
山宮浅間神社,,default,手がかり無し
岩本山,じっくり,name_heavy,山
岩水寺,,default,手がかり無し
岩科学校,じっくり,wikipedia_fee,料金の記述あり
岳南電車,,default,手がかり無し
峰温泉,じっくり,name_heavy,温泉
島田宿大井川川越遺跡,,name_light,跡
川奈ホテルゴルフコース,じっくり,name_heavy,ゴルフ
川根温泉,じっくり,name_heavy,温泉
平和公園 (御殿場市),,name_light,公園 
広野海岸公園,,name_light,公園
弁天島 (浜松市),,default,手がかり無し
弁天島温泉,じっくり,name_heavy,温泉
弓ヶ浜 (静岡県),,default,手がかり無し
引手力命神社,,default,手がかり無し
御前埼灯台,,name_light,灯台
御前崎,,name_light,崎
御前崎遠州灘県立自然公園,,name_light,公園
御殿場プレミアム・アウトレット,じっくり,name_heavy,御殿
御殿場高原時之栖,じっくり,name_heavy,御殿
御浜岬,,name_light,岬
御穂神社,,default,手がかり無し
応声教院,,default,手がかり無し
怪しい少年少女博物館,じっくり,name_heavy,博物館
恋人岬,,name_light,岬
恵比須島 (静岡県),,default,手がかり無し
愛逢岬,,name_light,岬
愛鷹山,じっくり,name_heavy,山
愛鷹広域公園,,name_light,公園
掛川城,じっくり,name_heavy,城
掛川市健康ふれあい館,,default,手がかり無し
掛川花鳥園,じっくり,osm_feature,tourism=zoo
新居関所,,default,手がかり無し
新橋浅間神社,,default,手がかり無し
方広寺 (浜松市),,default,手がかり無し
日本サイクルスポーツセンター,,default,手がかり無し
日本平,,default,手がかり無し
日本平デジタルタワー,じっくり,name_heavy,タワー
日本平ロープウェイ,,default,手がかり無し
日本平動物園,じっくり,name_heavy,動物園
日枝神社 (伊豆市),,default,手がかり無し
日枝神社 (沼津市),,default,手がかり無し
明神池 (沼津市),,default,手がかり無し
朝霧高原,じっくり,name_heavy,高原
杉桙別命神社,,default,手がかり無し
村山浅間神社,,default,手がかり無し
来宮神社,,default,手がかり無し
東口本宮冨士浅間神社,,default,手がかり無し
東海大学海洋科学博物館,じっくり,name_heavy,博物館
東海大学自然史博物館,じっくり,name_heavy,博物館
東海館,じっくり,osm_feature,tourism=museum
松崎温泉,じっくり,name_heavy,温泉
柴屋寺,,default,手がかり無し
柿田川,,default,手がかり無し
梅ヶ島温泉,じっくり,name_heavy,温泉
楽寿園,じっくり,category,美術館博物館
横須賀城,じっくり,name_heavy,城
気賀関所,,default,手がかり無し
池田20世紀美術館,じっくり,name_heavy,美術館
河津バガテル公園,じっくり,wikipedia_fee,料金の記述あり
河津七滝,,name_light,滝
河津七滝ループ橋,,name_light,橋
油山寺,,default,手がかり無し
沼津御用邸記念公園,じっくり,wikipedia_fee,料金の記述あり
沼津港,,name_light,港
沼津港深海水族館,じっくり,name_heavy,水族館
法多山尊永寺,,default,手がかり無し
波勝崎モンキーベイ,じっくり,wikipedia_fee,料金の記述あり
浄蓮の滝,,name_light,滝
浜名湖,,default,手がかり無し
浜名湖オルゴールミュージアム,じっくり,name_heavy,ミュージアム
浜名湖ガーデンパーク,,osm_feature,leisure=park
浜名湖サービスエリア,,default,手がかり無し
浜名湖パルパル,じっくり,osm_feature,tourism=theme_park
浜岡原子力発電所,,default,手がかり無し
浜岡砂丘,,osm_feature,historic=memorial
浜松サービスエリア,,default,手がかり無し
浜松八幡宮,,default,手がかり無し
浜松城,じっくり,name_heavy,城
浜松市フラワーパーク,じっくり,category,美術館博物館
浜松市フルーツパーク,じっくり,category,美術館博物館
浜松市動物園,じっくり,name_heavy,動物園
浜松市博物館,じっくり,name_heavy,博物館
浜松市美術館,じっくり,name_heavy,美術館
浜松広報館,じっくり,osm_feature,tourism=museum
浜松科学館,じっくり,name_heavy,科学館
海鮮なぶら市場,,default,手がかり無し
深層水ミュージアム,じっくり,name_heavy,ミュージアム
清水寺 (静岡市),,default,手がかり無し
清水港,,name_light,港
清見寺,,default,手がかり無し
渚園,,osm_feature,leisure=park
湧玉池,,default,手がかり無し
湯ヶ島温泉,じっくり,name_heavy,温泉
潮騒橋,,name_light,橋
烏帽子山 (松崎町),,default,手がかり無し
焼津さかなセンター,,default,手がかり無し
焼津小泉八雲記念館,じっくり,name_heavy,記念館
焼津漁港,,name_light,漁港
焼津神社,,default,手がかり無し
焼津黒潮温泉,じっくり,name_heavy,温泉
熊野の長フジ,,default,手がかり無し
熱川バナナワニ園,じっくり,category,美術館博物館
熱川温泉,じっくり,name_heavy,温泉
熱海サンビーチ,,default,手がかり無し
熱海城,じっくり,name_heavy,城
熱海峠インターチェンジ,,default,手がかり無し
熱海梅園,,default,手がかり無し
熱海温泉,じっくり,name_heavy,温泉
熱海港,,name_light,港
熱海秘宝館,じっくり,osm_feature,tourism=museum
熱海駅,,name_light,駅
爪木崎,,name_light,崎
狩宿の下馬ザクラ,,default,手がかり無し
瑞龍寺 (静岡市),,default,手がかり無し
田中城,じっくり,name_heavy,城
田子の浦,,default,手がかり無し
田子の浦港,,name_light,港
田牛サンドスキー場,じっくり,name_heavy,スキー場
田貫湖,,osm_feature,natural=water
登呂遺跡,じっくり,wikipedia_fee,料金の記述あり
白浜中央海水浴場,,default,手がかり無し
白浜大浜海水浴場,,default,手がかり無し
白滝公園,,name_light,公園
白糸の滝 (静岡県),,default,手がかり無し
石廊崎,,name_light,崎
磐田市香りの博物館,じっくり,name_heavy,博物館
秋葉ダム,,name_light,ダム
秋葉山本宮秋葉神社,,osm_feature,natural=peak
秩父宮記念公園,,name_light,公園
稲取温泉,じっくり,name_heavy,温泉
稲取細野高原,じっくり,name_heavy,高原
竜ヶ岩洞,じっくり,name_heavy,洞
竹の丸,,default,手がかり無し
箱根西麓・三島大吊橋,,name_light,橋
網代温泉,じっくり,name_heavy,温泉
能満寺 (静岡県吉田町),,default,手がかり無し
臨済寺 (静岡市),,default,手がかり無し
舘山寺,,default,手がかり無し
舘山寺温泉,じっくり,name_heavy,温泉
舞阪宿,,default,手がかり無し
花沢の里,,default,手がかり無し
葛城山 (伊豆の国市),,osm_feature,natural=peak
葵タワー,じっくり,name_heavy,タワー
蓬萊橋 (大井川),,default,手がかり無し
蓮華寺池公園,じっくり,wikipedia_fee,料金の記述あり
薩埵峠,,default,手がかり無し
藤守の田遊び,,default,手がかり無し
蜆塚遺跡,,name_light,跡
見附宿,,default,手がかり無し
親水公園 (熱海市),,name_light,公園 
諏訪原城,じっくり,name_heavy,城
谷川浜,,default,手がかり無し
豊田佐吉記念館,じっくり,name_heavy,記念館
資生堂アートハウス,じっくり,category,美術館博物館
赤沢温泉,じっくり,name_heavy,温泉
起雲閣,じっくり,osm_feature,tourism=museum
足柄サービスエリア,,default,手がかり無し
足柄城,じっくり,name_heavy,城
足柄峠,,default,手がかり無し
道の駅くるら戸田,,name_light,道の駅
道の駅くんま水車の里,,name_light,道の駅
道の駅すばしり,,name_light,道の駅
道の駅ふじおやま,,name_light,道の駅
道の駅フォーレなかかわね茶茗舘,,name_light,道の駅
道の駅下賀茂温泉 湯の花,,name_light,道の駅
道の駅伊東マリンタウン,,name_light,道の駅
道の駅天城越え,,name_light,道の駅
道の駅奥大井音戯の郷,,name_light,道の駅
道の駅富士,,name_light,道の駅
道の駅富士川楽座,,name_light,道の駅
道の駅掛川,,name_light,道の駅
道の駅朝霧高原,,name_light,道の駅
道の駅潮見坂,,name_light,道の駅
道の駅玉露の里,,name_light,道の駅
道の駅花の三聖苑伊豆松崎,,name_light,道の駅
道の駅開国下田みなと,,name_light,道の駅
達磨寺 (伊豆市),,default,手がかり無し
達磨山,じっくり,name_heavy,山
遠江国分寺,,default,手がかり無し
酪農王国オラッチェ,,default,手がかり無し
長島ダム,,name_light,ダム
長浜海浜公園,,name_light,公園
陣馬の滝,,name_light,滝
雲見浅間神社,,default,手がかり無し
雲見温泉,じっくり,name_heavy,温泉
静岡サービスエリア,,default,手がかり無し
静岡市清水日本平運動公園球技場,,osm_feature,leisure=park
静岡市立登呂博物館,じっくり,name_heavy,博物館
静岡市立芹沢銈介美術館,じっくり,name_heavy,美術館
静岡浅間神社,,default,手がかり無し
静岡県コンベンションアーツセンター,,default,手がかり無し
静岡県富士山世界遺産センター,じっくり,category,美術館博物館
静岡県小笠山総合運動公園スタジアム,,default,手がかり無し
静岡県立森林公園,,name_light,公園
静岡県立美術館,じっくり,name_heavy,美術館
静岡科学館,じっくり,name_heavy,科学館
静波海岸,,default,手がかり無し
韮山代官所,,default,手がかり無し
韮山反射炉,じっくり,wikipedia_fee,料金の記述あり
韮山城,じっくり,name_heavy,城
音止の滝,,name_light,滝
須山浅間神社,,default,手がかり無し
願成就院,,default,手がかり無し
駒門風穴,,default,手がかり無し
駿府城,じっくり,name_heavy,城
駿河湾沼津サービスエリア,,default,手がかり無し
高天神城,じっくり,name_heavy,城
高草山,じっくり,name_heavy,山
鮎壺の滝,,name_light,滝
鴨江寺,,default,手がかり無し
黄金崎,,name_light,崎
龍尾神社,,default,手がかり無し
龍潭寺 (浜松市),,default,手がかり無し
龍雲寺 (浜松市),,default,手がかり無し
INAXライブミュージアム,じっくり,name_heavy,ミュージアム
JAあぐりタウン げんきの郷,じっくり,osm_feature,amenity=public_bath
JETTY,,default,手がかり無し
JPタワー名古屋,じっくり,name_heavy,タワー
JRゲートタワー,じっくり,name_heavy,タワー
JRセントラルタワーズ,じっくり,name_heavy,タワー
MIZKAN MUSEUM,じっくり,category,美術館博物館
Maker's Pier,,default,手がかり無し
Mozoワンダーシティ,,default,手がかり無し
NHK名古屋放送センタービル,,default,手がかり無し
あいち健康の森公園,,name_light,公園
あいち健康プラザ,じっくり,osm_feature,tourism=museum
あいち航空ミュージアム,じっくり,name_heavy,ミュージアム
あおいパーク,,default,手がかり無し
あま市七宝焼アートヴィレッジ,じっくり,osm_feature,tourism=museum
おかざき世界子ども美術博物館,じっくり,name_heavy,博物館
お菓子の城,じっくり,name_heavy,城
さなげアドベンチャーフィールド,,default,手がかり無し
すいとぴあ江南,,default,手がかり無し
でんきの科学館,じっくり,name_heavy,科学館
とこなめ陶の森,,default,手がかり無し
どんでん館,じっくり,wikipedia_fee,料金の記述あり
ふじ (砕氷艦),,default,手がかり無し
みよし市立歴史民俗資料館,じっくり,name_heavy,資料館
アイ・ファイン,じっくり,wikipedia_fee,料金の記述あり
アピタタウン稲沢,,default,手がかり無し
イオンタウン名西,,default,手がかり無し
イオンモール名古屋茶屋,,default,手がかり無し
イオンモール常滑,,default,手がかり無し
イオンモール東浦,,default,手がかり無し
イオンモール長久手,,default,手がかり無し
エスカ地下街,,default,手がかり無し
オアシス21,,default,手がかり無し
カゴメ記念館,じっくり,name_heavy,記念館
カルミア (豊橋駅ビル),,default,手がかり無し
ガスエネルギー館,じっくり,osm_feature,tourism=museum
キリンビアパーク名古屋,,default,手がかり無し
サンテパルクたはら,じっくり,osm_feature,tourism=theme_park
ジェイアール名古屋タカシマヤ,,default,手がかり無し
ジブリパーク,じっくり,osm_feature,tourism=theme_park
スカイワードあさひ,,default,手がかり無し
ツインアーチ138,,default,手がかり無し
トヨタ会館,じっくり,category,美術館博物館
トヨタ博物館,じっくり,name_heavy,博物館
トヨタ産業技術記念館,じっくり,name_heavy,記念館
トヨタ鞍ヶ池記念館,じっくり,name_heavy,記念館
ナゴヤドーム,,default,手がかり無し
ナディアパーク,,default,手がかり無し
ノリタケの森,じっくり,osm_feature,tourism=museum
フラワーパーク江南,,osm_feature,leisure=park
マスプロ美術館,じっくり,name_heavy,美術館
マーメイドパレス,,default,手がかり無し
ミッドランドスクエア,,default,手がかり無し
メナード美術館,じっくり,name_heavy,美術館
ヤマザキマザック美術館,じっくり,name_heavy,美術館
ユニモール,,default,手がかり無し
ラグーナテンボス,じっくり,wikipedia_fee,料金の記述あり
リトルワールド,じっくり,name_heavy,ワールド
リニア・鉄道館,じっくり,category,美術館博物館
レゴランド・ジャパン,じっくり,osm_feature,tourism=theme_park
レトロでんしゃ館,じっくり,osm_feature,tourism=museum
一畑山薬師寺,,default,手がかり無し
三ヶ根山,じっくり,name_heavy,山
三河工芸ガラス美術館,じっくり,name_heavy,美術館
三河武士のやかた家康館,じっくり,category,美術館博物館
三河湾国定公園,,name_light,公園
三河臨海緑地,,name_light,緑地
三谷温泉,じっくり,name_heavy,温泉
中京競馬場,,default,手がかり無し
中村公園,,name_light,公園
中部国際空港,,name_light,港
久屋大通公園,,name_light,公園
久屋大通庭園フラリエ,,default,手がかり無し
乗本万燈,,default,手がかり無し
乳岩峡,じっくり,name_heavy,峡
乾坤院,,default,手がかり無し
亀城公園 (刈谷市),,name_light,公園 
二村山,じっくり,name_heavy,山
五条川,,default,手がかり無し
五色園,,osm_feature,leisure=park
伊良湖オーシャンリゾート,,default,手がかり無し
伊良湖岬,,name_light,岬
伊良湖岬灯台,,name_light,灯台
伊良湖東大寺瓦窯跡,,name_light,跡
伊賀八幡宮,,default,手がかり無し
佐久島,,osm_feature,tourism=artwork
佐布里緑と花のふれあい公園,,name_light,公園
入鹿池,,default,手がかり無し
八百富神社,,default,手がかり無し
六所神社 (岡崎市),,default,手がかり無し
内々神社,,default,手がかり無し
円通寺 (大府市),,default,手がかり無し
冨吉建速神社・八剱社,,default,手がかり無し
刈谷パーキングエリア,,default,手がかり無し
刈谷市交通児童遊園,,default,手がかり無し
前利神社,,default,手がかり無し
医王寺 (新城市),,default,手がかり無し
千代倉歴史館,じっくり,category,美術館博物館
千鳥ヶ浜 (愛知県),,default,手がかり無し
半田赤レンガ建物,,default,手がかり無し
南知多グリーンバレイ,,default,手がかり無し
南知多ビーチランド,じっくり,name_heavy,ランド
南知多温泉郷,じっくり,name_heavy,温泉
南知多県立自然公園,,name_light,公園
博物館明治村,じっくり,name_heavy,博物館
吉田城 (三河国),じっくり,category,城
吉田神社 (豊橋市),,default,手がかり無し
吉胡貝塚,じっくり,wikipedia_fee,料金の記述あり
吉良温泉,じっくり,name_heavy,温泉
名古屋テレビ塔,,default,手がかり無し
名古屋ルーセントタワー,じっくり,name_heavy,タワー
名古屋城,じっくり,name_heavy,城
名古屋市博物館,じっくり,name_heavy,博物館
名古屋市国際展示場,,default,手がかり無し
名古屋市市政資料館,じっくり,name_heavy,資料館
名古屋市役所,,default,手がかり無し
名古屋市民会館,,default,手がかり無し
名古屋市科学館,じっくり,name_heavy,科学館
名古屋市総合体育館,,default,手がかり無し
名古屋市美術館,じっくり,name_heavy,美術館
名古屋市農業センター,,default,手がかり無し
名古屋東照宮,,default,手がかり無し
名古屋港,,name_light,港
名古屋港シートレインランド,じっくり,name_heavy,ランド
名古屋港ポートビル,,default,手がかり無し
名古屋港水族館,じっくり,name_heavy,水族館
名古屋競馬場,じっくり,wikipedia_fee,料金の記述あり
名古屋能楽堂,,default,手がかり無し
名城公園,,name_light,公園
名港トリトン,,default,手がかり無し
名都美術館,じっくり,name_heavy,美術館
善光寺東海別院,,default,手がかり無し
四間道,,default,手がかり無し
堀内公園,,name_light,公園
堀川 (名古屋市),,default,手がかり無し
堀田家住宅,じっくり,wikipedia_fee,料金の記述あり
壱町田湿地,,default,手がかり無し
大一美術館,じっくり,name_heavy,美術館
大倉公園,,name_light,公園
大名古屋ビルヂング,,default,手がかり無し
大宝六角れんが蔵,,default,手がかり無し
大山 (愛知県),,default,手がかり無し
大府みどり公園,,name_light,公園
大智院 (知多市),,default,手がかり無し
大樹寺,,default,手がかり無し
大池公園 (東海市),,name_light,公園 
大縣神社,,default,手がかり無し
大須 (名古屋市),,default,手がかり無し
大須観音,,default,手がかり無し
大高緑地,,name_light,緑地
天恩寺 (岡崎市),,default,手がかり無し
天王川公園,,name_light,公園
如庵,,default,手がかり無し
安城産業文化公園デンパーク,,default,手がかり無し
安楽寺 (蒲郡市),,default,手がかり無し
安祥城,じっくり,name_heavy,城
定光寺,,default,手がかり無し
宝泉寺 (瀬戸市),,default,手がかり無し
実相寺 (西尾市),,default,手がかり無し
宮宿,,default,手がかり無し
寂光院 (犬山市),,default,手がかり無し
富部神社,,default,手がかり無し
小堤西池,,default,手がかり無し
小幡緑地,,name_light,緑地
小牧山,じっくり,name_heavy,山
尾張国分寺,,default,手がかり無し
尾張大国霊神社,,default,手がかり無し
尾張広域緑道,,default,手がかり無し
尾張温泉,じっくり,name_heavy,温泉
岡崎サービスエリア,,default,手がかり無し
岡崎城,じっくり,name_heavy,城
岡崎城公園,,name_light,公園
岡崎市美術博物館,じっくり,name_heavy,博物館
岡崎市美術館,じっくり,name_heavy,美術館
岩倉城 (尾張国),じっくり,category,城
岩屋寺 (愛知県南知多町),,default,手がかり無し
岩崎城 (尾張国),じっくり,category,城
岩津天満宮,,default,手がかり無し
市民四季の森,,osm_feature,leisure=park
布袋の大仏,,default,手がかり無し
常楽寺 (半田市),,default,手がかり無し
幸田文化広場,,name_light,広場
広藤園,,default,手がかり無し
庄内緑地,,name_light,緑地
延命寺 (大府市),,default,手がかり無し
形原温泉,じっくり,name_heavy,温泉
影現寺 (愛知県美浜町),,default,手がかり無し
御油の松並木,,name_light,並木
御油の松並木資料館,,name_light,並木
徳川園,,osm_feature,tourism=viewpoint
徳川美術館,じっくり,name_heavy,美術館
性海寺 (稲沢市),,default,手がかり無し
恋之水神社,,default,手がかり無し
恋路ヶ浜 (田原市),,default,手がかり無し
愛岐トンネル群,,default,手がかり無し
愛知こどもの国,,osm_feature,leisure=park
愛知池,,default,手がかり無し
愛知牧場,じっくり,name_heavy,牧場
愛知県庁,,default,手がかり無し
愛知県弥富野鳥園,,osm_feature,leisure=park
愛知県森林公園,,name_light,公園
愛知県美術館,じっくり,name_heavy,美術館
愛知県陶磁美術館,じっくり,name_heavy,美術館
愛知芸術文化センター,,osm_feature,tourism=artwork
愛知高原国定公園,,name_light,公園
成田山名古屋別院大聖寺,,default,手がかり無し
振草渓谷県立自然公園,,name_light,公園
文化のみち二葉館,じっくり,osm_feature,tourism=museum
斉年寺,,default,手がかり無し
新城総合公園,,name_light,公園
新美南吉記念館,じっくり,name_heavy,記念館
新舞子マリンパーク,,osm_feature,leisure=park
於大公園,,name_light,公園
日出の石門,,name_light,門
日本モンキーセンター,じっくり,osm_feature,tourism=zoo
日本モンキーパーク,じっくり,osm_feature,tourism=theme_park
日間賀島,,default,手がかり無し
旧中埜家住宅,,default,手がかり無し
旧磯部家住宅,,default,手がかり無し
旧豊田佐助邸,,default,手がかり無し
明治用水,,default,手がかり無し
明眼院,,default,手がかり無し
春日井市道風記念館,じっくり,name_heavy,記念館
春日井市都市緑化植物園,じっくり,name_heavy,植物園
昭和日常博物館,じっくり,name_heavy,博物館
普門寺 (豊橋市),,default,手がかり無し
曹源寺 (豊明市),,default,手がかり無し
曼陀羅寺,,osm_feature,leisure=park
有松・鳴海絞会館,,default,手がかり無し
有楽苑,じっくり,osm_feature,tourism=hotel
朝宮公園,,name_light,公園
木曽川堤（サクラ）,,default,手がかり無し
木曽川扶桑緑地公園,,name_light,公園
木曽川祖父江緑地,,name_light,緑地
本光寺 (愛知県幸田町),,default,手がかり無し
本宮山 (岡崎市・豊川市・新城市),,osm_feature,natural=peak
本宮山県立自然公園,,name_light,公園
本證寺 (安城市),,default,手がかり無し
東三河ふるさと公園,,name_light,公園
東公園 (岡崎市),,name_light,公園 
東山スカイタワー,じっくり,name_heavy,タワー
東山公園 (名古屋市),,name_light,公園 
東山動植物園,じっくり,name_heavy,植物園
東谷山フルーツパーク,,osm_feature,leisure=park
柳橋中央市場,,default,手がかり無し
桃太郎神社 (犬山市),,default,手がかり無し
桃巌寺,,default,手がかり無し
桜天神社,,default,手がかり無し
桜淵公園,,name_light,公園
桜淵県立自然公園,,name_light,公園
段戸高原県立自然公園,,name_light,公園
油ヶ淵水辺公園,,name_light,公園
洞雲院 (愛知県阿久比町),,default,手がかり無し
津島神社,,default,手がかり無し
洲原公園 (刈谷市),,name_light,公園 
海南こどもの国,,osm_feature,leisure=park
海辺の文学記念館,じっくり,name_heavy,記念館
深川神社,,default,手がかり無し
清洲城,じっくり,name_heavy,城
清須市はるひ美術館,じっくり,name_heavy,美術館
渥美半島県立自然公園,,name_light,公園
湯谷温泉 (愛知県),じっくり,name_heavy,温泉
滝山寺,じっくり,wikipedia_fee,料金の記述あり
濃尾大花火,,default,手がかり無し
瀬戸蔵,じっくり,osm_feature,tourism=museum
無量寺 (蒲郡市),,default,手がかり無し
無量寿寺 (知立市),,default,手がかり無し
煮え渕ポットホール,じっくり,name_heavy,ホール
熱田神宮,,default,手がかり無し
熱田神宮公園,,name_light,公園
牧野ヶ池緑地,,name_light,緑地
犬山城,じっくり,name_heavy,城
犬山市文化史料館,じっくり,name_heavy,史料館
猿投山,じっくり,name_heavy,山
猿投神社,,default,手がかり無し
瑞泉寺 (犬山市),,default,手がかり無し
瑞龍寺 (豊田市),,default,手がかり無し
甚目寺,,default,手がかり無し
生命の海科学館,じっくり,name_heavy,科学館
田原市博物館,じっくり,name_heavy,博物館
田峰観音,,default,手がかり無し
田縣神社,,default,手がかり無し
白川公園 (名古屋市),,name_light,公園 
白鳥庭園,,default,手がかり無し
盛田昭夫塾,じっくり,category,美術館博物館
真宗大谷派名古屋別院,,default,手がかり無し
真清田神社,,default,手がかり無し
知立神社,,default,手がかり無し
石巻山,じっくり,name_heavy,山
石巻山多米県立自然公園,,name_light,公園
砥鹿神社,,default,手がかり無し
碧南市明石公園,,name_light,公園
碧南市臨海公園,,name_light,公園
碧南市藤井達吉現代美術館,じっくり,name_heavy,美術館
碧南海浜水族館,じっくり,name_heavy,水族館
祐福寺,,default,手がかり無し
神明公園,,name_light,公園
稲沢市荻須記念美術館,じっくり,name_heavy,美術館
竹島 (愛知県),,default,手がかり無し
竹島ファンタジー館,じっくり,category,美術館博物館
竹島水族館,じっくり,name_heavy,水族館
笠覆寺,,default,手がかり無し
篠島,,default,手がかり無し
總見院,,default,手がかり無し
羽布ダム,,name_light,ダム
羽豆岬,,name_light,岬
聚楽園,,default,手がかり無し
聚楽園大仏,,default,手がかり無し
興正寺 (名古屋市),,default,手がかり無し
航空館boon,じっくり,category,美術館博物館
船頭平閘門,,name_light,門
茶臼山 (愛知県・長野県),,osm_feature,natural=peak
茶臼山高原,じっくり,name_heavy,高原
荒子川公園,,name_light,公園
荒子観音,,default,手がかり無し
萩太郎山 (愛知県),,osm_feature,natural=peak
萬松寺,,default,手がかり無し
萱津神社,,default,手がかり無し
落合公園 (春日井市),,name_light,公園 
葦毛湿原,じっくり,name_heavy,湿原
蒲郡クラシックホテル,じっくり,category,城
蔵王山 (愛知県),,osm_feature,natural=peak
藤前干潟,,default,手がかり無し
衣浦港,,name_light,港
西尾城,じっくり,name_heavy,城
西尾市塩田体験館 吉良饗庭塩の里,じっくり,category,美術館博物館
西尾市憩の農園,じっくり,name_heavy,農園
西方寺 (碧南市),,default,手がかり無し
西明寺 (豊川市),,default,手がかり無し
西浦温泉,じっくり,name_heavy,温泉
覚王山日泰寺,,default,手がかり無し
観音寺 (江南市),,default,手がかり無し
設楽原歴史資料館,じっくり,name_heavy,資料館
諏訪神社 (西尾市),,default,手がかり無し
豊川稲荷,,default,手がかり無し
豊橋ハリストス正教会,,default,手がかり無し
豊橋公園,,name_light,公園
豊橋市二川宿本陣資料館,じっくり,name_heavy,資料館
豊橋市自然史博物館,じっくり,name_heavy,博物館
豊橋総合動植物公園,,name_light,公園
豊田スタジアム,,default,手がかり無し
豊田上郷サービスエリア,,default,手がかり無し
豊田市博物館,じっくり,name_heavy,博物館
豊田市小原和紙のふるさと,じっくり,category,美術館博物館
豊田市美術館,じっくり,name_heavy,美術館
財賀寺,,default,手がかり無し
貨幣・浮世絵ミュージアム,じっくり,name_heavy,ミュージアム
賀茂しょうぶ園,,osm_feature,leisure=park
賀茂神社 (豊橋市),,default,手がかり無し
赤塚山公園,,name_light,公園
赤羽根海岸,,default,手がかり無し
起宿,,default,手がかり無し
足助中馬館,じっくり,category,美術館博物館
足助八幡宮,,default,手がかり無し
足助町 (豊田市),,default,手がかり無し
遍照院 (知立市),,default,手がかり無し
道の駅つくで手作り村,,name_light,道の駅
道の駅どんぐりの里いなぶ,,name_light,道の駅
道の駅にしお岡ノ山,,name_light,道の駅
道の駅ふれあいの里HASUパーク,,name_light,道の駅
道の駅もっくる新城,,name_light,道の駅
道の駅アグリステーションなぐら,,name_light,道の駅
道の駅デンパーク安城,,name_light,道の駅
道の駅伊良湖クリスタルポルト,,name_light,道の駅
道の駅瀬戸しなの,,name_light,道の駅
道の駅田原めっくんはうす,,name_light,道の駅
道の駅筆柿の里・幸田,,name_light,道の駅
道の駅藤川宿,,name_light,道の駅
道の駅豊根グリーンポート宮嶋,,name_light,道の駅
道の駅鳳来三河三石,,name_light,道の駅
那古野神社,,default,手がかり無し
野間埼灯台,,name_light,灯台
野間大坊,,default,手がかり無し
金剛寺 (蒲郡市),,default,手がかり無し
金蓮寺 (西尾市),,default,手がかり無し
針綱神社,,osm_feature,historic=memorial
長久手温泉ござらっせ,じっくり,name_heavy,温泉
長篠城,じっくり,name_heavy,城
長篠設楽原パーキングエリア,,default,手がかり無し
間々観音,,default,手がかり無し
闇苅渓谷,じっくり,name_heavy,渓谷
阿寺の七滝,,name_light,滝
阿弥陀寺 (西尾市一色町佐久島),,default,手がかり無し
鞍ケ池公園,,name_light,公園
鞍掛山 (愛知県),,default,手がかり無し
食と健康の館,,default,手がかり無し
飯盛山 (愛知県),,osm_feature,natural=peak
香嵐渓,,osm_feature,tourism=viewpoint
高浜市やきものの里かわら美術館・図書館,じっくり,name_heavy,美術館
高田寺 (北名古屋市),,default,手がかり無し
高蔵寺 (春日井市),,default,手がかり無し
髙木家住宅,,default,手がかり無し
鳳来寺,,default,手がかり無し
鳳来寺山,じっくり,name_heavy,山
鳳来山東照宮,,default,手がかり無し
鳴海宿,,default,手がかり無し
鶴舞公園,,name_light,公園
黒田城 (尾張国),じっくり,category,城
龍城神社,,default,手がかり無し
龍泉寺 (名古屋市守山区),,default,手がかり無し
龍源寺 (豊川市),,default,手がかり無し
龍照院,,default,手がかり無し
いなべ阿下喜ベース,,default,手がかり無し
おかげ横丁,じっくり,wikipedia_fee,料金の記述あり
ともいきの国 伊勢忍者キングダム,,name_light,ダム
なばなの里,じっくり,osm_feature,tourism=theme_park
はまぐりプラザ,,default,手がかり無し
まごの店,,default,手がかり無し
イオンタウン四日市泊,,default,手がかり無し
イオンモール東員,,default,手がかり無し
イオンモール桑名,,default,手がかり無し
イオンモール鈴鹿,,default,手がかり無し
ゼロ距離水族館伊勢シーパラダイス,じっくり,name_heavy,水族館
ツヅラト峠,,default,手がかり無し
ナガシマスパーランド,じっくり,name_heavy,スパ
パラミタミュージアム,じっくり,name_heavy,ミュージアム
ミキモト真珠島,,default,手がかり無し
ミタス伊勢,,default,手がかり無し
メナード青山リゾート,,osm_feature,amenity=parking
ルーブル彫刻美術館,じっくり,name_heavy,美術館
七里御浜,,default,手がかり無し
三井アウトレットパーク ジャズドリーム長島,,default,手がかり無し
三重県営サンアリーナ,,default,手がかり無し
三重県立熊野古道センター,,default,手がかり無し
三重県立美術館,じっくり,name_heavy,美術館
三重県総合博物館,じっくり,name_heavy,博物館
三重県護国神社,,default,手がかり無し
上野城,じっくり,name_heavy,城
丸山千枚田,,osm_feature,tourism=viewpoint
亀山パーキングエリア,,default,手がかり無し
亀山城 (伊勢国),じっくり,category,城
二見浦,,default,手がかり無し
二見興玉神社,,default,手がかり無し
五桂池ふるさと村,じっくり,osm_feature,tourism=zoo
伊勢の海県立自然公園,,name_light,公園
伊勢志摩国立公園,,name_light,公園
伊勢現代美術館,じっくり,name_heavy,美術館
伊勢神宮,,default,手がかり無し
伊勢路 (熊野古道),,default,手がかり無し
伊賀の国大山田温泉さるびの,じっくり,name_heavy,温泉
伊賀の里モクモク手づくりファーム,じっくり,osm_feature,tourism=theme_park
伊賀サービスエリア,,default,手がかり無し
伊賀流忍者博物館,じっくり,name_heavy,博物館
伊雑宮,,osm_feature,historic=memorial
俳聖殿,,default,手がかり無し
倭姫宮,,default,手がかり無し
光明寺 (伊勢市),,default,手がかり無し
六華苑,,osm_feature,tourism=viewpoint
北畠神社,,default,手がかり無し
四天王寺 (津市),,default,手がかり無し
四日市市文化会館,,default,手がかり無し
四日市市立博物館,じっくり,name_heavy,博物館
四日市港ポートビル,,default,手がかり無し
地主共和商会,,default,手がかり無し
地蔵院 (亀山市),,default,手がかり無し
城之越遺跡,,name_light,跡
多度大社,,default,手がかり無し
大仏山公園,,name_light,公園
大内山動物園,じっくり,name_heavy,動物園
大杉谷,,default,手がかり無し
大王崎,,name_light,崎
奥伊勢宮川峡県立自然公園,,name_light,公園
宇治山田駅,,name_light,駅
安乗の人形芝居,,default,手がかり無し
宝塚古墳 (松阪市),,name_light,古墳
室生赤目青山国定公園,,name_light,公園
尾鷲神社,,default,手がかり無し
島ヶ原温泉やぶっちゃの湯,じっくり,name_heavy,温泉
川越電力館テラ46,じっくり,osm_feature,tourism=museum
布引の滝 (三重県熊野市),,default,手がかり無し
御在所ロープウエイ,,default,手がかり無し
御在所岳,じっくり,name_heavy,岳
御城番屋敷,じっくり,name_heavy,屋敷
御塩殿神社,,default,手がかり無し
御座白浜海水浴場,,default,手がかり無し
志摩スペイン村,じっくり,osm_feature,tourism=theme_park
志摩マリンランド,じっくり,name_heavy,ランド
志摩地中海村,じっくり,wikipedia_fee,料金の記述あり
志摩市浜島磯体験施設「海ほおずき」,じっくり,osm_feature,tourism=museum
恵利原の水穴,,default,手がかり無し
慈恩寺 (亀山市),,default,手がかり無し
斎宮寮,,default,手がかり無し
斎宮歴史博物館,じっくり,name_heavy,博物館
斎宮跡,,name_light,跡
日和山 (鳥羽市),,default,手がかり無し
月讀宮,,default,手がかり無し
朝熊山,じっくり,name_heavy,山
木津川 (京都府),,default,手がかり無し
本居宣長旧宅,じっくり,name_heavy,旧宅
松坂城,じっくり,name_heavy,城
松阪農業公園ベルファーム,,osm_feature,leisure=park
桃林寺 (鈴鹿市),,default,手がかり無し
桑名城,じっくり,name_heavy,城
桑名宗社,,osm_feature,historic=memorial
椿大神社,,default,手がかり無し
榊原温泉,じっくり,name_heavy,温泉
横山展望台,,name_light,展望台
水郷県立自然公園,,name_light,公園
江戸川乱歩館,じっくり,category,美術館博物館
津なぎさまち,,default,手がかり無し
津八幡宮,,default,手がかり無し
津城,じっくり,name_heavy,城
津観音,,default,手がかり無し
渡鹿野島,,default,手がかり無し
湯の山温泉 (三重県),じっくり,name_heavy,温泉
瀧原宮,,default,手がかり無し
熊野古道,,default,手がかり無し
猪の倉温泉,じっくり,name_heavy,温泉
猿田彦神社,,default,手がかり無し
獅子岩,,default,手がかり無し
田丸城,じっくり,name_heavy,城
登茂山,じっくり,name_heavy,山
磯部の御神田,,osm_feature,historic=memorial
神宮徴古館,じっくり,osm_feature,tourism=museum
神島 (三重県),,default,手がかり無し
竜ヶ岳 (三重県・滋賀県),,osm_feature,natural=peak
答志島,,default,手がかり無し
紀伊山地,,default,手がかり無し
結城神社,じっくり,wikipedia_fee,料金の記述あり
芭蕉翁生家,じっくり,name_heavy,生家
花窟神社,,default,手がかり無し
英虞湾,,default,手がかり無し
菅島灯台,,name_light,灯台
観音寺 (鈴鹿市寺家),,default,手がかり無し
諏訪公園 (四日市市),,name_light,公園 
豊受大神宮,,default,手がかり無し
賓日館,じっくり,osm_feature,tourism=museum
賢島,,default,手がかり無し
赤木城,じっくり,name_heavy,城
赤目一志峡県立自然公園,,name_light,公園
赤目四十八滝,,name_light,滝
赤目温泉,じっくり,name_heavy,温泉
道の駅あやま,,name_light,道の駅
道の駅パーク七里御浜,,name_light,道の駅
道の駅伊勢志摩,じっくり,wikipedia_fee,料金の記述あり
道の駅奥伊勢おおだい,,name_light,道の駅
道の駅奥伊勢木つつ木館,,name_light,道の駅
道の駅海山,,name_light,道の駅
道の駅紀伊長島マンボウ,,name_light,道の駅
道の駅紀宝町ウミガメ公園,,name_light,道の駅
道の駅美杉,,name_light,道の駅
道の駅菰野,,name_light,道の駅
道の駅関宿,,name_light,道の駅
道の駅飯高駅,,name_light,道の駅
金剛證寺,,default,手がかり無し
鈴鹿サーキット,,default,手がかり無し
鈴鹿峠,,default,手がかり無し
鈴鹿青少年の森,,default,手がかり無し
長島水辺のやすらぎパーク,,default,手がかり無し
長島温泉,じっくり,name_heavy,温泉
関宿,じっくり,wikipedia_fee,料金の記述あり
阿曽温泉,じっくり,name_heavy,温泉
霊山 (伊賀市),,default,手がかり無し
青山高原,じっくり,name_heavy,高原
青蓮寺ダム,,name_light,ダム
頭之宮四方神社,,default,手がかり無し
香肌峡県立自然公園,,name_light,公園
馬越峠,,default,手がかり無し
鬼ヶ城,じっくり,name_heavy,城
鳥羽1番街,,default,手がかり無し
鳥羽マリンターミナル,,default,手がかり無し
鳥羽マルシェ,,default,手がかり無し
鳥羽城,じっくり,name_heavy,城
鳥羽展望台,,name_light,展望台
鳥羽市立海の博物館,じっくり,name_heavy,博物館
鳥羽水族館,じっくり,name_heavy,水族館
鳥羽港,,name_light,港
鵜倉園地,,default,手がかり無し
MIHO MUSEUM,じっくり,category,美術館博物館
びわこ文化公園,,name_light,公園
びわ湖こどもの国,,osm_feature,leisure=park
びわ湖バレイ,,default,手がかり無し
グランスノー奥伊吹,,default,手がかり無し
ハイド記念館・教育会館,じっくり,name_heavy,記念館
マキノ高原,じっくり,name_heavy,高原
ヤンマーミュージアム,じっくり,name_heavy,ミュージアム
ロクハ公園,じっくり,wikipedia_fee,料金の記述あり
ヴォーリズ記念館,じっくり,name_heavy,記念館
三上・田上・信楽県立自然公園,,name_light,公園
三上山,じっくり,name_heavy,山
三井アウトレットパーク 滋賀竜王,,default,手がかり無し
三大神社 (草津市),,default,手がかり無し
三島池,,osm_feature,natural=water
今津のザゼンソウ群落,,default,手がかり無し
今津ヴォーリズ資料館,じっくり,name_heavy,資料館
伊吹山,じっくり,name_heavy,山
佐和山城,じっくり,name_heavy,城
佐川美術館,じっくり,name_heavy,美術館
余呉湖,,default,手がかり無し
信楽陶苑たぬき村,,default,手がかり無し
八坂神社 (甲賀市),,default,手がかり無し
八幡山ロープウェー,じっくり,category,城
六角堂 (甲賀市),,default,手がかり無し
兵主大社,,default,手がかり無し
円満院,じっくり,wikipedia_fee,料金の記述あり
向源寺,,default,手がかり無し
和迩インターチェンジ,,default,手がかり無し
唐崎神社,,default,手がかり無し
善水寺,じっくり,wikipedia_fee,料金の記述あり
国友,,default,手がかり無し
園城寺,,osm_feature,historic=memorial
坂本 (大津市),,default,手がかり無し
坂本城,じっくり,name_heavy,城
埋木舎,じっくり,osm_feature,tourism=museum
堅田 (大津市),,default,手がかり無し
多賀サービスエリア,,default,手がかり無し
多賀大社,,default,手がかり無し
大池寺,,default,手がかり無し
大津サービスエリア,,default,手がかり無し
大津市歴史博物館,じっくり,name_heavy,博物館
大津湖岸なぎさ公園,,name_light,公園
大笹原神社,,default,手がかり無し
大野神社 (栗東市),,default,手がかり無し
大鳥神社 (甲賀市),,default,手がかり無し
天孫神社,,default,手がかり無し
奥琵琶湖パークウェイ,,default,手がかり無し
守山宿,じっくり,osm_feature,tourism=museum
安土城,じっくり,name_heavy,城
安土城天主信長の館,じっくり,wikipedia_fee,料金の記述あり
安養寺 (大津市石山南郷町),,default,手がかり無し
宝厳寺,じっくり,wikipedia_fee,料金の記述あり
小谷城,じっくり,name_heavy,城
居初氏庭園,,default,手がかり無し
己爾乃神社,,default,手がかり無し
常楽寺 (湖南市),じっくり,wikipedia_fee,料金の記述あり
延暦寺,,default,手がかり無し
建部大社,じっくり,wikipedia_fee,料金の記述あり
彦根城,じっくり,name_heavy,城
彦根城博物館,じっくり,name_heavy,博物館
御上神社,,default,手がかり無し
徳源院 (米原市),,default,手がかり無し
慶雲館,,osm_feature,tourism=artwork
成田ふれあい牧場,じっくり,name_heavy,牧場
教林坊,,default,手がかり無し
日吉大社,,default,手がかり無し
日本基督教団今津教会会堂,,default,手がかり無し
日牟禮八幡宮,,default,手がかり無し
旧今津郵便局,,default,手がかり無し
旧白毫院庭園,,default,手がかり無し
旧竹林院庭園,,default,手がかり無し
旧西川家住宅,,default,手がかり無し
明壽院,,default,手がかり無し
曳山博物館,じっくり,name_heavy,博物館
木之本地蔵院,,default,手がかり無し
朽木・葛川県立自然公園,,name_light,公園
松尾寺 (米原市),,default,手がかり無し
柳が崎湖畔公園,,name_light,公園
栗東トレーニングセンター,,default,手がかり無し
楽々園,,default,手がかり無し
正法寺 (大津市),,default,手がかり無し
正福寺 (甲賀市),,default,手がかり無し
比叡山,じっくり,name_heavy,山
比叡山鉄道線,,default,手がかり無し
水口城,じっくり,name_heavy,城
永源寺,,default,手がかり無し
池田町洋館街,,default,手がかり無し
沖島,,default,手がかり無し
沙沙貴神社,,default,手がかり無し
河内風穴,,default,手がかり無し
油日神社,,default,手がかり無し
浜大津アーカス,,default,手がかり無し
海洋堂フィギュアミュージアム黒壁龍遊館,じっくり,name_heavy,ミュージアム
海津大崎,,name_light,崎
湖東県立自然公園,,name_light,公園
満月寺 (大津市),,default,手がかり無し
満月寺浮御堂,,default,手がかり無し
滋賀県南郷水産センター,じっくり,osm_feature,tourism=theme_park
滋賀県希望が丘文化公園,じっくり,wikipedia_fee,料金の記述あり
滋賀県立安土城考古博物館,じっくり,name_heavy,博物館
滋賀県立琵琶湖博物館,じっくり,name_heavy,博物館
滋賀県立美術館,じっくり,name_heavy,美術館
滋賀県立芸術劇場 びわ湖ホール,じっくり,name_heavy,劇場
滋賀県立陶芸の森,じっくり,osm_feature,tourism=museum
滋賀農業公園ブルーメの丘,じっくり,wikipedia_fee,料金の記述あり
滋賀院,,osm_feature,tourism=viewpoint
瀬田の唐橋,,name_light,橋
烏丸半島,,default,手がかり無し
玄宮園,,default,手がかり無し
琵琶湖,,default,手がかり無し
琵琶湖国定公園,,name_light,公園
琵琶湖大橋,,name_light,大橋
琵琶湖汽船,,default,手がかり無し
琵琶湖疏水,,default,手がかり無し
田村神社 (甲賀市),,default,手がかり無し
甲賀の里忍術村,,default,手がかり無し
白山神社 (湖南市),,default,手がかり無し
白雲館,,default,手がかり無し
白鬚神社,,default,手がかり無し
百済寺,,default,手がかり無し
真宗大谷派長浜別院大通寺,,default,手がかり無し
矢橋帰帆島,,default,手がかり無し
石山寺,,osm_feature,historic=memorial
福田寺 (米原市),,default,手がかり無し
竹生島,じっくり,wikipedia_fee,料金の記述あり
筑摩神社 (米原市),,default,手がかり無し
紫香楽宮,,default,手がかり無し
義仲寺,,osm_feature,historic=memorial
聖衆来迎寺,,default,手がかり無し
胡宮神社,,default,手がかり無し
興聖寺 (高島市),,default,手がかり無し
芦浦観音寺,,default,手がかり無し
苗村神社,,default,手がかり無し
草津宿,,osm_feature,historic=memorial
草津市立水生植物公園みずの森,じっくり,category,美術館博物館
菅浦の湖岸集落,じっくり,name_heavy,集落
西教寺,,default,手がかり無し
西明寺 (滋賀県甲良町),,default,手がかり無し
観音寺城,じっくり,name_heavy,城
観音正寺,じっくり,wikipedia_fee,料金の記述あり
豊国神社 (長浜市),,default,手がかり無し
豊郷町立豊郷小学校,,default,手がかり無し
賤ヶ岳,じっくり,name_heavy,岳
近江八幡市八幡伝統的建造物群保存地区,,osm_feature,historic=memorial
近江大橋,,name_light,大橋
近江神宮,,default,手がかり無し
近江舞子,,default,手がかり無し
道の駅あいの土山,,name_light,道の駅
道の駅しんあさひ風車村,,name_light,道の駅
道の駅せせらぎの里こうら,,name_light,道の駅
道の駅びわ湖大橋米プラザ,,name_light,道の駅
道の駅アグリの郷栗東,,name_light,道の駅
道の駅アグリパーク竜王,,name_light,道の駅
道の駅マキノ追坂峠,,name_light,道の駅
道の駅塩津海道 あぢかまの里,,name_light,道の駅
道の駅奥永源寺渓流の里,,name_light,道の駅
道の駅東近江市あいとうマーガレットステーション,,name_light,道の駅
道の駅湖北みずどりステーション,,name_light,道の駅
道の駅竜王かがみの里,,name_light,道の駅
道の駅草津,,name_light,道の駅
道の駅藤樹の里あどがわ,,name_light,道の駅
都久夫須麻神社,,default,手がかり無し
醒井宿,,default,手がかり無し
醒井養鱒場,じっくり,wikipedia_fee,料金の記述あり
金剛輪寺,,default,手がかり無し
鈴鹿国定公園,,name_light,公園
長命寺,じっくり,wikipedia_fee,料金の記述あり
長寿寺 (湖南市),じっくり,wikipedia_fee,料金の記述あり
長浜城 (近江国),じっくり,category,城
長浜鉄道スクエア,,default,手がかり無し
阿賀神社,,default,手がかり無し
雄琴温泉,じっくり,name_heavy,温泉
青土ダム,,name_light,ダム
青岸寺,,default,手がかり無し
須賀谷温泉,じっくり,name_heavy,温泉
鶏足寺 (長浜市),,default,手がかり無し
黒壁ガラス館,,default,手がかり無し
黒壁スクエア,,default,手がかり無し
あやべ温泉,じっくり,name_heavy,温泉
かやぶきの里・北村,,default,手がかり無し
けいはんなプラザ,じっくり,osm_feature,tourism=hotel
けいはんな記念公園,,name_light,公園
ちりめん街道,,default,手がかり無し
るり渓,,default,手がかり無し
るり渓温泉,じっくり,name_heavy,温泉
わち山野草の森,じっくり,wikipedia_fee,料金の記述あり
アサヒグループ大山崎山荘美術館,じっくり,name_heavy,美術館
アートコンプレックス1928,,default,手がかり無し
カトリック宮津教会,,default,手がかり無し
キザクラカッパカントリー,じっくり,category,美術館博物館
グンゼ記念館,じっくり,name_heavy,記念館
サンガスタジアム by KYOCERA,,default,手がかり無し
ニンテンドーミュージアム,じっくり,name_heavy,ミュージアム
ポンポン山 (近畿),,default,手がかり無し
一乗寺下り松,,default,手がかり無し
一宮神社 (福知山市),,default,手がかり無し
七条駅,,name_light,駅
三十三間堂,じっくり,wikipedia_fee,料金の記述あり
三千院,,default,手がかり無し
三宅八幡宮,,default,手がかり無し
三宝院,,default,手がかり無し
三室戸寺,,default,手がかり無し
三条大橋,,name_light,大橋
三段池公園,,name_light,公園
上七軒,,default,手がかり無し
上御霊神社,,default,手がかり無し
上津屋橋,,name_light,橋
上賀茂,,default,手がかり無し
丹後天橋立大江山国定公園,,name_light,公園
丹後魚っ知館,じっくり,category,美術館博物館
久美の浜温泉,じっくり,name_heavy,温泉
久美浜シーサイド温泉,じっくり,name_heavy,温泉
久美浜湾,,default,手がかり無し
乙訓寺,,default,手がかり無し
九品寺 (南丹市),,default,手がかり無し
二尊院,,default,手がかり無し
二条城,じっくり,name_heavy,城
五老スカイタワー,じっくり,name_heavy,タワー
五老岳,じっくり,name_heavy,岳
京丹波パーキングエリア,,default,手がかり無し
京福電気鉄道鋼索線,,default,手がかり無し
京都ゑびす神社,,default,手がかり無し
京都コンサートホール,じっくり,name_heavy,ホール
京都タワー,じっくり,name_heavy,タワー
京都佛立ミュージアム,じっくり,name_heavy,ミュージアム
京都劇場,じっくり,name_heavy,劇場
京都国立博物館,じっくり,name_heavy,博物館
京都国立近代美術館,じっくり,name_heavy,美術館
京都国際マンガミュージアム,じっくり,name_heavy,ミュージアム
京都市動物園,じっくり,name_heavy,動物園
京都市勧業館,,default,手がかり無し
京都市学校歴史博物館,じっくり,name_heavy,博物館
京都市宝が池公園運動施設球技場,,default,手がかり無し
京都市歴史資料館,じっくり,name_heavy,資料館
京都市美術館,じっくり,name_heavy,美術館
京都市考古資料館,じっくり,name_heavy,資料館
京都市青少年科学センター,じっくり,category,美術館博物館
京都府立丹波自然運動公園,,name_light,公園
京都府立京都学・歴彩館,じっくり,category,美術館博物館
京都府立図書館,,default,手がかり無し
京都府立宇治公園,,name_light,公園
京都府立山城総合運動公園,,name_light,公園
京都府立嵐山公園,,name_light,公園
京都府立嵐山東公園,,name_light,公園
京都府立植物園,じっくり,name_heavy,植物園
京都府立洛西浄化センター公園,,name_light,公園
京都府立陶板名画の庭,じっくり,category,美術館博物館
京都府立鴨川公園,,name_light,公園
京都御所,,osm_feature,tourism=viewpoint
京都御苑,,default,手がかり無し
京都文化博物館,じっくり,name_heavy,博物館
京都水族館,じっくり,name_heavy,水族館
京都清宗根付館 (旧神先家住宅),,default,手がかり無し
京都競馬場,じっくり,wikipedia_fee,料金の記述あり
京都竹の郷温泉,じっくり,name_heavy,温泉
京都芸術センター,じっくり,osm_feature,tourism=museum
京都鉄道博物館,じっくり,name_heavy,博物館
京都霊山護国神社,,default,手がかり無し
京都駅,,name_light,駅
京阪鋼索線,,default,手がかり無し
仁和寺,じっくり,wikipedia_fee,料金の記述あり
今宮神社 (京都市),,osm_feature,historic=memorial
仙洞御所,,default,手がかり無し
伊根の舟屋,,default,手がかり無し
伊根湾,,default,手がかり無し
伏見城,じっくり,name_heavy,城
伏見稲荷大社,,default,手がかり無し
佛光寺,,default,手がかり無し
保津峡,じっくり,name_heavy,峡
修学院離宮,,default,手がかり無し
傘松公園,,name_light,公園
先斗町,,default,手がかり無し
光悦寺,,default,手がかり無し
光明寺 (綾部市),,default,手がかり無し
光明寺 (長岡京市),,default,手がかり無し
八坂神社,,default,手がかり無し
八大神社,,default,手がかり無し
六波羅蜜寺,,default,手がかり無し
六道珍皇寺,,default,手がかり無し
円光寺 (京都市左京区),じっくり,wikipedia_fee,料金の記述あり
円山公園 (京都府),,name_light,公園 
出雲大神宮,,osm_feature,historic=memorial
勝持寺,,default,手がかり無し
勝龍寺,,osm_feature,historic=memorial
勧修寺,,default,手がかり無し
化野念仏寺,,default,手がかり無し
北野天満宮,,default,手がかり無し
南座,,default,手がかり無し
南禅寺,,default,手がかり無し
南禅院,,default,手がかり無し
古田織部美術館,じっくり,name_heavy,美術館
吉田のしだれ桜,,default,手がかり無し
吉田神社,,default,手がかり無し
向日神社,,default,手がかり無し
哲学の道,,default,手がかり無し
善峯寺,じっくり,wikipedia_fee,料金の記述あり
四条河原町,じっくり,osm_feature,tourism=hotel
国立京都国際会館,,default,手がかり無し
圓徳院,,default,手がかり無し
地主神社,,default,手がかり無し
地蔵院 (京都市西京区),,default,手がかり無し
地蔵院 (宇治市),,default,手がかり無し
城南宮,,default,手がかり無し
城興寺 (京都市),,default,手がかり無し
壬生寺,,default,手がかり無し
夕日ヶ浦温泉,じっくり,name_heavy,温泉
夢コスモス園,,default,手がかり無し
大仙院,,default,手がかり無し
大原温泉,じっくり,name_heavy,温泉
大原野神社,,default,手がかり無し
大報恩寺,,default,手がかり無し
大山祇神社 (南丹市),,default,手がかり無し
大徳寺,,default,手がかり無し
大正池 (井手町),,osm_feature,natural=water
大江山,じっくり,name_heavy,山
大河内山荘,,default,手がかり無し
大覚寺,,default,手がかり無し
大豊神社,,default,手がかり無し
大野ダム (京都府),,name_light,ダム
天ヶ瀬ダム,,name_light,ダム
天岩戸神社 (福知山市),,osm_feature,historic=memorial
天授庵,,default,手がかり無し
天橋立,,default,手がかり無し
天橋立ビューランド,じっくり,name_heavy,ランド
天橋立温泉,じっくり,name_heavy,温泉
天王山,じっくり,name_heavy,山
天神川 (京都市),,default,手がかり無し
天龍寺,,default,手がかり無し
如意寺 (京丹後市),,default,手がかり無し
妙喜庵,,osm_feature,historic=memorial
妙心寺,,default,手がかり無し
妙法院,,osm_feature,historic=memorial
宇川温泉 よし野の里,じっくり,name_heavy,温泉
宇治上神社,,default,手がかり無し
宇治市植物公園,,name_light,公園
宇治市源氏物語ミュージアム,じっくり,name_heavy,ミュージアム
宇治橋 (宇治市),,default,手がかり無し
宇治神社,,default,手がかり無し
安井金比羅宮,,default,手がかり無し
安国寺 (綾部市),,default,手がかり無し
宝が池公園,,name_light,公園
宝泉院,,default,手がかり無し
宝積寺,,default,手がかり無し
宝蔵寺 (京都市),,default,手がかり無し
実光院,,default,手がかり無し
宮津城,じっくり,name_heavy,城
寂光院,,default,手がかり無し
専修寺 (京都市),,default,手がかり無し
将軍塚,,default,手がかり無し
小倉神社 (大山崎町),,default,手がかり無し
小天橋,,name_light,橋
山陰海岸国立公園,,name_light,公園
岡崎公園 (京都市),,name_light,公園 
岡崎神社,,osm_feature,historic=monument
岩船寺,,default,手がかり無し
嵐山,じっくり,name_heavy,山
嵐山モンキーパークいわたやま,じっくり,osm_feature,tourism=zoo
嵐山温泉,じっくり,name_heavy,温泉
嵯峨嵐山文華館,じっくり,osm_feature,tourism=museum
嵯峨野,,osm_feature,historic=memorial
嵯峨野観光鉄道嵯峨野観光線,,default,手がかり無し
嵯峨鳥居本,じっくり,wikipedia_fee,料金の記述あり
常寂光寺,,default,手がかり無し
常照皇寺,じっくり,wikipedia_fee,料金の記述あり
平安神宮,,default,手がかり無し
平等院,,default,手がかり無し
平等院鳳翔館,じっくり,category,美術館博物館
平野神社,,default,手がかり無し
広隆寺,,default,手がかり無し
廬山寺,じっくり,wikipedia_fee,料金の記述あり
建仁寺,じっくり,osm_feature,tourism=hotel
建勲神社,,default,手がかり無し
御金神社,,default,手がかり無し
御霊神社 (福知山市),,default,手がかり無し
御香宮神社,,default,手がかり無し
志明院,,default,手がかり無し
恵心院,,default,手がかり無し
愛宕山 (京都市),,osm_feature,natural=peak
愛宕念仏寺,,default,手がかり無し
愛宕神社,,default,手がかり無し
愛宕神社 (亀岡市),,default,手がかり無し
慈照寺,じっくり,wikipedia_fee,料金の記述あり
成相寺,,default,手がかり無し
承天閣美術館,じっくり,name_heavy,美術館
敷地神社,,default,手がかり無し
文化パルク城陽,,default,手がかり無し
文化庁,,default,手がかり無し
新日吉神宮,,default,手がかり無し
新風館,,default,手がかり無し
方広寺,,default,手がかり無し
日吉ダム,,name_light,ダム
日向大神宮,,default,手がかり無し
日本の鬼の交流博物館,じっくり,name_heavy,博物館
春光院,,default,手がかり無し
時雨殿,,default,手がかり無し
晴明神社,,osm_feature,historic=memorial
智恩寺 (宮津市),,default,手がかり無し
智積院,,default,手がかり無し
曼殊院,,default,手がかり無し
月桂冠大倉記念館,じっくり,name_heavy,記念館
月讀神社 (京田辺市),,default,手がかり無し
朝霧橋,,name_light,橋
木嶋坐天照御魂神社,,default,手がかり無し
本法寺 (京都市),,default,手がかり無し
本能寺,じっくり,osm_feature,tourism=hotel
来迎寺 (京都府精華町),,default,手がかり無し
来迎院 (京都市左京区),,default,手がかり無し
東寺,,default,手がかり無し
東映太秦映画村,じっくり,osm_feature,tourism=theme_park
東本願寺,,default,手がかり無し
東福寺,,default,手がかり無し
松尾大社,,default,手がかり無し
松尾寺 (舞鶴市),,default,手がかり無し
松尾寺の仏舞,,default,手がかり無し
松本酒造,,default,手がかり無し
桂春院,,default,手がかり無し
桂離宮,,default,手がかり無し
梅宮大社,,default,手がかり無し
梅小路公園,,name_light,公園
梅小路蒸気機関車館,じっくり,category,美術館博物館
梨木神社,,default,手がかり無し
楊谷寺,じっくり,wikipedia_fee,料金の記述あり
檀林寺,,osm_feature,historic=memorial
櫟谷宗像神社,,default,手がかり無し
正伝寺,,default,手がかり無し
正寿院 (京都府宇治田原町),,default,手がかり無し
正法寺 (京都市西京区),,default,手がかり無し
正法寺 (京都府和束町),,default,手がかり無し
正法寺 (八幡市),,default,手がかり無し
正道官衙遺跡,,name_light,跡
毘沙門堂,,default,手がかり無し
水尾,,default,手がかり無し
水度神社,,default,手がかり無し
永福寺 (京都市),,default,手がかり無し
永谷宗円生家,じっくり,name_heavy,生家
泉屋博古館,じっくり,category,美術館博物館
泉涌寺,,default,手がかり無し
法然院,,default,手がかり無し
法界寺,,default,手がかり無し
法観寺,,default,手がかり無し
法輪寺 (京都市西京区),,default,手がかり無し
法金剛院,,default,手がかり無し
浄瑠璃寺,,default,手がかり無し
浜詰海岸,,default,手がかり無し
海住山寺,,default,手がかり無し
海軍記念館,じっくり,name_heavy,記念館
淀城,じっくり,name_heavy,城
清凉寺,,default,手がかり無し
清水三年坂美術館,じっくり,name_heavy,美術館
清水寺,,default,手がかり無し
清滝川 (京都府),,default,手がかり無し
渉成園,,default,手がかり無し
渡月橋,,name_light,橋
湯の花温泉 (京都府),じっくり,name_heavy,温泉
源光庵,,default,手がかり無し
漢検漢字博物館・図書館,じっくり,name_heavy,博物館
無鄰菴,,default,手がかり無し
熊野若王子神社,,default,手がかり無し
狸谷山不動院,,default,手がかり無し
猿丸神社,,default,手がかり無し
琴引浜,じっくり,osm_feature,amenity=public_bath
琴引浜鳴き砂文化館,じっくり,category,美術館博物館
琴滝,,name_light,滝
琵琶湖疏水記念館,じっくり,name_heavy,記念館
瑠璃光院,,default,手がかり無し
産寧坂,,default,手がかり無し
田辺城 (丹後国),じっくり,category,城
由岐神社,じっくり,wikipedia_fee,料金の記述あり
白山神社 (宇治市),,default,手がかり無し
白峯神宮,,default,手がかり無し
百万遍交差点,,default,手がかり無し
皇大神社 (福知山市),,default,手がかり無し
直指庵,,default,手がかり無し
相国寺,,default,手がかり無し
真正極楽寺,,default,手がかり無し
矢田寺 (京都市),,default,手がかり無し
知恩寺,,default,手がかり無し
知恩院,じっくり,wikipedia_fee,料金の記述あり
石峯寺 (京都市),,default,手がかり無し
石清水八幡宮,,default,手がかり無し
祇園,,default,手がかり無し
祇園甲部歌舞練場,,default,手がかり無し
祇王寺,じっくり,wikipedia_fee,料金の記述あり
神泉苑,,osm_feature,historic=memorial
神護寺,,default,手がかり無し
禅林寺 (京都市),,default,手がかり無し
福田美術館,じっくり,name_heavy,美術館
福知山城,じっくり,name_heavy,城
福知山市動物園,じっくり,name_heavy,動物園
福知山鉄道館フクレル,じっくり,wikipedia_fee,料金の記述あり
穴太寺,,default,手がかり無し
立命館大学国際平和ミュージアム,じっくり,name_heavy,ミュージアム
笠置寺,,default,手がかり無し
笠置山 (京都府),,default,手がかり無し
等持院,,default,手がかり無し
籠神社,,default,手がかり無し
粟田神社,,default,手がかり無し
細見美術館,じっくり,name_heavy,美術館
経ヶ岬,,name_light,岬
縣神社 (宇治市),,default,手がかり無し
耳塚,,default,手がかり無し
聖護院,,default,手がかり無し
興聖寺 (宇治市),,default,手がかり無し
舞鶴公園 (舞鶴市),,name_light,公園 
舞鶴引揚記念館,じっくり,name_heavy,記念館
舞鶴港とれとれセンター,,default,手がかり無し
船岡山,じっくり,name_heavy,山
船岡温泉,じっくり,name_heavy,温泉
若一神社,,default,手がかり無し
華厳寺 (京都市),,default,手がかり無し
萬福寺,,default,手がかり無し
落柿舎,,default,手がかり無し
蓮華寺 (京都市左京区),,default,手がかり無し
藤森神社,,osm_feature,historic=memorial
行願寺,,default,手がかり無し
西明寺 (京都市),,default,手がかり無し
西本願寺,じっくり,wikipedia_fee,料金の記述あり
西芳寺,,default,手がかり無し
観音寺 (京田辺市),,default,手がかり無し
角屋,,default,手がかり無し
詩仙堂,,default,手がかり無し
誓願寺,,default,手がかり無し
諏訪神社 (南山城村),,default,手がかり無し
護王神社,,default,手がかり無し
豊受大神社,,default,手がかり無し
豊国神社 (京都市),,default,手がかり無し
豪商 稲葉本家,,default,手がかり無し
貴船神社,,default,手がかり無し
賀茂別雷神社,,default,手がかり無し
賀茂御祖神社,,default,手がかり無し
質志鍾乳洞,じっくり,name_heavy,鍾乳洞
赤れんが博物館,じっくり,name_heavy,博物館
赤山禅院,,default,手がかり無し
蹴上インクライン,,default,手がかり無し
蹴上駅,,name_light,駅
車折神社,,default,手がかり無し
退蔵院,,osm_feature,historic=memorial
道の駅お茶の京都みなみやましろ村,,name_light,道の駅
道の駅てんきてんき丹後,,name_light,道の駅
道の駅スプリングスひよし,,name_light,道の駅
道の駅丹後王国「食のみやこ」,じっくり,wikipedia_fee,料金の記述あり
道の駅丹波マーケス,,name_light,道の駅
道の駅和,,name_light,道の駅
道の駅瑞穂の里・さらびき,,name_light,道の駅
道の駅美山ふれあい広場,,name_light,道の駅
道の駅農匠の郷やくの,,name_light,道の駅
酬恩庵,,osm_feature,historic=memorial
醍醐寺,,default,手がかり無し
醍醐寺三宝院庭園,,default,手がかり無し
野宮神社,,default,手がかり無し
野村美術館,じっくり,name_heavy,美術館
金剛寺 (京都市東山区金園町),,default,手がかり無し
金剛院 (舞鶴市),,default,手がかり無し
金引の滝,,name_light,滝
金戒光明寺,,default,手がかり無し
金福寺,,default,手がかり無し
金胎寺,,default,手がかり無し
錦天満宮,,default,手がかり無し
錦市場,,default,手がかり無し
鍬山神社,,osm_feature,historic=memorial
長安寺 (福知山市),,default,手がかり無し
長岡天満宮,,default,手がかり無し
長楽寺 (京都市),,default,手がかり無し
随心院,,default,手がかり無し
雲龍院,,default,手がかり無し
霊山歴史館,じっくり,category,美術館博物館
霊山観音,,default,手がかり無し
青蓮院,じっくり,wikipedia_fee,料金の記述あり
鞍馬寺,じっくり,wikipedia_fee,料金の記述あり
鞍馬山,じっくり,name_heavy,山
頂法寺,,default,手がかり無し
須賀神社 (京都市),,osm_feature,historic=memorial
風俗博物館,じっくり,name_heavy,博物館
飛行神社,,default,手がかり無し
養源院,,default,手がかり無し
高台寺,,default,手がかり無し
高山ダム,,name_light,ダム
高山寺,,default,手がかり無し
高桐院,,default,手がかり無し
高瀬川 (京都府),,default,手がかり無し
鴨川 (京都府),,default,手がかり無し
鴻ノ巣山運動公園,,name_light,公園
鹿苑寺,じっくり,wikipedia_fee,料金の記述あり
龍光院 (京都市北区),,default,手がかり無し
龍吟庵,,default,手がかり無し
龍安寺,,default,手がかり無し
龍源院,,default,手がかり無し
龍谷ミュージアム,じっくり,name_heavy,ミュージアム
E-MA,,default,手がかり無し
EST (商業施設),,default,手がかり無し
EXPOCITY,,default,手がかり無し
HEP,,default,手がかり無し
NHK大阪ホール,じっくり,name_heavy,ホール
NIFREL,,default,手がかり無し
NU茶屋町,,default,手がかり無し
TWIN21,,osm_feature,amenity=parking
あくあぴあ芥川,じっくり,category,美術館博物館
あべのHoop,,default,手がかり無し
あべのand,,default,手がかり無し
あべのアポロ,,default,手がかり無し
あべのキューズタウン,,default,手がかり無し
あべのハルカス,じっくり,osm_feature,tourism=museum
あべのルシアス,,default,手がかり無し
いこらもーる泉佐野,,default,手がかり無し
くずはモール,,osm_feature,amenity=parking
くろんど園地,,default,手がかり無し
せんなん里海公園,,name_light,公園
でんでんタウン,,default,手がかり無し
なんばCITY,,default,手がかり無し
なんばグランド花月,じっくり,wikipedia_fee,料金の記述あり
なんばパークス,じっくり,osm_feature,tourism=museum
ひらかたパーク,じっくり,osm_feature,tourism=theme_park
みさき公園,じっくり,wikipedia_fee,料金の記述あり
よしもと漫才劇場,じっくり,name_heavy,劇場
りんくうタウン,,default,手がかり無し
りんくうプレジャータウンSEACLE,,default,手がかり無し
りんくうプレミアム・アウトレット,,default,手がかり無し
りんくう公園,,name_light,公園
わんぱく王国,,osm_feature,leisure=park
アジア太平洋トレードセンター,,default,手がかり無し
アメリカ村,,default,手がかり無し
イオンモールりんくう泉南,,default,手がかり無し
オオサカガーデンシティ,,default,手がかり無し
キッズプラザ大阪,じっくり,category,美術館博物館
グランフロント大阪,,default,手がかり無し
コムズガーデン,,default,手がかり無し
サムハラ神社,,default,手がかり無し
ザビエル公園 (堺市),,name_light,公園 
ザ・シンフォニーホール,じっくり,name_heavy,ホール
シマノ自転車博物館,じっくり,name_heavy,博物館
ハルカス300,じっくり,wikipedia_fee,料金の記述あり
ハービスOSAKA,,default,手がかり無し
パナソニックミュージアム 松下幸之助歴史館,じっくり,name_heavy,ミュージアム
ビッグステップ,,default,手がかり無し
マイドームおおさか,,default,手がかり無し
ヤマダデンキ LABI1 LIFE SELECT なんば,,default,手がかり無し
ユニバーサル・シティウォーク大阪,,default,手がかり無し
ユニバーサル・スタジオ・ジャパン,じっくり,osm_feature,tourism=theme_park
ヨドバシ梅田,,default,手がかり無し
ルクア,,default,手がかり無し
レゴランド・ディスカバリー・センター大阪,,default,手がかり無し
ワールド牧場,じっくり,name_heavy,牧場
一心寺,,osm_feature,historic=memorial
万代池,,osm_feature,natural=water
万博記念公園,,name_light,公園
万博記念公園自然文化園,じっくり,wikipedia_fee,料金の記述あり
万博記念競技場,,default,手がかり無し
三光神社,,osm_feature,historic=memorial
中之島公園,,name_light,公園
久安寺 (池田市),じっくり,wikipedia_fee,料金の記述あり
久宝寺緑地,,name_light,緑地
二色の浜公園,,name_light,公園
二色の浜海水浴場,,default,手がかり無し
五月山公園,,name_light,公園
五社神社 (池田市),,default,手がかり無し
五風荘,,default,手がかり無し
今城塚古墳,,name_light,古墳
今宮戎神社,,osm_feature,historic=memorial
伏尾温泉,じっくり,name_heavy,温泉
住之江公園,,name_light,公園
住友生命いずみホール,じっくり,name_heavy,ホール
住吉の御田植,,default,手がかり無し
住吉公園,,name_light,公園
住吉反橋,,name_light,橋
住吉大社,,default,手がかり無し
全興寺,,osm_feature,historic=memorial
八尾市文化会館,,default,手がかり無し
八軒家船着場,,osm_feature,historic=memorial
勝尾寺,,default,手がかり無し
勝鬘院,,default,手がかり無し
北新地,,default,手がかり無し
千早城,じっくり,name_heavy,城
南宗寺,,default,手がかり無し
叡福寺,,default,手がかり無し
口縄坂,,default,手がかり無し
司馬遼太郎記念館,じっくり,name_heavy,記念館
吉祥寺 (大阪市天王寺区),,default,手がかり無し
呉服神社,,osm_feature,historic=memorial
咲くやこの花館,じっくり,category,美術館博物館
四天王寺,じっくり,wikipedia_fee,料金の記述あり
四條畷神社,,osm_feature,historic=memorial
国立国際美術館,じっくり,name_heavy,美術館
国立文楽劇場,じっくり,name_heavy,劇場
国立民族学博物館,じっくり,name_heavy,博物館
土塔,,default,手がかり無し
垂水神社 (吹田市),,default,手がかり無し
城北公園,,name_light,公園
城跡公園 (高槻市),,name_light,公園 
堀江 (大阪市),,default,手がかり無し
堀越神社,,osm_feature,historic=memorial
堂島アバンザ,,default,手がかり無し
堂島リバーフォーラム,,default,手がかり無し
堺・緑のミュージアム ハーベストの丘,じっくり,name_heavy,ミュージアム
堺市博物館,じっくり,name_heavy,博物館
堺市役所,,default,手がかり無し
堺市教育文化センター,,default,手がかり無し
堺市立ビッグバン,,default,手がかり無し
多治速比売神社,,default,手がかり無し
大仙公園,,name_light,公園
大仙陵古墳,,name_light,古墳
大坂城,じっくり,name_heavy,城
大念仏寺,,default,手がかり無し
大木地区 (泉佐野市),,default,手がかり無し
大泉緑地,,name_light,緑地
大浜公園 (堺市),,name_light,公園 
大聖観音寺,,default,手がかり無し
大阪くらしの今昔館,じっくり,category,美術館博物館
大阪コリアタウン,,default,手がかり無し
大阪シティエアターミナル,,default,手がかり無し
大阪ステーションシティ,,default,手がかり無し
大阪ドーム,じっくり,osm_feature,tourism=hotel
大阪ビジネスパーク,じっくり,name_heavy,スパ
大阪プール,,default,手がかり無し
大阪ベイタワー,じっくり,name_heavy,タワー
大阪マーチャンダイズ・マートビル,,default,手がかり無し
大阪倶楽部,,default,手がかり無し
大阪公立大学附属植物園,じっくり,name_heavy,植物園
大阪取引所,,default,手がかり無し
大阪四季劇場,じっくり,name_heavy,劇場
大阪国際平和センター,じっくり,osm_feature,tourism=museum
大阪国際空港,,name_light,港
大阪城ホール,じっくり,name_heavy,ホール
大阪城公園,,name_light,公園
大阪城音楽堂,,default,手がかり無し
大阪大学総合学術博物館,じっくり,name_heavy,博物館
大阪天満宮,,default,手がかり無し
大阪市中央公会堂,,default,手がかり無し
大阪市公館,,default,手がかり無し
大阪市立中央図書館,,default,手がかり無し
大阪市立東洋陶磁美術館,じっくり,name_heavy,美術館
大阪市立科学館,じっくり,name_heavy,科学館
大阪市立美術館,じっくり,name_heavy,美術館
大阪市立自然史博物館,じっくり,name_heavy,博物館
大阪市立長居植物園,じっくり,name_heavy,植物園
大阪広域環境施設組合舞洲工場,,default,手がかり無し
大阪府咲洲庁舎,じっくり,wikipedia_fee,料金の記述あり
大阪府立中之島図書館,,default,手がかり無し
大阪府立中央図書館,,default,手がかり無し
大阪府立体育会館,,default,手がかり無し
大阪府立北摂自然公園,,name_light,公園
大阪府立国際会議場,,default,手がかり無し
大阪府立狭山池博物館,じっくり,name_heavy,博物館
大阪府立近つ飛鳥博物館,じっくり,name_heavy,博物館
大阪府立門真スポーツセンター,,default,手がかり無し
大阪松竹座,,default,手がかり無し
大阪歴史博物館,じっくり,name_heavy,博物館
大阪科学技術館,じっくり,category,美術館博物館
大阪駅,,name_light,駅
大鳥大社,,osm_feature,historic=memorial
大黒寺 (羽曳野市),,default,手がかり無し
天保山,じっくり,name_heavy,山
天保山大観覧車,,default,手がかり無し
天満天神繁昌亭,,default,手がかり無し
天王寺ミオ,,default,手がかり無し
天王寺公園,じっくり,wikipedia_fee,料金の記述あり
天王寺動物園,じっくり,name_heavy,動物園
天神橋 (大阪市),,default,手がかり無し
太融寺,,osm_feature,historic=memorial
太陽の塔,じっくり,wikipedia_fee,料金の記述あり
奥水間温泉,じっくり,name_heavy,温泉
奥河内くろまろの郷,,default,手がかり無し
妙国寺,,default,手がかり無し
孝恩寺,,default,手がかり無し
安居神社,,default,手がかり無し
安満遺跡公園,,name_light,公園
安藤百福発明記念館 大阪池田,じっくり,name_heavy,記念館
宗右衛門町,,default,手がかり無し
家原寺,,default,手がかり無し
寂光寺 (大阪市),,default,手がかり無し
富田林市農業公園,じっくり,wikipedia_fee,料金の記述あり
寝屋川公園,,name_light,公園
小楠公御墓所,,default,手がかり無し
少彦名神社 (大阪市),,default,手がかり無し
山口家住宅 (堺市),じっくり,wikipedia_fee,料金の記述あり
山崎蒸溜所,,default,手がかり無し
山田池公園,,name_light,公園
岩湧寺,,default,手がかり無し
岩湧山,じっくり,name_heavy,山
岸和田カンカンベイサイドモール,,default,手がかり無し
岸和田城,じっくり,name_heavy,城
岸和田市立浪切ホール,じっくり,name_heavy,ホール
崇禅寺 (大阪市),,default,手がかり無し
市立吹田サッカースタジアム,,default,手がかり無し
延命寺 (河内長野市),,default,手がかり無し
弘川寺,,default,手がかり無し
御霊神社 (大阪市),,default,手がかり無し
心斎橋筋商店街,,name_light,商店街
心眼寺,,default,手がかり無し
慈眼寺 (大東市),,default,手がかり無し
慈眼院,,default,手がかり無し
慶沢園,,default,手がかり無し
戎橋,,name_light,橋
成田山大阪別院明王院,,default,手がかり無し
扇町公園,,name_light,公園
摂津峡,じっくり,name_heavy,峡
摂津峡温泉,じっくり,name_heavy,温泉
新世界 (大阪),,default,手がかり無し
新世界ZAZA,,default,手がかり無し
新井ビル,,default,手がかり無し
新大阪センイシティー,,default,手がかり無し
新大阪駅,,name_light,駅
新幹線公園,,name_light,公園
新歌舞伎座 (大阪),,default,手がかり無し
方違神社,,default,手がかり無し
施福寺,,osm_feature,historic=memorial
日本庭園 (万博記念公園),,osm_feature,tourism=artwork
日本橋 (大阪市),,default,手がかり無し
日本民家集落博物館,じっくり,name_heavy,博物館
日本銀行大阪支店,,default,手がかり無し
旧堺燈台,,osm_feature,man_made=lighthouse
旧杉山家住宅,じっくり,wikipedia_fee,料金の記述あり
旧淀川,,default,手がかり無し
明治の森箕面国定公園,,name_light,公園
普門寺 (高槻市),,default,手がかり無し
服部緑地,,name_light,緑地
杭全神社,,default,手がかり無し
東大阪市花園ラグビー場,,default,手がかり無し
東宝南街ビル,,default,手がかり無し
松下IMPビル,,default,手がかり無し
松尾寺 (和泉市),,default,手がかり無し
枚岡公園,,name_light,公園
枚岡神社,,default,手がかり無し
枚方T-SITE,,default,手がかり無し
柏原市立玉手山公園,,name_light,公園
桜の通り抜け (大阪造幣局),,default,手がかり無し
桜之宮公園,,name_light,公園
桜井神社 (堺市),,default,手がかり無し
梅田スカイビル,,default,手がかり無し
梅田センタービル,,default,手がかり無し
梅田芸術劇場,じっくり,name_heavy,劇場
森ノ宮ピロティホール,じっくり,name_heavy,ホール
正木美術館,じっくり,name_heavy,美術館
水晶橋,,name_light,橋
水月公園,,name_light,公園
水無瀬神宮,,osm_feature,historic=memorial
水間寺,,default,手がかり無し
池上曽根遺跡,,name_light,跡
池田城跡公園,,name_light,公園
池田市立五月山動物園,じっくり,name_heavy,動物園
河合寺,,default,手がかり無し
泉南市農業公園,じっくり,wikipedia_fee,料金の記述あり
泉穴師神社,,default,手がかり無し
法善寺,,default,手がかり無し
浜寺公園,,name_light,公園
浜寺公園駅,,name_light,駅
海遊館,じっくり,category,美術館博物館
淀屋橋,,name_light,橋
淀屋橋odona,,default,手がかり無し
淡輪海水浴場,,default,手がかり無し
深北緑地,,name_light,緑地
深山 (大阪府・京都府),,default,手がかり無し
清学院,じっくり,osm_feature,tourism=museum
湊町リバープレイス,,osm_feature,tourism=viewpoint
滝畑ダム,,name_light,ダム
瀧谷不動明王寺,,default,手がかり無し
牛滝温泉,じっくり,name_heavy,温泉
犬鳴山温泉,じっくり,name_heavy,温泉
玉造稲荷神社,,osm_feature,historic=memorial
王仁公園,,name_light,公園
生國魂神社,,osm_feature,historic=memorial
白鷺公園 (堺市),,name_light,公園 
百済寺 (枚方市),,default,手がかり無し
百舌鳥八幡宮,,default,手がかり無し
百舌鳥古墳群,,name_light,古墳
石切剣箭神社,,default,手がかり無し
石切温泉,じっくり,name_heavy,温泉
磐船神社 (交野市),,default,手がかり無し
神峯山寺,,default,手がかり無し
空堀商店街,,name_light,商店街
竜王山 (能勢町),,default,手がかり無し
箕面公園昆虫館,じっくり,name_heavy,昆虫館
箕面山,じっくり,name_heavy,山
箕面温泉,じっくり,name_heavy,温泉
箕面滝,,name_light,滝
箱作海水浴場,,default,手がかり無し
築港赤レンガ倉庫,,default,手がかり無し
素盞嗚尊神社 (吹田市),,default,手がかり無し
総持寺 (茨木市),,default,手がかり無し
肥後橋,,name_light,橋
能勢妙見山 (日蓮宗),,default,手がかり無し
船場センタービル,,default,手がかり無し
花博記念公園鶴見緑地,,name_light,緑地
花園中央公園,,name_light,公園
若山神社,,default,手がかり無し
茨木春日丘教会,,default,手がかり無し
茨木神社,,osm_feature,historic=memorial
菅原神社 (堺市),,default,手がかり無し
葛井寺,,osm_feature,historic=memorial
藤田美術館,じっくり,name_heavy,美術館
蛸地蔵駅,,name_light,駅
西福寺 (和泉市),,default,手がかり無し
観心寺,,default,手がかり無し
誉田御廟山古墳,,name_light,古墳
豊國神社 (大阪市),,default,手がかり無し
近鉄百貨店,,default,手がかり無し
通天閣,じっくり,wikipedia_fee,料金の記述あり
造幣博物館,じっくり,name_heavy,博物館
逸翁美術館,じっくり,name_heavy,美術館
道の駅とっとパーク小島,,name_light,道の駅
道の駅能勢（くりの郷）,,name_light,道の駅
道明寺 (藤井寺市),,default,手がかり無し
道明寺天満宮,,default,手がかり無し
道頓堀,じっくり,osm_feature,tourism=theme_park
適塾,,default,手がかり無し
野中寺,,default,手がかり無し
野見神社 (高槻市),,default,手がかり無し
野里住吉神社,,default,手がかり無し
野間の大ケヤキ,,default,手がかり無し
金剛寺 (河内長野市),,default,手がかり無し
金剛生駒紀泉国定公園,,name_light,公園
錦織公園,,name_light,公園
錦織神社,,default,手がかり無し
長居公園,,name_light,公園
長居球技場,,default,手がかり無し
長居陸上競技場,,default,手がかり無し
長野温泉,じっくり,name_heavy,温泉
関西サイクルスポーツセンター,じっくり,wikipedia_fee,料金の記述あり
関西国際空港,,name_light,港
阪急三番街,,default,手がかり無し
阪急百貨店うめだ本店,,default,手がかり無し
難波八阪神社,,default,手がかり無し
難波神社,,osm_feature,historic=memorial
露天神社,,default,手がかり無し
靱公園,,name_light,公園
飯盛山 (生駒山地),,osm_feature,natural=peak
高槻城,じっくり,name_heavy,城
高槻市立歴史民俗資料館,じっくり,name_heavy,資料館
高津宮,,default,手がかり無し
高貴寺,,default,手がかり無し
鵜殿のヨシ原,,default,手がかり無し
黒姫山古墳,,name_light,古墳
黒門市場,,default,手がかり無し
龍泉寺 (富田林市),,default,手がかり無し
HAT神戸,,default,手がかり無し
KOBEとんぼ玉ミュージアム,じっくり,name_heavy,ミュージアム
NESTA RESORT KOBE,,default,手がかり無し
ROKKO森の音ミュージアム,じっくり,name_heavy,ミュージアム
SPring-8,,default,手がかり無し
UCCコーヒー博物館,じっくり,name_heavy,博物館
あいあいパーク,,osm_feature,leisure=park
あいおい白龍城,じっくり,name_heavy,城
あさご芸術の森,じっくり,osm_feature,tourism=museum
うすくち龍野醤油資料館,じっくり,name_heavy,資料館
うろこの家・うろこ美術館,じっくり,name_heavy,美術館
おじろん,,default,手がかり無し
おじろスキー場,じっくり,name_heavy,スキー場
かさがた温泉せせらぎの湯,じっくり,name_heavy,温泉
こんだ薬師温泉,じっくり,name_heavy,温泉
しあわせの村,,default,手がかり無し
はさかり岩,,default,手がかり無し
よふど温泉,じっくり,name_heavy,温泉
アクア東条,じっくり,category,美術館博物館
アップかんなべスキー場,じっくり,name_heavy,スキー場
イーグレひめじ,,default,手がかり無し
ウェルネスパーク五色・高田屋嘉兵衛公園,,name_light,公園
キッザニア甲子園,,default,手がかり無し
スカイバレイスキー場,じっくり,name_heavy,スキー場
ハチ高原スキー場,じっくり,name_heavy,スキー場
ピオレ明石,,default,手がかり無し
ポートアイランド,じっくり,name_heavy,ランド
ムーセ旧居,,default,手がかり無し
メリケンパーク,,default,手がかり無し
ユニトピアささやま,,default,手がかり無し
ヨーデルの森,じっくり,osm_feature,tourism=theme_park
ラベンダーパーク多可,,default,手がかり無し
ワールド記念ホール,じっくり,name_heavy,ホール
一乗寺,,default,手がかり無し
一宮神社 (神戸市),,osm_feature,historic=memorial
一庫ダム,,name_light,ダム
三井アウトレットパーク マリンピア神戸,,default,手がかり無し
三木サービスエリア,,default,手がかり無し
三木ホースランドパーク,,default,手がかり無し
三田市ガラス工芸館,じっくり,wikipedia_fee,料金の記述あり
上坂部西公園,,name_light,公園
上月城,じっくり,name_heavy,城
与位の洞門,,name_light,門
世界の貯金箱博物館,じっくり,name_heavy,博物館
中山寺 (宝塚市),,default,手がかり無し
丹波市立スポーツピアいちじま,,default,手がかり無し
丹波市立春日歴史民俗資料館,じっくり,name_heavy,資料館
丹波市立柏原歴史民俗資料館,じっくり,name_heavy,資料館
丹波市立植野記念美術館,じっくり,name_heavy,美術館
丹波竜の里公園,,name_light,公園
丹波篠山市福住伝統的建造物群保存地区,,default,手がかり無し
丹波篠山市篠山伝統的建造物群保存地区,,default,手がかり無し
二宮神社 (神戸市),,default,手がかり無し
五色塚古墳,,name_light,古墳
京都丹波高原国定公園,,name_light,公園
人と防災未来センター,じっくり,osm_feature,tourism=museum
伊丹スカイパーク,,osm_feature,leisure=park
伊丹スポーツセンター,,default,手がかり無し
伊丹城,じっくり,name_heavy,城
伊丹市昆虫館,じっくり,name_heavy,昆虫館
伊丹市立こども文化科学館,じっくり,name_heavy,科学館
伊和神社,,default,手がかり無し
伊和都比売神社,,default,手がかり無し
伊弉諾神宮,,osm_feature,historic=memorial
但馬山岳県立自然公園,,name_light,公園
但馬御火浦,,default,手がかり無し
但馬高原植物園,じっくり,name_heavy,植物園
住吉川 (兵庫県),,default,手がかり無し
住吉神社 (加西市),,default,手がかり無し
住吉神社 (明石市),,default,手がかり無し
余部橋梁,,name_light,橋梁
元町 (神戸市),,default,手がかり無し
先山,じっくり,name_heavy,山
八上城,じっくり,name_heavy,城
八浄寺,,default,手がかり無し
六孫王神社,,default,手がかり無し
六甲ガーデンテラス,,osm_feature,amenity=parking
六甲山,じっくり,name_heavy,山
六甲有馬ロープウェー,,default,手がかり無し
六甲高山植物園,じっくり,name_heavy,植物園
兵庫県公館,,default,手がかり無し
兵庫県立あわじ花さじき,じっくり,osm_feature,tourism=theme_park
兵庫県立コウノトリの郷公園,,name_light,公園
兵庫県立フラワーセンター,じっくり,category,美術館博物館
兵庫県立一庫公園,,name_light,公園
兵庫県立三木山森林公園,,name_light,公園
兵庫県立丹波年輪の里,,default,手がかり無し
兵庫県立人と自然の博物館,じっくり,name_heavy,博物館
兵庫県立但馬牧場公園,,name_light,公園
兵庫県立円山川公苑,じっくり,osm_feature,tourism=museum
兵庫県立宝塚西谷の森公園,,name_light,公園
兵庫県立播磨中央公園,,name_light,公園
兵庫県立明石公園,じっくり,wikipedia_fee,料金の記述あり
兵庫県立有馬富士公園,,name_light,公園
兵庫県立木の殿堂,じっくり,category,美術館博物館
兵庫県立歴史博物館,じっくり,name_heavy,博物館
兵庫県立淡路夢舞台温室あわじグリーン館,じっくり,category,美術館博物館
兵庫県立淡路島公園,,name_light,公園
兵庫県立淡路香りの公園,,name_light,公園
兵庫県立甲山森林公園,,name_light,公園
兵庫県立美術館,じっくり,name_heavy,美術館
兵庫県立芸術文化センター,,default,手がかり無し
兵庫県立西はりま天文台,じっくり,osm_feature,tourism=theme_park
兵庫県立西はりま天文台公園,,name_light,公園
兵庫県立赤穂海浜公園,,name_light,公園
兵庫陶芸美術館,じっくり,name_heavy,美術館
円通寺 (丹波市),,default,手がかり無し
円通寺 (豊岡市),,default,手がかり無し
再度公園,,name_light,公園
再度山,じっくり,name_heavy,山
出石,,default,手がかり無し
出石城,じっくり,name_heavy,城
出石糸井県立自然公園,,name_light,公園
利神城,じっくり,name_heavy,城
加古川温泉,じっくり,name_heavy,温泉
加東市滝野交流保養館,,default,手がかり無し
北前館,じっくり,category,美術館博物館
北山緑化植物園,じっくり,name_heavy,植物園
北条鉄道,,default,手がかり無し
北淡県民サンビーチ,,default,手がかり無し
北野工房のまち,じっくり,name_heavy,工房
北野町山本通,,default,手がかり無し
南京町 (神戸市),,default,手がかり無し
原不動滝,,name_light,滝
吉川温泉,じっくり,name_heavy,温泉
吹き戻しの里,じっくり,wikipedia_fee,料金の記述あり
国営明石海峡公園,,name_light,公園
園田競馬場,じっくり,wikipedia_fee,料金の記述あり
圓教寺 (姫路市),,default,手がかり無し
坂越,,default,手がかり無し
城崎マリンワールド,じっくり,name_heavy,ワールド
城崎ロープウェイ,じっくり,category,温泉
城崎文芸館,じっくり,category,美術館博物館
城崎温泉,じっくり,name_heavy,温泉
夙川河川敷緑地,,name_light,緑地
多可町余暇村公園,,name_light,公園
多田神社,,default,手がかり無し
多紀連山県立自然公園,,name_light,公園
多賀の浜海水浴場,,default,手がかり無し
夢千代館,じっくり,category,美術館博物館
大中遺跡,,name_light,跡
大乗寺 (兵庫県香美町),じっくり,wikipedia_fee,料金の記述あり
大倉山 (神戸市),,default,手がかり無し
大宮八幡宮 (三木市),,default,手がかり無し
大屋町大杉,,default,手がかり無し
大正ロマン館 (丹波篠山市),,default,手がかり無し
大浜海岸 (洲本市),,default,手がかり無し
大蔵海岸,,default,手がかり無し
大避神社,,default,手がかり無し
大野山 (兵庫県),,osm_feature,natural=peak
大鳴門橋,,name_light,橋
天満神社 (神戸市中央区),,default,手がかり無し
天滝渓谷,じっくり,name_heavy,渓谷
太山寺 (神戸市),じっくり,wikipedia_fee,料金の記述あり
太山寺安養院庭園,,default,手がかり無し
太山寺温泉,じっくり,name_heavy,温泉
太閤の湯,じっくり,name_heavy,湯
太陽公園,じっくり,wikipedia_fee,料金の記述あり
奥神鍋スキー場,じっくり,name_heavy,スキー場
好古園,,osm_feature,historic=memorial
妙見山 (大阪府・兵庫県),,default,手がかり無し
妙見山 (養父市・香美町),,osm_feature,natural=peak
姫路セントラルパーク,じっくり,category,美術館博物館
姫路公園,,name_light,公園
姫路城,じっくり,name_heavy,城
姫路市立動物園,じっくり,name_heavy,動物園
姫路市立水族館,じっくり,name_heavy,水族館
姫路市立美術館,じっくり,name_heavy,美術館
姫路文学館,じっくり,name_heavy,文学館
姫路科学館,じっくり,name_heavy,科学館
姫路駅,,name_light,駅
安国寺 (加東市),,default,手がかり無し
安国寺 (豊岡市),,default,手がかり無し
安楽寺 (加古川市),,default,手がかり無し
宗佐厄神八幡神社,,default,手がかり無し
宝塚ゴルフ倶楽部,じっくり,name_heavy,ゴルフ
宝塚大劇場,じっくり,name_heavy,劇場
宝塚市立手塚治虫記念館,じっくり,name_heavy,記念館
宝塚温泉,じっくり,name_heavy,温泉
室津,じっくり,osm_feature,tourism=museum
寺町 (尼崎市),,default,手がかり無し
小代区,,default,手がかり無し
小浜宿,,default,手がかり無し
小赤壁,,default,手がかり無し
小野市立ひまわりの丘公園,,name_light,公園
小金ヶ嶽,,osm_feature,natural=peak
尼崎スポーツの森,,default,手がかり無し
尼崎城,じっくり,name_heavy,城
尼崎市総合文化センター,,default,手がかり無し
川代公園,,name_light,公園
布引の滝 (兵庫県),,default,手がかり無し
布引ハーブ園,じっくり,category,美術館博物館
平池公園,,name_light,公園
廣田神社,,osm_feature,historic=memorial
弁天島 (南あわじ市),,default,手がかり無し
弓弦羽神社,,default,手がかり無し
御崎公園球技場,,default,手がかり無し
御霊神社 (三田市),,default,手がかり無し
慶野松原,,osm_feature,leisure=park
成ヶ島,,default,手がかり無し
手柄山温室植物園,じっくり,name_heavy,植物園
掬星台,,osm_feature,tourism=viewpoint
摩耶ロープウェー,,default,手がかり無し
摩耶山,じっくり,name_heavy,山
播磨中部丘陵県立自然公園,,name_light,公園
新舞子海水浴場,,default,手がかり無し
新西宮ヨットハーバー,,default,手がかり無し
日岡山公園,,name_light,公園
日岡神社,,default,手がかり無し
日本へそ公園,じっくり,wikipedia_fee,料金の記述あり
日本玩具博物館,じっくり,name_heavy,博物館
旧シャープ住宅,,default,手がかり無し
旧大岡寺庭園,,default,手がかり無し
旧居留地38番館,,default,手がかり無し
旧山邑家住宅,,default,手がかり無し
旧氷上郡各町村組合立高等小学校,,default,手がかり無し
昆陽池公園,,name_light,公園
明石城,じっくり,name_heavy,城
明石市立天文科学館,じっくり,name_heavy,科学館
明石海峡大橋,,name_light,大橋
春日総合運動公園野球場,,osm_feature,leisure=park
書写山,じっくり,name_heavy,山
書写山ロープウェイ,,default,手がかり無し
曽根天満宮,,default,手がかり無し
有馬温泉,じっくり,name_heavy,温泉
朝光寺,じっくり,wikipedia_fee,料金の記述あり
朝来群山県立自然公園,,name_light,公園
木の根橋,,name_light,橋
東光寺 (西宮市),,default,手がかり無し
東条湖,,osm_feature,amenity=parking
東浦サンパーク,じっくり,osm_feature,tourism=hotel
東遊園地,じっくり,name_heavy,遊園地
松帆崎,,name_light,崎
柏原八幡宮,,default,手がかり無し
柏原陣屋,じっくり,category,城
植村直己冒険館,じっくり,category,美術館博物館
極楽寺 (神戸市北区有馬町),,default,手がかり無し
極楽寺 (豊岡市),,default,手がかり無し
樽見の大ザクラ,,default,手がかり無し
正福寺 (兵庫県新温泉町),じっくり,name_heavy,温泉
武田尾温泉,じっくり,name_heavy,温泉
水分れ公園,,name_light,公園
水谷神社,,default,手がかり無し
氷ノ山,じっくり,name_heavy,山
氷ノ山国際スキー場,じっくり,name_heavy,スキー場
氷ノ山後山那岐山国定公園,,name_light,公園
永澤寺,,default,手がかり無し
河原町妻入商家群,じっくり,osm_feature,tourism=museum
沼島,,default,手がかり無し
洲本アルチザンスクエア,,default,手がかり無し
洲本城,じっくり,name_heavy,城
洲本温泉,じっくり,name_heavy,温泉
浄土寺 (小野市),,default,手がかり無し
浜坂温泉郷,じっくり,name_heavy,温泉
浜坂漁港,,name_light,漁港
浜坂県民サンビーチ,,default,手がかり無し
海の駅しおさい市場,,default,手がかり無し
淡路サービスエリア,,default,手がかり無し
淡路ファームパーク イングランドの丘,じっくり,osm_feature,tourism=zoo
淡路ワールドパークONOKORO,じっくり,osm_feature,tourism=theme_park
淡路夢舞台,,default,手がかり無し
清住コスモス園,,default,手がかり無し
清水寺 (加東市),,default,手がかり無し
清水東条湖立杭県立自然公園,,name_light,公園
清荒神清澄寺,,default,手がかり無し
温泉寺 (豊岡市),じっくり,name_heavy,温泉
湊川公園,,name_light,公園
湊川神社,,default,手がかり無し
湯村温泉 (兵庫県),じっくり,name_heavy,温泉
満願寺 (川西市),,default,手がかり無し
瀞川平,,default,手がかり無し
猪名川渓谷県立自然公園,,name_light,公園
猫崎,,name_light,崎
猿尾滝,,name_light,滝
玄武洞,じっくり,name_heavy,洞
瑞宝寺公園,,name_light,公園
生田神社,,osm_feature,historic=memorial
生石神社,,default,手がかり無し
生野銀山,じっくり,name_heavy,山
田淵氏庭園,,default,手がかり無し
甲子園歴史館,じっくり,category,美術館博物館
甲山,じっくり,name_heavy,山
白毫寺 (丹波市),,default,手がかり無し
白雲谷温泉,じっくり,name_heavy,温泉
白鶴酒造資料館,じっくり,name_heavy,資料館
相楽園,,default,手がかり無し
真光寺 (神戸市),,default,手がかり無し
石ケ谷公園,,name_light,公園
石龕寺,,default,手がかり無し
砥峰高原,じっくり,name_heavy,高原
神子畑選鉱所,,default,手がかり無し
神戸どうぶつ王国,じっくり,category,美術館博物館
神戸アンパンマンこどもミュージアム&モール,じっくり,name_heavy,ミュージアム
神戸ハーバーランド,じっくり,name_heavy,ランド
神戸ファッションプラザ,じっくり,category,美術館博物館
神戸ファッション美術館,じっくり,name_heavy,美術館
神戸ポートタワー,じっくり,name_heavy,タワー
神戸ルミナリエ,,default,手がかり無し
神戸三田プレミアム・アウトレット,,default,手がかり無し
神戸六甲鉄道六甲ケーブル線,,osm_feature,historic=memorial
神戸国際交流会館,,default,手がかり無し
神戸国際会館,,default,手がかり無し
神戸国際展示場,,default,手がかり無し
神戸市役所,,default,手がかり無し
神戸市立六甲山牧場,じっくり,name_heavy,牧場
神戸市立博物館,じっくり,name_heavy,博物館
神戸市立外国人墓地,,default,手がかり無し
神戸市立太閤の湯殿館,じっくり,category,美術館博物館
神戸市立小磯記念美術館,じっくり,name_heavy,美術館
神戸市立森林植物園,じっくり,name_heavy,植物園
神戸市立王子動物園,じっくり,name_heavy,動物園
神戸市立農業公園,,name_light,公園
神戸市立青少年科学館,じっくり,name_heavy,科学館
神戸市風見鶏の館,,default,手がかり無し
神戸布引ロープウェイ,,default,手がかり無し
神戸文化ホール,じっくり,name_heavy,ホール
神戸海洋博物館,じっくり,name_heavy,博物館
神戸港,,name_light,港
神戸総合運動公園,,name_light,公園
神戸酒心館,じっくり,osm_feature,tourism=museum
神戸須磨シーワールド,じっくり,name_heavy,ワールド
神鍋温泉,じっくり,name_heavy,温泉
神鍋高原,じっくり,name_heavy,高原
立川水仙郷,,osm_feature,historic=memorial
立杭陶の郷,じっくり,wikipedia_fee,料金の記述あり
立雲峡,じっくり,name_heavy,峡
竹中大工道具館,じっくり,category,美術館博物館
竹田城,じっくり,name_heavy,城
竹野浜,,default,手がかり無し
竹野海岸,,default,手がかり無し
笠形山千ヶ峰県立自然公園,,name_light,公園
篠山城,じっくり,name_heavy,城
絵島 (淡路市),,default,手がかり無し
綾部山,じっくり,name_heavy,山
羅漢の里,じっくり,osm_feature,tourism=camp_site
自凝島神社,,default,手がかり無し
興禅寺 (丹波市),,default,手がかり無し
舞子公園,,name_light,公園
舞子海水浴場,,default,手がかり無し
芦屋公園,,name_light,公園
芦屋市立美術博物館,じっくり,name_heavy,博物館
芦屋市谷崎潤一郎記念館,じっくり,name_heavy,記念館
花岳寺,じっくり,wikipedia_fee,料金の記述あり
花時計 (神戸市),,default,手がかり無し
荒牧バラ公園,,name_light,公園
菊正宗酒造記念館,じっくり,name_heavy,記念館
菩提寺 (三田市),,default,手がかり無し
薬師院 (明石市),,default,手がかり無し
西宮市大谷記念美術館,じっくり,name_heavy,美術館
西宮市貝類館,じっくり,category,美術館博物館
西宮神社,,osm_feature,historic=memorial
西播丘陵県立自然公園,,name_light,公園
西武庫公園,,name_light,公園
観音寺 (豊岡市),,default,手がかり無し
護国寺 (南あわじ市),,default,手がかり無し
賀茂神社 (たつの市),,default,手がかり無し
赤穂城,じっくり,name_heavy,城
赤穂市立歴史博物館,じっくり,name_heavy,博物館
赤穂市立海洋科学館,じっくり,name_heavy,科学館
赤穂御崎温泉,じっくり,name_heavy,温泉
辰鼓楼,,default,手がかり無し
道の駅あおがき,,name_light,道の駅
道の駅あさご,,name_light,道の駅
道の駅あまるべ,,name_light,道の駅
道の駅あわじ,,name_light,道の駅
道の駅いながわ,,name_light,道の駅
道の駅うずしお,,name_light,道の駅
道の駅とうじょう,,name_light,道の駅
道の駅みき,,name_light,道の駅
道の駅みつ,,name_light,道の駅
道の駅やぶ,,name_light,道の駅
道の駅ようか但馬蔵,,name_light,道の駅
道の駅ハチ北,,name_light,道の駅
道の駅丹波おばあちゃんの里,,name_light,道の駅
道の駅但馬楽座,,name_light,道の駅
道の駅東浦ターミナルパーク,,name_light,道の駅
道の駅神戸フルーツ・フラワーパーク大沢,,name_light,道の駅
達身寺,,default,手がかり無し
野島断層,じっくり,osm_feature,tourism=museum
金の湯,じっくり,name_heavy,湯
鉢伏山 (香美町),,osm_feature,natural=peak
鉢伏高原,じっくり,name_heavy,高原
銀の湯,じっくり,name_heavy,湯
長楽寺 (兵庫県香美町),,default,手がかり無し
長田神社,,default,手がかり無し
長遠寺 (尼崎市),,default,手がかり無し
関帝廟 (神戸市),,default,手がかり無し
関西学院大学,,default,手がかり無し
阪急西宮ガーデンズ,,default,手がかり無し
阪神甲子園球場,,default,手がかり無し
阿瀬渓谷,じっくり,name_heavy,渓谷
難波宮,,default,手がかり無し
雪彦山,じっくり,name_heavy,山
雪彦峰山県立自然公園,,name_light,公園
音水ちくさ県立自然公園,,name_light,公園
須磨寺,じっくり,wikipedia_fee,料金の記述あり
須磨浦公園,,name_light,公園
須磨浦山上遊園,じっくり,category,美術館博物館
須磨海水浴場,,default,手がかり無し
須磨離宮公園,じっくり,wikipedia_fee,料金の記述あり
香住海岸,,default,手がかり無し
高山寺 (丹波市),,default,手がかり無し
高御位山,じっくり,name_heavy,山
高源寺 (丹波市),,default,手がかり無し
高砂海浜公園,,name_light,公園
高砂神社,,default,手がかり無し
鶴林寺 (加古川市),じっくり,wikipedia_fee,料金の記述あり
鹿ヶ壺,,default,手がかり無し
鹿嶋神社 (高砂市),,default,手がかり無し
黒井城,じっくり,name_heavy,城
黒川温泉 (兵庫県),じっくり,name_heavy,温泉
龍野公園,,name_light,公園
龍野城,じっくり,name_heavy,城
龍野西サービスエリア,,default,手がかり無し
うだ・アニマルパーク,じっくり,category,美術館博物館
おふさ観音,,osm_feature,historic=memorial
かもきみの湯,じっくり,name_heavy,湯
かりがね橋,,name_light,橋
ならまち,じっくり,osm_feature,tourism=museum
ならファミリー,,osm_feature,amenity=parking
イオンモール大和郡山,じっくり,name_heavy,山
キトラ古墳,,name_light,古墳
三峰山 (三重県・奈良県),,osm_feature,natural=peak
三輪山,じっくり,name_heavy,山
不動七重の滝,,name_light,滝
世尊寺 (奈良県大淀町),,default,手がかり無し
中宮寺,,default,手がかり無し
丹生川上神社,,default,手がかり無し
丹生川上神社上社,,default,手がかり無し
丹生川上神社下社,,default,手がかり無し
九品寺 (御所市),,default,手がかり無し
亀石,,default,手がかり無し
二上山 (奈良県・大阪府),,osm_feature,natural=peak
五條新町,,default,手がかり無し
今井町,,default,手がかり無し
今西家住宅,,default,手がかり無し
依水園,,osm_feature,historic=memorial
信貴山,じっくり,name_heavy,山
元興寺,,default,手がかり無し
入之波温泉,じっくり,name_heavy,温泉
入江泰吉記念奈良市写真美術館,じっくり,name_heavy,美術館
円成寺 (奈良市),じっくり,wikipedia_fee,料金の記述あり
十津川温泉,じっくり,name_heavy,温泉
十輪院,,default,手がかり無し
南法華寺,,default,手がかり無し
又兵衛桜,,default,手がかり無し
双門の滝,,name_light,滝
吉城園,じっくり,wikipedia_fee,料金の記述あり
吉水神社,,default,手がかり無し
吉野ロープウェイ,,default,手がかり無し
吉野山,じっくり,name_heavy,山
吉野水分神社,,default,手がかり無し
吉野熊野国立公園,,name_light,公園
吉野神宮,,default,手がかり無し
唐古・鍵遺跡,,name_light,跡
唐招提寺,,default,手がかり無し
喜光寺,,default,手がかり無し
国営飛鳥歴史公園,じっくり,wikipedia_fee,料金の記述あり
大台ヶ原山,じっくり,name_heavy,山
大和三山,じっくり,name_heavy,山
大和文華館,じっくり,category,美術館博物館
大和神社,,default,手がかり無し
大和葛城山,じっくり,name_heavy,山
大和青垣国定公園,,name_light,公園
大安寺,,default,手がかり無し
大峯奥駈道,,default,手がかり無し
大峯山寺,,default,手がかり無し
大峰山,じっくり,name_heavy,山
大神神社,,osm_feature,historic=memorial
大野寺,,default,手がかり無し
天河大弁財天社,じっくり,wikipedia_fee,料金の記述あり
天香久山,じっくり,name_heavy,山
奈良公園,,name_light,公園
奈良国立博物館,じっくり,name_heavy,博物館
奈良女子大学,,default,手がかり無し
奈良町資料館,じっくり,name_heavy,資料館
奈良盆地,,default,手がかり無し
奈良県立万葉文化館,じっくり,category,美術館博物館
奈良県立橿原公苑,,default,手がかり無し
奈良県立橿原考古学研究所,じっくり,osm_feature,tourism=museum
奈良県立民俗博物館,じっくり,name_heavy,博物館
奈良県立美術館,じっくり,name_heavy,美術館
宇太水分神社,,default,手がかり無し
安倍文殊院,じっくり,wikipedia_fee,料金の記述あり
宝山寺,,default,手がかり無し
室生寺,じっくり,wikipedia_fee,料金の記述あり
寧楽美術館,じっくり,name_heavy,美術館
屯鶴峯,,osm_feature,natural=peak
山田寺,,default,手がかり無し
岡寺,,default,手がかり無し
島の山古墳,,name_light,古墳
巣山古墳,,name_light,古墳
帯解寺,,default,手がかり無し
平城京左京三条二坊宮跡庭園,,default,手がかり無し
平城宮,,default,手がかり無し
庚申堂 (奈良市),,default,手がかり無し
弁天座 (大和高田市),,default,手がかり無し
弥山 (奈良県),,default,手がかり無し
往馬坐伊古麻都比古神社,,default,手がかり無し
御霊神社 (奈良市),,default,手がかり無し
志賀直哉旧居 (奈良市高畑),じっくり,category,美術館博物館
慈光院,じっくり,wikipedia_fee,料金の記述あり
手向山八幡宮,,default,手がかり無し
文殊院西古墳,,name_light,古墳
新薬師寺,,default,手がかり無し
旧大乗院庭園,,default,手がかり無し
明神山 (奈良県),,osm_feature,natural=peak
春日大社,,default,手がかり無し
春日山原始林,,default,手がかり無し
暗峠,,osm_feature,historic=memorial
月ヶ瀬梅林,,default,手がかり無し
朝護孫子寺,,default,手がかり無し
本薬師寺,,default,手がかり無し
東大寺,,default,手がかり無し
東大寺二月堂,,default,手がかり無し
東大寺大仏殿,,default,手がかり無し
東大寺法華堂,,default,手がかり無し
松尾寺 (大和郡山市),じっくり,wikipedia_fee,料金の記述あり
松山 (宇陀市),,default,手がかり無し
栄山寺,,default,手がかり無し
橘寺,じっくり,wikipedia_fee,料金の記述あり
橿原市昆虫館,じっくり,name_heavy,昆虫館
橿原神宮,,osm_feature,historic=memorial
正倉院,,default,手がかり無し
氷室神社,,default,手がかり無し
氷室神社 (天理市),,default,手がかり無し
池原ダム,,name_light,ダム
法華寺,,default,手がかり無し
法起寺,,default,手がかり無し
法輪寺 (奈良県斑鳩町),,default,手がかり無し
法隆寺,,default,手がかり無し
法隆寺地域の仏教建造物,,default,手がかり無し
洞川温泉,じっくり,name_heavy,温泉
津風呂ダム,,name_light,ダム
海龍王寺,,default,手がかり無し
湯泉地温泉,じっくり,name_heavy,温泉
猿沢池,,default,手がかり無し
玉置山,じっくり,name_heavy,山
玉置神社,,default,手がかり無し
甘樫丘,,osm_feature,tourism=viewpoint
生駒山,じっくり,name_heavy,山
生駒山上遊園地,じっくり,name_heavy,遊園地
生駒山麓公園,,name_light,公園
畝傍山,じっくり,name_heavy,山
當麻寺,,default,手がかり無し
白山神社 (平群町),,default,手がかり無し
白毫寺,,default,手がかり無し
百済寺 (奈良県広陵町),,default,手がかり無し
矢田寺,,default,手がかり無し
石上神宮,,osm_feature,historic=memorial
石園座多久虫玉神社,,default,手がかり無し
石舞台古墳,,name_light,古墳
秋篠寺,,default,手がかり無し
称名寺 (奈良市),,default,手がかり無し
立里荒神社,,default,手がかり無し
竹林寺 (生駒市),,default,手がかり無し
笹の滝,,name_light,滝
箸墓古墳,,name_light,古墳
篠原踊,,default,手がかり無し
耳成山,じっくり,name_heavy,山
聖林寺,じっくり,wikipedia_fee,料金の記述あり
興福寺,,default,手がかり無し
般若寺,,default,手がかり無し
若草山,じっくり,name_heavy,山
葛城一言主神社,,default,手がかり無し
葛城市相撲館,じっくり,category,美術館博物館
薬師寺,,default,手がかり無し
藤原京,じっくり,osm_feature,tourism=museum
西大寺 (奈良市),じっくり,wikipedia_fee,料金の記述あり
談山神社,,default,手がかり無し
谷瀬の吊り橋,,name_light,橋
近鉄生駒鋼索線,,default,手がかり無し
道の駅ふたかみパーク當麻,,name_light,道の駅
道の駅十津川郷,,name_light,道の駅
道の駅吉野路 大塔,,name_light,道の駅
道の駅吉野路 大淀iセンター,,name_light,道の駅
道の駅吉野路 黒滝,,name_light,道の駅
道の駅宇陀路 大宇陀,,name_light,道の駅
道の駅杉の湯 川上,,name_light,道の駅
道の駅針T・R・S,,name_light,道の駅
達磨寺 (奈良県王寺町),,default,手がかり無し
郡山城 (大和国),じっくり,category,城
酒船石遺跡,,name_light,跡
金剛山 (金剛山地),,osm_feature,natural=peak
金峯山寺,,default,手がかり無し
金峯神社 (吉野町),,default,手がかり無し
長岳寺,,default,手がかり無し
長弓寺,,default,手がかり無し
長福寺 (生駒市),,default,手がかり無し
長谷寺,,default,手がかり無し
開運橋 (信貴山),,default,手がかり無し
霊山寺 (奈良市),,default,手がかり無し
頭塔,,default,手がかり無し
題目立,,default,手がかり無し
飛鳥坐神社,,default,手がかり無し
飛鳥寺,,default,手がかり無し
飛鳥資料館,じっくり,name_heavy,資料館
馬見丘陵公園,,name_light,公園
高取城,じっくり,name_heavy,城
高松塚古墳,,name_light,古墳
高田城 (大和国),じっくり,category,城
高見山,じっくり,name_heavy,山
鴨都波神社,,default,手がかり無し
黒添池,,osm_feature,natural=water
龍泉寺 (奈良県天川村),,default,手がかり無し
龍田大社,,osm_feature,historic=memorial
あらぎ島,,default,手がかり無し
かつらぎ西インターチェンジ,,default,手がかり無し
くじらの博物館,じっくり,name_heavy,博物館
くじら浜公園,,name_light,公園
すさみ町立エビとカニの水族館,じっくり,name_heavy,水族館
みさと天文台,じっくり,category,美術館博物館
アドベンチャーワールド,じっくり,name_heavy,ワールド
トルコ記念館,じっくり,name_heavy,記念館
フォルテワジマ,,default,手がかり無し
ポルトヨーロッパ,じっくり,osm_feature,tourism=theme_park
一乗院 (和歌山県高野町),,default,手がかり無し
三段壁,,default,手がかり無し
不老橋,,name_light,橋
中ノ島 (和歌山県),,default,手がかり無し
中辺路,,default,手がかり無し
串本応挙芦雪館,じっくり,category,美術館博物館
串本海中公園,,name_light,公園
丹生官省符神社,,osm_feature,historic=memorial
丹生都比売神社,,default,手がかり無し
京都大学フィールド科学教育研究センター瀬戸臨海実験所水族館,じっくり,name_heavy,水族館
伊太祁曽神社,,default,手がかり無し
伊太祈曽駅,,name_light,駅
佐藤春夫記念館,じっくり,name_heavy,記念館
加太淡嶋温泉,じっくり,name_heavy,温泉
勝浦漁港 (和歌山県),,name_light,漁港
千畳敷 (和歌山県),,default,手がかり無し
南方熊楠記念館,じっくり,name_heavy,記念館
南方熊楠顕彰館,じっくり,category,美術館博物館
南紀勝浦温泉,じっくり,name_heavy,温泉
南紀白浜温泉,じっくり,name_heavy,温泉
南部梅林,,default,手がかり無し
友ヶ島,,default,手がかり無し
古座川の一枚岩,,default,手がかり無し
和歌山マリーナシティ,,osm_feature,historic=memorial
和歌山城,じっくり,name_heavy,城
和歌山城公園動物園,じっくり,name_heavy,動物園
和歌山城西之丸庭園,,default,手がかり無し
和歌山県世界遺産センター,,default,手がかり無し
和歌山県植物公園緑花センター,,default,手がかり無し
和歌山県立博物館,じっくり,name_heavy,博物館
和歌山県立紀伊風土記の丘,じっくり,osm_feature,tourism=museum
和歌山県立自然博物館,じっくり,name_heavy,博物館
和歌山県立近代美術館,じっくり,name_heavy,美術館
和歌山県道40号樫野串本線,,default,手がかり無し
和歌山電鐵,,default,手がかり無し
和歌浦,,default,手がかり無し
和歌浦天満宮,,default,手がかり無し
善名称院,じっくり,wikipedia_fee,料金の記述あり
善福院 (海南市),,default,手がかり無し
塩竈神社 (和歌山市),,default,手がかり無し
増田家住宅,,default,手がかり無し
大辺路,,default,手がかり無し
大門坂,,osm_feature,historic=memorial
天徳院 (和歌山県高野町),,default,手がかり無し
奇絶峡,じっくり,name_heavy,峡
子安地蔵寺,,default,手がかり無し
岩橋千塚古墳群,,name_light,古墳
川湯温泉 (和歌山県),じっくり,name_heavy,温泉
徐福公園,,name_light,公園
御霊神社 (日高町),,default,手がかり無し
徳川家霊台,じっくり,wikipedia_fee,料金の記述あり
慈尊院,,osm_feature,historic=memorial
文蔵の滝,,name_light,滝
新宮城,じっくり,name_heavy,城
新庄総合公園,,name_light,公園
日前神宮・國懸神宮,,default,手がかり無し
旧名手宿本陣,,default,手がかり無し
本願寺日高別院,,default,手がかり無し
根来寺,,default,手がかり無し
桃井家住宅,,default,手がかり無し
椎出厳嶋神社,,default,手がかり無し
椿山ダム,,name_light,ダム
椿温泉,じっくり,name_heavy,温泉
樫野埼灯台,,name_light,灯台
橋杭岩,,default,手がかり無し
浄妙寺 (有田市),,default,手がかり無し
浮島の森,,default,手がかり無し
海底ポスト,,default,手がかり無し
海禅院,,default,手がかり無し
海金剛,,default,手がかり無し
淡嶋神社,,default,手がかり無し
渡瀬温泉,じっくり,name_heavy,温泉
温山荘園,,default,手がかり無し
湯の峰温泉,じっくり,name_heavy,温泉
湯川温泉 (和歌山県),じっくり,name_heavy,温泉
湯浅城,じっくり,name_heavy,城
湯浅町湯浅伝統的建造物群保存地区,,default,手がかり無し
滝の拝,,osm_feature,tourism=viewpoint
滝尻王子,,default,手がかり無し
潮岬,,name_light,岬
潮岬灯台,,name_light,灯台
潮岬観光タワー,じっくり,name_heavy,タワー
瀞八丁,,default,手がかり無し
瀞峡,じっくり,name_heavy,峡
熊野本宮大社,,osm_feature,tourism=artwork
熊野速玉大社,,default,手がかり無し
熊野那智大社,,osm_feature,historic=memorial
片男波海水浴場,,default,手がかり無し
玉津島神社,,default,手がかり無し
生石高原,じっくり,name_heavy,高原
生石高原県立自然公園,,name_light,公園
田辺市立美術館,じっくり,name_heavy,美術館
番所庭園,じっくり,wikipedia_fee,料金の記述あり
発心門王子,,default,手がかり無し
白崎海洋公園,,name_light,公園
白浜エネルギーランド,じっくり,name_heavy,ランド
白浜海中展望塔,,name_light,展望
白良浜,,default,手がかり無し
神倉神社,,default,手がかり無し
稲むらの火の館,じっくり,category,美術館博物館
竈山神社,,default,手がかり無し
粉河寺,,default,手がかり無し
粉河産土神社,,osm_feature,historic=memorial
紀三井寺,,default,手がかり無し
紀三井寺公園,,name_light,公園
紀伊国分寺,,osm_feature,leisure=park
紀伊山地の霊場と参詣道,,default,手がかり無し
紀州東照宮,,default,手がかり無し
継桜王子,,default,手がかり無し
興国寺 (和歌山県由良町),,default,手がかり無し
落合博満野球記念館,じっくり,name_heavy,記念館
藤白神社,,default,手がかり無し
補陀洛山寺,,default,手がかり無し
西有田県立自然公園,,name_light,公園
護摩壇山,じっくり,name_heavy,山
貴志駅,,name_light,駅
道の駅San Pin 中津,,name_light,道の駅
道の駅おくとろ,,name_light,道の駅
道の駅くちくまの,,name_light,道の駅
道の駅しらまの里,,name_light,道の駅
道の駅イノブータンランド・すさみ,,name_light,道の駅
道の駅四季の郷公園,,name_light,道の駅
道の駅奥熊野古道ほんぐう,,name_light,道の駅
道の駅志原海岸,,name_light,道の駅
道の駅柿の郷くどやま,,name_light,道の駅
道の駅根来さくらの里,,name_light,道の駅
道の駅瀞峡街道 熊野川,,name_light,道の駅
道の駅熊野古道中辺路,,name_light,道の駅
道の駅田辺市龍神ごまさんスカイタワー,,name_light,道の駅
道の駅紀の川万葉の里,,name_light,道の駅
道の駅龍神,,name_light,道の駅
道成寺,,default,手がかり無し
那智原始林,,default,手がかり無し
那智滝,,name_light,滝
金剛三昧院,,default,手がかり無し
金剛峯寺,,default,手がかり無し
長久邸,,default,手がかり無し
長保寺,,default,手がかり無し
雑賀埼灯台,,name_light,灯台
雑賀崎,,name_light,崎
青岸渡寺,,default,手がかり無し
青洲の里,,default,手がかり無し
須佐神社 (有田市),,default,手がかり無し
飛瀧神社,,default,手がかり無し
養翠園,,osm_feature,leisure=park
高嶋 (和歌山県),,default,手がかり無し
高野山,じっくり,name_heavy,山
高野山町石道,,default,手がかり無し
高野山町石道玉川峡県立自然公園,,name_light,公園
高野山霊宝館,じっくり,category,美術館博物館
高野龍神国定公園,,name_light,公園
龍神温泉,じっくり,name_heavy,温泉
かにっこ館,じっくり,category,美術館博物館
だいせんホワイトリゾート,,default,手がかり無し
とっとり花回廊,じっくり,osm_feature,tourism=museum
はわいサービスエリア,,default,手がかり無し
はわい温泉,じっくり,name_heavy,温泉
わらべ館,じっくり,category,美術館博物館
三佛寺,,default,手がかり無し
三徳山,じっくり,name_heavy,山
三朝バイオリン美術館,じっくり,name_heavy,美術館
三朝東郷湖県立自然公園,,name_light,公園
三朝温泉,じっくり,name_heavy,温泉
上淀廃寺跡,,name_light,跡
上淀白鳳の丘展示館,じっくり,category,美術館博物館
不動院岩屋堂,,default,手がかり無し
仁風閣,じっくり,osm_feature,tourism=museum
倉吉パークスクエア,,osm_feature,leisure=park
倉吉博物館・倉吉歴史民俗資料館,じっくり,name_heavy,博物館
倭文神社 (湯梨浜町),,default,手がかり無し
吉岡温泉,じっくり,name_heavy,温泉
大山 (鳥取県),,default,手がかり無し
大山ますみず高原スノーパーク,,default,手がかり無し
大山寺 (鳥取県大山町),,default,手がかり無し
大山滝,,name_light,滝
大山町所子,,default,手がかり無し
大山隠岐国立公園,,name_light,公園
大神山神社,,default,手がかり無し
大雲院 (鳥取市),,default,手がかり無し
奥日野県立自然公園,,name_light,公園
妖怪神社,,default,手がかり無し
妻木晩田遺跡,,name_light,跡
宇倍神社,,default,手がかり無し
小鹿渓,,default,手がかり無し
山陰歴史館,じっくり,category,美術館博物館
山陰海岸ジオパーク,,default,手がかり無し
岩井温泉,じっくり,name_heavy,温泉
打吹公園,,name_light,公園
打吹玉川,,default,手がかり無し
投入堂,じっくり,wikipedia_fee,料金の記述あり
斎尾廃寺跡,,name_light,跡
智頭宿,,default,手がかり無し
東郷池,,osm_feature,natural=water
東郷温泉,じっくり,name_heavy,温泉
植田正治写真美術館,じっくり,name_heavy,美術館
水木しげるロード,,osm_feature,tourism=artwork
水木しげる記念館,じっくり,name_heavy,記念館
江島大橋,,name_light,大橋
河原城,じっくり,name_heavy,城
流しびなの館,じっくり,osm_feature,tourism=museum
浜村温泉,じっくり,name_heavy,温泉
浦富海岸,,default,手がかり無し
海とくらしの史料館,じっくり,name_heavy,史料館
湊山公園,,name_light,公園
湖山池,,default,手がかり無し
燕趙園,じっくり,osm_feature,tourism=theme_park
白兎神社,,osm_feature,historic=memorial
皆生温泉,じっくり,name_heavy,温泉
石谷家住宅,,default,手がかり無し
石霞渓,,default,手がかり無し
砂の美術館,じっくり,name_heavy,美術館
米子城,じっくり,name_heavy,城
米子市美術館,じっくり,name_heavy,美術館
米子水鳥公園,,name_light,公園
聖神社 (鳥取市),,default,手がかり無し
船上山,じっくり,name_heavy,山
観音院,,default,手がかり無し
諏訪神社 (智頭町),,default,手がかり無し
道の駅きなんせ岩美,,name_light,道の駅
道の駅ポート赤碕,,name_light,道の駅
道の駅大山恵みの里,,name_light,道の駅
道の駅大栄,,name_light,道の駅
道の駅奥大山,,name_light,道の駅
道の駅犬挟,,name_light,道の駅
道の駅若桜,,name_light,道の駅
那岐山,じっくり,name_heavy,山
金持神社,,default,手がかり無し
鍵掛峠,,osm_feature,tourism=viewpoint
門脇家住宅,じっくり,osm_feature,tourism=museum
関金温泉,じっくり,name_heavy,温泉
雨滝,,name_light,滝
青山剛昌ふるさと館,じっくり,category,美術館博物館
鳥取城,じっくり,name_heavy,城
鳥取市さじアストロパーク,,osm_feature,leisure=park
鳥取市歴史博物館,じっくり,name_heavy,博物館
鳥取温泉,じっくり,name_heavy,温泉
鳥取県立博物館,じっくり,name_heavy,博物館
鳥取県立氷ノ山自然ふれあい館響の森,じっくり,category,美術館博物館
鳥取砂丘,,default,手がかり無し
鳥取砂丘こどもの国,じっくり,osm_feature,tourism=theme_park
鳥取砂丘情報館,,default,手がかり無し
鳥取高等農業学校,,default,手がかり無し
鹿野温泉,じっくり,name_heavy,温泉
ローソク島,,default,手がかり無し
一畑寺,,default,手がかり無し
万九千神社,,default,手がかり無し
三瓶小豆原埋没林,,default,手がかり無し
三瓶山,じっくり,name_heavy,山
三瓶温泉,じっくり,name_heavy,温泉
中海,,default,手がかり無し
丸山城 (石見国),じっくり,category,城
乙女峠マリア聖堂,,default,手がかり無し
仁摩サンドミュージアム,じっくり,name_heavy,ミュージアム
佐太神社,,default,手がかり無し
佐毘売山神社 (大田市),,default,手がかり無し
八重垣神社,,default,手がかり無し
六所神社 (松江市),,default,手がかり無し
出雲ドーム,,default,手がかり無し
出雲大社,,default,手がかり無し
出雲大社前駅,,name_light,駅
出雲日御碕灯台,,name_light,灯台
加茂岩倉遺跡,,name_light,跡
加賀の潜戸,,default,手がかり無し
千丈渓,,default,手がかり無し
和鋼博物館,じっくり,name_heavy,博物館
国賀海岸,,default,手がかり無し
堀庭園,じっくり,wikipedia_fee,料金の記述あり
塩見縄手,,default,手がかり無し
境水道大橋,,name_light,大橋
壇鏡の滝,,name_light,滝
売布神社 (松江市),,default,手がかり無し
大根島の熔岩隧道,,default,手がかり無し
大社駅,,name_light,駅
奥出雲おろちループ,,default,手がかり無し
安蔵寺山,じっくり,name_heavy,山
宍道湖,,default,手がかり無し
宍道湖自然館ゴビウス,じっくり,category,美術館博物館
小川家雪舟庭園,,default,手がかり無し
小泉八雲旧居,じっくり,category,美術館博物館
小泉八雲記念館,じっくり,name_heavy,記念館
島根県立しまね海洋館,じっくり,category,美術館博物館
島根県立三瓶自然館,じっくり,category,美術館博物館
島根県立古代出雲歴史博物館,じっくり,name_heavy,博物館
島根県立浜山公園,,name_light,公園
島根県立美術館,じっくり,name_heavy,美術館
弥栄神社 (津和野町),,default,手がかり無し
揖夜神社,,default,手がかり無し
摩天崖,,default,手がかり無し
斐乃上温泉,じっくり,name_heavy,温泉
断魚渓,,osm_feature,leisure=park
日御碕,,default,手がかり無し
日御碕神社,,default,手がかり無し
明々庵,,default,手がかり無し
月山富田城,じっくり,name_heavy,城
月照寺 (松江市),じっくり,wikipedia_fee,料金の記述あり
有福温泉,じっくり,name_heavy,温泉
松江しんじ湖温泉,じっくり,name_heavy,温泉
松江フォーゲルパーク,じっくり,wikipedia_fee,料金の記述あり
松江城,じっくり,name_heavy,城
松江神社,,default,手がかり無し
武家屋敷 (塩見縄手),じっくり,name_heavy,屋敷
水若酢神社,,default,手がかり無し
沖泊,,default,手がかり無し
津和野城,じっくり,name_heavy,城
津和野町津和野伝統的建造物群保存地区,,default,手がかり無し
浄土ヶ浦,,default,手がかり無し
浜田城,じっくり,name_heavy,城
浜田市世界こども美術館,じっくり,name_heavy,美術館
清水寺 (安来市),,default,手がかり無し
温泉津温泉,じっくり,name_heavy,温泉
湯の川温泉 (島根県),じっくり,name_heavy,温泉
熊谷家住宅 (大田市),,default,手がかり無し
熊野大社,,osm_feature,historic=memorial
物部神社 (大田市),,default,手がかり無し
玉作湯神社,,default,手がかり無し
玉若酢命神社,,default,手がかり無し
玉造温泉,じっくり,name_heavy,温泉
琴ヶ浜,,default,手がかり無し
瑞穂ハイランド,じっくり,name_heavy,ランド
田部美術館,じっくり,name_heavy,美術館
由志園,,default,手がかり無し
知夫赤壁,,default,手がかり無し
石見畳ヶ浦,,default,手がかり無し
石見銀山,じっくり,name_heavy,山
石見銀山世界遺産センター,じっくり,category,美術館博物館
石見銀山資料館,じっくり,name_heavy,資料館
神魂神社,,default,手がかり無し
稲佐の浜,,default,手がかり無し
立久恵峡,じっくり,name_heavy,峡
美保神社,,osm_feature,historic=memorial
美保関灯台,,name_light,灯台
美又温泉,じっくり,name_heavy,温泉
興雲閣,,default,手がかり無し
荒神谷遺跡,,name_light,跡
菅田庵,じっくり,osm_feature,tourism=museum
萬福寺 (益田市),,default,手がかり無し
西中国山地国定公園,,name_light,公園
赤尾展望所,,name_light,展望所
足立美術館,じっくり,name_heavy,美術館
道の駅あらエッサ,,name_light,道の駅
道の駅たたらば壱番地,,name_light,道の駅
道の駅ゆうひパーク三隅,,name_light,道の駅
道の駅ゆうひパーク浜田,,name_light,道の駅
道の駅キララ多伎,,name_light,道の駅
道の駅大社ご縁広場,,name_light,道の駅
道の駅掛合の里,,name_light,道の駅
道の駅津和野温泉なごみの里,,name_light,道の駅
隠岐の田楽と庭の舞,,default,手がかり無し
隠岐温泉,じっくり,name_heavy,温泉
隠岐神社,,default,手がかり無し
鞆ヶ浦,,default,手がかり無し
須佐神社 (出雲市),,default,手がかり無し
須我神社,,default,手がかり無し
養老館,じっくり,osm_feature,tourism=museum
鬼の舌震,,default,手がかり無し
鰐淵寺,,default,手がかり無し
鷺ノ湯温泉,じっくり,name_heavy,温泉
黄泉比良坂,,osm_feature,historic=memorial
龍雲寺 (浜田市),,default,手がかり無し
龍頭八重滝,,name_light,滝
あわくら温泉,じっくり,name_heavy,温泉
おかやまフォレストパーク ドイツの森,,default,手がかり無し
こうもり塚古墳,,name_light,古墳
たけべの森公園,,name_light,公園
ちくさ高原,じっくり,name_heavy,高原
つやま自然のふしぎ館,じっくり,category,美術館博物館
まきび公園,,name_light,公園
みなとの見える丘公園,,name_light,公園
みやま公園,,name_light,公園
アリオ倉敷,,osm_feature,amenity=parking
バレンタインパーク作東,,default,手がかり無し
ヒルゼン高原センター,じっくり,osm_feature,tourism=theme_park
ベンガラ館,じっくり,category,美術館博物館
三井アウトレットパーク 倉敷,,osm_feature,amenity=parking
中山神社,,default,手がかり無し
井倉峡,じっくり,name_heavy,峡
倉敷アイビースクエア,,default,手がかり無し
倉敷市立自然史博物館,じっくり,name_heavy,博物館
倉敷民藝館,じっくり,category,美術館博物館
倉敷美観地区,,default,手がかり無し
倉紡記念館,じっくり,name_heavy,記念館
備中国分寺,,default,手がかり無し
備中国総社宮,,default,手がかり無し
備中松山城,じっくり,name_heavy,城
備中鐘乳穴,,default,手がかり無し
備前長船刀剣博物館,じっくり,name_heavy,博物館
円通寺 (倉敷市),,default,手がかり無し
勝山城 (美作国),じっくり,category,城
吉備サービスエリア,,default,手がかり無し
吉備津彦神社,,default,手がかり無し
吉備津神社,,default,手がかり無し
吹屋,,default,手がかり無し
吹屋ふるさと村郷土館,じっくり,category,美術館博物館
和気神社,,default,手がかり無し
国立天文台,,default,手がかり無し
城東町並み保存地区,,default,手がかり無し
塩釜の冷泉,,default,手がかり無し
夢二郷土美術館,じっくり,name_heavy,美術館
大原美術館,じっくり,name_heavy,美術館
大橋家住宅,じっくり,wikipedia_fee,料金の記述あり
天籟庵,,default,手がかり無し
奈義町現代美術館,じっくり,name_heavy,美術館
奥津渓,,default,手がかり無し
奥津温泉,じっくり,name_heavy,温泉
宇野港,,name_light,港
宝福寺 (総社市),,default,手がかり無し
寒風古窯跡群,,default,手がかり無し
岡山シティミュージアム,じっくり,name_heavy,ミュージアム
岡山国際サーキット,,default,手がかり無し
岡山城,じっくり,name_heavy,城
岡山天文博物館,じっくり,name_heavy,博物館
岡山市半田山植物園,じっくり,name_heavy,植物園
岡山市立オリエント美術館,じっくり,name_heavy,美術館
岡山県立博物館,じっくり,name_heavy,博物館
岡山県立美術館,じっくり,name_heavy,美術館
岡山県総合グラウンド,,default,手がかり無し
岩井滝,,name_light,滝
岩屋城 (美作国),じっくり,category,城
広兼邸,じっくり,osm_feature,tourism=museum
弥高山,じっくり,name_heavy,山
後楽園,,default,手がかり無し
旧大原家住宅,,default,手がかり無し
旧遷喬尋常小学校校舎,,default,手がかり無し
旧野﨑家住宅・野﨑家塩業歴史館,じっくり,category,美術館博物館
旭川 (岡山県),,default,手がかり無し
曹源寺 (岡山市),,default,手がかり無し
最上稲荷,,default,手がかり無し
本山寺 (岡山県美咲町),,default,手がかり無し
林原美術館,じっくり,name_heavy,美術館
横溝正史疎開宅,,default,手がかり無し
池田動物園,じっくり,name_heavy,動物園
沙美海岸,,default,手がかり無し
津山まなびの鉄道館,じっくり,category,美術館博物館
津山城,じっくり,name_heavy,城
津山市城西伝統的建造物群保存地区,,default,手がかり無し
渋川動物公園,じっくり,wikipedia_fee,料金の記述あり
渋川海岸,,default,手がかり無し
湯原温泉,じっくり,name_heavy,温泉
湯郷温泉,じっくり,name_heavy,温泉
満奇洞,じっくり,name_heavy,洞
瀬戸大橋,,name_light,大橋
熊山遺跡,,name_light,跡
牛窓オリーブ園,じっくり,category,美術館博物館
牛窓港,,name_light,港
牛窓神社,,default,手がかり無し
玉島町並み保存地区,,default,手がかり無し
玉野市立玉野海洋博物館,じっくり,name_heavy,博物館
王子が岳,じっくり,name_heavy,岳
現代玩具博物館,じっくり,name_heavy,博物館
由加神社本宮,,default,手がかり無し
白石島,,default,手がかり無し
相原公園,,name_light,公園
磐窟渓,,default,手がかり無し
神庭の滝,じっくり,wikipedia_fee,料金の記述あり
竜頭の滝 (真庭市),,default,手がかり無し
笠岡市立カブトガニ博物館,じっくり,name_heavy,博物館
笹畝坑道,,default,手がかり無し
箭田大塚古墳,,name_light,古墳
羅生門 (鍾乳洞),じっくり,name_heavy,鍾乳洞
美星天文台,じっくり,osm_feature,tourism=museum
蒜山高原,じっくり,name_heavy,高原
蒜山高原サービスエリア,,default,手がかり無し
薬王寺 (真庭市),,default,手がかり無し
衆楽園,,osm_feature,leisure=park
西大寺 (岡山市),,default,手がかり無し
西川緑道公園,,name_light,公園
西江邸,,default,手がかり無し
誕生寺 (岡山県久米南町),,default,手がかり無し
豪渓,,default,手がかり無し
近水園,,default,手がかり無し
造山古墳,,name_light,古墳
道の駅かもがわ円城,,name_light,道の駅
道の駅かよう,,name_light,道の駅
道の駅がいせん桜 新庄宿,,name_light,道の駅
道の駅くめなん,,name_light,道の駅
道の駅一本松展望園,,name_light,道の駅
道の駅久米の里,,name_light,道の駅
道の駅奥津温泉,,name_light,道の駅
道の駅彩菜茶屋,,name_light,道の駅
道の駅笠岡ベイファーム,,name_light,道の駅
道の駅蒜山高原,,name_light,道の駅
道の駅醍醐の里,,name_light,道の駅
道の駅風の家,,name_light,道の駅
道の駅鯉が窪,,name_light,道の駅
道の駅黒井山グリーンパーク,,name_light,道の駅
醍醐桜,,default,手がかり無し
長福寺 (美作市),,default,手がかり無し
閑谷学校,,default,手がかり無し
阿哲台,,default,手がかり無し
阿智神社 (倉敷市),,default,手がかり無し
頼久寺,,default,手がかり無し
高島 (岡山県笠岡市),,default,手がかり無し
高松城 (備中国),じっくり,category,城
高梁基督教会堂,,default,手がかり無し
高梁市成羽美術館,じっくり,name_heavy,美術館
高梁市立吹屋小学校,,default,手がかり無し
鬼ノ城,じっくり,name_heavy,城
鯉ヶ窪湿原,じっくり,name_heavy,湿原
鷲羽山,じっくり,name_heavy,山
鷲羽山ハイランド,じっくり,name_heavy,ランド
龍泉寺 (岡山市),,default,手がかり無し
MAZDA Zoom-Zoom スタジアム広島,じっくり,wikipedia_fee,料金の記述あり
いろは丸展示館,じっくり,category,美術館博物館
おのみち映画資料館,じっくり,name_heavy,資料館
おりづるタワー,じっくり,name_heavy,タワー
せら夢公園,,name_light,公園
そごう広島店,,default,手がかり無し
とうかさん,,default,手がかり無し
ばら公園 (福山市),,name_light,公園 
ひろしま安芸高田神楽,,default,手がかり無し
ひろしま美術館,じっくり,name_heavy,美術館
ふくやま美術館,じっくり,name_heavy,美術館
みろくの里,じっくり,osm_feature,tourism=theme_park
めがひらスキー場,じっくり,name_heavy,スキー場
ゆめタウン広島,,default,手がかり無し
アステールプラザ,,default,手がかり無し
アレイからすこじま,,osm_feature,leisure=park
ウッドワン美術館,じっくり,name_heavy,美術館
ベイサイドビーチ坂,,osm_feature,leisure=park
マリホ水族館,じっくり,name_heavy,水族館
ユートピアサイオト,,default,手がかり無し
万徳院,,default,手がかり無し
三倉岳県立自然公園,,name_light,公園
三原城,じっくり,name_heavy,城
三段峡,じっくり,name_heavy,峡
三段滝,,name_light,滝
三瀧寺,,default,手がかり無し
不動院 (広島市),,default,手がかり無し
世界一の大杓子,,default,手がかり無し
世界平和記念聖堂,,default,手がかり無し
井仁の棚田,,default,手がかり無し
仙酔島,,default,手がかり無し
似島,,default,手がかり無し
佛通寺,,default,手がかり無し
健康科学館,じっくり,name_heavy,科学館
元宇品公園,,name_light,公園
光明寺 (尾道市東土堂町),,default,手がかり無し
入船山記念館,じっくり,name_heavy,記念館
八天堂,,default,手がかり無し
八田原ダム,,name_light,ダム
円通寺 (庄原市),,default,手がかり無し
千光寺 (尾道市),,default,手がかり無し
千光寺公園,,name_light,公園
千光寺山ロープウェイ,,default,手がかり無し
千畳閣,,default,手がかり無し
原爆ドーム,,default,手がかり無し
厳島,,default,手がかり無し
厳島神社,じっくり,osm_feature,tourism=museum
吉備津神社 (福山市),,default,手がかり無し
吉田郡山城,じっくり,name_heavy,城
向上寺,,default,手がかり無し
向島洋らんセンター,,default,手がかり無し
吾妻山 (広島県・島根県),,osm_feature,natural=peak
呉ポートピアパーク,,osm_feature,leisure=park
呉市海事歴史科学館,じっくり,name_heavy,科学館
呉港,,name_light,港
因島水軍城,じっくり,name_heavy,城
国営備北丘陵公園,,name_light,公園
国立広島原爆死没者追悼平和祈念館,,osm_feature,historic=monument
土師ダム,,name_light,ダム
塩原の大山供養田植,,default,手がかり無し
大久野島,,default,手がかり無し
大久野島毒ガス資料館,じっくり,name_heavy,資料館
大善寺 (三原市),,default,手がかり無し
大聖院 (宮島),,default,手がかり無し
大芝公園交通ランド,じっくり,name_heavy,ランド
大願寺 (廿日市市),,default,手がかり無し
天寧寺 (尾道市),,default,手がかり無し
太田家住宅 (福山市),,default,手がかり無し
奥田元宋・小由女美術館,じっくり,name_heavy,美術館
妹背の滝,,name_light,滝
安国寺 (福山市),,default,手がかり無し
安芸灘大橋,,name_light,大橋
宮島サービスエリア,,default,手がかり無し
宮島水族館,じっくり,name_heavy,水族館
宮浜温泉,じっくり,name_heavy,温泉
尾道市因島フラワーセンター,じっくり,category,美術館博物館
尾道市立美術館,じっくり,name_heavy,美術館
尾関山公園,,name_light,公園
島病院,,default,手がかり無し
帝釈峡,じっくり,name_heavy,峡
常清滝,,name_light,滝
平和の灯 (広島市),,default,手がかり無し
平和の門,,name_light,門
平和記念公園,,name_light,公園
平山郁夫美術館,じっくり,name_heavy,美術館
広島バスセンター,,default,手がかり無し
広島三次ワイナリー,じっくり,name_heavy,ワイナリー
広島城,じっくり,name_heavy,城
広島市こども文化科学館,じっくり,name_heavy,科学館
広島市まんが図書館,,default,手がかり無し
広島市中央公園,,name_light,公園
広島市交通科学館,じっくり,name_heavy,科学館
広島市安佐動物公園,,name_light,公園
広島市森林公園,,name_light,公園
広島市植物公園,じっくり,wikipedia_fee,料金の記述あり
広島市江波山気象館,じっくり,category,美術館博物館
広島市現代美術館,じっくり,name_heavy,美術館
広島市立袋町小学校,,default,手がかり無し
広島市豪雨災害伝承館,,default,手がかり無し
広島市郷土資料館,じっくり,name_heavy,資料館
広島平和記念資料館,じっくり,name_heavy,資料館
広島広域公園,,name_light,公園
広島広域公園陸上競技場,,osm_feature,leisure=park
広島東照宮,,osm_feature,historic=memorial
広島県民の森,,default,手がかり無し
広島県立びんご運動公園,,name_light,公園
広島県立みよし公園,,name_light,公園
広島県立中央森林公園,じっくり,wikipedia_fee,料金の記述あり
広島県立歴史博物館,じっくり,name_heavy,博物館
広島県立総合体育館,,default,手がかり無し
広島県立美術館,じっくり,name_heavy,美術館
広島県総合グランド,じっくり,name_heavy,ランド
広島県緑化センター 県立広島緑化植物公園,,name_light,公園
広島空港大橋,,name_light,大橋
広島観光開発,,default,手がかり無し
広島護国神社,,default,手がかり無し
広島陸軍被服支廠,,default,手がかり無し
広島電鉄,,default,手がかり無し
廉塾,,default,手がかり無し
弥山 (広島県),,default,手がかり無し
御手洗 (呉市),,default,手がかり無し
御調八幡宮,,default,手がかり無し
恐羅漢スキー場,じっくり,name_heavy,スキー場
恐羅漢山,じっくり,name_heavy,山
明王院 (福山市),,default,手がかり無し
東広島市立美術館,じっくり,name_heavy,美術館
正福寺山公園,,name_light,公園
歴史の見える丘,,osm_feature,tourism=viewpoint
比婆道後帝釈国定公園,,name_light,公園
比治山,じっくり,name_heavy,山
水分峡森林公園,,name_light,公園
洞雲寺 (廿日市市),,default,手がかり無し
浄土寺 (尾道市),,default,手がかり無し
海と島の歴史資料館,じっくり,name_heavy,資料館
海の見える杜美術館,じっくり,name_heavy,美術館
海上自衛隊呉史料館,じっくり,name_heavy,史料館
海上自衛隊第1術科学校,,default,手がかり無し
海田総合公園,,name_light,公園
海軍兵学校 (日本),,default,手がかり無し
温井ダム,,name_light,ダム
湧永満之記念庭園,じっくり,category,美術館博物館
湯の山温泉 (広島県),じっくり,name_heavy,温泉
湯来温泉,じっくり,name_heavy,温泉
瀬戸田サンセットビーチ,じっくり,osm_feature,tourism=camp_site
瀬戸田パーキングエリア,,default,手がかり無し
灰ヶ峰,じっくり,name_heavy,峰
熊野神社 (三次市畠敷町),,default,手がかり無し
相生橋,,name_light,橋
磐台寺,,default,手がかり無し
神之瀬峡県立自然公園,,name_light,公園
神楽門前湯治村,じっくり,category,温泉
福山サービスエリア,,default,手がかり無し
福山城 (備後国),じっくり,category,城
福山市立動物園,じっくり,name_heavy,動物園
福山自動車時計博物館,じっくり,name_heavy,博物館
福成寺 (東広島市),,default,手がかり無し
福禅寺 (福山市),,default,手がかり無し
竹原,じっくり,osm_feature,tourism=museum
竹林寺 (東広島市),,default,手がかり無し
筆の里工房,じっくり,name_heavy,工房
筆影山,じっくり,name_heavy,山
筒賀の大銀杏,,default,手がかり無し
紅葉谷公園,,name_light,公園
絵下山,じっくり,name_heavy,山
縮景園,,default,手がかり無し
耕三寺,じっくり,wikipedia_fee,料金の記述あり
花夢の里ロクタン,,default,手がかり無し
芸北高原大佐スキー場,じっくり,name_heavy,スキー場
草戸稲荷神社,,default,手がかり無し
西國寺,,default,手がかり無し
速谷神社,,default,手がかり無し
道の駅さんわ182ステーション,,name_light,道の駅
道の駅たかの,,name_light,道の駅
道の駅たけはら,,name_light,道の駅
道の駅みはら神明の里,,name_light,道の駅
道の駅アリストぬまくま,,name_light,道の駅
道の駅スパ羅漢,,name_light,道の駅
道の駅世羅,,name_light,道の駅
道の駅来夢とごうち,,name_light,道の駅
道の駅舞ロードIC千代田,,name_light,道の駅
野呂山,じっくり,name_heavy,山
雄橋,,name_light,橋
鞆の浦,,default,手がかり無し
鞆の浦歴史民俗資料館,じっくり,name_heavy,資料館
音戸の瀬戸,,default,手がかり無し
音戸大橋,,name_light,大橋
頼山陽史跡資料館,じっくり,name_heavy,資料館
饒津神社,,default,手がかり無し
高見山 (広島県),,osm_feature,natural=peak
黄金山 (広島市),,osm_feature,natural=peak
くだまつ健康パーク,,osm_feature,amenity=parking
なぎさ水族館,じっくり,name_heavy,水族館
はい!からっと横丁,じっくり,osm_feature,tourism=theme_park
みもすそ川公園,,name_light,公園
一の俣温泉,じっくり,name_heavy,温泉
三田尻塩田記念産業公園,,name_light,公園
下関南部町郵便局,,default,手がかり無し
下関市立しものせき水族館,じっくり,name_heavy,水族館
下関市立歴史博物館,じっくり,name_heavy,博物館
下関市立美術館,じっくり,name_heavy,美術館
中原中也記念館,じっくり,name_heavy,記念館
中道海水浴場,,default,手がかり無し
乃木神社 (下関市),,default,手がかり無し
亀山八幡宮 (下関市),,default,手がかり無し
亀山公園 (山口市),,name_light,公園 
井上公園 (山口市),,name_light,公園 
住吉神社 (下関市),,osm_feature,leisure=park
俵山温泉,じっくり,name_heavy,温泉
元乃隅神社,,default,手がかり無し
円政寺,,default,手がかり無し
別府弁天池,,osm_feature,tourism=viewpoint
功山寺,,default,手がかり無し
北長門海岸国定公園,,name_light,公園
千畳敷 (山口県),,osm_feature,tourism=viewpoint
厳島神社 (下関市),,default,手がかり無し
吉香公園,,name_light,公園
向島 (山口県),,default,手がかり無し
周南市徳山動物園,じっくり,name_heavy,動物園
周防国分寺,,default,手がかり無し
唐戸,,default,手がかり無し
唐戸市場,,default,手がかり無し
四階楼,,default,手がかり無し
回天記念館,じっくり,name_heavy,記念館
国道191号,,default,手がかり無し
壇之浦パーキングエリア,,default,手がかり無し
大寧寺,,default,手がかり無し
大島大橋 (山口県),,name_light,大橋
大平山 (防府市),,default,手がかり無し
大板山たたら製鉄遺跡,,name_light,跡
大正洞,じっくり,name_heavy,洞
大歳神社 (下関市),,default,手がかり無し
大照院,じっくり,wikipedia_fee,料金の記述あり
室積海岸,,default,手がかり無し
寂地峡,じっくり,name_heavy,峡
山口きらら博記念公園,,name_light,公園
山口サビエル記念聖堂,,default,手がかり無し
山口大神宮,,default,手がかり無し
山口宇部空港,,name_light,港
山口情報芸術センター,じっくり,category,美術館博物館
山口県国際総合センター,,default,手がかり無し
山口県政資料館,じっくり,name_heavy,資料館
山口県立美術館,じっくり,name_heavy,美術館
山口県立萩美術館・浦上記念館,じっくり,name_heavy,美術館
山口県護国神社,,default,手がかり無し
岩国城,じっくり,name_heavy,城
岩国城ロープウェー,じっくり,osm_feature,tourism=museum
岩国行波の神舞,,default,手がかり無し
巌流島,,default,手がかり無し
川棚温泉,じっくり,name_heavy,温泉
常栄寺 (山口市),,default,手がかり無し
常盤公園 (宇部市),じっくり,wikipedia_fee,料金の記述あり
常盤池,,default,手がかり無し
広島東洋カープ由宇練習場,,default,手がかり無し
忌宮神社,,default,手がかり無し
恵美須ヶ鼻造船所跡,,name_light,跡
惣郷川橋梁,,name_light,橋梁
日本ハワイ移民資料館,じっくり,name_heavy,資料館
旧下関英国領事館,じっくり,osm_feature,tourism=museum
明倫館,じっくり,osm_feature,tourism=theme_park
明治日本の産業革命遺産 製鉄・製鋼、造船、石炭産業,,default,手がかり無し
明神池 (萩市),,osm_feature,natural=water
星野哲郎記念館,じっくり,name_heavy,記念館
春帆楼,じっくり,osm_feature,tourism=hotel
景清洞,じっくり,name_heavy,洞
東光寺 (萩市),じっくり,wikipedia_fee,料金の記述あり
東行庵,,default,手がかり無し
松下村塾,,default,手がかり無し
柏原美術館,じっくり,name_heavy,美術館
柳井市古市金屋伝統的建造物群保存地区,,default,手がかり無し
毘沙ノ鼻,,name_light,鼻
毛利邸,,default,手がかり無し
永源山公園,,name_light,公園
油谷湾温泉,じっくり,name_heavy,温泉
渡辺翁記念会館,,default,手がかり無し
湯田温泉,じっくり,name_heavy,温泉
湯野温泉,じっくり,name_heavy,温泉
漢陽寺,,default,手がかり無し
火の山 (山口県),,osm_feature,natural=peak
狗留孫山 (下関市),,osm_feature,natural=peak
玉祖神社,,default,手がかり無し
王喜温泉・糸根温泉,じっくり,name_heavy,温泉
瑠璃光寺,,osm_feature,historic=memorial
白崎八幡宮,,default,手がかり無し
白滝山 (下関市),,osm_feature,natural=peak
石柱渓,,default,手がかり無し
福徳稲荷神社 (下関市),,default,手がかり無し
秋吉台,,default,手がかり無し
秋吉台サファリランド,じっくり,name_heavy,ランド
秋吉台国定公園,,name_light,公園
秋芳洞,じっくり,name_heavy,洞
竜王山 (山口県),,default,手がかり無し
笠山,じっくり,name_heavy,山
笠戸大橋,,name_light,大橋
笠戸島,,default,手がかり無し
維新百年記念公園,,name_light,公園
緑と花と彫刻の博物館,じっくり,name_heavy,博物館
菊川温泉,じっくり,name_heavy,温泉
華山 (山口県),,default,手がかり無し
萩ウェルネスパーク,じっくり,name_heavy,スパ
萩博物館,じっくり,name_heavy,博物館
萩反射炉,,default,手がかり無し
萩城,じっくり,name_heavy,城
萩城下町,,default,手がかり無し
萩市佐々並市伝統的建造物群保存地区,,default,手がかり無し
萩本陣温泉,じっくり,name_heavy,温泉
萩駅,,name_light,駅
虹ヶ浜海水浴場,,default,手がかり無し
蜂ヶ峯総合公園,,name_light,公園
角島,,default,手がかり無し
角島大橋,,name_light,大橋
角島灯台,,name_light,灯台
護国寺 (防府市),,default,手がかり無し
赤間神宮,,osm_feature,leisure=park
道の駅あいお,,name_light,道の駅
道の駅おふく,,name_light,道の駅
道の駅きくがわ,,name_light,道の駅
道の駅きらら あじす,,name_light,道の駅
道の駅みとう,,name_light,道の駅
道の駅サザンセトとうわ,,name_light,道の駅
道の駅センザキッチン,,name_light,道の駅
道の駅ソレーネ周南,,name_light,道の駅
道の駅ピュアラインにしき,,name_light,道の駅
道の駅仁保の郷,,name_light,道の駅
道の駅北浦街道 豊北,,name_light,道の駅
道の駅萩しーまーと,,name_light,道の駅
道の駅萩往還,,name_light,道の駅
道の駅蛍街道西ノ市,,name_light,道の駅
道の駅長門峡,,name_light,道の駅
道の駅阿武町,,name_light,道の駅
道の駅願成就温泉,,name_light,道の駅
野島 (山口県),,default,手がかり無し
錦帯橋,,name_light,橋
錦帯橋温泉,じっくり,name_heavy,温泉
長府,,default,手がかり無し
長門湯本温泉,じっくり,name_heavy,温泉
関門トンネル (国道2号),,default,手がかり無し
関門橋,,name_light,橋
関門海峡,じっくり,name_heavy,峡
防府天満宮,,default,手がかり無し
陸奥記念館,じっくり,name_heavy,記念館
青海島,,default,手がかり無し
須佐ホルンフェルス,,default,手がかり無し
須佐湾,,default,手がかり無し
馬島 (山口県),,default,手がかり無し
鶴ヶ浜温泉,じっくり,name_heavy,温泉
麻羅観音,,default,手がかり無し
黄波戸温泉,じっくり,name_heavy,温泉
龍福寺 (山口市),,default,手がかり無し
あすたむらんど徳島,じっくり,category,美術館博物館
かずら橋,じっくり,wikipedia_fee,料金の記述あり
しんまちボードウォーク,,default,手がかり無し
とくしまファミリーランド,じっくり,name_heavy,ランド
とくしま動物園,じっくり,name_heavy,動物園
とくしま植物園,じっくり,name_heavy,植物園
みはらしの丘あいさい広場,,name_light,広場
ゆうかの里,,default,手がかり無し
エスカヒル鳴門,,name_light,門
パゴダ平和記念塔,,default,手がかり無し
モラスコむぎ,じっくり,category,美術館博物館
丈六寺,,default,手がかり無し
中津峰山,じっくり,name_heavy,山
中部山渓県立自然公園,,name_light,公園
乳保神社のイチョウ,,default,手がかり無し
井川スキー場腕山,じっくり,name_heavy,スキー場
井戸寺,,default,手がかり無し
八坂寺 (徳島県海陽町),,default,手がかり無し
出羽島,,default,手がかり無し
切幡寺,,default,手がかり無し
剣山,じっくり,name_heavy,山
剣山国定公園,,name_light,公園
加茂の大クス,,default,手がかり無し
北島チューリップ公園,,name_light,公園
吉野川サービスエリア,,default,手がかり無し
土柱高越県立自然公園,,name_light,公園
地福寺 (徳島県石井町),,default,手がかり無し
地蔵寺 (徳島県板野町),,default,手がかり無し
大塚国際美術館,じっくり,name_heavy,美術館
大島 (徳島県),,default,手がかり無し
大川原高原,じっくり,name_heavy,高原
大日寺 (徳島市),,default,手がかり無し
大日寺 (徳島県板野町),,default,手がかり無し
大歩危,じっくり,osm_feature,tourism=hotel
大浜海岸 (美波町),,default,手がかり無し
大釜の滝,,name_light,滝
大麻山 (徳島県),,osm_feature,natural=peak
大麻山県立自然公園,,name_light,公園
大麻比古神社,,default,手がかり無し
太龍寺,,default,手がかり無し
太龍寺ロープウェイ,,default,手がかり無し
奥宮川内谷県立自然公園,,name_light,公園
奥祖谷二重かずら橋,じっくり,wikipedia_fee,料金の記述あり
奥祖谷観光周遊モノレール,,default,手がかり無し
安楽寺 (徳島県上板町),,default,手がかり無し
安楽寺 (美馬市),,default,手がかり無し
室戸阿南海岸国定公園,,name_light,公園
小歩危,,default,手がかり無し
川島公園,,name_light,公園
川島城,じっくり,name_heavy,城
常楽寺 (徳島市),,default,手がかり無し
平家屋敷民俗資料館,じっくり,name_heavy,屋敷
平等寺 (阿南市),,default,手がかり無し
徳島中央公園,,name_light,公園
徳島城,じっくり,name_heavy,城
徳島市総合動植物公園,,name_light,公園
徳島県文化の森総合公園,,name_light,公園
徳島県立佐那河内村いきものふれあいの里,,default,手がかり無し
徳島県立博物館,じっくり,name_heavy,博物館
徳島県立大鳴門橋架橋記念館,じっくり,name_heavy,記念館
徳島県立産業観光交流センター,,default,手がかり無し
徳島県立神山森林公園,,name_light,公園
徳島県立高丸山千年の森,,default,手がかり無し
徳島県観光協会,,default,手がかり無し
徳島県鳴門総合運動公園,,name_light,公園
恩山寺,,default,手がかり無し
慈眼寺 (徳島県上勝町),,default,手がかり無し
新町川水際公園,,name_light,公園
新祖谷温泉,じっくり,name_heavy,温泉
日和佐うみがめ博物館カレッタ,じっくり,name_heavy,博物館
日和佐城,じっくり,name_heavy,城
旧徳島城表御殿庭園,じっくり,name_heavy,御殿
明王寺 (徳島県神山町),,default,手がかり無し
本楽寺 (美馬市),じっくり,wikipedia_fee,料金の記述あり
東山渓県立自然公園,,name_light,公園
東祖谷落合,,default,手がかり無し
松茂町歴史民俗資料館・人形浄瑠璃芝居資料館,じっくり,name_heavy,資料館
極楽寺 (鳴門市),,default,手がかり無し
樫原の棚田,,default,手がかり無し
渦の道,,osm_feature,tourism=viewpoint
焼山寺,,default,手がかり無し
熊谷寺 (阿波市),,default,手がかり無し
牛岐城址公園,,name_light,公園
琵琶の滝,,name_light,滝
眉山 (徳島市),,default,手がかり無し
祖谷温泉,じっくり,name_heavy,温泉
神山温泉,じっくり,name_heavy,温泉
立江寺 (小松島市),,default,手がかり無し
箸蔵寺,,default,手がかり無し
箸蔵山ロープウェイ,,default,手がかり無し
箸蔵県立自然公園,,name_light,公園
脇町劇場,じっくり,name_heavy,劇場
脇町南町,,default,手がかり無し
蒲生田岬,,name_light,岬
薬王寺 (徳島県美波町),,default,手がかり無し
藍の館,じっくり,category,美術館博物館
藤井寺 (吉野川市),,default,手がかり無し
西教寺 (美馬市),,default,手がかり無し
西祖谷の神代踊,,default,手がかり無し
観音寺 (徳島市国府町観音寺),,default,手がかり無し
諏訪神社 (徳島市),,default,手がかり無し
轟九十九滝,,name_light,滝
道の駅大歩危,,name_light,道の駅
道の駅宍喰温泉,,name_light,道の駅
道の駅日和佐,,name_light,道の駅
道の駅貞光ゆうゆう館,,name_light,道の駅
金泉寺,,default,手がかり無し
阿波おどり会館,じっくり,osm_feature,tourism=museum
阿波の土柱,,default,手がかり無し
阿波十郎兵衛屋敷,じっくり,name_heavy,屋敷
阿波史跡公園,,name_light,公園
阿波国分寺,じっくり,wikipedia_fee,料金の記述あり
阿波木偶人形会館,じっくり,wikipedia_fee,料金の記述あり
阿波池田うだつの家・たばこ資料館,じっくり,name_heavy,資料館
雨乞の滝,,name_light,滝
雲辺寺,,default,手がかり無し
雲辺寺山,じっくり,name_heavy,山
霊山寺 (鳴門市),,default,手がかり無し
鳴滝 (つるぎ町),,default,手がかり無し
鳴門の渦潮,,default,手がかり無し
鳴門ウチノ海総合公園,,name_light,公園
鳴門ガレの森美術館,じっくり,name_heavy,美術館
鳴門公園,,name_light,公園
鳴門山,じっくり,name_heavy,山
鳴門市ドイツ館,じっくり,category,美術館博物館
鳴門海峡,じっくり,name_heavy,峡
鶴林寺 (徳島県勝浦町),,default,手がかり無し
こんぴら温泉郷,じっくり,name_heavy,温泉
さぬきこどもの国,,default,手がかり無し
さぬき市野外音楽広場テアトロン,,name_light,広場
さぬき空港公園,,name_light,公園
しろとり動物園,じっくり,name_heavy,動物園
とらまる公園,,name_light,公園
イサム・ノグチ庭園美術館,じっくり,name_heavy,美術館
エンジェルロード,,default,手がかり無し
ゴールドタワー,じっくり,name_heavy,タワー
サンポート高松,,default,手がかり無し
ニューレオマワールド,じっくり,name_heavy,ワールド
ベネッセハウス,じっくり,category,美術館博物館
一の宮公園,,name_light,公園
一宮寺,,osm_feature,historic=memorial
与島パーキングエリア,,default,手がかり無し
中山千枚田,,osm_feature,tourism=viewpoint
中津万象園,,default,手がかり無し
丸亀城,じっくり,name_heavy,城
丸亀市猪熊弦一郎現代美術館,じっくり,name_heavy,美術館
丸亀町グリーン,じっくり,osm_feature,tourism=hotel
二十四の瞳映画村,じっくり,osm_feature,tourism=theme_park
五色台,,default,手がかり無し
人形劇場とらまる座,じっくり,name_heavy,劇場
仏生山公園,,name_light,公園
伊吹島,じっくり,osm_feature,tourism=museum
佐柳島,,default,手がかり無し
八栗寺,,default,手がかり無し
公渕森林公園,,name_light,公園
前山おへんろ交流サロン,,default,手がかり無し
北浜alley,,default,手がかり無し
善通寺,,default,手がかり無し
四国ケーブル八栗ケーブル,,default,手がかり無し
四国村,じっくり,category,美術館博物館
四国水族館,じっくり,name_heavy,水族館
国営讃岐まんのう公園,,name_light,公園
圓通寺 (香川県宇多津町),,default,手がかり無し
土渕海峡,じっくり,name_heavy,峡
地中美術館,じっくり,name_heavy,美術館
城山城 (讃岐国),じっくり,category,城
塩江温泉,じっくり,name_heavy,温泉
大串自然公園,,name_light,公園
大滝大川県立自然公園,,name_light,公園
大窪寺,,default,手がかり無し
天皇寺 (坂出市),,default,手がかり無し
女木島,,default,手がかり無し
宇多津臨海公園,,name_light,公園
宝生院のシンパク,,default,手がかり無し
寒霞渓,,osm_feature,historic=memorial
寒霞渓ロープウェイ,,osm_feature,historic=memorial
小豆島オリーブ公園,,name_light,公園
小豆島尾崎放哉記念館,じっくり,name_heavy,記念館
小豆島温泉,じっくり,name_heavy,温泉
屋島,じっくり,category,美術館博物館
屋島寺,,default,手がかり無し
平和の群像,,name_light,像
引田 (東かがわ市),,default,手がかり無し
弥谷寺,,default,手がかり無し
志度寺,じっくり,wikipedia_fee,料金の記述あり
新屋島水族館,じっくり,name_heavy,水族館
旧金毘羅大芝居,じっくり,wikipedia_fee,料金の記述あり
朝日山森林公園,,name_light,公園
本山寺 (三豊市),,default,手がかり無し
本島 (香川県),,default,手がかり無し
本島町笠島,,default,手がかり無し
李禹煥美術館,じっくり,name_heavy,美術館
松尾寺 (香川県琴平町),,default,手がかり無し
栗林公園,,name_light,公園
根香寺,,default,手がかり無し
桃陵公園,,name_light,公園
沙弥島,,default,手がかり無し
湯船の水,,default,手がかり無し
満濃池,,osm_feature,natural=water
満濃池森林公園,,name_light,公園
滝宮の念仏踊,,default,手がかり無し
滝宮天満宮,,default,手がかり無し
瀬戸内海国立公園,,name_light,公園
瀬戸内海歴史民俗資料館,じっくり,name_heavy,資料館
瀬戸大橋記念公園,,name_light,大橋
瀬戸大橋記念館,,name_light,大橋
父母ヶ浜,,default,手がかり無し
琴平山 (香川県),,osm_feature,natural=peak
琴弾八幡宮,,default,手がかり無し
琴弾公園,,name_light,公園
琴林公園,,name_light,公園
田村神社 (高松市),,default,手がかり無し
甲山寺,,default,手がかり無し
男木島,,default,手がかり無し
白峯寺,,default,手がかり無し
神谷神社,,default,手がかり無し
竜王山 (讃岐山脈),,osm_feature,natural=peak
紫雲出山,じっくり,name_heavy,山
花樹海温泉,じっくり,name_heavy,樹海
西光寺 (香川県宇多津町),,default,手がかり無し
観音寺 (観音寺市),,default,手がかり無し
讃岐国分寺,じっくり,osm_feature,tourism=museum
豊浜サービスエリア,,default,手がかり無し
豊稔池ダム,,name_light,ダム
象頭山 (香川県),,default,手がかり無し
道の駅ことなみ,,name_light,道の駅
道の駅ことひき,,name_light,道の駅
道の駅しおのえ,,name_light,道の駅
道の駅たからだの里さいた,,name_light,道の駅
道の駅とよはま,,name_light,道の駅
道の駅みろく,,name_light,道の駅
道の駅小豆島ふるさと村,,name_light,道の駅
道の駅滝宮,,name_light,道の駅
道の駅空の夢もみの木パーク,,name_light,道の駅
道の駅香南楽湯,,name_light,道の駅
道隆寺,,default,手がかり無し
郷照寺,,default,手がかり無し
金刀比羅宮,,default,手がかり無し
銚子渓,じっくり,osm_feature,tourism=zoo
銭形砂絵,,default,手がかり無し
長尾寺,,default,手がかり無し
陸上自衛隊善通寺駐屯地資料館,じっくり,name_heavy,資料館
雲辺寺ロープウェイ,,default,手がかり無し
鞘橋,,name_light,橋
飯野山,じっくり,name_heavy,山
香川県立ミュージアム,じっくり,name_heavy,ミュージアム
香川県立丸亀競技場,,default,手がかり無し
香川県立亀鶴公園,,name_light,公園
香川県立東山魁夷せとうち美術館,じっくり,name_heavy,美術館
香川県総合運動公園,,name_light,公園
高屋神社 (観音寺市),,default,手がかり無し
高松城 (讃岐国),じっくり,category,城
高松市立中央公園,,name_light,公園
高松市美術館,じっくり,name_heavy,美術館
高松港,,name_light,港
高松琴平電気鉄道,,default,手がかり無し
えひめこどもの城,じっくり,name_heavy,城
かわら館,じっくり,category,美術館博物館
しおさい公園,,name_light,公園
ところミュージアム大三島,じっくり,name_heavy,ミュージアム
ふたみシーサイド公園,,name_light,公園
よしうみバラ公園,,name_light,公園
サンライズ糸山,じっくり,name_heavy,山
タオル美術館ICHIHIRO,じっくり,name_heavy,美術館
テクスポート今治,,default,手がかり無し
マイントピア別子,じっくり,osm_feature,tourism=theme_park
一宮神社 (新居浜市),,default,手がかり無し
三島公園 (愛媛県),,name_light,公園 
三島神社 (八幡浜市),,default,手がかり無し
三崎港 (愛媛県),,default,手がかり無し
三津の渡し,,default,手がかり無し
三角寺,,default,手がかり無し
下灘駅,,name_light,駅
世界食文化博物館,じっくり,name_heavy,博物館
中津川 (仁淀川町),,default,手がかり無し
亀老山,じっくり,name_heavy,山
五十崎凧博物館,じっくり,name_heavy,博物館
五段高原,じっくり,name_heavy,高原
五色浜公園,,name_light,公園
今治城,じっくり,name_heavy,城
今治市村上海賊ミュージアム,じっくり,name_heavy,ミュージアム
仙遊寺,,default,手がかり無し
伊丹十三記念館,じっくり,name_heavy,記念館
伊予国分寺,,default,手がかり無し
伊予灘サービスエリア,,default,手がかり無し
伊予鉄髙島屋,,default,手がかり無し
伊佐爾波神社,,osm_feature,historic=memorial
伊豫稲荷神社,,default,手がかり無し
休暇村瀬戸内東予,じっくり,osm_feature,tourism=hotel
佐田岬,,name_light,岬
佐田岬半島宇和海県立自然公園,,name_light,公園
佐田岬灯台,,name_light,灯台
保国寺,,default,手がかり無し
八日市護国,じっくり,osm_feature,tourism=museum
八釜の甌穴群,,default,手がかり無し
内子座,,default,手がかり無し
別子銅山,じっくり,name_heavy,山
別子銅山記念館,じっくり,name_heavy,記念館
前神寺,,default,手がかり無し
加茂川 (愛媛県),,default,手がかり無し
北条鹿島,じっくり,osm_feature,tourism=museum
南予レクリエーション都市,,default,手がかり無し
南光坊,,default,手がかり無し
南光院,,default,手がかり無し
南楽園,,osm_feature,leisure=park
古岩屋,じっくり,osm_feature,tourism=hotel
吉祥寺 (西条市),,default,手がかり無し
和霊神社,,default,手がかり無し
四万十川学習センターおさかな館,じっくり,category,美術館博物館
四十島,,default,手がかり無し
四国カルスト,,default,手がかり無し
四国カルスト県立自然公園,,name_light,公園
四国鉄道文化館,じっくり,osm_feature,tourism=museum
圓明寺,,default,手がかり無し
坂の上の雲ミュージアム,じっくり,name_heavy,ミュージアム
坊っちゃん劇場,じっくり,name_heavy,劇場
城山公園 (松山市),,name_light,公園 
外泊,,default,手がかり無し
大三島,,default,手がかり無し
大宝寺 (松山市),,default,手がかり無し
大寶寺,,default,手がかり無し
大山祇神社,,default,手がかり無し
大洲城,じっくり,name_heavy,城
大野ヶ原,,default,手がかり無し
天赦園,じっくり,wikipedia_fee,料金の記述あり
太山寺 (松山市),,default,手がかり無し
奥道後温泉,じっくり,name_heavy,温泉
奥道後玉川県立自然公園,,name_light,公園
媛彦温泉,じっくり,name_heavy,温泉
子規堂,じっくり,osm_feature,tourism=museum
宇和島城,じっくり,name_heavy,城
宇和島市営闘牛場,,default,手がかり無し
宇和島市立伊達博物館,じっくり,name_heavy,博物館
宇和島市立歴史資料館,じっくり,name_heavy,資料館
宇和海,,default,手がかり無し
宇和海展望タワー,,name_light,展望
宇和町卯之町,,default,手がかり無し
岩屋寺 (愛媛県久万高原町),,default,手がかり無し
川之江城,じっくり,name_heavy,城
広瀬歴史記念館,じっくり,name_heavy,記念館
延命寺 (今治市),,default,手がかり無し
愛媛県武道館,,default,手がかり無し
愛媛県歴史文化博物館,じっくり,name_heavy,博物館
愛媛県県民文化会館,,default,手がかり無し
愛媛県立とべ動物園,じっくり,name_heavy,動物園
愛媛県総合科学博物館,じっくり,name_heavy,博物館
愛媛県総合運動公園,,name_light,公園
愛媛県美術館,じっくり,name_heavy,美術館
成川渓谷,じっくり,name_heavy,渓谷
日暮別邸記念館,じっくり,name_heavy,記念館
旧別子,,default,手がかり無し
木蝋資料館上芳我邸,じっくり,name_heavy,資料館
本谷温泉,じっくり,name_heavy,温泉
杖ノ淵公園,,name_light,公園
来島,,default,手がかり無し
来島海峡,じっくり,name_heavy,峡
来島海峡展望館,,name_light,展望
東雲神社,,default,手がかり無し
松山中央公園,,name_light,公園
松山中央公園野球場,,default,手がかり無し
松山城,じっくり,name_heavy,城
松山城二之丸史跡庭園,じっくり,wikipedia_fee,料金の記述あり
松山城山ロープウェイ,,default,手がかり無し
松山市立子規記念博物館,じっくり,name_heavy,博物館
松山市総合コミュニティセンター,,default,手がかり無し
松山総合公園,,name_light,公園
柳瀬ダム,,name_light,ダム
楢原山,じっくり,name_heavy,山
横峰寺,,default,手がかり無し
浄土寺 (松山市),,default,手がかり無し
浄瑠璃寺 (松山市),,default,手がかり無し
湯ノ浦温泉,じっくり,name_heavy,温泉
湯神社,,osm_feature,historic=memorial
湯築城,じっくり,name_heavy,城
滑川渓谷,じっくり,name_heavy,渓谷
滝の宮公園,,name_light,公園
瓶ヶ森,,osm_feature,natural=peak
白猪の滝,,name_light,滝
皿ヶ嶺,,default,手がかり無し
皿ヶ嶺連峰県立自然公園,,name_light,公園
石手寺,,default,手がかり無し
石鎚スキー場,じっくり,name_heavy,スキー場
石鎚国定公園,,name_light,公園
石鎚山,じっくり,name_heavy,山
石鎚登山ロープウェイ,,default,手がかり無し
石鎚神社,,default,手がかり無し
砥部焼伝統産業会館,じっくり,category,美術館博物館
積善山,じっくり,name_heavy,山
笹ヶ峰,じっくり,name_heavy,峰
篠山 (高知県・愛媛県),,default,手がかり無し
篠山県立自然公園,,name_light,公園
紫電改展示館,じっくり,category,美術館博物館
綱敷天満神社 (今治市),,default,手がかり無し
繁多寺,,default,手がかり無し
肱川県立自然公園,,name_light,公園
能島,,default,手がかり無し
臥龍山荘,じっくり,wikipedia_fee,料金の記述あり
興居島,,default,手がかり無し
萬翠荘,じっくり,osm_feature,tourism=museum
西予市立美術館「ギャラリーしろかわ」,じっくり,name_heavy,美術館
西山興隆寺,,default,手がかり無し
西江寺 (宇和島市),,default,手がかり無し
見奈良温泉,じっくり,name_heavy,温泉
遊子水荷浦の段畑,,osm_feature,tourism=viewpoint
道の駅うわじま きさいや広場,,name_light,道の駅
道の駅しまなみの駅御島,,name_light,道の駅
道の駅どんぶり館,,name_light,道の駅
道の駅ふたみ,,name_light,道の駅
道の駅みま,,name_light,道の駅
道の駅よしうみいきいき館,,name_light,道の駅
道の駅今治市多々羅しまなみ公園,,name_light,道の駅
道の駅今治湯ノ浦温泉,,name_light,道の駅
道の駅伊方きらら館,,name_light,道の駅
道の駅伯方S・Cパーク,,name_light,道の駅
道の駅八幡浜みなっと,,name_light,道の駅
道の駅内子フレッシュパークからり,,name_light,道の駅
道の駅天空の郷さんさん,,name_light,道の駅
道の駅小松オアシス,,name_light,道の駅
道の駅津島熱田温泉,,name_light,道の駅
道の駅霧の森,,name_light,道の駅
道後公園,,name_light,公園
道後温泉,じっくり,name_heavy,温泉
道後温泉本館,じっくり,name_heavy,温泉
道後温泉駅,,name_light,駅
金砂湖県立自然公園,,name_light,公園
鈍川温泉,じっくり,name_heavy,温泉
鉄道歴史パーク in SAIJO,じっくり,category,美術館博物館
長福寺 (西条市),,default,手がかり無し
開明学校,,default,手がかり無し
雪輪の滝,,name_light,滝
青島 (愛媛県),,default,手がかり無し
面河山岳博物館,じっくり,name_heavy,博物館
面河渓,,default,手がかり無し
香園寺,,default,手がかり無し
高畠華宵大正ロマン館,じっくり,category,美術館博物館
高茂岬,,name_light,岬
鷹の子温泉,じっくり,name_heavy,温泉
鹿島 (愛南町),,default,手がかり無し
いの町紙の博物館,じっくり,name_heavy,博物館
にこ淵,,default,手がかり無し
ひろめ市場,,default,手がかり無し
むろと廃校水族館,じっくり,name_heavy,水族館
ゆとりすとパークおおとよ,,osm_feature,leisure=park
わんぱーくこうちアニマルランド,じっくり,name_heavy,ランド
ジョン万次郎資料館,じっくり,name_heavy,資料館
トンボ自然公園,じっくり,wikipedia_fee,料金の記述あり
中岡慎太郎館,じっくり,osm_feature,tourism=museum
五台山 (高知市),,default,手がかり無し
伊尾木洞,じっくり,name_heavy,洞
入野海岸,,default,手がかり無し
北川村モネの庭マルモッタン,じっくり,osm_feature,tourism=museum
北川温泉 (高知県),じっくり,name_heavy,温泉
吉良川町,,default,手がかり無し
咸陽島,,default,手がかり無し
善楽寺,,default,手がかり無し
四国自動車博物館,じっくり,name_heavy,博物館
土佐国分寺,,default,手がかり無し
土佐神社,,default,手がかり無し
大善寺 (須崎市),,default,手がかり無し
大日寺 (香南市),,default,手がかり無し
大樽の滝,,name_light,滝
天狗高原,じっくり,name_heavy,高原
安芸駅,,name_light,駅
室戸ジオパーク,,default,手がかり無し
室戸岬,,name_light,岬
室戸岬灯台,,name_light,灯台
寒風山 (高知県・愛媛県),,osm_feature,natural=peak
小村神社,,default,手がかり無し
岡豊城,じっくり,name_heavy,城
岩本寺,,default,手がかり無し
延光寺,,default,手がかり無し
御厨人窟,,default,手がかり無し
手結港可動橋,,name_light,橋
播磨屋橋,,name_light,橋
旧山内家下屋敷長屋,じっくり,name_heavy,屋敷
早明浦ダム,,name_light,ダム
最御崎寺,,default,手がかり無し
杉の大スギ,,default,手がかり無し
柏島,,default,手がかり無し
桂浜,,default,手がかり無し
桂浜水族館,じっくり,name_heavy,水族館
梶ヶ森県立自然公園,,name_light,公園
梼原町立歴史民俗資料館,じっくり,name_heavy,資料館
横山隆一記念まんが館,じっくり,category,美術館博物館
津照寺,,default,手がかり無し
海洋堂かっぱ館,じっくり,category,美術館博物館
海洋堂ホビー館四万十,じっくり,category,美術館博物館
清瀧寺 (土佐市),,default,手がかり無し
白山洞門,,name_light,門
白山神社 (土佐清水市),,default,手がかり無し
白滝鉱山,じっくり,name_heavy,山
白髪山 (高知県本山町),,osm_feature,natural=peak
神峯寺,,default,手がかり無し
神峯神社,,default,手がかり無し
禅師峰寺,,default,手がかり無し
種崎千松公園,,name_light,公園
種間寺,,osm_feature,amenity=parking
稲叢山,じっくり,name_heavy,山
竹林寺 (高知市),じっくり,wikipedia_fee,料金の記述あり
筆山公園,,name_light,公園
若宮八幡宮 (高知市),,default,手がかり無し
要法寺 (高知市),,default,手がかり無し
豊楽寺,,default,手がかり無し
足摺宇和海国立公園,,name_light,公園
足摺岬,,name_light,岬
足摺岬灯台,,name_light,灯台
足摺海底館,じっくり,osm_feature,tourism=aquarium
足摺温泉,じっくり,name_heavy,温泉
轟の滝 (高知県),,default,手がかり無し
道の駅633美の里,,name_light,道の駅
道の駅あぐり窪川,,name_light,道の駅
道の駅かわうその里すさき,,name_light,道の駅
道の駅すくも,,name_light,道の駅
道の駅なぶら土佐佐賀,,name_light,道の駅
道の駅やす,,name_light,道の駅
道の駅キラメッセ室戸,じっくり,wikipedia_fee,料金の記述あり
道の駅南国風良里,,name_light,道の駅
道の駅四万十とおわ,,name_light,道の駅
道の駅四万十大正,,name_light,道の駅
道の駅土佐和紙工芸村,,name_light,道の駅
道の駅大山,,name_light,道の駅
道の駅大月,,name_light,道の駅
道の駅大杉,,name_light,道の駅
道の駅木の香,,name_light,道の駅
道の駅田野駅屋,,name_light,道の駅
野根山街道,,default,手がかり無し
野良時計,,default,手がかり無し
金剛福寺,,default,手がかり無し
金剛頂寺 (室戸市),,default,手がかり無し
長尾鶏センター,,default,手がかり無し
雪蹊寺,,default,手がかり無し
青龍寺 (土佐市),,default,手がかり無し
香美市立やなせたかし記念館,じっくり,name_heavy,記念館
馬路温泉,じっくり,name_heavy,温泉
高知城,じっくり,name_heavy,城
高知市文化プラザかるぽーと,,default,手がかり無し
高知市立自由民権記念館,じっくり,name_heavy,記念館
高知市立龍馬の生まれたまち記念館,じっくり,name_heavy,記念館
高知県立のいち動物公園,じっくり,wikipedia_fee,料金の記述あり
高知県立坂本龍馬記念館,じっくり,name_heavy,記念館
高知県立文学館,じっくり,name_heavy,文学館
高知県立歴史民俗資料館,じっくり,name_heavy,資料館
高知県立牧野植物園,じっくり,name_heavy,植物園
高知県立美術館,じっくり,name_heavy,美術館
高知県立足摺海洋館,じっくり,category,美術館博物館
高知県立高知城歴史博物館,じっくり,name_heavy,博物館
龍河洞,じっくり,name_heavy,洞
ABURAYAMA FUKUOKA,じっくり,wikipedia_fee,料金の記述あり
E・ZO FUKUOKA,,default,手がかり無し
HAWKSベースボールパーク筑後,,osm_feature,leisure=park
JR博多シティ,,default,手がかり無し
「博多町家」ふるさと館,じっくり,wikipedia_fee,料金の記述あり
「神宿る島」宗像・沖ノ島と関連遺産群,,default,手がかり無し
だざいふ遊園地,じっくり,name_heavy,遊園地
のこのしまアイランドパーク,じっくり,wikipedia_fee,料金の記述あり
めかりパーキングエリア,,default,手がかり無し
アクロス福岡,,default,手がかり無し
アミュプラザ小倉,,default,手がかり無し
キッザニア福岡,,default,手がかり無し
キャナルシティ博多,,default,手がかり無し
クリークの里石丸山公園,じっくり,wikipedia_fee,料金の記述あり
グリーンパーク・響灘緑地,じっくり,wikipedia_fee,料金の記述あり
グローバルアリーナ,,default,手がかり無し
コムシティ,,default,手がかり無し
シーサイドももち,,default,手がかり無し
シーサイドももち海浜公園,,name_light,公園
チャチャタウン小倉,,default,手がかり無し
トリアス (ショッピングセンター),,default,手がかり無し
ベイサイドプレイス博多埠頭,,name_light,埠頭
マリゾン,,default,手がかり無し
マリンメッセ福岡,,default,手がかり無し
マリンワールド海の中道,じっくり,category,美術館博物館
リバーウォーク北九州,,default,手がかり無し
七夕神社,,default,手がかり無し
三井三池炭鉱,,default,手がかり無し
三井港倶楽部,,default,手がかり無し
三柱神社 (柳川市),じっくり,wikipedia_fee,料金の記述あり
三池港,,name_light,港
中ノ島公園 (那珂川市),,name_light,公園 
中央公園 (久留米市),,name_light,公園 
中央公園 (北九州市),,name_light,公園 
中山の大フジ,,default,手がかり無し
中洲,,default,手がかり無し
久留米城,じっくり,name_heavy,城
久留米市美術館,じっくり,name_heavy,美術館
久留米市鳥類センター,じっくり,category,美術館博物館
九州マクセル赤煉瓦記念館,じっくり,name_heavy,記念館
九州国立博物館,じっくり,name_heavy,博物館
九州歴史資料館,じっくり,name_heavy,資料館
九州鉄道記念館,じっくり,name_heavy,記念館
二日市温泉 (筑紫野市),じっくり,name_heavy,温泉
二見ヶ浦 (福岡県),,default,手がかり無し
今村天主堂,,default,手がかり無し
伊都国歴史博物館,じっくり,name_heavy,博物館
住吉神社 (福岡市),,default,手がかり無し
元寇史料館,じっくり,name_heavy,史料館
光明寺 (太宰府市),,default,手がかり無し
光雲神社,,default,手がかり無し
八坂神社 (北九州市),,default,手がかり無し
八女伝統工芸館,,default,手がかり無し
八女市黒木,,default,手がかり無し
内田三連橋梁,,name_light,橋梁
到津の森公園,,name_light,公園
勝盛公園,じっくり,wikipedia_fee,料金の記述あり
北九州メディアドーム,,default,手がかり無し
北九州国定公園,,name_light,公園
北九州市大連友好記念館,じっくり,name_heavy,記念館
北九州市旧大阪商船,じっくり,osm_feature,tourism=museum
北九州市旧門司三井倶楽部,じっくり,osm_feature,tourism=museum
北九州市旧門司税関,,osm_feature,tourism=viewpoint
北九州市漫画ミュージアム,じっくり,name_heavy,ミュージアム
北九州市立いのちのたび博物館,じっくり,name_heavy,博物館
北九州市立松本清張記念館,じっくり,name_heavy,記念館
北九州市立美術館,じっくり,name_heavy,美術館
北九州空港,,name_light,港
北原白秋生家,じっくり,name_heavy,生家
北原白秋記念館,じっくり,name_heavy,記念館
北野天満宮 (久留米市),,default,手がかり無し
千仏鍾乳洞,じっくり,name_heavy,鍾乳洞
千光寺 (久留米市),,default,手がかり無し
千如寺,,default,手がかり無し
南公園 (福岡市),,name_light,公園 
南蔵院 (福岡県篠栗町),,default,手がかり無し
博多リバレイン,,default,手がかり無し
博多千年門,,name_light,門
博多座,,default,手がかり無し
博多祇園山笠,,default,手がかり無し
博多駅,,name_light,駅
友泉亭公園,じっくり,wikipedia_fee,料金の記述あり
古処山,じっくり,name_heavy,山
可也山,じっくり,name_heavy,山
名島運動公園,,name_light,公園
和布刈公園,,name_light,公園
和布刈神社,,osm_feature,historic=memorial
嘉穂劇場,じっくり,name_heavy,劇場
国営海の中道海浜公園,,name_light,公園
坂本八幡宮,,default,手がかり無し
垣生公園,,name_light,公園
城山 (宗像市・岡垣町),,default,手がかり無し
基肄城,じっくり,name_heavy,城
堀川用水,,default,手がかり無し
多賀神社 (直方市),,default,手がかり無し
夜宮公園,,name_light,公園
大宰府,じっくり,osm_feature,tourism=museum
大将陣公園,,name_light,公園
大島 (福岡県),,default,手がかり無し
大濠公園,,name_light,公園
大牟田市石炭産業科学館,じっくり,name_heavy,科学館
大野城 (筑前国),じっくり,category,城
天拝山,じっくり,name_heavy,山
天照皇大神宮,,default,手がかり無し
天神中央公園,,name_light,公園
天神地下街,,default,手がかり無し
天神西通り,,name_light,通り
太宰府天満宮,,default,手がかり無し
奴国の丘歴史公園,,name_light,公園
如意輪寺 (小郡市),,default,手がかり無し
姉子の浜,,default,手がかり無し
姫島 (福岡県),,default,手がかり無し
宇美八幡宮,,default,手がかり無し
安国寺 (嘉麻市),じっくり,wikipedia_fee,料金の記述あり
宗像ユリックス,,default,手がかり無し
宗像大社,じっくり,osm_feature,tourism=museum
官営八幡製鐵所,,default,手がかり無し
宝満山,じっくり,name_heavy,山
宮地嶽神社,,default,手がかり無し
宮若市石炭記念館,じっくり,name_heavy,記念館
小倉城,じっくり,name_heavy,城
小倉駅 (福岡県),,default,手がかり無し
山鹿城 (筑前国),じっくり,category,城
岡田宮,,default,手がかり無し
岩戸山古墳,,name_light,古墳
崇福寺 (福岡市),,default,手がかり無し
川端通商店街,,name_light,商店街
平尾台,,default,手がかり無し
平田家住宅 (小郡市),,default,手がかり無し
御所ヶ谷神籠石,,default,手がかり無し
御祖神社,,default,手がかり無し
志免鉱業所竪坑櫓,,default,手がかり無し
志賀島,,default,手がかり無し
志賀海神社,,default,手がかり無し
成田山久留米分院,,default,手がかり無し
戒壇院,,default,手がかり無し
承天寺,,default,手がかり無し
新原・奴山古墳群,,name_light,古墳
旦過市場,,default,手がかり無し
旧伊藤伝右衛門邸,,default,手がかり無し
旧戸島家住宅,,default,手がかり無し
旧藏内氏庭園,,default,手がかり無し
春日神社 (春日市),,default,手がかり無し
普光寺 (大牟田市),,default,手がかり無し
東公園 (福岡市),じっくり,wikipedia_fee,料金の記述あり
東平尾公園,,name_light,公園
東田第一高炉史跡広場,じっくり,wikipedia_fee,料金の記述あり
東郷神社 (福津市),,default,手がかり無し
東長寺,,default,手がかり無し
柳橋連合市場,,default,手がかり無し
桜井神社 (糸島市),,default,手がかり無し
梅林寺 (久留米市),,default,手がかり無し
楽水園,じっくり,wikipedia_fee,料金の記述あり
櫛田神社 (福岡市),,default,手がかり無し
武蔵寺,,default,手がかり無し
水城,じっくり,name_heavy,城
水天宮 (久留米市),,default,手がかり無し
水田天満宮,,default,手がかり無し
求菩提山,じっくり,name_heavy,山
求菩提温泉,じっくり,name_heavy,温泉
沖ノ島,,default,手がかり無し
河内藤園,じっくり,wikipedia_fee,料金の記述あり
河内貯水池,,osm_feature,natural=water
油山,じっくり,name_heavy,山
浮羽稲荷神社,,default,手がかり無し
海の中道,,default,手がかり無し
海軍築城航空基地稲童掩体,,default,手がかり無し
清水寺 (みやま市),,default,手がかり無し
漢委奴国王印,,default,手がかり無し
牛頸ダム,,name_light,ダム
猫尾城,じっくり,name_heavy,城
王塚古墳,,name_light,古墳
甘木公園,,name_light,公園
甘木歴史資料館,じっくり,name_heavy,資料館
田川市石炭・歴史博物館,じっくり,name_heavy,博物館
田川市美術館,じっくり,name_heavy,美術館
白糸の滝 (糸島市),,default,手がかり無し
白野江植物公園,じっくり,wikipedia_fee,料金の記述あり
皿倉山,じっくり,name_heavy,山
皿倉登山鉄道,,default,手がかり無し
皿山公園 (須恵町),,name_light,公園 
直方谷尾美術館,じっくり,name_heavy,美術館
相島 (福岡県),,default,手がかり無し
石人山古墳,,name_light,古墳
石橋文化センター,じっくり,osm_feature,tourism=gallery
石炭記念公園,,name_light,公園
福岡アジア美術館,じっくり,name_heavy,美術館
福岡タワー,じっくり,name_heavy,タワー
福岡ドーム,,default,手がかり無し
福岡国際会議場,,default,手がかり無し
福岡城,じっくり,name_heavy,城
福岡市動植物園,じっくり,name_heavy,植物園
福岡市博物館,じっくり,name_heavy,博物館
福岡市美術館,じっくり,name_heavy,美術館
福岡市赤煉瓦文化館,,default,手がかり無し
福岡東洋陶磁美術館,じっくり,name_heavy,美術館
福岡県公会堂貴賓館,,default,手がかり無し
福岡県営春日公園,,name_light,公園
福岡県立美術館,じっくり,name_heavy,美術館
福岡県青少年科学館,じっくり,name_heavy,科学館
福岡空港,,name_light,港
福島八幡宮,,default,手がかり無し
福智山,じっくり,name_heavy,山
秋月城,じっくり,name_heavy,城
竈門神社,,default,手がかり無し
立花山,じっくり,name_heavy,山
立花氏庭園,,default,手がかり無し
筑前国分寺,,default,手がかり無し
筑前町立大刀洗平和記念館,じっくり,name_heavy,記念館
筑後吉井,,default,手がかり無し
筑後川昇開橋,,name_light,橋
筑後川温泉,じっくり,name_heavy,温泉
筑後広域公園,,name_light,公園
筑紫野市総合公園,,name_light,公園
筥崎宮,,default,手がかり無し
篠崎八幡神社,,default,手がかり無し
篠栗九大の森,,default,手がかり無し
紅葉八幡宮,,default,手がかり無し
織田廣喜美術館,じっくり,name_heavy,美術館
耳納山地,,default,手がかり無し
聖福寺 (福岡市),,default,手がかり無し
能古島,,default,手がかり無し
脇田温泉,じっくり,name_heavy,温泉
舞鶴公園,,name_light,公園
船小屋温泉,じっくり,name_heavy,温泉
芥屋の大門,,name_light,門
若戸大橋,,name_light,大橋
英彦山,じっくり,name_heavy,山
英彦山神宮,,osm_feature,natural=peak
薬王寺温泉,じっくり,name_heavy,温泉
行橋赤レンガ館,じっくり,wikipedia_fee,料金の記述あり
西光寺 (福岡市),,default,手がかり無し
西公園 (福岡市),,name_light,公園 
西日本総合展示場,,default,手がかり無し
観世音寺,,default,手がかり無し
警固公園,,name_light,公園
警固神社,,default,手がかり無し
豊前国分寺跡,じっくり,wikipedia_fee,料金の記述あり
道の駅いとだ,,name_light,道の駅
道の駅うきは,,name_light,道の駅
道の駅おおとう桜街道,,name_light,道の駅
道の駅おおむた,,name_light,道の駅
道の駅しんよしとみ,,name_light,道の駅
道の駅むなかた,,name_light,道の駅
道の駅原鶴,,name_light,道の駅
道の駅小石原,,name_light,道の駅
道の駅歓遊舎ひこさん,,name_light,道の駅
道の駅筑前みなみの里,,name_light,道の駅
道の駅豊前おこしかけ,,name_light,道の駅
道の駅香春,,name_light,道の駅
遠賀川水源地ポンプ室,,default,手がかり無し
鎮国寺,,default,手がかり無し
長田鉱泉場,,default,手がかり無し
長谷寺 (福岡県鞍手町),じっくり,wikipedia_fee,料金の記述あり
門司港駅,,name_light,駅
門司電気通信レトロ館,じっくり,osm_feature,tourism=museum
関門海峡ミュージアム,じっくり,name_heavy,ミュージアム
雷山,じっくり,name_heavy,山
霊巌寺 (八女市),,default,手がかり無し
青龍窟,,default,手がかり無し
風浪宮,,default,手がかり無し
香春岳,じっくり,name_heavy,岳
香椎宮,,default,手がかり無し
駕与丁公園,,name_light,公園
高塔山,じっくり,name_heavy,山
高祖山,じっくり,name_heavy,山
高良大社,,osm_feature,historic=memorial
高良山,じっくり,name_heavy,山
魚楽園,,default,手がかり無し
鷲尾愛宕神社,,default,手がかり無し
黒木のフジ,,default,手がかり無し
いろは島,,default,手がかり無し
どんどんどんの森,,osm_feature,leisure=park
メルヘン村,じっくり,category,美術館博物館
三瀬ルベール牧場 どんぐり村,じっくり,name_heavy,牧場
三重津海軍所,,default,手がかり無し
中冨記念くすり博物館,じっくり,name_heavy,博物館
九年庵,,default,手がかり無し
仁比山神社,,default,手がかり無し
佐嘉神社,,default,手がかり無し
佐賀バルーンミュージアム,じっくり,name_heavy,ミュージアム
佐賀城,じっくり,name_heavy,城
佐賀城公園,,name_light,公園
佐賀県立博物館,じっくり,name_heavy,博物館
佐賀県立名護屋城博物館,じっくり,name_heavy,博物館
佐賀県立森林公園,じっくり,wikipedia_fee,料金の記述あり
佐賀県立美術館,じっくり,name_heavy,美術館
加部島,,default,手がかり無し
古湯温泉,じっくり,name_heavy,温泉
吉野ヶ里遺跡,じっくり,wikipedia_fee,料金の記述あり
名護屋城,じっくり,name_heavy,城
呼子大橋,,name_light,大橋
唐津城,じっくり,name_heavy,城
唐津神社,,default,手がかり無し
土井家住宅,,default,手がかり無し
塩田津,,default,手がかり無し
多久聖廟,,default,手がかり無し
大興善寺 (佐賀県基山町),,default,手がかり無し
大魚神社,,default,手がかり無し
天山 (佐賀県),,default,手がかり無し
嬉野温泉,じっくり,name_heavy,温泉
宝当神社,,default,手がかり無し
小城公園,,name_light,公園
屋形石の七ツ釜,,default,手がかり無し
川古のクス,,default,手がかり無し
御船山楽園,じっくり,wikipedia_fee,料金の記述あり
徴古館 (佐賀市),じっくり,category,美術館博物館
旧唐津銀行本店,じっくり,osm_feature,tourism=museum
有明海,,default,手がかり無し
有田ポーセリンパーク,じっくり,osm_feature,tourism=museum
有田町有田内山伝統的建造物群保存地区,,default,手がかり無し
東よか干潟,,default,手がかり無し
松浦河畔公園,,name_light,公園
波戸岬,,name_light,岬
清水の滝,,name_light,滝
熊の川温泉,じっくり,name_heavy,温泉
田島神社,,default,手がかり無し
白鬚神社の田楽,,default,手がかり無し
祐徳稲荷神社,,default,手がかり無し
神野公園 (佐賀市),,name_light,公園 
肥前夢街道,じっくり,osm_feature,tourism=theme_park
脊振山,じっくり,name_heavy,山
與止日女神社,,default,手がかり無し
蕨野の棚田,,default,手がかり無し
虹の松原,,default,手がかり無し
西渓公園,,name_light,公園
見帰りの滝,,name_light,滝
諏訪神社 (唐津市),,default,手がかり無し
轟の滝 (佐賀県),,default,手がかり無し
道の駅しろいし,,name_light,道の駅
道の駅大和,,name_light,道の駅
道の駅太良,,name_light,道の駅
道の駅山内,,name_light,道の駅
道の駅桃山天下市,,name_light,道の駅
道の駅鹿島,,name_light,道の駅
金立サービスエリア,,default,手がかり無し
鏡山 (佐賀県),,default,手がかり無し
須賀神社 (小城市),,default,手がかり無し
鵜殿石仏群,,default,手がかり無し
鹿島市浜中町八本木宿,,default,手がかり無し
鹿島市浜庄津町浜金屋町,,default,手がかり無し
たびら平戸口駅,,name_light,駅
たびら昆虫自然園,,default,手がかり無し
みらい長崎ココウォーク,,default,手がかり無し
ゆめタウン夢彩都,,default,手がかり無し
アミュプラザ長崎,,name_light,崎
オランダ坂,,default,手がかり無し
カトリック三浦町教会,,default,手がかり無し
カトリック浦上教会,,default,手がかり無し
カトリック黒崎教会 (長崎教区),,default,手がかり無し
グラバー園,じっくり,wikipedia_fee,料金の記述あり
サント・ドミンゴ教会 (長崎市),,default,手がかり無し
シーボルト記念館,じっくり,name_heavy,記念館
ハウステンボス,じっくり,osm_feature,tourism=theme_park
七釜鍾乳洞,じっくり,name_heavy,鍾乳洞
万松院,,default,手がかり無し
三菱重工業長崎造船所,,default,手がかり無し
三菱重工業長崎造船所史料館,じっくり,name_heavy,史料館
久賀島,,default,手がかり無し
九十九島 (西海国立公園),,default,手がかり無し
九十九島パールシーリゾート,じっくり,category,美術館博物館
伊王島,,default,手がかり無し
伊王島灯台,,name_light,灯台
住吉神社 (壱岐市),,default,手がかり無し
佐世保市博物館島瀬美術センター,じっくり,name_heavy,博物館
出島,,default,手がかり無し
出津教会堂,,default,手がかり無し
勝本城,じっくり,name_heavy,城
南山手,,default,手がかり無し
原の辻遺跡,,name_light,跡
原城,じっくり,name_heavy,城
和多都美神社,,default,手がかり無し
唐人屋敷,じっくり,name_heavy,屋敷
国立長崎原爆死没者追悼平和祈念館,,osm_feature,historic=memorial
土石流被災家屋保存公園,,name_light,公園
坂本龍馬之像,,name_light,像
堂崎天主堂,じっくり,osm_feature,tourism=museum
壱岐対馬国定公園,,name_light,公園
壱岐市立一支国博物館,じっくり,name_heavy,博物館
多良岳,じっくり,name_heavy,岳
大宝寺 (五島市),,default,手がかり無し
大島大橋 (長崎県),,name_light,大橋
大島村神浦,,default,手がかり無し
大村公園,,name_light,公園
大村湾パーキングエリア,,default,手がかり無し
大浦天主堂,じっくり,wikipedia_fee,料金の記述あり
大瀬埼灯台,,name_light,灯台
大碆鼻灯台,,name_light,灯台
大野台支石墓群,,default,手がかり無し
大野集落,じっくり,name_heavy,集落
奈留島,,default,手がかり無し
安国寺 (壱岐市),,default,手がかり無し
宝亀教会,,default,手がかり無し
対馬国分寺,,default,手がかり無し
対馬野生生物保護センター,じっくり,osm_feature,tourism=zoo
小値賀島,,default,手がかり無し
小浜温泉,じっくり,name_heavy,温泉
小茂田浜神社,,default,手がかり無し
小菅修船場跡,,name_light,跡
展海峰,じっくり,name_heavy,峰
山王神社 (長崎市),,default,手がかり無し
山茶花高原ピクニックパーク,じっくり,osm_feature,tourism=theme_park
島原城,じっくり,name_heavy,城
島原武家屋敷街,じっくり,name_heavy,屋敷
島原温泉,じっくり,name_heavy,温泉
崇福寺 (長崎市),,default,手がかり無し
平和公園,,name_light,公園
平和祈念像,,name_light,像
平戸ザビエル記念教会,,default,手がかり無し
平戸城,じっくり,name_heavy,城
平戸大橋,,name_light,大橋
平戸島,,default,手がかり無し
平戸市切支丹資料館,じっくり,name_heavy,資料館
平戸温泉,じっくり,name_heavy,温泉
平戸港,,name_light,港
幸橋 (平戸市),,default,手がかり無し
弓張岳,じっくり,name_heavy,岳
日本二十六聖人記念館,じっくり,name_heavy,記念館
旧五輪教会堂,,default,手がかり無し
旧羅典神学校,,default,手がかり無し
旧野首教会,,default,手がかり無し
旧長崎税関下り松派出所,,default,手がかり無し
旧長崎英国領事館,,default,手がかり無し
旧香港上海銀行長崎支店,じっくり,category,美術館博物館
最教寺 (平戸市),じっくり,wikipedia_fee,料金の記述あり
本光寺 (島原市),じっくり,wikipedia_fee,料金の記述あり
東山手,,osm_feature,historic=memorial
東山手十二番館,,default,手がかり無し
松永安左エ門記念館,じっくり,name_heavy,記念館
松浦史料博物館,じっくり,name_heavy,博物館
松浦市立埋蔵文化財センター,,default,手がかり無し
樺島,,default,手がかり無し
橘神社 (雲仙市),,default,手がかり無し
江上天主堂,,default,手がかり無し
池島炭鉱,,default,手がかり無し
波佐見温泉,じっくり,name_heavy,温泉
海上自衛隊佐世保史料館,じっくり,name_heavy,史料館
温泉神社 (雲仙市),じっくり,name_heavy,温泉
満明寺,,default,手がかり無し
玄海国定公園,,name_light,公園
生月大橋,,name_light,大橋
田平天主堂,,default,手がかり無し
白浜海水浴場 (佐世保市),,default,手がかり無し
眉山 (島原市),,default,手がかり無し
眼鏡岩 (佐世保市),,default,手がかり無し
眼鏡橋 (諫早市),,default,手がかり無し
眼鏡橋 (長崎市),,default,手がかり無し
石田城,じっくり,name_heavy,城
祈りの丘絵本美術館,じっくり,name_heavy,美術館
神代小路,,default,手がかり無し
神崎鼻,,name_light,鼻
稲佐山,じっくり,name_heavy,山
端島 (長崎県),,default,手がかり無し
紐差教会,,default,手がかり無し
聖福寺 (長崎市),,default,手がかり無し
興福寺 (長崎市),,default,手がかり無し
西海国立公園,,name_light,公園
西海国立公園九十九島動植物園,じっくり,name_heavy,植物園
西海橋,,name_light,橋
西海橋公園,,name_light,公園
諫早湾干拓事業,,default,手がかり無し
諫早神社,,default,手がかり無し
護国寺 (島原市),,default,手がかり無し
軍艦島資料館,じっくり,name_heavy,資料館
道の駅さいかい,,name_light,道の駅
道の駅させぼっくす 99,,name_light,道の駅
道の駅彼杵の荘,,name_light,道の駅
道の駅昆虫の里たびら,,name_light,道の駅
道の駅遣唐使ふるさと館,,name_light,道の駅
遠藤周作文学館,じっくり,name_heavy,文学館
野岳湖,,osm_feature,leisure=park
野崎島,,default,手がかり無し
金田城,じっくり,name_heavy,城
金石城,じっくり,name_heavy,城
針尾送信所,,default,手がかり無し
鎮西大社諏訪神社,,default,手がかり無し
長崎くんち,,default,手がかり無し
長崎と天草地方の潜伏キリシタン関連遺産,,default,手がかり無し
長崎バイオパーク,じっくり,category,美術館博物館
長崎ペンギン水族館,じっくり,name_heavy,水族館
長崎ロープウェイ,,default,手がかり無し
長崎原爆資料館,じっくり,name_heavy,資料館
長崎新地中華街,,default,手がかり無し
長崎歴史文化博物館,じっくり,name_heavy,博物館
長崎水辺の森公園,,name_light,公園
長崎県美術館,じっくり,name_heavy,美術館
雲仙天草国立公園,,name_light,公園
雲仙岳,じっくり,name_heavy,岳
雲仙岳災害記念館,じっくり,name_heavy,記念館
雲仙温泉,じっくり,name_heavy,温泉
青島 (長崎県),,default,手がかり無し
青砂ヶ浦天主堂,,default,手がかり無し
頭ヶ島,,default,手がかり無し
頭ヶ島天主堂,,default,手がかり無し
飯盛神社 (佐世保市),,default,手がかり無し
高島炭鉱,,default,手がかり無し
鬼岳,じっくり,name_heavy,岳
鷹島 (長崎県),,default,手がかり無し
黒島 (長崎県佐世保市),,default,手がかり無し
黒島天主堂,,default,手がかり無し
おかどめ幸福駅,,name_light,駅
つなぎ美術館,じっくり,name_heavy,美術館
やつしろ全国花火競技大会,,default,手がかり無し
わいた温泉郷,じっくり,name_heavy,温泉
わくわく海中水族館シードーナツ,じっくり,name_heavy,水族館
アミュプラザくまもと,,default,手がかり無し
エコパーク水俣,じっくり,wikipedia_fee,料金の記述あり
グリーンランド (遊園地),じっくり,name_heavy,遊園地
セキアヒルズ,,default,手がかり無し
チブサン古墳,,name_light,古墳
トンカラリン,,default,手がかり無し
ヒゴタイ公園,,name_light,公園
フードパル熊本,,default,手がかり無し
一心行の大桜,,default,手がかり無し
三宝寺 (宇城市),,default,手がかり無し
三角港,,name_light,港
上通,,default,手がかり無し
下の城のイチョウ,,default,手がかり無し
下田温泉 (熊本県),じっくり,name_heavy,温泉
不知火美術館,じっくり,name_heavy,美術館
中岳 (阿蘇山),,default,手がかり無し
九州中央山地国定公園,,name_light,公園
五老ヶ滝,,name_light,滝
人吉城,じっくり,name_heavy,城
人吉温泉,じっくり,name_heavy,温泉
仙酔峡,じっくり,name_heavy,峡
住吉神社 (宇土市),,default,手がかり無し
俵山,じっくり,name_heavy,山
八代城,じっくり,name_heavy,城
八代宮,,default,手がかり無し
八代神社,,default,手がかり無し
八千代座,,default,手がかり無し
加藤神社,,default,手がかり無し
北里柴三郎記念館,じっくり,name_heavy,記念館
十万山,じっくり,name_heavy,山
古閑の滝,,name_light,滝
国見岳 (熊本県・宮崎県),,osm_feature,natural=peak
国造神社,,default,手がかり無し
国道221号,,default,手がかり無し
地獄温泉,じっくり,name_heavy,温泉
坂本善三美術館,じっくり,name_heavy,美術館
塚原古墳群 (熊本市),じっくり,wikipedia_fee,料金の記述あり
大宮神社 (山鹿市),,default,手がかり無し
大観峰,じっくり,name_heavy,峰
天草切支丹館,じっくり,osm_feature,tourism=museum
天草市立御所浦恐竜の島博物館,じっくり,name_heavy,博物館
天草松島,,default,手がかり無し
妙見浦,,default,手がかり無し
宇土城,じっくり,name_heavy,城
富岡城,じっくり,name_heavy,城
小国両神社,,default,手がかり無し
小天温泉,じっくり,name_heavy,温泉
山鹿温泉,じっくり,name_heavy,温泉
山鹿灯籠民芸館,じっくり,wikipedia_fee,料金の記述あり
峐の湯温泉,じっくり,name_heavy,温泉
島田美術館,じっくり,name_heavy,美術館
市房ダム,,name_light,ダム
幣立神社,,default,手がかり無し
廣福寺 (玉名市),,default,手がかり無し
御船町恐竜博物館,じっくり,name_heavy,博物館
御輿来海岸,,default,手がかり無し
日奈久温泉,じっくり,name_heavy,温泉
月廻り公園,じっくり,wikipedia_fee,料金の記述あり
本妙寺 (熊本市),,default,手がかり無し
本渡諏訪神社,,default,手がかり無し
杖立温泉,じっくり,name_heavy,温泉
松浜軒,じっくり,category,城
栴檀轟の滝,,name_light,滝
根子岳 (熊本県),,osm_feature,natural=peak
桜の馬場 城彩苑,,default,手がかり無し
武蔵塚公園,,name_light,公園
水前寺成趣園,じっくり,wikipedia_fee,料金の記述あり
水前寺江津湖公園,,name_light,公園
水島 (熊本県),,default,手がかり無し
永国寺,,default,手がかり無し
江津湖,,default,手がかり無し
江田船山古墳,,name_light,古墳
浮島 (嘉島町),,default,手がかり無し
湯の児温泉,じっくり,name_heavy,温泉
湯の鶴温泉,じっくり,name_heavy,温泉
湯前まんが美術館,じっくり,name_heavy,美術館
湯島 (天草諸島),,default,手がかり無し
潮井水源,,default,手がかり無し
瀬の本高原,じっくり,name_heavy,高原
熊本博物館,じっくり,name_heavy,博物館
熊本地震 (2016年),,default,手がかり無し
熊本城,じっくり,name_heavy,城
熊本城稲荷神社,,default,手がかり無し
熊本市交通局,,default,手がかり無し
熊本市動植物園,じっくり,name_heavy,植物園
熊本市現代美術館,じっくり,name_heavy,美術館
熊本県立美術館,じっくり,name_heavy,美術館
熊本県立装飾古墳館,じっくり,wikipedia_fee,料金の記述あり
熊本県農業公園,じっくり,wikipedia_fee,料金の記述あり
熊本空港,,name_light,港
牛深ハイヤ大橋,,name_light,大橋
玉名温泉,じっくり,name_heavy,温泉
球泉洞,じっくり,name_heavy,洞
田の原温泉,じっくり,name_heavy,温泉
田中城 (肥後国),じっくり,category,城
白川 (熊本県),,default,手がかり無し
百太郎溝,,default,手がかり無し
監物台樹木園,じっくり,category,美術館博物館
石段の郷 佐俣の湯,じっくり,name_heavy,湯
祇園橋,,name_light,橋
立神峡,じっくり,name_heavy,峡
花岡山,じっくり,name_heavy,山
草千里ヶ浜,,default,手がかり無し
荒尾干潟,,default,手がかり無し
菊池城,じっくり,name_heavy,城
菊池渓谷,じっくり,name_heavy,渓谷
菊池温泉,じっくり,name_heavy,温泉
菊池神社 (菊池市),,default,手がかり無し
蓮華院誕生寺,,default,手がかり無し
藤崎八旛宮,,default,手がかり無し
蛇ヶ谷公園,じっくり,wikipedia_fee,料金の記述あり
西巌殿寺,,default,手がかり無し
豊前街道南関御茶屋跡,,name_light,跡
通潤橋,,name_light,橋
道の駅うしぶか海彩館,,name_light,道の駅
道の駅きくすい,,name_light,道の駅
道の駅すいかの里 植木,,name_light,道の駅
道の駅みなまた,,name_light,道の駅
道の駅七城メロンドーム,,name_light,道の駅
道の駅上天草さんぱーる,,name_light,道の駅
道の駅不知火,,name_light,道の駅
道の駅大津,,name_light,道の駅
道の駅天草市イルカセンター,,name_light,道の駅
道の駅子守唄の里五木,,name_light,道の駅
道の駅宇土マリーナ,,name_light,道の駅
道の駅小国,,name_light,道の駅
道の駅有明,,name_light,道の駅
道の駅水辺プラザかもと,,name_light,道の駅
道の駅波野,,name_light,道の駅
道の駅清和文楽邑,,name_light,道の駅
道の駅竜北,,name_light,道の駅
道の駅通潤橋,,name_light,道の駅
道の駅錦,,name_light,道の駅
道の駅阿蘇,,name_light,道の駅
道の駅鹿北,,name_light,道の駅
金峰山 (熊本県),,osm_feature,natural=peak
金峰山県立自然公園,,name_light,公園
鍋ヶ滝,,name_light,滝
阿蘇くじゅう国立公園,,name_light,公園
阿蘇カドリー・ドミニオン,じっくり,category,美術館博物館
阿蘇カルデラ,じっくり,name_heavy,カルデラ
阿蘇ファームランド,じっくり,name_heavy,ランド
阿蘇内牧温泉,じっくり,name_heavy,温泉
阿蘇山,じっくり,name_heavy,山
阿蘇火山博物館,じっくり,name_heavy,博物館
阿蘇神社,,default,手がかり無し
阿蘇赤水温泉,じっくり,name_heavy,温泉
雲巌禅寺,,default,手がかり無し
霊台橋,,name_light,橋
青井阿蘇神社,,default,手がかり無し
鞠智城,じっくり,name_heavy,城
高月官軍墓地,,default,手がかり無し
高森湧水トンネル公園,じっくり,wikipedia_fee,料金の記述あり
鹿目の滝,,name_light,滝
黒川温泉,じっくり,name_heavy,温泉
龍ヶ岳,じっくり,name_heavy,岳
﨑津集落,じっくり,name_heavy,集落
JX金属関崎みらい海星館,じっくり,category,美術館博物館
うみたま体験パーク「つくみイルカ島」,じっくり,category,美術館博物館
くじゅう花公園,,name_light,公園
アートプラザ,じっくり,osm_feature,tourism=gallery
トキハわさだタウン,,default,手がかり無し
ハーモニーランド,じっくり,name_heavy,ランド
パークプレイス大分,,default,手がかり無し
ビーコンプラザ,,default,手がかり無し
ラクテンチ,じっくり,osm_feature,tourism=theme_park
両子寺,,default,手がかり無し
中津城,じっくり,name_heavy,城
久住高原,じっくり,name_heavy,高原
九州自動車歴史館,じっくり,category,美術館博物館
九州自然動物公園アフリカンサファリ,じっくり,category,美術館博物館
九酔渓,,default,手がかり無し
"九重""夢""大吊橋",じっくり,wikipedia_fee,料金の記述あり
九重山,じっくり,name_heavy,山
九重森林公園スキー場,じっくり,name_heavy,スキー場
佐伯城,じっくり,name_heavy,城
佐野植物公園,,name_light,公園
修正鬼会,,default,手がかり無し
八丁原発電所,じっくり,osm_feature,tourism=museum
八面山 (大分県),,osm_feature,natural=peak
別府アートミュージアム,じっくり,name_heavy,ミュージアム
別府タワー,じっくり,name_heavy,タワー
別府ロープウェイ,,default,手がかり無し
別府公園,,name_light,公園
別府地獄めぐり,じっくり,category,温泉
別府市美術館,じっくり,name_heavy,美術館
別府温泉,じっくり,name_heavy,温泉
別府湾サービスエリア,,default,手がかり無し
十文字原,,default,手がかり無し
原尻の滝,,name_light,滝
古要神社の傀儡子の舞と相撲,,default,手がかり無し
吉弘楽,,default,手がかり無し
吉野梅園,,default,手がかり無し
咸宜園,,default,手がかり無し
唄げんか大橋,,name_light,大橋
国東半島県立自然公園,,name_light,公園
国道213号,,default,手がかり無し
地獄蒸し工房 鉄輪,じっくり,name_heavy,工房
城島高原パーク,じっくり,osm_feature,tourism=theme_park
塚原温泉,じっくり,name_heavy,温泉
塚原高原,じっくり,name_heavy,高原
大分スポーツ公園,,name_light,公園
大分スポーツ公園総合競技場,,default,手がかり無し
大分マリーンパレス水族館,じっくり,name_heavy,水族館
大分市歴史資料館,じっくり,name_heavy,資料館
大分市美術館,じっくり,name_heavy,美術館
大分県立歴史博物館,じっくり,name_heavy,博物館
大分県立美術館,じっくり,name_heavy,美術館
大分県道・熊本県道11号別府一の宮線,,default,手がかり無し
大分空港,,name_light,港
大分縣護國神社,,default,手がかり無し
大分農業文化公園,,name_light,公園
大分香りの博物館,じっくり,name_heavy,博物館
大平山 (大分県),,osm_feature,natural=peak
大洲総合運動公園,,name_light,公園
天ヶ瀬温泉,じっくり,name_heavy,温泉
天念寺,,default,手がかり無し
姫島灯台,,name_light,灯台
宇佐神宮,,default,手がかり無し
宇佐風土記の丘,じっくり,category,美術館博物館
宇奈岐日女神社,,default,手がかり無し
安国寺 (国東市),,default,手がかり無し
富貴寺,,default,手がかり無し
岡城 (豊後国),じっくり,category,城
平和市民公園,,name_light,公園
府内城,じっくり,name_heavy,城
彦島 (大分県),,default,手がかり無し
御嶽神楽,,default,手がかり無し
慈恩の滝,,name_light,滝
拍子水温泉,じっくり,name_heavy,温泉
文殊仙寺,,default,手がかり無し
日出城,じっくり,name_heavy,城
日田温泉,じっくり,name_heavy,温泉
日田祇園山鉾会館,じっくり,category,美術館博物館
日豊海岸国定公園,,name_light,公園
杉乃井ホテル,じっくり,osm_feature,tourism=hotel
東椎屋の滝,,name_light,滝
杵築城,じっくり,name_heavy,城
杵築市北台南台伝統的建造物群保存地区,,default,手がかり無し
桜滝,,name_light,滝
森陣屋,じっくり,category,城
永福寺 (別府市),,default,手がかり無し
沈堕の滝,,name_light,滝
津江山系県立自然公園,,name_light,公園
湯平温泉,じっくり,name_heavy,温泉
熊野磨崖仏,,default,手がかり無し
牧ノ戸峠,,default,手がかり無し
狭霧台,,osm_feature,tourism=viewpoint
用作公園,,name_light,公園
田染荘,,default,手がかり無し
由布岳,じっくり,name_heavy,岳
由布院温泉,じっくり,name_heavy,温泉
由布院駅,,name_light,駅
男池湧水群,,default,手がかり無し
白水の滝 (大分県),,default,手がかり無し
白水溜池堰堤,,name_light,堰
白水鉱泉,,default,手がかり無し
的山荘,,default,手がかり無し
真木大堂,,default,手がかり無し
真玉海岸,,default,手がかり無し
祖母傾国定公園,,name_light,公園
祖母傾県立自然公園 (大分県),,name_light,公園 
祖母山,じっくり,name_heavy,山
神楽女湖,,osm_feature,natural=water
神角寺芹川県立自然公園,,name_light,公園
福澤諭吉旧居,じっくり,osm_feature,tourism=museum
稲積水中鍾乳洞,じっくり,name_heavy,鍾乳洞
竜門の滝 (大分県),,default,手がかり無し
羅漢寺 (中津市),,default,手がかり無し
耶馬日田英彦山国定公園,,name_light,公園
耶馬渓,,default,手がかり無し
耶馬溪ダム,,name_light,ダム
臼杵八坂神社,,default,手がかり無し
臼杵城,じっくり,name_heavy,城
臼杵磨崖仏,じっくり,wikipedia_fee,料金の記述あり
若草公園 (大分市),,name_light,公園 
薦神社,,default,手がかり無し
蝙蝠の滝,,name_light,滝
西寒多神社,,default,手がかり無し
西椎屋の滝,,name_light,滝
豆田町,,default,手がかり無し
豊前善光寺,,default,手がかり無し
豊後二見ヶ浦,,default,手がかり無し
豊後国分寺,,default,手がかり無し
豊後森機関庫,,default,手がかり無し
豊後水道県立自然公園,,name_light,公園
道の駅あさじ,,name_light,道の駅
道の駅いんない,,name_light,道の駅
道の駅きよかわ,,name_light,道の駅
道の駅くにさき,,name_light,道の駅
道の駅せせらぎ郷かみつえ,,name_light,道の駅
道の駅ながゆ温泉,,name_light,道の駅
道の駅やまくに,,name_light,道の駅
道の駅やよい,,name_light,道の駅
道の駅佐賀関,,name_light,道の駅
道の駅原尻の滝,,name_light,道の駅
道の駅竹田,,name_light,道の駅
道の駅耶馬トピア,,name_light,道の駅
野上弥生子文学記念館,じっくり,name_heavy,記念館
金鱗湖,,osm_feature,natural=water
長安寺 (豊後高田市),,default,手がかり無し
長崎鼻 (大分県),,default,手がかり無し
長湯温泉,じっくり,name_heavy,温泉
関埼灯台,,name_light,灯台
震動の滝,,name_light,滝
青の洞門,,name_light,門
風連鍾乳洞,じっくり,name_heavy,鍾乳洞
飯田高原,じっくり,name_heavy,高原
高尾山自然公園,,name_light,公園
高島 (大分県),,default,手がかり無し
高崎山自然動物園,じっくり,name_heavy,動物園
鯛生金山,じっくり,name_heavy,山
鶴御崎,,name_light,崎
鶴見岳,じっくり,name_heavy,岳
黒岳 (大分県),,default,手がかり無し
龍原寺 (臼杵市),,default,手がかり無し
かりこぼうず大橋,,name_light,大橋
シーガイア,じっくり,osm_feature,tourism=hotel
京町温泉,じっくり,name_heavy,温泉
住吉神社 (宮崎市),,default,手がかり無し
出の山公園,,name_light,公園
国見ヶ丘,じっくり,osm_feature,tourism=camp_site
堀川運河 (宮崎県),,default,手がかり無し
大島 (宮崎県),,default,手がかり無し
大御神社,,default,手がかり無し
大淀川学習館,じっくり,category,美術館博物館
天岩戸神社,じっくり,osm_feature,tourism=museum
妙国寺庭園,,default,手がかり無し
宗麟原供養塔,,default,手がかり無し
宮交シティ,,default,手がかり無し
宮崎市フェニックス自然動物園,じっくり,name_heavy,動物園
宮崎県庁舎,,default,手がかり無し
宮崎県立美術館,じっくり,name_heavy,美術館
宮崎県立西都原考古博物館,じっくり,name_heavy,博物館
宮崎県総合博物館,じっくり,name_heavy,博物館
宮崎県総合文化公園,,name_light,公園
宮崎県総合運動公園,,name_light,公園
宮崎神宮,,osm_feature,historic=memorial
宮崎科学技術館,じっくり,category,美術館博物館
宮崎空港,,name_light,港
尾鈴山,じっくり,name_heavy,山
市房山,じっくり,name_heavy,山
平和台公園,,name_light,公園
幸島,,default,手がかり無し
延岡城,じっくり,name_heavy,城
延岡植物園,じっくり,name_heavy,植物園
御池,じっくり,osm_feature,tourism=camp_site
愛宕山 (延岡市),,default,手がかり無し
日南海岸国定公園,,name_light,公園
日向サンパーク,,default,手がかり無し
日向岬,,name_light,岬
椎葉村十根川,,default,手がかり無し
槵觸神社,,default,手がかり無し
母智丘,,default,手がかり無し
母智丘・関之尾県立自然公園,,name_light,公園
比叡山 (宮崎県),,osm_feature,natural=peak
江田神社 (宮崎市),,default,手がかり無し
湯ノ宮の座論梅,,default,手がかり無し
湯之元温泉 (宮崎県),じっくり,name_heavy,温泉
照葉大吊橋,,name_light,橋
矢岳高原,じっくり,name_heavy,高原
矢研の滝,,name_light,滝
神柱公園,,name_light,公園
神門神社,,default,手がかり無し
細島灯台,,name_light,灯台
綾城,じっくり,name_heavy,城
美々津,,default,手がかり無し
荒立神社,,default,手がかり無し
行縢山,じっくり,name_heavy,山
西都原古墳群,,name_light,古墳
道の駅えびの,,name_light,道の駅
道の駅つの,,name_light,道の駅
道の駅なんごう (宮崎県),,name_light,道の駅
道の駅フェニックス,,name_light,道の駅
道の駅北川はゆま,,name_light,道の駅
道の駅日向,,name_light,道の駅
道の駅田野,,name_light,道の駅
道の駅都城NiQLL,,name_light,道の駅
道の駅酒谷,,name_light,道の駅
道の駅高千穂,,name_light,道の駅
道の駅高岡,,name_light,道の駅
那須家住宅,じっくり,wikipedia_fee,料金の記述あり
都井岬,,name_light,岬
都井岬灯台,,name_light,灯台
都城歴史資料館,じっくり,name_heavy,資料館
都農神社,,default,手がかり無し
関之尾滝,,name_light,滝
陰陽石 (小林市),,default,手がかり無し
霧島東神社,,default,手がかり無し
青井岳温泉,じっくり,name_heavy,温泉
青島 (宮崎県),,default,手がかり無し
青島亜熱帯植物園,じっくり,name_heavy,植物園
青島神社,,default,手がかり無し
青雲橋,,name_light,橋
韓国岳,じっくり,name_heavy,岳
願いが叶うクルスの海,,osm_feature,tourism=viewpoint
飫肥,,default,手がかり無し
飫肥城,じっくり,name_heavy,城
馬ヶ背,,default,手がかり無し
高千穂あまてらす鉄道,,osm_feature,tourism=viewpoint
高千穂峡,じっくり,name_heavy,峡
高千穂峰,じっくり,name_heavy,峰
高千穂牧場,じっくり,name_heavy,牧場
高千穂神社,,default,手がかり無し
高鍋大師,じっくり,wikipedia_fee,料金の記述あり
鵜戸神宮,,default,手がかり無し
いおワールドかごしま水族館,じっくり,name_heavy,水族館
せっぺとべ,,default,手がかり無し
アミュプラザ鹿児島,,default,手がかり無し
ザビエル公園 (鹿児島市),,name_light,公園 
ダグリ岬遊園地,じっくり,name_heavy,遊園地
フラワーパークかごしま,じっくり,category,美術館博物館
ヨロン駅,,name_light,駅
一宇治城,じっくり,name_heavy,城
上野原遺跡,,name_light,跡
与論島,,default,手がかり無し
丸池 (湧水町),,default,手がかり無し
仙巌園,じっくり,wikipedia_fee,料金の記述あり
佐多岬,じっくり,wikipedia_fee,料金の記述あり
佐多旧薬園,じっくり,category,美術館博物館
内之浦宇宙空間観測所,じっくり,osm_feature,tourism=museum
出水ツル渡来地,,default,手がかり無し
出水麓,じっくり,osm_feature,tourism=museum
北薩広域公園,,name_light,公園
千座の岩屋,,default,手がかり無し
南さつま市立万世特攻平和祈念館,じっくり,category,美術館博物館
南洲神社,,default,手がかり無し
吹上浜,,default,手がかり無し
吹上浜海浜公園,,name_light,公園
吹上温泉 (鹿児島県),じっくり,name_heavy,温泉
吾平山上陵,,default,手がかり無し
唐船峡,じっくり,name_heavy,峡
喜入のリュウキュウコウガイ産地,,default,手がかり無し
坊津,,default,手がかり無し
城山 (鹿児島市城山町),,default,手がかり無し
大浪池,,osm_feature,natural=water
大隅南部県立自然公園,,name_light,公園
奄美群島国立公園,,name_light,公園
宇宙科学技術館,じっくり,osm_feature,tourism=museum
寺山炭窯跡,,name_light,跡
射楯兵主神社 (南九州市),,default,手がかり無し
尚古集成館,じっくり,category,美術館博物館
屋久島,,default,手がかり無し
屋久島国立公園,,name_light,公園
岩崎美術館・工芸館,じっくり,name_heavy,美術館
市比野温泉,じっくり,name_heavy,温泉
広田遺跡,,name_light,跡
徳重神社,,default,手がかり無し
指宿温泉,じっくり,name_heavy,温泉
揖宿神社,,default,手がかり無し
新川渓谷温泉郷,じっくり,name_heavy,温泉
新燃岳,じっくり,name_heavy,岳
新田神社 (薩摩川内市),,default,手がかり無し
昇竜洞,じっくり,name_heavy,洞
曽木の滝,,name_light,滝
東市来町美山,じっくり,name_heavy,山
東郷温泉ゆったり館,じっくり,name_heavy,温泉
枇榔島 (鹿児島県),,default,手がかり無し
枕崎駅,,name_light,駅
枚聞神社,,default,手がかり無し
栗野岳温泉,じっくり,name_heavy,温泉
桜島,,default,手がかり無し
桜島ビジターセンター,じっくり,osm_feature,tourism=museum
横瀬古墳,,name_light,古墳
武家屋敷通り (南九州市),じっくり,name_heavy,屋敷
池田湖,,default,手がかり無し
清水岩屋公園,,name_light,公園
湯之元温泉,じっくり,name_heavy,温泉
溝ノ口洞穴,,default,手がかり無し
照国神社,,default,手がかり無し
犬飼滝,,name_light,滝
甑島国定公園,,name_light,公園
白谷雲水峡,じっくり,name_heavy,峡
知林ヶ島,,default,手がかり無し
知覧特攻平和会館,じっくり,category,美術館博物館
石橋記念公園,,name_light,公園
硫黄島 (鹿児島県),,default,手がかり無し
磯海水浴場,,default,手がかり無し
種子島,,default,手がかり無し
種子島宇宙センター,,default,手がかり無し
箱崎八幡神社 (出水市),,default,手がかり無し
維新ふるさと館,じっくり,category,美術館博物館
縄文杉,,default,手がかり無し
脇本海水浴場,,default,手がかり無し
腹五社神社,,default,手がかり無し
花瀬,じっくり,osm_feature,tourism=camp_site
荒平天神,,default,手がかり無し
菅原神社 (薩摩川内市東郷町藤川),,default,手がかり無し
菱刈鉱山,じっくり,name_heavy,山
蒲生のクス,,default,手がかり無し
蒲生八幡神社 (姶良市),,default,手がかり無し
薩摩伝承館,じっくり,osm_feature,tourism=museum
薩摩川内市せんだい宇宙館,じっくり,osm_feature,tourism=museum
薩摩酒造,,default,手がかり無し
薩摩金山蔵,,osm_feature,tourism=viewpoint
藺牟田池,,osm_feature,natural=water
西大山駅,,name_light,駅
西郷公園,,name_light,公園
西郷南洲顕彰館,じっくり,category,美術館博物館
赤木名城,じっくり,name_heavy,城
道の駅いぶすき,,name_light,道の駅
道の駅おおすみ弥五郎伝説の里,,name_light,道の駅
道の駅くにの松原おおさき,,name_light,道の駅
道の駅すえよし,,name_light,道の駅
道の駅たるみず,,name_light,道の駅
道の駅喜入,,name_light,道の駅
道の駅山川港活お海道,,name_light,道の駅
道の駅川辺やすらぎの郷,,name_light,道の駅
道の駅松山,,name_light,道の駅
道の駅根占,,name_light,道の駅
道の駅桜島,,name_light,道の駅
道の駅樋脇,,name_light,道の駅
道の駅阿久根,,name_light,道の駅
道の駅黒之瀬戸だんだん市場,,name_light,道の駅
野間岬,,name_light,岬
金峯山 (鹿児島県),,osm_feature,natural=peak
錦江湾公園,,name_light,公園
長島美術館,じっくり,name_heavy,美術館
長崎鼻 (鹿児島県),,default,手がかり無し
開聞岳,じっくり,name_heavy,岳
開聞温泉,じっくり,name_heavy,温泉
関吉の疎水溝,,default,手がかり無し
阿久根大島,,default,手がかり無し
雄川の滝,,name_light,滝
集成館事業,,default,手がかり無し
霧島アートの森,じっくり,category,美術館博物館
霧島ヶ丘公園,,name_light,公園
霧島温泉郷,じっくり,name_heavy,温泉
霧島神宮,,osm_feature,historic=memorial
霧島錦江湾国立公園,,name_light,公園
高千穂河原,,default,手がかり無し
鰻温泉,じっくり,name_heavy,温泉
鹿児島ふれあいスポーツランド,じっくり,name_heavy,ランド
鹿児島アリーナ,,default,手がかり無し
鹿児島城,じっくり,name_heavy,城
鹿児島女子高等学校,,default,手がかり無し
鹿児島市平川動物公園,じっくり,wikipedia_fee,料金の記述あり
鹿児島市立美術館,じっくり,name_heavy,美術館
鹿児島港,,name_light,港
鹿児島県上野原縄文の森,じっくり,category,美術館博物館
鹿児島県歴史・美術センター黎明館,じっくり,category,美術館博物館
鹿児島県立博物館,じっくり,name_heavy,博物館
鹿児島県立吉野公園,,name_light,公園
鹿児島神宮,,default,手がかり無し
鹿屋航空基地史料館,じっくり,name_heavy,史料館
黒之瀬戸大橋,,name_light,大橋
龍門滝,,name_light,滝
ASMUI Spiritual Hikes,じっくり,wikipedia_fee,料金の記述あり
DMMかりゆし水族館,じっくり,name_heavy,水族館
いんぶビーチ,,osm_feature,tourism=viewpoint
うえのドイツ文化村,,osm_feature,leisure=park
なごみの塔,,default,手がかり無し
はての浜,,default,手がかり無し
ひめゆりの塔,,osm_feature,historic=memorial
ひんぷんガジュマル,,default,手がかり無し
やんばる国立公園,,name_light,公園
アーラ浜,,default,手がかり無し
イオンモール沖縄ライカム,,default,手がかり無し
イオン南風原ショッピングセンター,,default,手がかり無し
イムギャーマリンガーデン,,default,手がかり無し
オクマ プライベートビーチ&リゾート,,default,手がかり無し
カンピレーの滝,,name_light,滝
ガンガラーの谷,,default,手がかり無し
コンドイ浜,,default,手がかり無し
ジャングリア沖縄,じっくり,osm_feature,tourism=theme_park
ダチョウらんど,じっくり,category,美術館博物館
トゥドゥマリの浜,,default,手がかり無し
トロピカルビーチ,,default,手がかり無し
ドイツ皇帝博愛記念碑,,name_light,記念碑
ニシ浜,,default,手がかり無し
ネオパークオキナワ,じっくり,osm_feature,tourism=zoo
バンナ公園,,name_light,公園
パレットくもじ,,default,手がかり無し
ピナイサーラの滝,,name_light,滝
フルスト原遺跡,,name_light,跡
プラザハウスショッピングセンター,,default,手がかり無し
マリユドゥの滝,,name_light,滝
ムーンビーチ,,default,手がかり無し
万座毛,,default,手がかり無し
下地島,,default,手がかり無し
下地島空港,,name_light,港
与那原駅,,name_light,駅
与那国島,,default,手がかり無し
与那国島海底地形,,default,手がかり無し
与那覇前浜,,default,手がかり無し
中城城,じっくり,name_heavy,城
中村家住宅 (沖縄県),,default,手がかり無し
久米島,じっくり,wikipedia_fee,料金の記述あり
久高島,,default,手がかり無し
今帰仁城,じっくり,name_heavy,城
仲原遺跡,,name_light,跡
仲本海岸,,default,手がかり無し
伊平屋島,,default,手がかり無し
伊是名島,,default,手がかり無し
伊江島,,default,手がかり無し
伊波城,じっくり,name_heavy,城
伊良部大橋,,name_light,大橋
伊良部島,,default,手がかり無し
伊計島,じっくり,wikipedia_fee,料金の記述あり
佐和田の浜,,default,手がかり無し
佐喜眞美術館,じっくり,name_heavy,美術館
倉敷ダム,,name_light,ダム
八重岳,じっくり,name_heavy,岳
具志堅用高記念館,じっくり,name_heavy,記念館
具志川城 (久米島町),じっくり,category,城
具志川城 (糸満市),じっくり,category,城
円覚寺 (那覇市),,default,手がかり無し
勝連城,じっくり,name_heavy,城
北大東島,,default,手がかり無し
北谷町運動公園,,name_light,公園
南大東島,,default,手がかり無し
古宇利島,,default,手がかり無し
名蔵アンパル,,default,手がかり無し
名護博物館,じっくり,name_heavy,博物館
名護城,じっくり,name_heavy,城
唐人墓,,default,手がかり無し
喜屋武岬,,name_light,岬
国営沖縄記念公園,,name_light,公園
国際通り,,name_light,通り
園比屋武御嶽,,default,手がかり無し
垣花樋川,,osm_feature,natural=water
城山 (沖縄県),,default,手がかり無し
多良間島,,default,手がかり無し
奥武島 (沖縄県久米島町),じっくり,wikipedia_fee,料金の記述あり
奥武島 (沖縄県南城市),,default,手がかり無し
宜野湾市立博物館,じっくり,name_heavy,博物館
宜野湾海浜公園,,name_light,公園
宮古島,,default,手がかり無し
宮古島市熱帯植物園,じっくり,name_heavy,植物園
宮古島市総合博物館,じっくり,name_heavy,博物館
宮古島海宝館,じっくり,category,美術館博物館
宮古神社,,default,手がかり無し
宮城島 (沖縄県うるま市),,default,手がかり無し
宮良殿内,,default,手がかり無し
富盛のシーサー,,default,手がかり無し
小浜島,,default,手がかり無し
屋我地島,,default,手がかり無し
川平湾,,default,手がかり無し
帯岩,,default,手がかり無し
平安座島,,default,手がかり無し
座喜味城,じっくり,name_heavy,城
座間味島,,default,手がかり無し
念頭平松,,osm_feature,historic=monument
恩納村文化情報センター,,default,手がかり無し
慶佐次湾,,default,手がかり無し
慶良間諸島国立公園,,name_light,公園
斎場御嶽,,default,手がかり無し
於茂登岳,じっくり,name_heavy,岳
普天満宮,,default,手がかり無し
末吉公園,,name_light,公園
来間大橋,,name_light,大橋
来間島,,default,手がかり無し
東南植物楽園,じっくり,category,美術館博物館
東崎,,name_light,崎
東平安名岬,,name_light,岬
桃林寺 (石垣市),,default,手がかり無し
残波岬灯台,,name_light,灯台
水納島 (沖縄県多良間村),,default,手がかり無し
水納島 (沖縄県本部町),,default,手がかり無し
池間大橋,,name_light,大橋
池間島,,default,手がかり無し
沖宮,,default,手がかり無し
沖縄こどもの国,じっくり,osm_feature,tourism=zoo
沖縄アウトレットモール・あしびなー,,default,手がかり無し
沖縄コンベンションセンター,,default,手がかり無し
沖縄宇宙通信所,,default,手がかり無し
沖縄戦跡国定公園,,name_light,公園
沖縄海岸国定公園,,name_light,公園
沖縄県営奥武山公園,じっくり,wikipedia_fee,料金の記述あり
沖縄県立博物館・美術館,じっくり,name_heavy,博物館
沖縄県総合運動公園,,name_light,公園
沖縄県護国神社,,default,手がかり無し
沖縄県道247号古宇利屋我地線,,default,手がかり無し
沖縄美ら海水族館,じっくり,name_heavy,水族館
泡瀬干潟,,default,手がかり無し
波の上ビーチ,,default,手がかり無し
波上宮,,default,手がかり無し
波照間島,,default,手がかり無し
波照間島星空観測タワー,じっくり,name_heavy,タワー
波照間島灯台,,name_light,灯台
津堅島,,default,手がかり無し
浜比嘉島,,default,手がかり無し
浦添ようどれ,,default,手がかり無し
浦添市美術館,じっくり,name_heavy,美術館
海軍司令部壕,じっくり,wikipedia_fee,料金の記述あり
渡口の浜,,default,手がかり無し
渡名喜島,,default,手がかり無し
渡嘉敷島,,default,手がかり無し
漫湖,,default,手がかり無し
瀬底島,,default,手がかり無し
瀬長島,,default,手がかり無し
玉城城,じっくり,name_heavy,城
玉泉洞,じっくり,name_heavy,洞
玉陵,,default,手がかり無し
琉球村,じっくり,category,美術館博物館
琉球王国のグスク及び関連遺産群,,default,手がかり無し
由布島,,default,手がかり無し
真栄田岬,,name_light,岬
知念城,じっくり,name_heavy,城
石垣やいま村,じっくり,osm_feature,tourism=museum
石垣島,,default,手がかり無し
石垣島鍾乳洞,じっくり,name_heavy,鍾乳洞
石垣市立八重山博物館,じっくり,name_heavy,博物館
石垣港,,name_light,港
砂山ビーチ,,default,手がかり無し
福州園,じっくり,wikipedia_fee,料金の記述あり
竹富島,じっくり,osm_feature,tourism=camp_site
粟国島,,default,手がかり無し
糸数城,じっくり,name_heavy,城
美浜タウンリゾート・アメリカンビレッジ,,default,手がかり無し
船浮,,default,手がかり無し
茅打バンタ,,default,手がかり無し
西崎,,name_light,崎
西平安名岬,,name_light,岬
西桟橋,,name_light,桟橋
西表島,,default,手がかり無し
西表石垣国立公園,,name_light,公園
西表野生生物保護センター,じっくり,osm_feature,tourism=museum
識名園,,default,手がかり無し
護国寺 (那覇市),,osm_feature,historic=memorial
辺戸岬,じっくり,wikipedia_fee,料金の記述あり
通り池,,osm_feature,natural=water
道の駅いとまん,,name_light,道の駅
道の駅おおぎみ,,name_light,道の駅
道の駅かでな,,name_light,道の駅
道の駅ゆいゆい国頭,,name_light,道の駅
道の駅許田,,name_light,道の駅
道の駅豊崎,,name_light,道の駅
那覇空港,,name_light,港
部瀬名岬,,name_light,岬
金城ダム,,name_light,ダム
金武観音寺,,default,手がかり無し
阿嘉島,,default,手がかり無し
青の洞窟 (恩納村),じっくり,name_heavy,洞窟
首里城,じっくり,name_heavy,城
高那崎,,name_light,崎
黒島 (沖縄県竹富町),,default,手がかり無し
龍潭,,default,手がかり無し
