name,name_kana,lat,lng,region,series,categories,description
あすなろ会こども遊学館,,42.9867081,144.3790228,北海道,C,その他,あすなろ会こども遊学館（あすなろかいこどもゆうがくかん）は、北海道釧路市にある体験参加型の社会教育施設。
アトサヌプリ,,43.6104074,144.4386401,北海道,B,自然,アトサヌプリ（アイヌ語ラテン文字表記: atusa-nupuri）は、北海道弟子屈町にある第四紀火山である。
アポイ岳,,42.1078829,143.0256734,北海道,B,自然,アポイ岳（アポイだけ）は、北海道様似郡様似町にある標高810.5 mの山である。
アポイ岳ジオパーク,,42.1117627,142.9885175,北海道,C,その他,アポイ岳ジオパーク（アポイだけジオパーク、英: Mt. Apoi GeoparkもしくはMt.Apoi UNESCO Global Geopark）は、北海道の様似町全域をテリトリーとするジオパークである。
いわみざわ公園,,43.1684918,141.7870786,北海道,C,その他,いわみざわ公園（いわみざわこうえん）は、北海道岩見沢市にある公園。
ウトナイ湖,,42.7065132,141.7212192,北海道,B,自然,ウトナイ湖（ウトナイこ）は、北海道苫小牧市の東部にある淡水湖。
ウポポイ,,42.5610951,141.365666,北海道,B,その他,ウポポイ（Upopoy）は、北海道白老郡白老町にある「民族共生象徴空間」の愛称。
エスコンフィールドHOKKAIDO,,42.9901605,141.5499325,北海道,A,その他,エスコンフィールドHOKKAIDO（エスコンフィールドほっかいどう、英: ES CON FIELD HOKKAIDO）は、北海道北広島市Fビレッジにある開閉式屋根付き野球場。
エドウィン・ダン記念館,,42.9889922,141.352277,北海道,C,その他,エドウィン・ダン記念館（エドウィン・ダンきねんかん）は、明治時代のお雇い外国人、エドウィン・ダンを記念し紹介する施設で、北海道札幌市南区真駒内泉町のエドウィン・ダン記念公園内にある。
エンルム岬,,42.1199344,142.9217534,北海道,C,自然,エンルム岬（エンルムみさき）は、北海道様似郡様似町にある岬。
オーロラタワー,,43.3851334,145.8084515,北海道,B,自然,
オコタンペ湖,,42.8038414,141.2566047,北海道,B,その他,オコタンペ湖（オコタンペこ）は、北海道千歳市西部にある小さな湖で、支笏湖の北西7kmほどに位置している。
オシンコシンの滝,,44.0381006,144.9353662,北海道,C,その他,
おたる水族館,,43.2373315,141.0124695,北海道,B,美術館博物館,おたる水族館（おたるすいぞくかん英：OTARU AQUARIUM）は、小樽水族館公社が北海道小樽市で運営する水族館。
オニウシ公園,,42.1015309,140.5700004,北海道,D,その他,オニウシ公園（オニウシこうえん）は、北海道茅部郡森町にある公園。
おびひろ動物園,,42.9009489,143.184655,北海道,C,その他,おびひろ動物園（おびひろどうぶつえん）は、北海道帯広市にある動物園。
オホーツク海,,44.2845291,143.742128,北海道,A,その他,オホーツク海（オホーツクかい、ロシア語: Охо́тское мо́ре、英語: Sea of Okhotsk）は、樺太（サハリン）・千島列島・カムチャツカ半島などに囲まれた海で、北海道の北東に位置する。
オホーツク流氷館,,44.0005949,144.2396724,北海道,C,その他,オホーツク流氷館（オホーツクりゅうひょうかん）は北海道網走市の天都山山頂にある流氷とオホーツク海をテーマとする網走市立の科学館。
オンネトー,,43.3817944,143.9681385,北海道,B,自然,オンネトーは、北海道足寄郡足寄町東部の阿寒摩周国立公園内にある湖である。
カトリック元町教会,,41.763257,140.71316,北海道,C,その他,カトリック元町教会（カトリックもとまちきょうかい）は北海道函館市にあるカトリック札幌教区の教会およびその聖堂。
カナディアンワールド,,43.568016,142.2345881,北海道,B,その他,カナディアンワールド（カナディアンワールド）は、北海道芦別市にある民営公園である。
かみゆうべつチューリップ公園,,44.1589801,143.5800494,北海道,D,その他,かみゆうべつチューリップ公園（かみゆうべつチューリップこうえん、英語：Kamiyubetsu Tulip Park）は、北海道紋別郡湧別町にある都市公園である。
カムイト沼,,45.2351199,142.2096211,北海道,D,自然,カムイト沼（カムイトぬま）は、北海道宗谷管内猿払村にある沼。
キウス周堤墓群,,42.8842054,141.7157441,北海道,C,その他,キウス周堤墓群（キウスしゅうていぼぐん）は、北海道千歳市にある縄文後期の集団墓8基で構成される史跡。
キタカラ,,45.4174315,141.6777028,北海道,B,その他,キタカラ（KITAcolor）は、北海道稚内市にある複合施設（駅ビル・バスターミナル・道の駅）。
キロロリゾート,,43.0673599,140.9903512,北海道,B,その他,キロロリゾート（英: Kiroro Resort）は、北海道余市郡赤井川村にあるリゾート施設。
クッチャロ湖,,45.1335957,142.3110607,北海道,B,自然,クッチャロ湖（クッチャロこ）は、北海道北部、宗谷総合振興局管内枝幸郡浜頓別町に存在する周囲約27 kmの汽水湖である。
ケンとメリーの木,,43.6091513,142.4642772,北海道,B,その他,
さっぽろテレビ塔,,43.0611339,141.3564063,北海道,B,その他,さっぽろテレビ塔（さっぽろテレビとう）は北海道札幌市中央区大通西1丁目の大通公園内にある展望塔である。
サッポロビール博物館,,43.0715487,141.3689183,北海道,B,美術館博物館,サッポロビール博物館（サッポロビールはくぶつかん）は、北海道札幌市東区にある企業博物館。
さっぽろ羊ヶ丘展望台,,42.9989435,141.3944382,北海道,B,その他,"さっぽろ羊ヶ丘展望台（さっぽろひつじがおかてんぼうだい、略称: 「羊ヶ丘展望台」、英: ""Hitsujigaoka Observation Hill""）は、北海道札幌市豊平区羊ケ丘にある北海道内でも屈指の観光名所である。"
サロベツ原野,さろべつげんや,45.10715,141.6843678,北海道,C,自然,エゾカンゾウなど高山植物が広がる日本最大級の高層湿原。
サロマ湖,,44.1478827,143.7575802,北海道,A,自然,サロマ湖（サロマこ）は、北海道、オホーツク海岸の北見市、常呂郡佐呂間町、紋別郡湧別町にまたがる日本最大の汽水湖。
シリパ岬,,43.2266132,140.7724641,北海道,C,自然,シリパ岬（しりぱみさき）は、北海道余市郡余市町にある岬。
スコトン岬,,45.4641538,140.9672521,北海道,B,自然,スコトン岬（スコトンみさき）は、北海道礼文郡礼文町にある礼文島の岬。
チキウ岬,,42.3012856,141.0022312,北海道,B,自然,チキウ岬（チキウみさき）は、北海道室蘭市の太平洋に面する岬である。
チセヌプリ,,42.8880832,140.596813,北海道,C,自然,
チミケップ湖,,43.6460039,143.8659676,北海道,C,自然,チミケップ湖（チミケップこ）は、北海道東部、オホーツク管内網走郡津別町字沼沢にある湖である。
とかち鹿追ジオパーク,,43.1974476,143.0254508,北海道,D,その他,とかち鹿追ジオパーク（とかちしかおいジオパーク、英: Tokachi Shikaoi Geopark）は、北海道十勝総合振興局管内の鹿追町全域をテリトリーとする日本ジオパークである。
トドワラ,,43.5813138,145.3275668,北海道,B,自然,トドワラは、北海道東部の根室振興局野付郡別海町の野付半島にある、立ち枯れたトドマツ林の跡である。
トラピスチヌ修道院,,41.7877395,140.8227326,北海道,B,その他,天使の聖母トラピスチヌ修道院（てんしのせいぼトラピスチヌしゅうどういん）は、北海道函館市郊外にあるトラピスト会（厳律シトー会）系の女子修道院である。
トラピスト修道院,,41.7405902,140.5686226,北海道,B,その他,トラピスト修道院（トラピストしゅうどういん）は、カトリックの修道会の一つである厳律シトー会（トラピスト会）の修道院で、日本では主に北海道北斗市三ツ石（渡島当別）に所在する灯台の聖母トラピスト大修道院（とうだいのせいぼトラピストだいしゅうどういん）の通称となっている。
ニセコ,,42.8401484,140.6330037,北海道,B,その他,ニセコ（英: Niseko）は、広義には、北海道後志総合振興局の岩内郡岩内町、岩内郡共和町、虻田郡倶知安町、虻田郡ニセコ町、磯谷郡蘭越町からなる山岳丘陵地域の総称。
ニセコアンヌプリ,,42.8749957,140.6588448,北海道,B,自然,"ニセコアンヌプリは、北海道後志総合振興局かつニセコ積丹小樽海岸国定公園内にある標高1,308.2メートルの火山。"
ニトヌプリ,,42.8851939,140.6180016,北海道,D,自然,
ノーザンホースパーク,,42.7762554,141.7424582,北海道,B,その他,ノーザンホースパーク（Northern Horse Park）は、北海道苫小牧市字美沢にある社台グループの体験型公園・テーマパーク。
のぼりべつクマ牧場,,42.4901448,141.159001,北海道,B,その他,のぼりべつクマ牧場（のぼりべつくまぼくじょう）は、北海道登別市登別温泉町にあるクマを主に取り扱う動物園。
はこだて明治館,,41.7666326,140.7187923,北海道,D,その他,はこだて明治館（はこだてめいじかん）は、北海道函館市豊川町にある魚長食品の関連会社のまるかつグループが運営している複合商業施設である。
はぼろサンセットビーチ,,44.3662359,141.6929629,北海道,D,自然,はぼろサンセットビーチ (Haboro Sunset Beach) は、北海道苫前郡羽幌町にある海水浴場である。
パンケ沼,,45.0403851,141.7245506,北海道,C,自然,パンケ沼（パンケぬま、パンケトウ）は、北海道幌延町字下沼、サロベツ原野に位置する円形の塩沼（汽水湖）。
ピアソン記念館,,43.8064965,143.8869281,北海道,E,美術館博物館,
ひがし大雪自然館,,43.3658093,143.1933296,北海道,E,その他,ひがし大雪自然館(ひがしたいせつしぜんかん)は、北海道河東郡上士幌町にある、上士幌町ひがし大雪博物資料館と環境省ぬかびら源泉郷ビジターセンターからなる連携施設。
ひまわりの里,,43.7408483,141.8730006,北海道,C,その他,ひまわりの里（ひまわりのさと）は、北海道雨竜郡北竜町にある観光名所。
ピヤシリ山,,44.4337109,142.5840855,北海道,C,自然,ピヤシリ山（ピヤシリやま）は、北海道北東部、名寄市・下川町、および雄武町の境にある標高986.8mの山。
ファーム富田,,43.41796,142.427787,北海道,B,その他,ファーム富田（ファームとみた）は、北海道空知郡中富良野町にある農園。
ふきだし公園,,42.8586673,140.8701848,北海道,C,その他,ふきだし公園（ふきだしこうえん）は、北海道虻田郡京極町字川西にある公園である。
フラノマルシェ,,43.3424895,142.3871727,北海道,C,その他,フラノマルシェ（FURANO MARCHE）は、北海道富良野市にある複合商業施設。
ペシ岬,,45.2466615,141.232,北海道,C,自然,ペシ岬（ペシみさき）は、北海道の利尻島にある岬。
マイルドセブンの丘,,43.5964716,142.426898,北海道,C,その他,マイルドセブンの丘（マイルドセブンのおか）は、北海道美瑛町美田にある丘。
マクンベツ湿原,,43.2231126,141.3601417,北海道,E,自然,マクンベツ湿原（マクンベツしつげん）は北海道石狩市船場町にある湿原。
モエレ沼公園,もえれぬまこうえん,43.1225,141.4311111,北海道,B,自然,イサム・ノグチが基本設計を手掛けた彫刻のような公園。
モヨロ貝塚,,44.0251551,144.2677889,北海道,C,その他,モヨロ貝塚（モヨロかいづか）は、北海道網走市北1条から北3条東2丁目にかけてあるオホーツク文化の代表的遺跡である。
ルスツリゾート,,42.7518947,140.909746,北海道,B,その他,ルスツリゾート（英：RUSUTSU RESORT）は、北海道虻田郡留寿都村（ゴルフ場コースの一部は喜茂別町）にあるリゾート施設。
阿寒湖,あかんこ,43.45,144.1,北海道,B,自然,マリモの生息地として知られるカルデラ湖。
阿寒富士,,43.3740895,144.0064728,北海道,C,自然,阿寒富士（あかんふじ）は、美しい円錐状の山容を持つ北海道東部に位置する活火山。
愛冠岬,,43.014126,144.832211,北海道,C,その他,愛冠岬（あいかっぷみさき）は、北海道の釧路総合振興局厚岸町にある岬で厚岸霧多布昆布森国定公園内に位置し、厚岸湾に浮かぶ大黒島と筑紫恋海岸を一望できる。
旭岳,,43.663586,142.8541052,北海道,B,自然,旭岳（あさひだけ）は、北海道上川郡東川町にある火山である。
旭山記念公園,,43.0390122,141.3146061,北海道,C,その他,旭山記念公園（あさひやまきねんこうえん）は、北海道札幌市中央区にある公園。
旭川市旭山動物園,あさひやまどうぶつえん,43.7680278,142.4797778,北海道,A,その他,行動展示で人気を集める日本最北の動物園。
旭川市大雪クリスタルホール,,43.759512,142.35078,北海道,C,その他,旭川市大雪クリスタルホール（あさひかわしたいせつクリスタルホール）は、北海道旭川市にある複合施設（社会教育施設）。
伊達温泉,,42.4845427,140.8507063,北海道,D,温泉,伊達温泉（だておんせん）は、北海道伊達市にある温泉。
井上靖記念館,,43.8051658,142.3637536,北海道,D,美術館博物館,井上靖記念館（いのうえやすしきねんかん）は、北海道旭川市にある博物館。
一乗山 実行寺,,41.7687996,140.7018843,北海道,C,神社仏閣,
羽衣の滝,,43.626328,142.7868973,北海道,C,その他,羽衣の滝（はごろものたき）は、北海道上川郡東川町にある忠別川の支流アイシポップ沢と双見沢にかかる滝で、7段の滝の途中で2つの沢が合流している。
雨竜沼湿原,うりゅうぬましつげん,43.6982159,141.5965428,北海道,D,自然,雨竜川源流部に広がる高層湿原、「奥蝦夷の尾瀬」とも称される。
浦臼神社,,43.4510228,141.8327766,北海道,D,神社仏閣,浦臼神社（うらうすじんじゃ）は、北海道空知総合振興局の浦臼町にある神社。
横綱千代の山・千代の富士記念館,,41.4791179,140.2556351,北海道,C,美術館博物館,横綱千代の山・千代の富士記念館（よこづなちよのやま ちよのふじきねんかん）は、北海道松前郡福島町字福島190番地にある福島町立の千代の山雅信と千代の富士貢の記念館である。
音江環状列石,,43.6749958,142.0326986,北海道,D,その他,音江環状列石（おとえかんじょうれっせき）は、北海道深川市音江に所在する縄文時代の環状列石群である。
火山科学館,,42.5639478,140.8154534,北海道,E,美術館博物館,
絵鞆岬,,42.3353894,140.9305417,北海道,D,自然,絵鞆岬（えともみさき）は、北海道室蘭市にある絵鞆半島最西端の岬。
開陽台展望台,,43.6138918,144.8701738,北海道,C,自然,
丸駒温泉,,42.7804597,141.3107212,北海道,C,温泉,丸駒温泉（まるこまおんせん）は、北海道千歳市幌美内にある温泉。
亀田八幡宮,,41.7915423,140.736239,北海道,C,神社仏閣,
久種湖,,45.4325556,141.0395395,北海道,C,自然,久種湖（くしゅこ）は、北海道北部、宗谷総合振興局管内礼文郡礼文町にある淡水湖である。
宮島沼,,43.3306752,141.7113221,北海道,C,自然,宮島沼（みやじまぬま）は、北海道美唄市大富に所在する沼。
宮部金吾記念館,,43.0639263,141.3442756,北海道,D,美術館博物館,
旧函館区公会堂,,41.7650377,140.7089208,北海道,B,その他,
玉泉館跡地公園,,43.1911086,141.7821368,北海道,D,その他,玉泉館跡地公園（ぎょくせんかんあとちこうえん）は北海道岩見沢市にある日本庭園様式の都市公園。
襟裳岬,,41.924433,143.249361,北海道,B,自然,襟裳岬（えりもみさき）は、北海道幌泉郡えりも町にある岬である。
金山ダム,,43.1542845,142.4891406,北海道,C,その他,金山ダム（かなやまダム）は、北海道空知郡南富良野町、一級河川・石狩川水系空知川最上流部に建設されたダムである。
金森赤レンガ倉庫,,41.7661843,140.7164492,北海道,B,その他,金森赤レンガ倉庫（かねもりあかレンガそうこ、英文表記:Kanemori Red Brick Warehouse）は、北海道函館市にある赤レンガ倉庫群の名称。
金融資料館,,43.1962697,141.0003253,北海道,C,美術館博物館,
九度山,,44.4157507,142.5102281,北海道,C,自然,九度山（くどさん）は、 北海道名寄市に位置する標高673.6メートルの山である。
倶多楽湖,,42.5101449,141.185295,北海道,B,その他,倶多楽湖（クッタラこ、クッタラ湖）は、北海道白老郡白老町にあるカルデラ湖で、活火山「倶多楽」の一部である。
釧路フィッシャーマンズワーフMOO,,42.9818239,144.3836854,北海道,B,その他,釧路フィッシャーマンズワーフMOO（くしろフィッシャーマンズワーフ・ムー）は、北海道釧路市にある複合商業施設。
釧路市動物園,,43.0830411,144.2347383,北海道,C,その他,釧路市動物園（くしろしどうぶつえん）は、北海道釧路市阿寒町にある動物園。
釧路市立博物館,,42.9744071,144.4034995,北海道,C,美術館博物館,釧路市立博物館（くしろしりつはくぶつかん）は、北海道釧路市にある博物館。
釧路市立美術館,,42.9781679,144.3858718,北海道,D,美術館博物館,釧路市立美術館（くしろしりつびじゅつかん）は北海道釧路市幣舞町にある市立美術館である。
釧路湿原,くしろしつげん,43.1,144.4,北海道,B,自然,タンチョウが生息する日本最大の湿原、ラムサール条約登録地。
釧路川,,43.1950525,144.4437026,北海道,B,その他,釧路川（くしろがわ）は、北海道東部を流れ太平洋に注ぐ一級河川。
屈斜路湖,くっしゃろこ,43.6333333,144.3333333,北海道,B,自然,日本最大のカルデラ湖。湖畔の露天風呂でも知られる。
恵山岬,,41.8152558,141.1850774,北海道,C,自然,恵山岬（えさんみさき）は、北海道函館市にある岬。
桂沢ダム,,43.2303714,142.0309268,北海道,B,その他,桂沢ダム（かつらざわダム）は、北海道三笠市、一級河川・石狩川水系幾春別川に建設されたダムである。
月形樺戸博物館,,43.3387648,141.6692439,北海道,B,美術館博物館,月形樺戸博物館（つきがたかばとはくぶつかん）は、北海道樺戸郡月形町にある月形町立の博物館。
五味温泉,,44.2501916,142.6412553,北海道,D,温泉,五味温泉（ごみおんせん）は北海道上川郡下川町班渓にある温泉である。
五稜郭,ごりょうかく,41.7969,140.7566,北海道,A,城,星形の城郭。函館戦争の舞台。
厚岸湖,,43.0657101,144.8519524,北海道,B,その他,厚岸湖（あっけしこ）は、北海道厚岸郡厚岸町にある湖で厚岸霧多布昆布森国定公園に含まれる。
幸福駅,,42.743721,143.16152,北海道,B,その他,幸福駅（こうふくえき）は、北海道（十勝支庁）帯広市幸福町にあった日本国有鉄道（国鉄）広尾線の駅である。
江差追分会館・江差山車会館,,41.8686418,140.1265008,北海道,D,その他,江差追分会館・江差山車会館（えさしおいわけかいかん・えさしやまかいかん）は、北海道檜山郡江差町にある、「江差追分」に関する展示と体験、及び姥神大神宮渡御祭の山車（ヤマ）に関する展示を主とした施設である。
糠平ダム,,43.3947466,143.2042317,北海道,B,その他,糠平ダム（ぬかびらダム）は、北海道十勝総合振興局河東郡上士幌町にある十勝川水系一級河川音更川中流部に築造されたダム。
糠平駅,,43.3654972,143.1984,北海道,B,その他,糠平駅（ぬかびらえき）は、かつて北海道河東郡上士幌町字糠平に置かれていた、日本国有鉄道（国鉄）士幌線の駅である。
高龍寺,,41.768619,140.6996068,北海道,C,神社仏閣,
沙流川,,42.6287794,142.146837,北海道,B,その他,沙流川（さるがわ）は、北海道日高振興局管内を流れ太平洋に注ぐ一級河川。
細岡展望台 Kushiro Marsh Hosooka Observatory,,43.098177,144.44922,北海道,C,自然,
札幌競馬場,,43.0788574,141.3222323,北海道,A,その他,札幌競馬場（さっぽろけいばじょう/ 英: Sapporo Racecourse）は、北海道札幌市中央区にある中央競馬の競馬場。
札幌芸術の森美術館,,42.9420359,141.3424564,北海道,D,美術館博物館,札幌芸術の森美術館（さっぽろげいじゅつのもりびじゅつかん）は、北海道札幌市の南部に位置する複合文化施設・札幌芸術の森にある日本の美術館。
札幌護国神社,,43.0407426,141.3529813,北海道,C,神社仏閣,
札幌市アイヌ文化交流センター,,42.9688912,141.2197237,北海道,C,美術館博物館,
札幌市円山動物園,,43.0493632,141.3066944,北海道,B,その他,札幌市円山動物園（さっぽろしまるやまどうぶつえん）は、北海道札幌市中央区宮ケ丘の円山公園内にある動物園。
札幌市資料館,,43.0585319,141.3374679,北海道,C,美術館博物館,
札幌市時計台,,43.062555,141.3535934,北海道,B,その他,札幌市時計台（さっぽろしとけいだい）は、北海道札幌市中央区北1条西2丁目にある歴史的建造物である。
札幌市水道記念館,,43.0330672,141.3286403,北海道,D,美術館博物館,
札幌市豊平川さけ科学館,,43.0010657,141.343261,北海道,C,美術館博物館,札幌市豊平川さけ科学館（さっぽろしとよひらがわさけかがくかん）は、北海道札幌市南区真駒内公園内にある、サケ回帰事業と自然知識普及を目的とする博物館、科学館。
札幌祖霊神社,,43.0533143,141.3468846,北海道,D,神社仏閣,
札幌藻岩山スキー場,,43.0117462,141.330677,北海道,C,その他,札幌藻岩山スキー場（さっぽろもいわやまスキーじょう）は、北海道札幌市南区にあるスキー場。
札幌伏見稲荷神社,,43.0349657,141.3253697,北海道,E,神社仏閣,
三浦綾子記念文学館 (Miura Ayako Literature Museum),,43.7536061,142.3479747,北海道,C,美術館博物館,
三笠市立博物館,,43.2612731,141.9627459,北海道,C,美術館博物館,
三笠鉄道記念館,,43.2273617,141.9039856,北海道,B,美術館博物館,三笠鉄道記念館（みかさてつどうきねんかん）は、北海道三笠市にある鉄道を中心とした博物館。
三吉神社,,43.0584322,141.3452128,北海道,E,神社仏閣,
山の水族館,,43.7547567,143.5007404,北海道,C,美術館博物館,山の水族館（やまのすいぞくかん　YAMA NO Aquarium）は北海道北見市留辺蘂町（るべしべちょう）の温根湯温泉（おんねゆおんせん）にある淡水魚の水族館。
山上大神宮,,41.7663549,140.7011686,北海道,E,神社仏閣,
山彦の滝,,43.8828095,143.3037179,北海道,E,自然,山彦の滝（やまびこのたき）は、北海道紋別郡遠軽町丸瀬布にある武利川にかかる滝。
市来知神社,,43.2470388,141.868632,北海道,E,神社仏閣,
市立室蘭水族館,,42.339675,140.9439446,北海道,C,美術館博物館,市立室蘭水族館（しりつむろらんすいぞくかん）は、北海道室蘭市の水族館である。
支笏湖,しこつこ,42.75,141.3333,北海道,A,自然,日本最北の不凍湖として知られる澄んだカルデラ湖。
支笏湖温泉,,42.778595,141.397802,北海道,C,温泉,支笏湖温泉（しこつこおんせん）は、北海道千歳市にある温泉、および支笏湖東岸部の地名である。
雌阿寒温泉,,43.3946435,143.9840889,北海道,C,その他,雌阿寒温泉（めあかんおんせん）は、北海道足寄郡足寄町にある温泉（硫黄泉）である。
雌阿寒岳,,43.3863191,144.0087915,北海道,B,その他,雌阿寒岳（めあかんだけ）は、北海道東部にある阿寒カルデラの南西部にある8つの火山で構成される成層火山群の総称。
鹿ノ子ダム,,43.6131979,143.3658802,北海道,D,その他,鹿ノ子ダム（かのこダム）は、北海道常呂郡置戸町、一級河川・常呂川本流上流部に建設されたダムである。
室蘭港,,42.3271991,140.9765039,北海道,B,その他,室蘭港（むろらんこう）は、北海道室蘭市にある港湾。
斜里岳,しゃりだけ,43.7655556,144.7177778,北海道,D,自然,知床の玄関口に立つ日本百名山。
車石,,43.2779696,145.589505,北海道,C,その他,
手稲山,,43.0766117,141.1931943,北海道,B,自然,手稲山（ていねやま）は、北海道札幌市西部の手稲区と西区に跨る標高1023.1mの山。
手宮公園,,43.2139559,141.0032219,北海道,D,その他,手宮公園（てみやこうえん）は、北海道小樽市にある公園。
朱鞠内湖,,44.3365618,142.2121341,北海道,B,自然,朱鞠内湖（しゅまりないこ）は、北海道雨竜郡幌加内町、雨竜川上流に位置する湖。
宗谷丘陵,,45.481809,141.917829,北海道,B,その他,宗谷丘陵（そうやきゅうりょう）は、北海道稚内市にある日本最北の丘陵。
宗谷岬,,45.5228863,141.9366,北海道,B,その他,
就実の丘,,43.6305347,142.4970475,北海道,D,その他,就実の丘（しゅうじつのおか）は、北海道旭川市の西神楽地区にある丘陵地帯である。
十勝エコロジーパーク,,42.931949,143.3176284,北海道,D,その他,十勝エコロジーパーク（とかちエコロジーパーク、英語: Tokachi Ecology Park）は、河東郡音更町・中川郡幕別町・中川郡池田町にかけてある公園。
十勝が丘公園,,42.9390669,143.3002661,北海道,D,その他,十勝が丘公園（とかちがおかこうえん）は、北海道河東郡音更町にある公園。
十勝スピードウェイ,,42.63006,143.2903561,北海道,B,その他,十勝スピードウェイ（TOKACHI SPEEDWAY）は、北海道河西郡更別村にあるサーキット。
十勝岳,とかちだけ,43.4178333,142.6862778,北海道,B,自然,大雪山国立公園にそびえる日本百名山の活火山。
十勝千年の森,,42.9322856,142.8678771,北海道,C,その他,十勝千年の森（とかちせんねんのもり、英: TOKACHI MILLENNIUM FOREST）は、北海道上川郡清水町にある庭園。
十勝川温泉,,42.950583,143.298131,北海道,B,温泉,十勝川温泉（とかちがわおんせん）は、北海道河東郡音更町にある温泉。
十勝幌尻岳,,42.6954636,142.859384,北海道,C,自然,"十勝幌尻岳（とかちぽろしりだけ）は、北海道帯広市と河西郡中札内村とにまたがる標高1,846 mの山である。"
春国岱,,43.278391,145.43728,北海道,C,その他,春国岱（しゅんくにたい）は、北海道根室市春国岱にある風蓮湖と根室湾を分ける砂州で形成された面積約600haの湿地及び原生林。
小清水原生花園,,43.9523417,144.3748714,北海道,C,その他,小清水原生花園（こしみずげんせいかえん）とは、北海道斜里郡小清水町にある砂丘上の草原地帯に広がる原生花園である。
小樽オルゴール堂,,43.1905785,141.007792,北海道,C,その他,
小樽運河,おたるうんが,43.1985,140.995,北海道,B,街並み,ガス灯と石造倉庫群が並ぶノスタルジックな運河。
小樽港マリーナ,,43.1850792,141.0245069,北海道,D,その他,小樽港マリーナ（おたるこうマリーナ）は、北海道小樽市の小樽築港にあるヨットハーバー。
小樽市総合博物館,,43.2108261,141.0002718,北海道,B,美術館博物館,小樽市総合博物館（おたるしそうごうはくぶつかん）は、北海道小樽市手宮1丁目にある北海道の歴史や自然、鉄道をはじめとした交通、科学などに関する展示を行う博物館である。
小樽市立 小樽美術館,,43.1966451,141.0002996,北海道,D,美術館博物館,
昭和新山,,42.5425537,140.8643525,北海道,A,自然,昭和新山（しょうわしんざん）は、北海道有珠郡壮瞥町にある火山。
昭和新山熊牧場,,42.5385058,140.8616142,北海道,C,自然,昭和新山熊牧場（しょうわしんざんくまぼくじょう）は、北海道有珠郡壮瞥町の昭和新山にあるクマの動物園（観光牧場、テーマパーク）。
松山湿原,,44.5002229,142.5998719,北海道,D,自然,松山湿原（まつやましつげん）は、北海道上川総合振興局管内中川郡美深町にある湿原である。
松前城,,41.4297384,140.1089457,北海道,A,その他,松前城（まつまえじょう）は、西蝦夷地（渡島国津軽郡、のち福島郡の一部を編入で松前郡）福山（現・北海道松前町松城）にあった日本の城（平山城）。
松島正幸記念館,,43.2010282,141.7680937,北海道,E,美術館博物館,
焼尻島,,44.4343158,141.4080818,北海道,B,自然,焼尻島（やぎしりとう）は、北海道留萌振興局管内の苫前郡羽幌町の西25kmの日本海に浮かぶ島。
上川神社,,43.7523266,142.3646961,北海道,C,神社仏閣,上川神社（かみかわじんじゃ）は、北海道旭川市にある神社。
上野ファーム,,43.8083204,142.4857379,北海道,C,その他,上野ファーム（うえのファーム）は、北海道旭川市にある観光庭園。
常磐公園,,43.776031,142.358027,北海道,C,その他,常磐公園（ときわこうえん）は、北海道旭川市にある公園・地名。
尻羽岬,,42.936535,144.785692,北海道,C,自然,尻羽岬（しれぱみさき）は、北海道釧路総合振興局釧路町にある岬である。
新善光寺,,43.0544239,141.357335,北海道,C,神社仏閣,
真駒内屋内競技場,,42.9993975,141.3473833,北海道,B,その他,真駒内屋内競技場（まこまないおくないきょうぎじょう）は、北海道札幌市南区の北海道立真駒内公園内にある多目的施設。
真鍋庭園,,42.8835155,143.2047127,北海道,C,その他,真鍋庭園（まなべていえん）は北海道帯広市稲田町にある農園、植物園。
神の子池,,43.6453845,144.5497209,北海道,B,その他,神の子池（かみのこいけ）は、北海道オホーツク管内斜里郡清里町の森林内にある池である。
神威岳,,43.0044944,141.1960264,北海道,D,自然,
神威岬,,43.3335697,140.3466923,北海道,B,自然,神威岬（かむいみさき）は、北海道積丹郡積丹町大字神岬町にある岬。
神楽岡公園,,43.7482351,142.367559,北海道,D,その他,神楽岡公園（かぐらおかこうえん）は、北海道旭川市にある公園・地名。
神仙沼,,42.9042514,140.592712,北海道,C,自然,神仙沼（しんせんぬま）は、北海道後志総合振興局岩内郡共和町にある高層湿原である。
水無海浜温泉,,41.8111255,141.1843086,北海道,C,温泉,水無海浜温泉（みずなしかいひんおんせん）は、北海道函館市椴法華地区にある温泉である。
清華亭,,43.0687729,141.3437304,北海道,C,その他,清華亭（せいかてい）は、北海道札幌市北区北7条西7丁目にある明治時代の和洋折衷建築である。
清水円山展望台,,42.9119725,142.8596454,北海道,E,その他,清水円山展望台（しみずまるやまてんぼうだい）は日本の北海道上川郡清水町の羽帯地区に設置されている無料展望台。
西の河原,,43.260672,140.331131,北海道,C,その他,西の河原（さいのかわら）は、北海道古宇郡神恵内村珊内（さんない）ジュウボウ岬にある霊場。
青い池,,43.4936113,142.6143394,北海道,B,その他,青い池（あおいいけ）は、北海道上川郡美瑛町白金にある人造池の通称である。
石山神社,,42.9657709,141.3330319,北海道,D,神社仏閣,
石狩川,,43.6450975,142.6760156,北海道,A,その他,石狩川（いしかりがわ）は、北海道中西部を流れ日本海へ注ぐ石狩川水系本流の一級河川である。
積丹岬,,43.3721992,140.4622215,北海道,C,その他,
川村カ子トアイヌ記念館,,43.7872362,142.3436286,北海道,E,美術館博物館,
前田森林公園,,43.1450835,141.2562634,北海道,C,その他,前田森林公園（まえだしんりんこうえん）は、北海道札幌市手稲区にある公園。
然別湖,,43.2976768,143.1159748,北海道,B,自然,然別湖（しかりべつこ）は、北海道十勝管内の鹿追町北部と上士幌町南西部にまたがる湖である。
層雲峡,そううんきょう,43.727881,142.951303,北海道,B,自然,柱状節理の断崖が続く大雪山国立公園の景勝地。
相馬神社,,43.0205123,141.3648016,北海道,D,神社仏閣,
測量山,,42.3220458,140.9582005,北海道,C,自然,測量山（そくりょうざん）は、北海道室蘭市清水町にある標高199.63mの山である。
足寄動物化石博物館,,43.2312442,143.5434272,北海道,D,美術館博物館,足寄動物化石博物館（あしょろどうぶつかせきはくぶつかん、Ashoro Museum of Paleontology）は、北海道足寄郡足寄町にある博物館。
多和平,,43.4358436,144.589858,北海道,D,その他,多和平（たわだいら）は、北海道川上郡標茶町多和にある標高195.2mの丘。
太陽の丘えんがる公園,,44.0604888,143.5107747,北海道,D,その他,太陽の丘えんがる公園（たいようのおかえんがるこうえん）は、北海道紋別郡遠軽町にある公園。
帯広競馬場,,42.9230497,143.1823181,北海道,B,その他,帯広競馬場（おびひろけいばじょう Obihiro Racecourse）は、北海道帯広市にあるばんえい競馬の競馬場である。
帯広百年記念館,,42.9069706,143.1863902,北海道,D,美術館博物館,帯広百年記念館（おびひろひゃくねんきねんかん）は、北海道帯広市にある総合博物館。
大沼国定公園,おおぬまこくていこうえん,42.01,140.67,北海道,C,自然,北海道駒ヶ岳を望む大小の湖沼からなる国定公園。
大雪山,,43.6820387,142.8934189,北海道,A,その他,
大船遺跡,,41.9577681,140.9253606,北海道,C,その他,大船遺跡（おおふねいせき）は、北海道函館市に所在する縄文時代の遺跡である。
大通公園,おおどおりこうえん,43.0597222,141.3463889,北海道,A,自然,さっぽろ雪まつりの会場としても知られる札幌の中心公園。
大鵬相撲記念館,,43.6353956,144.4377008,北海道,C,美術館博物館,大鵬相撲記念館（たいほうすもうきねんかん）は、北海道川上郡弟子屈町にある博物館である。
滝野すずらん丘陵公園,,42.9177014,141.384665,北海道,C,その他,滝野すずらん丘陵公園（たきのすずらんきゅうりょうこうえん）は、北海道札幌市南区にある公園。
拓真館,,43.5300324,142.4895918,北海道,D,その他,拓真館（たくしんかん）は、北海道上川郡美瑛町にある写真のギャラリー。
谷地頭温泉,,41.7516957,140.7142234,北海道,C,温泉,谷地頭温泉（やちがしらおんせん）は、北海道函館市谷地頭町にある温泉。
樽前山,,42.6905477,141.376636,北海道,B,自然,樽前山（たるまえさん、たるまえざん、たるまいさん、たるまいざん）は、北海道の道央地方南部にある支笏湖の南側、苫小牧市の北西部に位置する活火山。
知床五湖,しれとこごこ,44.1255556,145.0811111,北海道,C,自然,知床連山を映す高架木道で巡る五つの湖沼群。
知床峠,,44.0543176,145.1051452,北海道,C,自然,知床峠（しれとことうげ）は、北海道目梨郡羅臼町と斜里郡斜里町の境にある国道334号の峠。
知床半島,しれとこはんとう,44.033333,145.083333,北海道,A,自然,手つかずの自然が残る世界遺産の半島。
知床岬,,44.3450893,145.3297798,北海道,B,自然,知床岬（しれとこみさき）は、北海道北東部、斜里郡斜里町遠音別村岩尾別にある岬。
池田町ブドウ・ブドウ酒研究所,,42.9190674,143.4577838,北海道,C,その他,池田町ブドウ・ブドウ酒研究所（いけだちょうブドウ・ブドウしゅけんきゅうじょ）は、北海道中川郡池田町にある地方公営企業。
稚内公園,,45.4210932,141.6691111,北海道,C,その他,稚内公園（わっかないこうえん）は、北海道稚内市にある公園。
稚内港,,45.4178675,141.680716,北海道,B,その他,稚内港（わっかないこう）は、北海道稚内市にある港湾。
稚内副港市場,,45.4082899,141.6765541,北海道,D,その他,稚内副港市場（わっかないふくこういちば）は、北海道稚内市にある複合商業施設。
竹山高原温泉,,42.9515162,141.5322329,北海道,D,その他,竹山高原温泉（たけやまこうげんおんせん）は、北海道北広島市にある温泉又は入浴施設の名。
中央寺,,43.0533006,141.3563786,北海道,C,神社仏閣,
中島公園,,43.044502,141.354139,北海道,B,その他,中島公園（なかじまこうえん）は、北海道札幌市中央区にある公園。
忠類ナウマン象記念館,,42.5579576,143.3000581,北海道,D,美術館博物館,忠類ナウマン象記念館（ちゅうるいナウマンぞうきねんかん）は、北海道中川郡幕別町にある自然・科学博物館である。
朝日ヶ丘総合公園,,43.3417113,142.370293,北海道,D,その他,朝日ヶ丘総合公園（あさひがおかそうごうこうえん）は、北海道富良野市にある公園。
朝里岳,,43.0613631,141.0451841,北海道,D,自然,朝里岳（あさりだけ）は、北海道札幌市南区定山渓・小樽市・赤井川村の境界が交わったところにある山。
朝里川温泉,,43.1477555,141.0418153,北海道,C,温泉,朝里川温泉（あさりがわおんせん）は、北海道小樽市にある温泉。
長節湖,,42.6553881,143.603179,北海道,D,自然,長節湖（ちょうぶしこ）は、北海道十勝総合振興局管内の豊頃町にある湖。
鳥沼公園,,43.3407576,142.4354057,北海道,D,その他,鳥沼公園（とりぬまこうえん）は、北海道富良野市にある公園。
津別峠,,43.5772858,144.2244561,北海道,C,自然,津別峠（つべつとうげ）は、北海道網走郡津別町と川上郡弟子屈町との境にある峠である。
定山渓温泉,,42.9700425,141.1664361,北海道,B,その他,定山渓温泉（じょうざんけい おんせん）は、北海道札幌市南区にある温泉地。
天に続く道,,43.9001597,144.6500971,北海道,C,その他,天に続く道（てんにつづくみち）は、北海道斜里郡斜里町にある景勝地。
天塩川温泉,,44.6605283,142.2545661,北海道,C,温泉,天塩川温泉（てしおがわおんせん）は、北海道中川郡音威子府村咲来にある温泉。
天都山,,44.0132885,144.2510033,北海道,C,自然,天都山（てんとざん）は、北海道網走市市街地の南西にある標高207メートルの山である。
天売島,,44.4262415,141.3094265,北海道,A,自然,天売島（てうりとう）は、北海道北西部の日本海に浮かぶ離島。
登別 伊達 時代村,,42.463138,141.1615049,北海道,C,その他,
登別マリンパークニクス,,42.455571,141.1825958,北海道,B,美術館博物館,登別マリンパークニクス（のぼりべつマリンパークニクス）は、北海道登別市に所在する日本の水族館。
登別温泉,のぼりべつおんせん,42.49506,141.14406,北海道,B,温泉,地獄谷を中心に多彩な泉質が楽しめる北海道有数の名湯。
土方歳三最期の地碑,,41.7772799,140.7313788,北海道,D,その他,土方歳三最期の地碑（ひじかたとしぞうさいごのちひ）とは、北海道函館市若松町にある石碑である。
塘路湖,,43.1521586,144.5117223,北海道,C,自然,塘路湖（とうろこ）は、北海道東部、標茶町にある淡水湖。
島武意海岸,,43.3730966,140.4774482,北海道,C,その他,島武意海岸（しまむいかいがん）は、北海道積丹町出岬町にある日本海に面した海岸。
東ヌプカウシヌプリ,,43.2456083,143.1021624,北海道,C,自然,
東本願寺 札幌別院,,43.0504786,141.3473272,北海道,C,神社仏閣,
湯倉神社,,41.7820825,140.7910153,北海道,C,神社仏閣,
洞爺湖,とうやこ,42.5833,140.85,北海道,A,自然,サミット開催地としても知られる中島を望むカルデラ湖。
洞爺湖温泉,,42.563018,140.836566,北海道,B,温泉,洞爺湖温泉（とうやこおんせん、英: Lake Toya Onsen）は、北海道虻田郡洞爺湖町にある温泉、または洞爺湖町と有珠郡壮瞥町の地名。
洞爺湖有珠山ジオパーク,,42.5593869,140.8988039,北海道,C,その他,洞爺湖有珠山ジオパーク（とうやこうすざんジオパーク、英: Toya Caldera and Usu Volcano Global Geopark）は、北海道にある洞爺湖及び有珠山を中心とし、伊達市、豊浦町、壮瞥町、洞爺湖町にひろがるジオパークである。
道の駅230ルスツ,,42.7402563,140.8848772,北海道,D,その他,道の駅230ルスツ（みちのえき にいさんまるルスツ）は、北海道虻田郡留寿都村にある国道230号の道の駅である。
道の駅あいおい,,43.5449214,143.9803011,北海道,D,その他,道の駅あいおい（みちのえき あいおい）は、北海道網走郡津別町にある国道240号の道の駅。
道の駅あかいがわ,,43.051424,140.8444188,北海道,C,その他,道の駅あかいがわ（みちのえき あかいがわ）は、北海道余市郡赤井川村にある道の駅で、国道393号と道道36号の交差点のすぐ近くにある。
道の駅あっさぶ,,41.9168071,140.2162414,北海道,D,その他,道の駅あっさぶ（みちのえき あっさぶ）は、北海道檜山郡厚沢部町にある国道227号の道の駅である。
道の駅いわない,,42.9834484,140.5167941,北海道,D,その他,道の駅いわない（みちのえき いわない）は、北海道岩内郡岩内町にある北海道道270号岩内港線の道の駅である。
道の駅うたしないチロルの湯,,43.5027849,142.006135,北海道,C,その他,道の駅うたしないチロルの湯（みちのえき うたしないチロルのゆ）は、北海道歌志内市にある道の駅である。
道の駅うらほろ,,42.813844,143.6639725,北海道,D,その他,道の駅うらほろ（みちのえき うらほろ）は、北海道十勝郡浦幌町にある国道38号の道の駅である。
道の駅うりまく,,43.1693964,143.0255487,北海道,D,その他,道の駅うりまく（みちのえき うりまく）は、北海道河東郡鹿追町にある国道274号の道の駅である。
道の駅オーロラタウン93りくべつ,,43.467348,143.7429187,北海道,C,その他,道の駅オーロラタウン93りくべつ（みちのえき オーロラタウン93りくべつ）は、北海道足寄郡陸別町にある国道242号の道の駅である。
道の駅おだいとう,,43.5330206,145.2367699,北海道,D,その他,道の駅おだいとう（みちのえき おだいとう）は、北海道野付郡別海町にある国道244号の道の駅である。
道の駅おびら鰊番屋,,44.1378617,141.6548028,北海道,C,その他,道の駅おびら鰊番屋（みちのえき おびらにしんばんや）は、北海道留萌郡小平町にある国道232号・国道239号の道の駅である。
道の駅オホーツク紋別,,44.3288742,143.3738171,北海道,D,その他,道の駅オホーツク紋別（みちのえき オホーツクもんべつ）は、北海道紋別市にある北海道道304号紋別港線の道の駅である。
道の駅おんねゆ温泉,,43.7535619,143.5006844,北海道,C,その他,道の駅おんねゆ温泉（みちのえき おんねゆおんせん）は、北海道北見市留辺蘂町にある国道39号の道の駅である。
道の駅くろまつない,,42.6724931,140.3797164,北海道,D,その他,道の駅くろまつない（みちのえき くろまつない）は、北海道寿都郡黒松内町にある国道5号の道の駅である。
道の駅サラブレッドロード新冠,,42.360544,142.31503,北海道,C,その他,道の駅サラブレッドロード新冠（みちのえき サラブレッドロードにいかっぷ）は、北海道新冠郡新冠町にある国道235号の道の駅である。
道の駅さらべつ,,42.6333728,143.2719335,北海道,E,その他,道の駅さらべつ（みちのえき さらべつ）は、北海道河西郡更別村にある北海道道238号更別幕別線の道の駅である。
道の駅さるふつ公園,,45.3298582,142.1766349,北海道,D,その他,道の駅さるふつ公園（みちのえき さるふつこうえん）は、北海道宗谷郡猿払村にある国道238号の道の駅である。
道の駅サンフラワー北竜,,43.7509058,141.8754185,北海道,D,その他,道の駅サンフラワー北竜（みちのえき サンフラワーほくりゅう）は、北海道雨竜郡北竜町にある道の駅である。
道の駅しかおい,,43.0977353,142.9887351,北海道,D,その他,道の駅しかおい（みちのえき しかおい）は、北海道河東郡鹿追町にある国道274号の道の駅である。
道の駅しかべ間歇泉公園,,42.0290098,140.8304839,北海道,C,その他,道の駅しかべ間歇泉公園（みちのえきしかべかんけつせんこうえん）は、北海道茅部郡鹿部町にある北海道道43号大沼公園鹿部線の道の駅である。
道の駅しほろ温泉,,43.138736,143.3681341,北海道,D,その他,道の駅しほろ温泉（みちのえき しほろおんせん）は、北海道河東郡士幌町にある北海道道134号本別士幌線の道の駅である。
道の駅しりうち,,41.6012818,140.3367781,北海道,C,その他,道の駅しりうち（みちのえき しりうち）は、北海道上磯郡知内町字湯ノ里にある国道228号の道の駅である。
道の駅しんしのつ,,43.2141311,141.6427012,北海道,D,その他,道の駅しんしのつ（みちのえき しんしのつ）は、北海道石狩郡新篠津村にある北海道道139号江別奈井江線の道の駅。
道の駅スタープラザ芦別,,43.5253589,142.1893182,北海道,D,その他,道の駅スタープラザ芦別（みちのえき スタープラザあしべつ）は、北海道芦別市にある国道38号の道の駅である。
道の駅ステラ★ほんべつ,,43.1256903,143.6132492,北海道,D,その他,道の駅ステラ★ほんべつ（みちのえき ステラほんべつ）は、北海道中川郡本別町にある国道242号の道の駅である。
道の駅たきかわ,,43.6236096,141.9408733,北海道,D,その他,道の駅たきかわ（みちのえき たきかわ）は、北海道滝川市にある国道12号の道の駅である。
道の駅つるぬま,,43.4512208,141.835322,北海道,D,その他,道の駅つるぬま（みちのえき つるぬま）は、北海道樺戸郡浦臼町にある国道275号の道の駅である。
道の駅てしお,,44.8845637,141.748218,北海道,D,その他,道の駅てしお（みちのえき てしお）は、北海道天塩郡天塩町にある道の駅である。
道の駅てっくいランド大成,,42.2125547,139.8767836,北海道,D,その他,道の駅てっくいランド大成（みちのえき てっくいランドたいせい）は、北海道久遠郡せたな町にある国道229号の道の駅である。
道の駅とうま,,43.8445637,142.4893643,北海道,D,その他,道の駅とうま（みちのえき とうま）は、北海道上川郡当麻町にある国道39号の道の駅である。
道の駅とうや湖,,42.6644731,140.8220072,北海道,D,その他,道の駅とうや湖（みちのえき とうやこ）は、北海道虻田郡洞爺湖町にある国道230号の道の駅である。
道の駅なかさつない,,42.6924067,143.1269336,北海道,D,その他,道の駅なかさつない（みちのえき なかさつない）は、北海道河西郡中札内村にある道の駅である。
道の駅なとわ・えさん,,41.7796977,141.1014424,北海道,D,その他,道の駅なとわ・えさん（みちのえき なとわ・えさん）は、北海道函館市にある国道278号の道の駅である。
道の駅にしおこっぺ花夢,,44.3360697,142.8687795,北海道,D,その他,道の駅にしおこっぺ花夢（みちのえき にしおこっぺかむ）は、北海道紋別郡西興部村にある国道239号の道の駅である。
道の駅ニセコビュープラザ,,42.7993486,140.7024103,北海道,D,その他,道の駅ニセコビュープラザ（みちのえき ニセコビュープラザ）は、北海道虻田郡ニセコ町にある道の駅である。
道の駅びふか,,44.5588123,142.3202447,北海道,D,その他,道の駅びふか（みちのえき びふか）は、北海道中川郡美深町にある国道40号の道の駅である。
道の駅まるせっぷ,,43.9959615,143.3287026,北海道,B,その他,道の駅まるせっぷ（みちのえき まるせっぷ）は、北海道紋別郡遠軽町にあった国道333号の道の駅である。
道の駅みなとま〜れ寿都,,42.7955345,140.231836,北海道,D,その他,道の駅みなとま〜れ寿都（みちのえき みなとま〜れすっつ）は、北海道寿都郡寿都町にある北海道道9号寿都黒松内線の道の駅である。
道の駅阿寒丹頂の里,,43.1446203,144.1451915,北海道,D,その他,道の駅阿寒丹頂の里（みちのえき あかんたんちょうのさと）は、北海道釧路市阿寒町にある国道240号の道の駅である。
道の駅愛ランド湧別,,44.1314455,143.7186772,北海道,C,その他,道の駅愛ランド湧別（みちのえき あいランドゆうべつ）は、北海道紋別郡湧別町にある国道238号・国道242号の道の駅である。
道の駅厚岸グルメパーク,,43.0577367,144.8441188,北海道,C,その他,道の駅厚岸グルメパーク（みちのえき あっけしグルメパーク）は、北海道厚岸郡厚岸町にある国道44号の道の駅。
道の駅江差,,41.8943408,140.1393418,北海道,C,その他,道の駅江差（みちのえき えさし）は、北海道檜山郡江差町にある国道227号の道の駅である。
道の駅樹海ロード日高,,42.8773328,142.4414135,北海道,C,その他,道の駅樹海ロード日高（みちのえき じゅかいロードひだか）は、北海道沙流郡日高町にある国道274号の道の駅である。
道の駅真狩フラワーセンター,,42.762809,140.8078136,北海道,D,その他,道の駅真狩フラワーセンター（みちのえき まっかりフラワーセンター）は、北海道虻田郡真狩村にある北海道道66号岩内洞爺線の道の駅である。
道の駅忠類,,42.5589323,143.2992085,北海道,D,その他,道の駅忠類（みちのえき ちゅうるい）は、北海道中川郡幕別町にある国道236号の道の駅である。
道の駅摩周温泉,,43.4923951,144.4475922,北海道,D,その他,道の駅摩周温泉（みちのえき ましゅうおんせん）は、北海道川上郡弟子屈町にある国道241号の道の駅である。
突哨山,,43.8438904,142.4549648,北海道,D,その他,突哨山（とっしょうざん）は、北海道旭川市と上川郡比布町にまたがる山・公園（都市緑地）。
苫小牧市美術博物館,,42.6372591,141.613043,北海道,D,その他,苫小牧市美術博物館（とまこまいしびじゅつはくぶつかん）は、北海道苫小牧市にある博物館と美術館の複合施設。
苫小牧市民文化公園,,42.6364741,141.6113139,北海道,D,その他,苫小牧市民文化公園（とまこまいしみんぶんかこうえん）は、北海道苫小牧市にある公園。
鍋釣岩,,42.1662393,139.5177113,北海道,C,その他,鍋釣岩（なべつるいわ、英: Nabetsuru Iwa Rock）は、北海道奥尻郡奥尻町字奥尻にある奇岩。
納沙布岬,,43.385295,145.8168199,北海道,B,自然,納沙布岬（のさっぷみさき）は、北海道根室市にある岬。
能取湖,,44.0786786,144.1707967,北海道,B,自然,能取湖（のとろこ、のとりこ）は、北海道網走市にある湖。
白い恋人パーク,,43.0886903,141.2716802,北海道,B,美術館博物館,
白ひげの滝,,43.4745828,142.6391874,北海道,C,その他,
白旗山,,42.9489208,141.423019,北海道,C,自然,
函館ハリストス正教会,,41.7628077,140.7122466,北海道,B,その他,函館ハリストス正教会（はこだてハリストスせいきょうかい）は、日本ハリストス正教会に所属し、主の復活聖堂（しゅのふっかつせいどう・北海道函館市元町に所在）を有する、正教会の教会である。
函館競馬場,,41.7821591,140.7759741,北海道,A,その他,函館競馬場（はこだてけいばじょう/ 英: Hakodate Racecourse）は、北海道函館市にある中央競馬の競馬場。
函館公園,,41.7557311,140.7148627,北海道,C,その他,函館公園（はこだてこうえん）は、北海道函館市にある都市公園（総合公園）である。
函館山,はこだてやま,41.7593192,140.703984,北海道,B,自然,世界三大夜景の一つとされる眺望地。
函館市元町・末広町,はこだてもとまち・すえひろちょう,41.7659793,140.7107059,北海道,B,街並み,洋館や教会が立ち並ぶ函館山麓の異国情緒あふれる街並み。
函館市熱帯植物園,,41.7742169,140.7893639,北海道,D,その他,函館市熱帯植物園（はこだてしねったいしょくぶつえん）は、北海道函館市にある植物園である。
函館市北方民族資料館,,41.7672054,140.7118498,北海道,D,美術館博物館,
箱根牧場,,42.917068,141.844117,北海道,D,その他,北海道箱根牧場（ほっかいどうはこねぼくじょう）は、株式会社箱根牧場が運営する北海道千歳市にある牧場。
晩成温泉,,42.532513,143.4828829,北海道,C,その他,晩成温泉（ばんせいおんせん）は、北海道東部の太平洋岸の晩成海岸付近に作られた温泉施設である。
美瑛岳,,43.4399212,142.7065588,北海道,C,自然,"美瑛岳（びえいだけ）は、北海道上川郡美瑛町に位置する標高2,052mの火山である。"
美幌峠,,43.645449,144.2486516,北海道,C,自然,美幌峠（びほろとうげ）は、北海道網走郡美幌町と川上郡弟子屈町の境にある国道243号の峠。
標津サーモン科学館,,43.6593043,145.1153522,北海道,C,その他,標津サーモン科学館（しべつサーモンかがくかん）は、北海道標津町にある鮭、鱒の生態系を扱う標津町立の科学館である。
富良野・美瑛の丘,びえいのおか,43.5280873,142.4660497,北海道,A,自然,パッチワークの丘と呼ばれる田園風景。
風蓮湖,,43.3084869,145.3223521,北海道,B,自然,風蓮湖（ふうれんこ）は、北海道根室市、野付郡別海町にまたがる湖。
碧血碑,,41.7515146,140.7088637,北海道,B,その他,碧血碑（へきけつひ、へっけつひ）は、北海道函館市、函館山の麓に明治8年（1875年）9月に建立された戊辰戦争、特に箱館戦争における旧幕府軍の戦死者を記念する慰霊碑。
穂別博物館,,42.7663382,142.1356749,北海道,C,美術館博物館,むかわ町立穂別博物館（ほべつはくぶつかん）は北海道勇払郡むかわ町にある博物館。
豊似湖,,42.0898805,143.2712042,北海道,C,自然,豊似湖（とよにこ）は、北海道（日高振興局管内）幌泉郡えりも町字目黒地内にある湖。
豊富温泉,,45.075775,141.8386675,北海道,B,温泉,豊富温泉（とよとみおんせん）は、北海道天塩郡豊富町にある温泉。
豊平峡ダム,,42.9154243,141.1552206,北海道,C,その他,豊平峡ダム（ほうへいきょうダム）は、札幌市南区定山渓、一級河川・石狩川水系豊平川の上流部に建設されたダムである。
豊平峡温泉,,42.9496211,141.1560166,北海道,C,温泉,豊平峡温泉（ほうへいきょうおんせん）とは、北海道札幌市南区定山渓にある温泉。
北きつね牧場,,43.755611,143.497072,北海道,C,その他,北きつね牧場（きたきつねぼくじょう）は、北海道北見市留辺蘂町（旧：常呂郡留辺蘂町）花丘地区にあるキツネ専門の動物園。
北黄金貝塚,,42.4013919,140.9122184,北海道,C,その他,北黄金貝塚（きたこがねかいづか）は、北海道伊達市北黄金町にある縄文時代前期・中期の大規模な貝塚を伴う集落遺跡。
北海道グリーンランド,,43.1656212,141.7804214,北海道,B,その他,北海道グリーンランド（ほっかいどうグリーンランド、英: Hokkaido Greenland）は、北海道岩見沢市いわみざわ公園内に所在する遊園地。
北海道駒ヶ岳,ほっかいどうこまがたけ,42.0339084,140.6139939,北海道,C,自然,大沼国定公園を望む活火山、日本百名山。
北海道坂本龍馬記念館,,41.7639259,140.7186288,北海道,C,美術館博物館,
北海道神宮,,43.0545817,141.3092301,北海道,B,神社仏閣,北海道神宮（ほっかいどうじんぐう）は、北海道札幌市中央区にある神社（神宮）。円山公園に隣接する。
北海道神宮頓宮,,43.0599769,141.3614254,北海道,C,神社仏閣,
北海道博物館,,43.052234,141.49706,北海道,B,その他,北海道博物館（ほっかいどうはくぶつかん、英語: Hokkaido Museum）は、2015年（平成27年）4月18日に開館した総合博物館で、愛称は森のちゃれんがである。
北海道立オホーツク公園,,43.9940556,144.2390442,北海道,D,その他,北海道立オホーツク公園（ほっかいどうりつオホーツクこうえん）は、北海道網走市にある公園。
北海道立オホーツク流氷公園,,44.3127674,143.4010373,北海道,E,その他,北海道立オホーツク流氷公園（ほっかいどうりつオホーツクりゅうひょうこうえん）は、北海道紋別市にある公園。
北海道立旭川美術館,,43.7741345,142.3554225,北海道,D,美術館博物館,北海道立旭川美術館（ほっかいどうりつあさひかわびじゅつかん）は、北海道旭川市にある美術館である。
北海道立近代美術館,,43.060151,141.330336,北海道,C,美術館博物館,北海道立近代美術館（ほっかいどうりつきんだいびじゅつかん、英称：The Hokkaido Museum of Modern Art）は、北海道札幌市中央区にある、道立の美術館である。
北海道立三岸好太郎美術館,,43.0615697,141.3328745,北海道,C,その他,"北海道立三岸好太郎美術館（ほっかいどうりつみぎしこうたろうびじゅつかん、Migishi Kotaro Museum of Art, Hokkaido）は、北海道札幌市にある北海道立近代美術館の分館である。"
北海道立帯広美術館,,42.9045291,143.1857439,北海道,D,美術館博物館,北海道立帯広美術館（ほっかいどうりつおびひろびじゅつかん）は、北海道帯広市にある美術館。
北海道立文学館,,43.0444481,141.3560906,北海道,C,美術館博物館,北海道立文学館（ほっかいどうりつぶんがくかん、英: Hokkaido Museum of Literature）は、北海道札幌市中央区中島公園にある文学館である。
北海道立北方民族博物館,,43.9962714,144.23945,北海道,C,美術館博物館,北海道立北方民族博物館（ほっかいどうりつほっぽうみんぞくはくぶつかん）は、北海道網走市にある博物館。
北見ハッカ記念館,,43.7997135,143.8937986,北海道,C,美術館博物館,北見ハッカ記念館（きたみハッカきねんかん）は、北海道北見市にある資料館。
北見神威岬,,45.0594271,142.5033272,北海道,C,自然,北見神威岬（きたみかむいみさき）は、北海道枝幸郡浜頓別町と枝幸町にまたがり、オホーツク海に突き出す岬である。
北鎮記念館,,43.7884966,142.364899,北海道,B,美術館博物館,
北邦野草園,,43.7918267,142.306961,北海道,D,その他,北邦野草園（ほっぽうやそうえん）は、北海道上川郡鷹栖町にある植物園である。
北洋資料館,,41.7937194,140.7560256,北海道,D,美術館博物館,
幌岩山,,44.0973724,143.8361412,北海道,D,自然,幌岩山（ほろいわやま）は、北海道の常呂郡佐呂間町にある標高376.0mの山である。
幌尻岳,,42.7199833,142.6827333,北海道,B,自然,"幌尻岳（ぽろしりだけ）は、北海道日高振興局の沙流郡平取町と新冠郡新冠町にまたがる標高2,052 mの山。"
本願寺札幌別院,,43.0616058,141.3270821,北海道,C,神社仏閣,
摩周湖,ましゅうこ,43.5833333,144.5333333,北海道,A,自然,世界屈指の透明度を誇る神秘の湖。
妙覚寺,,43.0453858,141.3031246,北海道,D,神社仏閣,
霧多布湿原,きりたっぷしつげん,43.0688055,145.0587476,北海道,D,自然,ラムサール条約登録地でもある太平洋岸の湿原。
名寄市北国博物館,,44.3415636,142.4673722,北海道,C,美術館博物館,
網走湖,,43.9782426,144.2038569,北海道,B,自然,網走湖（あばしりこ）は、北海道網走市と網走郡大空町にまたがる湖である。
網走市立郷土博物館,,44.0177582,144.268825,北海道,D,美術館博物館,網走市立郷土博物館（あばしりしりつきょうどはくぶつかん）は、北海道網走市にある郷土博物館である。
網走市立美術館,,44.0193052,144.2675048,北海道,E,美術館博物館,網走市立美術館（あばしりしりつびじゅつかん）は北海道網走市にある美術館。
目国内岳,,42.8997348,140.5152845,北海道,D,自然,
野寒布岬,,45.449827,141.6453404,北海道,B,自然,野寒布岬（のしゃっぷみさき）は、北海道稚内市ノシャップにある岬である。
野付半島,,43.5913872,145.2875986,北海道,A,自然,野付半島（のつけはんとう）は、北海道の根室半島と知床半島の中間に位置する根室海峡に突き出た半島。
野付湾,,43.5711881,145.2313614,北海道,C,その他,野付湾（のつけわん）は、北海道東部にある根室海峡（野付水道）に面する湾。
有珠山,,42.5427655,140.8343464,北海道,A,自然,有珠山（うすざん）は、北海道・洞爺湖の南に位置する標高733mの活火山。
有島記念館,,42.8104669,140.7040939,北海道,C,美術館博物館,有島記念館（ありしまきねんかん）は、北海道虻田郡ニセコ町にある文学館。
由仁温泉,,42.9976706,141.7763288,北海道,D,温泉,由仁温泉（ゆにおんせん）は、北海道夕張郡由仁町にある温泉。
夕張市石炭博物館,,43.0683537,141.9890699,北海道,B,美術館博物館,夕張市石炭博物館（ゆうばりしせきたんはくぶつかん）は、北海道夕張市高松7-1にある博物館。
夕張神社,,43.0645704,141.9815721,北海道,D,神社仏閣,
羊蹄山,ようていざん,42.8266667,140.8113889,北海道,A,自然,「蝦夷富士」と称される秀麗な独立峰、日本百名山。
養老牛温泉,,43.5883961,144.7227919,北海道,B,温泉,養老牛温泉（ようろううしおんせん）は、北海道標津郡中標津町にある温泉。
羅臼岳,,44.0759225,145.1222288,北海道,B,自然,"羅臼岳（らうすだけ）は、北海道・知床半島にある火山群の主峰および最高峰で標高1,661メートル。"
羅臼漁港,,44.0203769,145.1993722,北海道,D,その他,羅臼漁港（らうすぎょこう）は、北海道目梨郡羅臼町にある漁港。
蘭島海水浴場,,43.1990644,140.8517463,北海道,C,自然,蘭島海水浴場（らんしまかいすいよくじょう）は、北海道小樽市蘭島にある蘭島海岸を利用した海水浴場の一つ。
利尻ふれあい温泉,,45.1851999,141.1331322,北海道,D,温泉,利尻ふれあい温泉（りしりふれあいおんせん）は北海道利尻郡利尻町沓形にある温泉。
利尻山,りしりざん,45.1786111,141.2419444,北海道,B,自然,「利尻富士」と呼ばれる日本百名山の秀峰。
利尻富士温泉,,45.2396269,141.2163486,北海道,D,温泉,利尻富士温泉（りしりふじおんせん）は、北海道利尻郡利尻富士町鴛泊にある温泉。
立正佼成会,,42.6532521,141.629912,北海道,E,神社仏閣,
立待岬,,41.7450217,140.7216193,北海道,B,自然,立待岬（たちまちみさき）は、北海道函館市住吉町にある、津軽海峡に面した岬である。
留萌市海のふるさと館,,43.9460627,141.6296265,北海道,D,美術館博物館,留萌市海のふるさと館（るもいしうみのふるさとかん）は、北海道留萌市大町にある博物館である。
礼文岳,,45.372493,141.016111,北海道,C,自然,礼文岳（れぶんだけ）は北海道礼文郡礼文町にある標高490mの山である。
礼文島,れぶんとう,45.4372222,141.0377778,北海道,B,自然,「花の浮島」と呼ばれる高山植物の宝庫。
六花の森,,42.6926335,143.1157594,北海道,C,その他,六花の森（ろっかのもり）は、北海道河西郡中札内村にある六花亭による施設（庭園）。
麓郷の森,,43.3121973,142.5404549,北海道,B,その他,麓郷の森（ろくごうのもり）は、北海道富良野市東麓郷にあるテレビドラマ『北の国から』の初期のロケ地であり、1984年からは新たに観光名所として整備された。
和琴温泉,,43.5794971,144.3106368,北海道,C,温泉,和琴温泉（わことおんせん）は、北海道川上郡弟子屈町にある温泉。
佛願寺,,42.9566897,141.3432491,北海道,C,神社仏閣,
濤沸湖,,43.934838,144.3941538,北海道,C,自然,濤沸湖（とうふつこ）は、北海道北東部、網走市と小清水町にまたがる汽水湖。
鰊御殿,,43.2378219,141.0157328,北海道,B,その他,鰊御殿（にしんごてん）は、一般的には、第二次世界大戦前に北海道の日本海側に建てられた、網元や漁師たちが寝泊りした居宅兼漁業施設（番屋）の俗称。
F-1,,40.6901961,141.3649445,青森県,A,その他,
あおもり北のまほろば歴史館,,40.8372734,140.7252379,青森県,C,美術館博物館,
えんぶり,,40.5023213,141.510703,青森県,C,その他,えんぶり（朳）とは、初春の神事として青森県八戸市一円を中心とする青森県南部地方各地で広く行われる予祝芸能の一種である。
ねぶたの家 ワ・ラッセ,,40.829534,140.7359262,青森県,C,美術館博物館,
むつ矢立温泉,,41.3084078,141.1639813,青森県,D,温泉,むつ矢立温泉（むつやたておんせん）は、青森県むつ市大字田名部字矢立山にある温泉。
暗門滝,,40.5232031,140.1538968,青森県,D,自然,暗門滝（あんもんのたき）は青森県中津軽郡西目屋村に位置する滝。
宇曽利湖,,41.3245425,141.0907192,青森県,B,自然,宇曽利湖（うそりこ）は、下北半島のほぼ中心、恐山にある湖。
雲谷峠,,40.7278686,140.7995796,青森県,D,自然,雲谷峠（もやとうげ）は、青森県青森市にある山である。
奥入瀬渓流,おいらせけいりゅう,40.5878,140.9922,青森県,B,自然,十和田湖から流れる清流と滝の渓谷美。
黄金崎不老不死温泉,,40.6141728,139.8622363,青森県,B,温泉,黄金崎不老不死温泉（こがねさきふろうふしおんせん）は、青森県西津軽郡深浦町舮作にある温泉。
夏泊半島,,40.9724708,140.9125347,青森県,B,自然,夏泊半島（なつどまりはんとう）は青森県中央部、陸奥湾に突き出た半島。
革秀寺,,40.6126964,140.450136,青森県,C,神社仏閣,
釜臥山,,41.278503,141.1200512,青森県,B,自然,釜臥山（かまふせやま、かまぶせやま）は、青森県むつ市にある山である。
館鼻公園,,40.5276066,141.5212581,青森県,D,その他,館鼻公園（たてはなこうえん）は、青森県八戸市湊町にある都市公園（近隣公園）である。
岩木山,いわきさん,40.6558889,140.3030833,青森県,B,自然,「津軽富士」と称される青森県最高峰、日本百名山。
亀ヶ岡石器時代遺跡,,40.8843601,140.3394642,青森県,B,その他,
久渡寺,,40.5398578,140.4292452,青森県,C,神社仏閣,
旧弘前市立図書館,,40.6027017,140.4658439,青森県,C,その他,旧弘前市立図書館（きゅうひろさきしりつとしょかん）は、青森県弘前市にある歴史的建造物。
旧第五十九銀行本店本館,,40.6030095,140.4684824,青森県,C,その他,旧第五十九銀行本店本館（だいごじゅうくぎんこう　ほんてんほんかん）は、青森県弘前市にある歴史的建造物。
恐山,おそれざん,41.3169493,141.0876763,青森県,A,神社仏閣,日本三大霊場の一つとされる霊山。
恐山温泉,,41.327711,141.0899973,青森県,C,その他,
恐山菩提寺,,41.3272193,141.0901213,青森県,B,神社仏閣,
弘前公園,,40.6066831,140.4649436,青森県,B,その他,弘前公園（ひろさきこうえん）は、青森県弘前市下白銀町にある公園。
弘前城,ひろさきじょう,40.6079291,140.4636605,青森県,A,城,現存12天守の一つ。桜の名所。
高山稲荷神社,,40.9373441,140.313063,青森県,C,神社仏閣,高山稲荷神社（たかやまいなりじんじゃ）とは、青森県つがる市牛潟町鷲野沢にある神社である。
合浦公園,,40.8304108,140.7795597,青森県,C,その他,合浦公園（がっぽこうえん）は、青森県青森市中心部から東部に位置する青森市立の都市公園（総合公園）。
根城,,40.5046173,141.4555508,青森県,B,城,根城（ねじょう）は、青森県八戸市根城にあった日本の城。
三内丸山遺跡,さんないまるやまいせき,40.8113889,140.6966667,青森県,A,その他,縄文時代最大級の集落跡、世界遺産「北海道・北東北の縄文遺跡群」。
三八城公園,,40.5144522,141.4877511,青森県,D,その他,三八城公園（みやぎこうえん）は、青森県八戸市内丸にある八戸城跡地。
酸ヶ湯温泉,すかゆおんせん,40.65,140.85,青森県,B,温泉,総ヒバ造りの混浴大浴場「千人風呂」で知られる秘湯。
種差海岸,,40.5100312,141.4912965,青森県,B,その他,種差海岸（たねさしかいがん）は、青森県八戸市最東部に位置し、太平洋に面する海岸である。
十三湖,,41.0124227,140.3613999,青森県,B,自然,十三湖（じゅうさんこ）は、青森県津軽半島北西部の日本海岸にある汽水湖である。
十和田湖,とわだこ,40.4647222,140.8772222,青森県,A,自然,青森・秋田県境にまたがる神秘的なカルデラ湖。
十和田市現代美術館,,40.6140429,141.2092263,青森県,B,美術館博物館,十和田市現代美術館（とわだしげんだいびじゅつかん、Towada Art Center）とは、青森県十和田市に所在する現代美術館。
小川原湖,,40.7679537,141.3340981,青森県,B,その他,小川原湖（おがわらこ）は、青森県上北郡東北町にある湖。
小牧野遺跡,,40.7375569,140.7278406,青森県,C,その他,
尻屋崎,,41.4309075,141.4617689,青森県,B,自然,尻屋崎（しりやざき）は、青森県下北郡東通村にある下北半島の北東端をなす岬である。
新青森県総合運動公園,,40.8449894,140.8413218,青森県,B,その他,新青森県総合運動公園（しんあおもりけんそうごううんどうこうえん）は青森県青森市大字宮田にある運動公園。
瑞楽園,,40.6492169,140.4137549,青森県,D,その他,瑞楽園（ずいらくえん）は、青森県弘前市宮舘字宮舘沢にある日本庭園。
盛美園,,40.6163472,140.5701014,青森県,C,その他,盛美園（せいびえん）とは、青森県平川市猿賀石林にある日本庭園。
青森ベイブリッジ,,40.8304737,140.7363371,青森県,B,その他,青森ベイブリッジ（あおもりベイブリッジ）は、青森県青森市にある橋梁である。
青森県総合運動公園,,40.8062367,140.7057157,青森県,D,その他,青森県総合運動公園（あおもりけんそうごううんどうこうえん）は青森県青森市安田近野にある青森県立の都市公園（広域公園）である。
青森県立郷土館 (Aomori Prefectural Museum),,40.8272792,140.748663,青森県,D,美術館博物館,
青森県立三沢航空科学館,,40.7082539,141.3904707,青森県,B,美術館博物館,青森県立三沢航空科学館（あおもりけんりつみさわこうくうかがくかん）とは、青森県三沢市にある博物館である。
青森県立美術館,,40.8072917,140.7008863,青森県,B,美術館博物館,
青森市森林博物館,,40.8315369,140.7257722,青森県,C,美術館博物館,
青森市民図書館,,40.8271913,140.7358986,青森県,D,その他,青森市民図書館（あおもりしみんとしょかん）は青森県青森市新町にある公共図書館である。
青函トンネル記念館,,41.2539479,140.3466908,青森県,D,美術館博物館,
青函連絡船メモリアルシップ　八甲田丸,,40.8316436,140.7364507,青森県,B,美術館博物館,
浅虫温泉,,40.8883271,140.8634106,青森県,B,温泉,浅虫温泉（あさむしおんせん）は、青森県青森市浅虫（旧国陸奥国）にある温泉。
善知鳥神社,,40.8266592,140.7427279,青森県,B,神社仏閣,
禅林街,,40.6001849,140.4549199,青森県,C,その他,禅林街（ぜんりんがい）は、青森県弘前市西茂森にある史跡。
大間崎,,41.5464894,140.9129659,青森県,B,自然,大間崎（おおまざき、おおまさき）は、青森県下北郡大間町にある本州最北端に位置する岬。
大森勝山遺跡,,40.7002427,140.3589467,青森県,C,その他,
谷地温泉,,40.6328666,140.9246544,青森県,C,その他,谷地温泉（やちおんせん）は、青森県十和田市（旧国陸奥国）にある温泉で、「日本三大秘湯」の一つとされる。
津軽こけし館,,40.606429,140.6764977,青森県,D,美術館博物館,
津軽海峡,,41.5340409,140.4873192,青森県,A,自然,津軽海峡（つがるかいきょう）は、北海道南端（道南）と本州北端（青森県）との間にあって、日本海と太平洋とを結ぶ海峡である。
津軽伝承工芸館,,40.60616,140.6761369,青森県,E,その他,津軽伝承工芸館（つがるでんしょうこうげいかん）は、青森県黒石市にある工芸館である。
津軽藩ねぷた村,,40.611141,140.4696888,青森県,C,美術館博物館,
蔦温泉,つたおんせん,40.596944,140.953056,青森県,C,温泉,ブナ林に囲まれた一軒宿の古湯、木造の湯船が趣深い。
鶴の舞橋,,40.7518719,140.3768981,青森県,C,その他,鶴の舞橋（つるのまいはし）は、青森県北津軽郡鶴田町に存在する木造の人道橋。
田んぼアート,,40.633346,140.57455,青森県,B,その他,田んぼアート（たんぼアート）は、田んぼをキャンバスに見立て色の異なる稲を使って、巨大な絵や文字を作り出すプロジェクト、またその作品。
田小屋野貝塚,,40.8877417,140.3388873,青森県,D,その他,田小屋野貝塚（たごやのかいづか）は、青森県つがる市木造にある、縄文時代前期から中期の貝塚遺跡。
藤田記念庭園,,40.6040395,140.4606804,青森県,C,その他,藤田記念庭園（ふじたきねんていえん）は青森県弘前市上白銀町にある日本庭園。
道の駅いかりがせき,,40.4809655,140.6237002,青森県,C,その他,道の駅いかりがせき（みちのえき いかりがせき）は、青森県平川市碇ヶ関にある国道7号の道の駅である。
道の駅いなかだて,,40.6339677,140.5780211,青森県,C,その他,道の駅いなかだて（みちのえき いなかだて）は、青森県南津軽郡田舎館村にある国道102号の道の駅である。
道の駅こどまり,,41.1455868,140.320521,青森県,D,その他,道の駅こどまり（みちのえき こどまり）は、青森県北津軽郡中泊町小泊にある国道339号の道の駅である。
道の駅しちのへ,,40.7166569,141.1552222,青森県,C,その他,道の駅しちのへ（みちのえきしちのへ）は、青森県上北郡七戸町字荒熊内にある国道4号の道の駅である。
道の駅たいらだて,,41.174915,140.6410719,青森県,D,その他,道の駅たいらだて（みちのえき たいらだて）は、青森県東津軽郡外ヶ浜町字平舘にある国道280号の道の駅である。
道の駅つるた,,40.7370437,140.442107,青森県,D,その他,道の駅つるた（みちのえき つるた）は、青森県北津軽郡鶴田町にある国道339号の道の駅である。
道の駅はしかみ,,40.4584961,141.6083073,青森県,D,その他,道の駅はしかみ（みちのえき はしかみ）は、青森県三戸郡階上町道仏にある国道45号の道の駅である。
道の駅ひろさき,,40.5550696,140.5485178,青森県,D,その他,道の駅ひろさき（みちのえき ひろさき）は、青森県弘前市大字石川にある国道7号の道の駅である。
道の駅みんまや,,41.2538465,140.346468,青森県,B,その他,道の駅みんまや（みちのえきみんまや）は、青森県東津軽郡外ヶ浜町にある国道339号の道の駅である。
道の駅もりた,,40.7848176,140.3221515,青森県,D,その他,道の駅もりた（みちのえき もりた）は、青森県つがる市にある国道101号の道の駅。
道の駅十三湖高原,,41.0456313,140.3842405,青森県,D,その他,道の駅十三湖高原（みちのえき じゅうさんここうげん）は、青森県五所川原市にある国道339号の道の駅である。
白神岳,,40.5036242,140.0186679,青森県,C,自然,"白神岳（しらかみだけ）は、青森県西津軽郡深浦町にある標高1,235 mの山。"
白神山地,しらかみさんち,40.5781604,140.2981372,青森県,A,自然,世界最大級のブナ原生林が広がる世界自然遺産。
八戸ポータルミュージアム はっち,,40.5099057,141.4905917,青森県,C,美術館博物館,
八戸公園,,40.4746756,141.5165863,青森県,C,その他,八戸公園（はちのへこうえん）とは、青森県八戸市にある総合公園。
八戸市博物館,,40.5085315,141.4644569,青森県,D,美術館博物館,
八戸市美術館,,40.5117473,141.4915165,青森県,C,美術館博物館,八戸市美術館（はちのへしびじゅつかん、英称：Hachinohe Art Museum）は、青森県八戸市にある市立美術館。
八戸市埋蔵文化財センター 是川縄文館,,40.4755644,141.4884379,青森県,D,美術館博物館,
八甲田山,はっこうださん,40.6588333,140.87725,青森県,B,自然,ロープウェイと樹氷で知られる火山群、日本百名山。
八甲田山雪中行軍遭難資料館,,40.7847523,140.789709,青森県,C,美術館博物館,
八食センター,,40.5269152,141.4528189,青森県,B,その他,八食センター（はっしょくセンター）は、青森県八戸市河原木にある協同組合及びその運営する市場業態の共同店舗施設。
帆風美術館,,40.5470459,141.4358745,青森県,D,美術館博物館,
板柳町のりんご畑,いたやなぎまちのりんごばたけ,40.6959921,140.45764,青森県,D,自然,一面に広がるりんご畑と岩木山を望む田園風景。
百沢温泉,,40.6199155,140.3396241,青森県,C,その他,百沢温泉（ひゃくざわおんせん）は、青森県弘前市百沢の岩木山神社門前にある温泉（温泉郷）。
富田の清水,,40.5955531,140.4713565,青森県,D,その他,富田の清水（とみたのしつこ）は、青森県弘前市大字紙漉町にある湧水で、1985年（昭和60年）名水百選のひとつに選定された。
蕪島,,40.5387772,141.5577243,青森県,B,自然,蕪島（かぶしま）は、青森県八戸市鮫町にある島である。
蕪嶋神社,,40.5386334,141.5576229,青森県,D,神社仏閣,
仏ヶ浦,,41.3113993,140.8042064,青森県,B,その他,
平舘不老不死温泉,,41.1499927,140.6321203,青森県,D,温泉,平舘不老不死温泉（たいらだてふろうふしおんせん）は、青森県東津軽郡外ヶ浜町（旧平舘村）（旧国陸奥国）にある津軽半島で最古の温泉である。
法立寺,,40.5951332,140.4633885,青森県,E,神社仏閣,
夢宅寺,,40.8868969,140.8641766,青森県,C,神社仏閣,
野木和公園,,40.8486007,140.6781534,青森県,D,その他,野木和公園（のぎわこうえん）は青森県青森市にある青森市立の都市公園（総合公園）。
揚亀園,,40.611418,140.4695909,青森県,D,その他,揚亀園（ようきえん）は、青森県弘前市亀甲町の観光施設津軽藩ねぷた村にある日本庭園。
立佞武多の館,,40.8107742,140.4432114,青森県,C,その他,立佞武多の館（たちねぷたのやかた）は、青森県五所川原市にある文化施設。
竜飛ウィンドパーク展示館,,41.2541342,140.3464804,青森県,C,美術館博物館,
龍飛埼灯台,,41.2584925,140.3424107,青森県,C,その他,
蓮華寺,,40.8240813,140.7493736,青森県,D,神社仏閣,
浪岡城,,40.7177237,140.6049049,青森県,B,城,
廣田神社,,40.8224856,140.7426408,青森県,C,神社仏閣,
カッパ淵,,39.3541668,141.5705633,岩手県,B,その他,カッパ淵（カッパぶち）は、岩手県遠野市にあるカッパ（河童）の伝承地。
つりがね洞,,40.1785818,141.8339898,岩手県,D,その他,つりがね洞（つりがねどう）は、岩手県久慈市三陸復興国立公園小袖海岸にある名所のひとつ。
とおの物語の館,,39.3293983,141.5286171,岩手県,C,美術館博物館,とおの物語の館（とおのものがたりのやかた）は岩手県遠野市にある博物館。
みちのく民俗村,,39.2698932,141.1292261,岩手県,D,美術館博物館,
安浄寺,,39.3838471,141.1135343,岩手県,D,神社仏閣,
安比高原,,40.004766,140.978292,岩手県,B,その他,"安比高原スキー場（あっぴこうげんスキーじょう, APPI）は、岩手県八幡平市安比高原にあるスキー場。"
卯子酉神社,,40.0093402,141.8521764,岩手県,C,神社仏閣,
遠野市立博物館,,39.3277638,141.5289336,岩手県,D,美術館博物館,
奥州宇宙遊学館,,39.1350567,141.1324975,岩手県,D,美術館博物館,
夏油高原スキー場,,39.2360373,140.9058276,岩手県,C,その他,夏油高原スキー場（げとうこうげんスキーじょう）は岩手県北上市にあるスキー場。
花と泉の公園,,38.8250013,141.2206725,岩手県,D,その他,花と泉の公園（はなといずみのこうえん）は、岩手県一関市花泉町にある一関市立の植物園。
花巻新渡戸記念館,,39.389289,141.161157,岩手県,D,美術館博物館,
釜石環状列石,,39.9220212,140.9788486,岩手県,C,その他,
釜石市立鉄の歴史館,,39.2554974,141.8940577,岩手県,C,美術館博物館,
釜石大観音,,39.2566277,141.9008409,岩手県,C,その他,釜石大観音（かまいしだいかんのん）は、岩手県釜石市にある鉄筋コンクリート製の大仏（魚籃観音像）である。
観自在王院跡,,38.9873733,141.1101727,岩手県,C,その他,観自在王院跡（かんじざいおういんあと）とは、岩手県の平泉に藤原基衡の妻が建設した寺院跡。
岩山パークランド,,39.7016249,141.1903904,岩手県,C,自然,岩山パークランド（いわやまパークランド）は、岩手県盛岡市の東部丘陵地帯岩山にある遊園地である。
岩手サファリパーク,,38.810509,141.2594353,岩手県,C,その他,
岩手銀行赤レンガ館,,39.7005655,141.1551372,岩手県,B,その他,岩手銀行赤レンガ館（いわてぎんこうあかレンガかん）は、岩手県盛岡市中ノ橋通一丁目に所在する銀行建築である。
岩手県営運動公園,,39.7348237,141.1188395,岩手県,C,その他,岩手県営運動公園（いわてけんえいそうごううんどうこうえん）は、岩手県盛岡市にある総合スポーツ施設である。
岩手県公会堂,,39.7030541,141.1534155,岩手県,C,その他,岩手県公会堂（いわてけんこうかいどう）は、岩手県盛岡市にある公共施設。
岩手県立博物館,,39.755554,141.1539673,岩手県,C,美術館博物館,岩手県立博物館（いわてけんりつはくぶつかん、Iwate Prefectural Museum）は、岩手県盛岡市にある博物館。
岩手県立美術館,,39.6935479,141.1247,岩手県,C,美術館博物館,岩手県立美術館（いわてけんりつびじゅつかん、IWATE MUSEUM OF ART）は、岩手県盛岡市にある美術館。
岩手山,いわてさん,39.8525556,141.0010278,岩手県,B,自然,「南部富士」と称される岩手県最高峰、日本百名山。
願教寺,,39.71303,141.1541726,岩手県,D,神社仏閣,
願成寺,,38.9203167,141.1306509,岩手県,D,神社仏閣,
奇跡の一本松,,39.0034662,141.6251257,岩手県,C,その他,
鬼の館,,39.2757005,141.0455219,岩手県,D,美術館博物館,鬼の館（おにのやかた）は、岩手県北上市にある博物館。
吉祥寺,,39.3731781,141.9365749,岩手県,D,神社仏閣,
久慈市立三船十段記念館,,40.1879939,141.7590769,岩手県,D,美術館博物館,
久慈琥珀博物館,,40.1696259,141.7245699,岩手県,E,美術館博物館,
橋野高炉跡,,39.3432381,141.6825261,岩手県,B,その他,橋野高炉跡（はしのこうろあと）は、岩手県釜石市橋野町に所在する高炉跡。
九戸城,,40.2673982,141.3034652,岩手県,B,城,
栗駒山,,38.967163,140.7794123,岩手県,B,自然,栗駒山（くりこまやま）は、山体が宮城県、秋田県、岩手県の三県にまたがる山。
鯨と海の科学館,,39.4365907,141.9756505,岩手県,C,美術館博物館,
厳美渓,,38.9441263,141.0475643,岩手県,B,自然,
御所野遺跡,,40.1978742,141.3066535,岩手県,E,その他,
高松公園,,39.7286937,141.1455248,岩手県,C,その他,高松公園（たかまつこうえん）は、岩手県盛岡市高松にある高松の池を中心とした公園である。
国見温泉,,39.7273334,140.7929429,岩手県,C,温泉,国見温泉（くにみおんせん）は、岩手県岩手郡雫石町にある温泉。
黒石寺,,39.0839717,141.2064524,岩手県,C,神社仏閣,黒石寺（こくせきじ）は、岩手県奥州市水沢黒石町山内（もと江刺郡黒石村）にある天台宗の寺院。
三ツ石神社,,39.7090218,141.1543482,岩手県,B,神社仏閣,三ツ石神社（みついしじんじゃ）は、岩手県盛岡市にある神社。
三王岩,,39.7330963,141.9816255,岩手県,C,その他,三王岩（さんのういわ）は岩手県宮古市田老にある海岸景勝地。
山田八幡宮,,39.4680759,141.9481442,岩手県,D,神社仏閣,
珊琥島,,39.0366742,141.7271767,岩手県,D,自然,珊琥島（さんごじま）は、岩手県大船渡市の大船渡湾にある無人島である。
志波城,,39.6864435,141.1064353,岩手県,B,その他,
祥雲寺,,38.9186089,141.1299406,岩手県,D,神社仏閣,
常堅寺,,39.3545011,141.5710403,岩手県,C,神社仏閣,
浄土ヶ浜,じょうどがはま,39.6505556,141.9811111,岩手県,B,自然,白い流紋岩の奇岩が連なる三陸復興国立公園の景勝地。
水沢競馬場,,39.1307784,141.1704596,岩手県,B,その他,水沢競馬場（みずさわけいばじょう、英: Mizusawa Racecourse）は、岩手県奥州市水沢にある地方競馬の競馬場。
水沢公園,,39.1359268,141.1393464,岩手県,D,その他,水沢公園（みずさわこうえん）は、岩手県奥州市水沢中上野町にある都市公園。
正光寺,,38.9197735,141.1296273,岩手県,E,神社仏閣,
盛岡てがみ館,,39.7000854,141.1546811,岩手県,E,美術館博物館,
盛岡市総合アリーナ,,39.6909802,141.1204516,岩手県,B,その他,盛岡市総合アリーナ（もりおかしそうごうアリーナ、英語: Morioka City General Arena）は、岩手県盛岡市にある多目的スポーツ施設である。
盛岡城 (Morioka-jō),,39.7001247,141.1502054,岩手県,B,城,
盛岡城跡公園,,39.6994276,141.1489521,岩手県,B,城,盛岡城（もりおかじょう）は、岩手県盛岡市（陸奥国岩手郡）にあった日本の城。
盛岡八幡宮,,39.6953421,141.1640615,岩手県,B,神社仏閣,盛岡八幡宮（もりおかはちまんぐう）は、岩手県盛岡市にある神社である。
石と賢治のミュージアム,,38.9787383,141.238544,岩手県,C,美術館博物館,
石割桜,,39.7037896,141.1512335,岩手県,B,その他,
石川啄木記念館,,39.8460612,141.1712213,岩手県,C,美術館博物館,石川啄木記念館（いしかわたくぼくきねんかん）は岩手県盛岡市渋民にある文学館。
折爪岳,,40.2687953,141.3744696,岩手県,C,自然,折爪岳（おりつめだけ）は、岩手県二戸市、九戸郡軽米町、同郡九戸村を山域に持つ山である。
千厩酒のくら交流施設,,38.9189836,141.3335292,岩手県,D,その他,千厩酒のくら交流施設（せんまやさけのくらこうりゅうしせつ）は、岩手県一関市千厩町に所在する交流施設である。
早池峰山,,39.5583664,141.4890221,岩手県,B,自然,早池峰山（はやちねさん）は、岩手県にある標高1917mの山。
滝観洞,,39.2429272,141.6837798,岩手県,E,その他,
胆沢城,,39.1797206,141.135224,岩手県,B,城,
中尊寺,,39.0005078,141.1035759,岩手県,A,神社仏閣,中尊寺（ちゅうそんじ）は、岩手県西磐井郡平泉町にある天台宗東北大本山の寺院。
中尊寺金色堂,ちゅうそんじこんじきどう,39.000941,141.1020699,岩手県,A,神社仏閣,奥州藤原氏の栄華を伝える世界遺産の御堂。
鳥谷ヶ崎神社,,39.3896259,141.1221986,岩手県,C,神社仏閣,
伝承園,,39.3573373,141.5692201,岩手県,C,その他,
東日本大震災津波伝承館,,39.0073097,141.6273093,岩手県,C,美術館博物館,
湯田ダム,,39.3029921,140.8670658,岩手県,B,その他,湯田ダム（ゆだダム）は、岩手県和賀郡西和賀町杉名畑、一級河川・北上川水系和賀川に建設されたダムである。
道の駅いわいずみ,,39.8429078,141.8628992,岩手県,D,その他,道の駅いわいずみ（みちのえき いわいずみ）は、岩手県下閉伊郡岩泉町にある国道455号の道の駅である。
道の駅くじ,,40.19006,141.7649255,岩手県,D,その他,道の駅くじ（みちのえき くじ）は、岩手県久慈市にある国道281号の道の駅である。
道の駅のだ,,40.1159171,141.8189534,岩手県,C,その他,道の駅のだ（みちのえき のだ）は、岩手県九戸郡野田村にある国道45号の道の駅である。
道の駅みやこ,,39.639162,141.9699477,岩手県,D,その他,道の駅みやこ（みちのえき みやこ）は岩手県宮古市にある道の駅である。
道の駅みやもり,,39.3462393,141.3516804,岩手県,D,その他,道の駅みやもり（みちのえき みやもり）は、岩手県遠野市にある国道283号の道の駅である。
道の駅やまびこ館,,39.6487138,141.5892129,岩手県,D,その他,道の駅やまびこ館（みちのえき やまびこかん）は、岩手県宮古市にある国道106号の道の駅である。
道の駅釜石仙人峠,,39.2534164,141.7824474,岩手県,D,その他,道の駅釜石仙人峠（みちのえき かまいしせんにんとうげ）は、岩手県釜石市にある国道283号の道の駅。
道の駅三田貝分校,,39.8708047,141.5893717,岩手県,D,その他,道の駅三田貝分校（みちのえき みたかいぶんこう）は、岩手県下閉伊郡岩泉町にある国道455号の道の駅である。
道の駅雫石あねっこ,,39.7063765,140.8747487,岩手県,D,その他,道の駅雫石あねっこ（みちのえき しずくいしあねっこ）は、岩手県岩手郡雫石町橋場坂本にある国道46号の道の駅である。
鍋倉公園,,39.3276585,141.5279166,岩手県,D,その他,鍋倉公園（なべくらこうえん）は、岩手県遠野市にある鍋倉山（標高343.9m）の鍋倉城址に造られた公園。
南昌荘,,39.6952339,141.1486972,岩手県,C,その他,南昌荘（なんしょうそう）は、岩手県盛岡市清水町にある近代和風の歴史的建造物である。
南部神社,,39.3273736,141.5277152,岩手県,D,神社仏閣,
日高神社,,39.1427825,141.1326149,岩手県,C,神社仏閣,
八幡平,はちまんたい,39.9577778,140.8541667,岩手県,B,自然,火山湖沼が点在する高原、日本百名山。
普門寺,,39.0261139,141.6573616,岩手県,D,神社仏閣,
平泉,,38.988692,141.072354,岩手県,A,その他,平泉（ひらいずみ）は、日本の東北地方、岩手県南西部（古代の陸奥国磐井郡）にある古くからの地名であり、現在の岩手県西磐井郡平泉町の中心部にあたる。
北山崎,きたやまざき,39.980376,141.955676,岩手県,C,自然,高さ200mの断崖が連なる三陸海岸屈指の絶景。
北上市立公園展勝地,てんしょうち,39.2809917,141.12925,岩手県,C,自然,北上川沿いに桜並木が続く東北屈指の桜の名所。
北上川,,39.3961142,141.129161,岩手県,B,その他,北上川（きたかみがわ）は、岩手県中央部を北から南に流れ宮城県東部の石巻市で追波湾に注ぐ一級河川。
無量光院跡,,38.9927415,141.1161105,岩手県,B,その他,無量光院跡（むりょうこういんあと）は、岩手県平泉町にある史跡である。
毛越寺,もうつうじ,38.9882159,141.1073078,岩手県,B,神社仏閣,浄土庭園で知られる平泉の世界遺産寺院。
網張温泉,,39.8220263,140.9369799,岩手県,C,温泉,網張温泉（あみはりおんせん）は、岩手県岩手郡雫石町（旧国陸奥国、明治以降は陸中国）にある温泉。
柳之御所遺跡,,38.9942662,141.1181979,岩手県,B,その他,柳之御所遺跡（やなぎのごしょいせき）は、岩手県西磐井郡平泉町にある平安時代末期の遺跡。
幽玄洞,,39.0046823,141.25732,岩手県,C,自然,幽玄洞（ゆうげんどう）は、岩手県一関市東山町にある鍾乳洞である。
羅須地人協会,,39.4403406,141.1410754,岩手県,B,その他,羅須地人協会（らすちじんきょうかい）とは、1926年（大正15年）に宮沢賢治が現在の岩手県花巻市に設立した私塾。
龍泉洞,りゅうせんどう,39.8601483,141.7970366,岩手県,C,自然,地底湖の透明度で知られる日本三大鍾乳洞の一つ。
猊鼻渓,げいびけい,38.9887792,141.2532381,岩手県,B,自然,舟下りで知られる渓谷美。
JRフルーツパーク仙台あらはま,,38.2176493,140.9771237,宮城県,D,その他,JRフルーツパーク仙台あらはま（ジェイアールふるーつぱーくせんだいあらはま）は、仙台ターミナルビル運営の宮城県仙台市若林区荒浜にある大型観光農園。
あ・ら・伊達な道の駅,,38.7076812,140.8336857,宮城県,C,その他,あ・ら・伊達な道の駅（あ・ら・だてなみちのえき）は、宮城県大崎市岩出山池月にある国道47号の道の駅である。
お伊勢浜海水浴場,,38.8250915,141.5864281,宮城県,E,自然,お伊勢浜海水浴場（おいせはまかいすいよくじょう）は、宮城県気仙沼市にある海水浴場。
カメイ美術館,,38.2548262,140.8813435,宮城県,D,美術館博物館,
シーパルピア女川,,38.4462104,141.4457989,宮城県,C,その他,シーパルピア女川（シーパルピアおながわ）は、宮城県牡鹿郡女川町女川に所在するテナント型商店街である。
シャークミュージアム,,38.9000998,141.5792178,宮城県,C,美術館博物館,
スポーツランドSUGO,,38.1415702,140.7776339,宮城県,B,その他,スポーツランドSUGO（スポーツランドすごう）は、宮城県柴田郡村田町菅生にある総合モータースポーツ施設である。
せんだいメディアテーク,,38.2655471,140.8654738,宮城県,B,その他,せんだいメディアテーク（英: sendai mediatheque）は、宮城県仙台市青葉区にある公共施設である。
せんだい農業園芸センター,,38.2359396,140.9670504,宮城県,C,その他,せんだい農業園芸センター（せんだいのうぎょうえんげいセンター）は、宮城県仙台市若林区荒井にある農業園芸施設である。
チャチャワールドいしこし,,38.7602533,141.1717192,宮城県,B,その他,チャチャワールドいしこしは、宮城県登米市にある遊園地である。
ホエールタウンおしか,,38.2944038,141.5101527,宮城県,C,その他,ホエールタウンおしかは、宮城県石巻市鮎川浜に所在する観光交流拠点施設である。
マリンゲート塩釜,,38.3194295,141.0299118,宮城県,D,その他,マリンゲート塩釜（マリンゲートしおがま）は、宮城県塩竈市にある塩釜港の「塩釜港旅客ターミナル」の愛称である。
みちのく伊達政宗歴史館,,38.3716336,141.0655773,宮城県,D,美術館博物館,みちのく伊達政宗歴史館（みちのくだてまさむねれきしかん）は、宮城県宮城郡松島町にある歴史博物館。
みやぎ東日本大震災津波伝承館,,38.4181775,141.3047365,宮城県,D,その他,みやぎ東日本大震災津波伝承館（みやぎひがしにほんだいしんさいつなみでんしょうかん）は、宮城県石巻市南浜町にある、東日本大震災にちなむ津波記念館であり、石巻南浜津波復興祈念公園と併設されている。
リアス・アーク美術館,,38.8809673,141.5498108,宮城県,C,美術館博物館,リアス・アーク美術館（リアス・アークびじゅつかん）は宮城県気仙沼市にある美術館。
伊達神社,,38.5452986,140.8511851,宮城県,D,神社仏閣,
伊豆佐比賣神社,,38.3223459,140.9637617,宮城県,D,神社仏閣,
伊豆沼,,38.7169501,141.1237156,宮城県,B,自然,伊豆沼（いずぬま）は、宮城県の登米市及び栗原市にまたがる沼である。
一乗寺,,38.5780756,140.9648199,宮城県,E,神社仏閣,
永厳寺,,38.4296527,141.3051706,宮城県,D,神社仏閣,
円通院,,38.3712885,141.0599598,宮城県,C,神社仏閣,
遠刈田温泉,,38.113246,140.53776,宮城県,B,温泉,遠刈田温泉（とおがったおんせん）は、宮城県刈田郡蔵王町（旧国陸奥国、明治以降は磐城国）にある温泉。
塩竈市杉村惇美術館,,38.3158067,141.0166124,宮城県,D,美術館博物館,
下増田神社,,38.1370446,140.9357131,宮城県,E,神社仏閣,
化女沼,,38.6327553,140.9566384,宮城県,C,その他,化女沼ダム（けじょぬまダム）は、宮城県大崎市にある宮城県土木部河川課・大崎地方ダム総合事務所が管理する県営ダム。
加護坊山,,38.5918033,141.1061457,宮城県,C,自然,加護坊山（かごぼうやま）は、宮城県大崎市の篦岳丘陵にある標高223.2mの山である。
加瀬沼公園,,38.3112595,140.9826973,宮城県,D,その他,加瀬沼公園（かせぬまこうえん）は、宮城県宮城郡利府町にある県立の都市公園である。
潟沼,,38.733694,140.7244812,宮城県,B,温泉,潟沼（かたぬま）は、宮城県大崎市鳴子温泉にある湖。
釜房ダム,,38.2018084,140.6727232,宮城県,C,その他,釜房ダム（かまふさダム）は、宮城県柴田郡川崎町大字小野と大字支倉にまたがる、一級河川・名取川水系碁石川に建設されたダムである。
感覚ミュージアム,,38.6566076,140.8707409,宮城県,C,その他,感覚ミュージアム（かんかくミュージアム）は、視覚・聴覚・嗅覚・味覚・触覚といった五感をテーマとする、日本で初めてのミュージアム。
気仙沼湾,,38.8624198,141.5970658,宮城県,D,その他,気仙沼湾（けせんぬまわん）は、宮城県北東部の気仙沼市にある湾。
亀岡八幡宮,,38.2615586,140.8431385,宮城県,D,神社仏閣,
吉岡八幡神社,,38.4478866,140.8871168,宮城県,D,神社仏閣,
宮城県図書館,,38.3460954,140.8383842,宮城県,B,その他,宮城県図書館（みやぎけんとしょかん）は、宮城県仙台市泉区紫山一丁目にある県立図書館である。
宮城県総合運動公園,,38.3355587,140.9548406,宮城県,B,その他,宮城県総合運動公園（みやぎけん そうごううんどうこうえん）は、宮城県宮城郡利府町にある運動公園である。
宮城県美術館,,38.2627014,140.8548373,宮城県,B,美術館博物館,宮城県美術館（みやぎけんびじゅつかん）は、宮城県仙台市青葉区川内元支倉にある宮城県立の美術館である。
宮城県民会館,,38.2660298,140.8678871,宮城県,B,その他,宮城県民会館（みやぎけんみんかいかん）は、宮城県仙台市青葉区国分町三丁目にあるコンサートホールと会議室等の文化施設である。
宮城蔵王キツネ村,,38.040804,140.5303001,宮城県,B,その他,
宮城野原公園総合運動場,,38.2578562,140.9036303,宮城県,C,その他,宮城野原公園総合運動場（みやぎのはらこうえんそうごううんどうじょう）は、宮城県仙台市宮城野区にある運動公園である。
宮城縣護國神社,,38.251485,140.8562668,宮城県,C,その他,宮城縣護國神社（みやぎけんごこくじんじゃ）は、宮城県仙台市青葉区川内にある神社（護国神社）である。
牛野ダム,,38.4795272,140.8082011,宮城県,D,その他,牛野ダム（うしのダム）は、宮城県黒川郡大衡村、一級河川・鳴瀬川水系善川に建設された県営ダムで、吉田川の治水と大衡村等の耕作地への灌漑用水供給を目的としている。
金玉神社,,38.358117,140.8749782,宮城県,C,神社仏閣,
熊野神社,,38.5780434,140.9601259,宮城県,E,神社仏閣,
栗駒山,,38.9609164,140.7884242,宮城県,B,自然,栗駒山（くりこまやま）は、山体が宮城県、秋田県、岩手県の三県にまたがる山。
桂葉清水,,38.6591517,141.0082991,宮城県,D,その他,桂葉清水（かつらはしみず）は、宮城県栗原市高清水長福寺26にある桂の木の大木の根元から湧き出る湧水であり、1985年（昭和60年）名水百選のひとつに選定された。
警察資料館,,38.6513735,141.2813267,宮城県,D,美術館博物館,
原阿佐緒記念館,,38.4053391,140.8468503,宮城県,D,美術館博物館,
五十鈴神社,,38.9070893,141.5791857,宮城県,D,神社仏閣,
御釜神社,,38.3160871,141.0179079,宮城県,B,神社仏閣,
勾当台公園,,38.2672292,140.8714253,宮城県,B,その他,勾当台公園（こうとうだいこうえん）は、宮城県仙台市青葉区本町および国分町にある都市公園である。
行神社,,38.4291176,140.8881282,宮城県,E,神社仏閣,
国営みちのく杜の湖畔公園,,38.2006364,140.6716407,宮城県,B,その他,国営みちのく杜の湖畔公園（こくえいみちのくもりのこはんこうえん）は、宮城県柴田郡川崎町の釜房ダム湖畔にある国営公園である。
材木岩公園,,37.9550299,140.521502,宮城県,D,その他,材木岩公園（ざいもくいわこうえん）は、宮城県白石市にある公園。
三神峯公園,,38.2248178,140.8572029,宮城県,C,自然,三神峯公園（みかみねこうえん）は、宮城県仙台市太白区の三神峯という低山にある風致公園である。
三本木亜炭記念館,,38.5215903,140.9383946,宮城県,C,美術館博物館,
山神社,,38.5558439,141.0592615,宮城県,C,神社仏閣,
鹿島御児神社,,38.4240368,141.3081781,宮城県,C,神社仏閣,鹿島御児神社（かしまみこじんじゃ）は、宮城県石巻市に鎮座する神社である。
七北田公園,,38.3190141,140.8797351,宮城県,C,その他,七北田公園（ななきたこうえん）は、宮城県仙台市泉区泉中央の南側、七北田川沿いにある都市公園である。
秋保神社,,38.2635975,140.6596246,宮城県,C,神社仏閣,
女川温泉ゆぽっぽ,,38.4468865,141.4440051,宮城県,C,温泉,女川温泉ゆぽっぽ（おながわおんせんゆぽっぽ）は、宮城県牡鹿郡女川町女川2丁目にある女川町営の温泉である。
女川原子力発電所,,38.3992474,141.5022589,宮城県,B,その他,女川原子力発電所（おながわげんしりょくはつでんしょ）は、宮城県牡鹿郡女川町と石巻市にまたがる東北電力の原子力発電所である。
松島,まつしま,38.3689,141.0637,宮城県,A,自然,260余りの島々が浮かぶ日本三景。
上品山,,38.5006785,141.3587397,宮城県,D,自然,上品山（じょうぼんさん）は、宮城県石巻市の、ほぼ中央部、市街地の中心部から見て北東部にある標高465.7mの山である。
神割崎,,38.6304798,141.5277631,宮城県,D,自然,神割崎（かみわりざき）は宮城県の石巻市北上町十三浜と南三陸町戸倉の境界に位置する岬である。
瑞巌寺,ずいがんじ,38.3721758,141.0595579,宮城県,B,神社仏閣,伊達政宗ゆかりの臨済宗の名刹。
瑞鳳殿,,38.2525647,140.8666148,宮城県,B,その他,瑞鳳殿（ずいほうでん）は、宮城県仙台市青葉区霊屋下にある仙台藩祖伊達政宗の霊廟である。
菅野美術館,,38.3114141,141.0056234,宮城県,D,美術館博物館,
西行戻しの松公園,,38.3664176,141.0527618,宮城県,D,その他,西行戻しの松公園（さいぎょうもどしのまつこうえん）は、宮城県松島町松島に所在する公園。
青根温泉,,38.1461515,140.5368303,宮城県,C,温泉,青根温泉（あおねおんせん）は、宮城県柴田郡川崎町（旧国陸奥国、明治以降は陸前国）にある温泉。
青葉山公園,,38.2573522,140.8573642,宮城県,C,その他,青葉山公園（あおばやまこうえん）は、宮城県仙台市青葉区にある都市公園である。
青葉神社,,38.4344263,141.2652362,宮城県,E,神社仏閣,
石ノ森萬画館,,38.4295754,141.3107621,宮城県,B,美術館博物館,
石巻漁港,,38.4106391,141.3343639,宮城県,C,その他,石巻漁港（いしのまきぎょこう）は、宮城県石巻市魚町にある特定第3種漁港である。
石巻南浜津波復興祈念公園,,38.4157768,141.3047363,宮城県,C,その他,石巻南浜津波復興祈念公園（いしのまきみなみはまつなみふっこうきねんこうえん）は、宮城県石巻市沿岸部の南浜地区にある公園である。
仙台アンパンマンこどもミュージアム&モール,,38.2641806,140.8875014,宮城県,B,美術館博物館,
仙台うみの杜水族館,,38.2707423,140.9805884,宮城県,B,美術館博物館,仙台うみの杜水族館（せんだいうみのもりすいぞくかん）は、宮城県仙台市宮城野区の高砂中央公園に所在する水族館である。
仙台サンプラザホール,,38.257724,140.8940725,宮城県,B,その他,仙台サンプラザ（せんだいサンプラザ）は、宮城県仙台市宮城野区榴岡にある、ホテルやホールからなる複合施設である。
仙台スタジアム,,38.3193218,140.8826955,宮城県,B,その他,仙台スタジアム（せんだいスタジアム）は、宮城県仙台市泉区の七北田公園内に所在するサッカー・ラグビー・アメリカンフットボールの専用球技場。
仙台国際センター,,38.258464,140.857457,宮城県,C,その他,仙台国際センター（せんだいこくさいセンター）は、宮城県仙台市青葉区にあるコンベンションセンター、および、国際交流施設である。
仙台市戦災復興記念館,,38.2608558,140.8670616,宮城県,C,美術館博物館,
仙台市天文台,,38.256951,140.755257,宮城県,C,その他,仙台市天文台（せんだいしてんもんだい）は、宮城県仙台市青葉区錦ケ丘にある仙台市立の天文台である。
仙台市博物館,,38.2560506,140.8567462,宮城県,B,美術館博物館,仙台市博物館（せんだいしはくぶつかん）は、宮城県仙台市青葉区川内にある仙台市立の博物館である。
仙台市八木山動物公園,,38.2457227,140.8456364,宮城県,B,その他,仙台市八木山動物公園（せんだいしやぎやまどうぶつこうえん）は、宮城県仙台市太白区にある仙台市立の動物園。
仙台市野草園,,38.2391074,140.872531,宮城県,D,その他,仙台市野草園（せんだいしやそうえん）は、宮城県仙台市太白区の大年寺山公園内に位置する植物園で、東北地方に生える野草を中心に植栽されている。
仙台市歴史民俗資料館,,38.2609818,140.8983785,宮城県,D,美術館博物館,仙台市歴史民俗資料館（せんだいしれきしみんぞくしりょうかん）は、宮城県仙台市宮城野区の榴岡公園の中にある仙台市立の資料館である。
仙台城,,38.2526678,140.8562825,宮城県,A,その他,仙台城（せんだいじょう、旧字体: 仙臺城）は、宮城県仙台市青葉区（陸奥国宮城郡）の青葉山にあった日本の城（平山城）。
仙台城跡,せんだいじょうあと,38.2528625,140.8567402,宮城県,A,城,伊達政宗が築いた青葉城。
仙台東照宮,,38.2802077,140.8851044,宮城県,B,神社仏閣,仙台東照宮（せんだいとうしょうぐう）は、宮城県仙台市青葉区東照宮にある徳川家康をまつる神社。
仙台文学館,,38.2964999,140.8761426,宮城県,C,その他,仙台文学館（せんだいぶんがくかん）は、宮城県仙台市青葉区北根にある仙台市立の文学館・社会教育施設である。
仙台万華鏡美術館,,38.2213321,140.7400578,宮城県,D,美術館博物館,仙台万華鏡美術館（せんだいまんげきょうびじゅつかん）は、宮城県仙台市太白区にある美術館。
千貫神社,,38.0908315,140.8428007,宮城県,D,神社仏閣,
泉ヶ岳,,38.4115286,140.7100181,宮城県,B,自然,泉ヶ岳（いずみがたけ）は、宮城県仙台市泉区の北西部に位置する標高1175メートルの山である（三角点は1172.18メートル、北緯38度24分41.7562秒 東経140度42分34.9199秒）。
船岡城址公園,,38.0563542,140.7598737,宮城県,B,その他,または四保館（しほたて）は、宮城県柴田郡柴田町大字船岡字舘山（四保山）にあった日本の城（山城）。
蔵王連峰,,38.127749,140.4481979,宮城県,B,その他,蔵王連峰（ざおうれんぽう）は、東北地方の中央を南北に連なる奥羽山脈の中にあって、宮城県と山形県の両県南部の県境に位置する連峰。
多賀城跡,,38.3069193,140.988775,宮城県,A,その他,多賀城（たがじょう）は、宮城県多賀城市にあった古代城柵。
多賀神社,,38.3003333,140.9980985,宮城県,D,神社仏閣,
大衡村ふるさと美術館,,38.4688744,140.8815081,宮城県,E,美術館博物館,
大衡八幡神社,,38.4626775,140.8786696,宮城県,D,神社仏閣,
大高森,,38.3406185,141.1525284,宮城県,C,自然,大高森（おおたかもり）は、宮城県東松島市の宮戸島にある山である。
大崎八幡宮,,38.2717221,140.8449233,宮城県,B,神社仏閣,大崎八幡宮（おおさきはちまんぐう）は、宮城県仙台市青葉区八幡にある神社である。
地底の森ミュージアム,,38.2227753,140.8725352,宮城県,C,美術館博物館,地底の森ミュージアム（ちていのもりミュージアム）は、宮城県仙台市太白区長町南にある博物館である。
竹駒神社,,38.9230315,141.1317109,宮城県,B,神社仏閣,竹駒神社（たけこまじんじゃ）は、宮城県岩沼市中心部にある稲荷神社である。
長沼フートピア公園,,38.6903709,141.1369396,宮城県,D,その他,長沼フートピア公園（ながぬまフートピアこうえん）は宮城県登米市迫町北方にある公園。
鳥の海,,38.0340148,140.9213823,宮城県,B,その他,鳥の海（とりのうみ）は、宮城県亘理郡亘理町の太平洋岸に位置する内湾状の汽水湖（潟湖）である。
釣石神社,,38.5695188,141.4346005,宮城県,D,その他,釣石神社（つりいしじんじゃ）は、宮城県石巻市北上町十三浜にある神社で、落ちそうで落ちない巨石が祀られている。
天皇寺,,38.4406494,140.8851823,宮城県,D,神社仏閣,
田代島,,38.2966042,141.4147474,宮城県,B,自然,田代島（たしろじま）は、牡鹿半島の西側にある島である。
唐桑半島,,38.8764648,141.6589845,宮城県,C,自然,唐桑半島（からくわはんとう）は、宮城県の北東端にある半島である。
東北歴史博物館,,38.2998205,140.9945221,宮城県,B,美術館博物館,東北歴史博物館（とうほくれきしはくぶつかん）は、宮城県多賀城市にある宮城県立の歴史系博物館である。
東陽寺,,38.7087357,141.297858,宮城県,D,神社仏閣,
洞雲寺,,38.3351039,140.8953099,宮城県,E,神社仏閣,
道の駅おおさき,,38.57985,140.9566054,宮城県,D,その他,道の駅おおさき（みちのえき おおさき）は、宮城県大崎市（旧・古川市）古川千手寺町にある国道108号の道の駅である。
道の駅七ヶ宿,,37.9711529,140.5047114,宮城県,D,その他,道の駅七ヶ宿（みちのえき しちかしゅく）は、宮城県刈田郡七ヶ宿町にある国道113号の道の駅である。
道の駅上品の郷,,38.5008476,141.2946215,宮城県,C,その他,道の駅上品の郷（みちのえき じょうぼんのさと）は、宮城県石巻市にある国道45号の道の駅である。
道の駅村田,,38.1188359,140.7177227,宮城県,D,その他,道の駅村田（みちのえき むらた）は、宮城県柴田郡村田町にある宮城県道14号亘理大河原川崎線の道の駅である。
道の駅津山,,38.6204231,141.3265879,宮城県,D,その他,道の駅津山（みちのえき つやま）は、宮城県登米市津山町横山にある国道45号の道の駅である。
二口峡谷,,38.2764839,140.5116823,宮城県,D,その他,二口峡谷（ふたくちきょうこく）は、宮城県仙台市の西部、名取川上流に広がる峡谷。
日浄寺,,38.2842243,140.8687175,宮城県,E,神社仏閣,
日本こけし館,,38.7363431,140.6975382,宮城県,D,美術館博物館,
白山神社,,38.2513533,140.9034815,宮城県,E,神社仏閣,
白石城,,38.0021221,140.6174429,宮城県,B,その他,白石城（しろいしじょう）は、宮城県白石市（陸奥国刈田郡白石）にあった日本の城（平山城）。
八木山ベニーランド,,38.2470388,140.8486243,宮城県,B,自然,八木山ベニーランド（やぎやまベニーランド）は、宮城県仙台市太白区の八木山にある遊園地である。
晩翠草堂,,38.2594465,140.8694658,宮城県,C,その他,晩翠草堂（ばんすいそうどう）は、宮城県仙台市出身の詩人、英文学者である土井晩翠が最晩年に過ごした邸宅である。
氷の水族館,,38.9002477,141.5792441,宮城県,D,その他,氷の水族館（こおりのすいぞくかん）は、水産物を氷の中に凍らせて、それをみせる施設、または催しのこと。
浮島神社,,38.3037049,140.9944656,宮城県,D,神社仏閣,
蕪栗沼,,38.6379511,141.1025694,宮城県,C,自然,蕪栗沼（かぶくりぬま）は、宮城県大崎市（旧田尻町）にある沼である。
北上川,,38.6098577,141.3694878,宮城県,B,その他,北上川（きたかみがわ）は、岩手県中央部を北から南に流れ宮城県東部の石巻市で追波湾に注ぐ一級河川。
万石浦,,38.423434,141.3987542,宮城県,C,その他,万石浦（まんごくうら）は、宮城県の石巻市及び牡鹿郡女川町にまたがる内海である。
万葉クリエートパーク,,38.4722982,140.8868414,宮城県,D,その他,万葉クリエートパーク（まんようクリエートパーク）は、宮城県黒川郡大衡村のほぼ中央部にある公園（レクリェーション施設）である。
鳴子ダム,,38.7549678,140.7049001,宮城県,C,その他,鳴子ダム（なるこダム）は、宮城県大崎市、一級河川・北上川水系江合川に建設されたダムである。
鳴子温泉,なるこおんせん,38.74261,140.71711,宮城県,B,温泉,こけし発祥の地としても知られる東北有数の温泉郷。
鳴子峡,なるこきょう,38.7290016,140.6898481,宮城県,C,自然,紅葉の名所として知られる大深沢に架かる峡谷。
網地島,,38.2624642,141.4810547,宮城県,B,自然,網地島（あじしま）は、宮城県石巻市の太平洋上に浮かぶ島である。
弥勒寺,,38.732249,141.257101,宮城県,E,神社仏閣,
薬萊山,,38.5755602,140.7052441,宮城県,C,自然,薬萊山（やくらいさん）は、宮城県加美郡加美町のほぼ中央、宮城県立自然公園船形連峰に含まれる標高553mの山である。
養雲寺,,38.6500861,141.2776189,宮城県,E,神社仏閣,
亘理公園,,38.0419826,140.8465254,宮城県,D,その他,亘理公園（わたりこうえん）は宮城県亘理郡亘理町逢隈の国道6号線の西側沿いにある公園。
亘理神社,,38.0337724,140.8507891,宮城県,D,神社仏閣,
榴岡公園,,38.2603144,140.8946257,宮城県,C,その他,榴岡公園（つつじがおかこうえん）は、宮城県仙台市宮城野区の丘陵地にある都市公園。
榴岡天満宮,,38.2601515,140.893214,宮城県,C,神社仏閣,榴岡天満宮（つつじがおかてんまんぐう）は、宮城県仙台市にある神社。
櫻田山神社,,38.7958176,140.9848698,宮城県,C,神社仏閣,櫻田山神社（さくらださんじんじゃ）は、宮城県栗原市栗駒桜田にある神社。正式名称は山神社（さんじんじゃ）であるが、地区名の桜田を冠した「櫻田山神社」で一般に呼ばれる。
鹽流神社,,38.3006103,140.6894372,宮城県,D,神社仏閣,
きみまち阪,,40.2194263,140.2547969,秋田県,C,その他,きみまち阪（きみまちざか、徯后坂）は、秋田県能代市二ツ井町にある県立自然公園の名称。
ジュネス栗駒スキー場,,39.1603386,140.7270548,秋田県,D,その他,ジュネス栗駒スキー場（ジュネスくりこまスキーじょう）は、秋田県雄勝郡東成瀬村にあるスキー場である。
たざわ湖スキー場,,39.762247,140.7598306,秋田県,D,自然,たざわ湖スキー場（たざわこスキーじょう）は、秋田県仙北市の水沢温泉郷にある秋田県立のスキー場である。
伊勢堂岱遺跡,,40.2028863,140.3486036,秋田県,C,その他,伊勢堂岱遺跡（いせどうたいいせき）は、秋田県北秋田市脇神字伊勢堂岱にある縄文時代後期前半の環状列石が主体の遺跡。
稲荷神社,,39.4885515,140.5415612,秋田県,E,神社仏閣,
横手駅前温泉,,39.308556,140.5614112,秋田県,D,温泉,横手駅前温泉（よこてえきまえおんせん）は、秋田県横手市駅前町にある温泉。
横手公園,,39.3206942,140.5700873,秋田県,C,その他,横手公園（よこてこうえん）は、秋田県横手市にある都市公園（総合公園）。
横手市ふれあいセンター,,39.3136208,140.5662349,秋田県,D,その他,横手市ふれあいセンター（よこてしふれあいセンター）は、「かまくら館（かまくらかん）」と「市民広場」で構成される観光文化施設。
横手市増田まんが美術館,,39.2045713,140.5504976,秋田県,B,美術館博物館,
横手城,,39.3210335,140.5692514,秋田県,B,城,横手城（よこてじょう）は、秋田県横手市城山町（出羽国 平鹿郡横手町）にあった日本の城（山城）。
花輪スキー場,,40.1878564,140.8222803,秋田県,D,その他,花輪スキー場（はなわスキーじょう）は、秋田県鹿角市花輪で1954年（昭和29年）に開業したスキー場である。
峨瓏峡,,40.319364,140.2968485,秋田県,E,自然,峨瓏峡（がろうきょう）は、秋田県藤里町にある渓谷。
角館のシダレザクラ,,39.5989912,140.5618677,秋田県,D,その他,角館のシダレザクラ（かくのだてのシダレザクラ）は、秋田県仙北市角館町の武家屋敷通りの街路に沿った各戸に生育する、国の天然記念物に指定された淡紅色系シダレザクラ（枝垂桜）約150本の総称である。
角館武家屋敷,かくのだてぶけやしき,40.1907363,140.7919952,秋田県,B,街並み,「みちのくの小京都」と呼ばれる武家屋敷通り。
漢槎宮,,39.6960581,140.6628092,秋田県,C,神社仏閣,漢槎宮（かんさぐう）は、秋田県仙北市西木町西明寺の田沢湖畔にある神社。
久保田城,,39.7187681,140.121952,秋田県,B,城,久保田城（くぼたじょう）は、秋田県秋田市千秋公園近辺（羽後国、旧出羽国秋田郡久保田）にあった日本の城。
旧池田氏庭園,,39.4561383,140.5101904,秋田県,C,その他,旧池田氏庭園（きゅういけだしていえん）は、秋田県大仙市高梨にある明治時代後期 - 大正時代作庭の日本庭園。
玉川温泉,たまがわおんせん,39.9631538,140.7244603,秋田県,C,温泉,強酸性の湯と天然岩盤浴「大噴」で知られる療養の名湯。
栗駒山,,38.9609164,140.7884242,秋田県,B,自然,栗駒山（くりこまやま）は、山体が宮城県、秋田県、岩手県の三県にまたがる山。
後生掛温泉,ごしょうがけおんせん,39.972097,140.800233,秋田県,D,温泉,泥火山や箱蒸しなど独特の湯治文化が残る秘湯。
御座石神社,,39.7516066,140.6504775,秋田県,C,神社仏閣,御座石神社（ござのいしじんじゃ）は、秋田県仙北市の田沢湖北岸にある神社。
康楽館,,40.3265505,140.7451169,秋田県,C,その他,康楽館（こうらくかん）は、秋田県鹿角郡小坂町小坂鉱山にある芝居小屋。
三吉神社総本宮,,39.7261399,140.1443632,秋田県,C,神社仏閣,
刺巻湿原,,39.6639528,140.68652,秋田県,D,自然,刺巻湿原（さしまきしつげん）は、秋田県仙北市田沢湖刺巻にある湿原である。
七滝,,40.2956806,140.7596573,秋田県,D,自然,七滝（ななたき）は、秋田県鹿角郡小坂町にある滝。
秋田温泉,,39.7497569,140.1312566,秋田県,D,温泉,秋田温泉（あきたおんせん）は、秋田県秋田市にある温泉。
秋田駒ヶ岳,,39.7530656,140.7956815,秋田県,B,自然,秋田駒ヶ岳（あきたこまがたけ）は、秋田県仙北市と岩手県岩手郡雫石町に跨る活火山。
秋田犬の里,,40.2867876,140.5560722,秋田県,C,その他,秋田犬の里（あきたいぬのさと）は、秋田県大館市にある、秋田犬の紹介や展示などを行う観光施設である。
秋田県指定文化財 多宝院,,40.1630089,140.1143943,秋田県,D,その他,
秋田県立近代美術館 (Akita Museum of Modern Art),,39.2924778,140.5475726,秋田県,C,美術館博物館,
秋田県立男鹿水族館,,39.9424228,139.7045178,秋田県,B,美術館博物館,秋田県立男鹿水族館（あきたけんりつおがすいぞくかん）は、秋田県男鹿市戸賀塩浜（男鹿半島）にある水族館。
秋田県立中央公園,,39.623829,140.2045506,秋田県,C,その他,秋田県立中央公園（あきたけんりつちゅうおうこうえん、英: Akita Prefectural Central Park）は、秋田県秋田市雄和に位置する都市公園（広域公園）である。
秋田県立博物館,,39.8172814,140.0661496,秋田県,C,美術館博物館,秋田県立博物館（あきたけんりつはくぶつかん、Akita Prefectural Museum）は秋田県の考古、歴史、民俗、工芸、生物、地質を展示する総合博物館である。
秋田市民市場,,39.7149647,140.1258713,秋田県,B,その他,協同組合秋田市民市場（きょうどうくみあいあきたしみんいちば）は秋田市中心部の秋田駅近傍にある商店連合の事業協同組合。
秋田市立赤れんが郷土館,,39.7203727,140.1170123,秋田県,C,美術館博物館,秋田市立赤れんが郷土館（あきたしりつあかれんがきょうどかん）は、秋田県秋田市にある市立の郷土史料館・美術館である。
秋田市立千秋美術館,,39.7172596,140.1243828,秋田県,D,美術館博物館,
秋田焼山,,39.9638221,140.7570184,秋田県,B,自然,秋田焼山（あきたやけやま）は、秋田県の北東部に位置し、鹿角市と仙北市との境界にある活火山である。
秋田城跡,,39.7403081,140.0792214,秋田県,B,城,
秋田諏訪宮,,39.4237783,140.5430695,秋田県,C,神社仏閣,秋田諏訪宮（あきたすわぐう）は、秋田県仙北郡美郷町にある神社。
十和田湖,,40.4571619,140.8317115,秋田県,A,自然,十和田湖（とわだこ）は、青森県十和田市と秋田県鹿角郡小坂町にまたがる二重カルデラ湖である。
小安峡,,39.0114032,140.6608438,秋田県,C,自然,小安峡（おやすきょう）は、秋田県湯沢市にある雄物川支流、皆瀬川上流にある峡谷。
小安峡温泉,,39.008339,140.660693,秋田県,C,温泉,小安峡温泉（おやすきょうおんせん）は、秋田県湯沢市（旧国出羽国、明治以降は羽後国）にある温泉。
小坂鉱山事務所,,40.3285844,140.7442774,秋田県,C,その他,小坂鉱山事務所（こさかこうざんじむしょ）は、秋田県鹿角郡小坂町にある建築物。
小坂鉄道レールパーク,,40.3220386,140.7455044,秋田県,B,その他,小坂駅（こさかえき）は、かつて秋田県鹿角郡小坂町小坂鉱山字古川にあった小坂製錬小坂線（通称小坂鉄道）の貨物駅である。
象潟,,39.2862508,139.9439495,秋田県,B,その他,象潟（きさかた）は、秋田県にかほ市象潟地域の地形である。
象潟海水浴場,,39.2064141,139.894721,秋田県,E,自然,
新潮社記念文学館,,39.5928752,140.5654875,秋田県,D,美術館博物館,新潮社記念文学館（しんちょうしゃきねんぶんがくかん）は、秋田県仙北市角館町にある文学館。
森岳温泉,,40.0885371,140.0878812,秋田県,C,温泉,森岳温泉（もりたけおんせん）は、秋田県山本郡三種町にある温泉である。
森吉山,,39.9767641,140.5441784,秋田県,B,自然,"森吉山（もりよしざん）は、秋田県北秋田市に位置する標高1,454.2mの古い火山である。"
真山神社,,40.2123187,140.6763722,秋田県,C,神社仏閣,真山神社（しんざんじんじゃ）は、秋田県男鹿市北浦字真山にある神社。
真人公園,,39.2074768,140.5735548,秋田県,D,その他,真人公園（まとこうえん）は、秋田県横手市増田町亀田にある都市公園（総合公園）。
仁別森林博物館,,39.8032936,140.2625706,秋田県,D,美術館博物館,仁別森林博物館（にべつしんりんはくぶつかん）は、秋田市北東部の森林地帯にある林業専門の博物館。
水神社,,39.5503008,140.5873338,秋田県,C,神社仏閣,
赤神神社,,40.0908564,140.1018202,秋田県,C,神社仏閣,赤神神社（あかがみじんじゃ）は、秋田県男鹿市にある神社である。
赤神神社五社堂,,39.8707012,139.7508383,秋田県,C,神社仏閣,
千秋公園,,39.723039,140.123899,秋田県,B,その他,千秋公園（せんしゅうこうえん）は、秋田県秋田市の久保田城跡にある都市公園（総合公園）及び地名である。
川原毛地獄,,38.9924059,140.6002675,秋田県,C,その他,川原毛地獄（かわらげじごく）は、秋田県湯沢市高松番沢にある噴気地帯、および霊場。
大館樹海ドーム,,40.2927184,140.5867984,秋田県,B,その他,大館樹海ドーム（おおだてじゅかいドーム）は、秋田県大館市にあるドーム球場。
大森山動物園,,39.6715855,140.0743738,秋田県,B,その他,秋田市大森山動物園（あきたしおおもりやまどうぶつえん）は、秋田県秋田市浜田字潟端にある秋田市立の動物園。
大湯環状列石,,40.2716495,140.8038042,秋田県,B,その他,
大龍寺,,39.8841059,139.8437238,秋田県,D,神社仏閣,
男鹿温泉郷,,39.974407,139.7434273,秋田県,C,温泉,男鹿温泉郷（おがおんせんきょう）は、秋田県男鹿市（旧国出羽国、明治以降は羽後国）、入道崎の東側にある北浦地区を中心とした温泉郷である。
男鹿半島(なまはげ館),おがはんとう,39.9292411,139.7665485,秋田県,B,その他,なまはげ伝承で知られる半島。
長走風穴,,40.3818019,140.6037938,秋田県,D,自然,長走風穴（ながばしりふうけつ）とは、秋田県大館市長走にある風穴である。
鳥海高原矢島スキー場,,39.1905761,140.0923432,秋田県,E,自然,鳥海高原矢島スキー場（ちょうかいこうげんやしまスキーじょう）は、秋田県由利本荘市矢島町荒沢にある由利本荘市営のスキー場である。
鳥海山,ちょうかいさん,39.0993611,140.0488889,秋田県,B,自然,「出羽富士」と称される秀麗な独立峰、日本百名山。
泥湯温泉,,38.9905179,140.611597,秋田県,C,温泉,泥湯温泉（どろゆおんせん）は、秋田県湯沢市（旧国出羽国、明治以降は羽後国）にある温泉。
天王グリーンランド,,39.8578055,140.0115068,秋田県,C,その他,道の駅てんのう（みちのえき てんのう）は、秋田県潟上市にある秋田県道56号秋田天王線の道の駅である。
田代岳,,40.4284922,140.408833,秋田県,C,自然,"田代岳（たしろだけ）は、秋田県大館市にある標高1,178mの火山。"
田沢湖,たざわこ,39.7248371,140.6632728,秋田県,A,自然,日本一の水深を誇る美しいカルデラ湖。
唐松神社,,39.7259824,140.1368216,秋田県,B,神社仏閣,唐松神社（からまつじんじゃ）は、秋田県大仙市協和にある神社である。
東湖八坂神社,,39.897299,139.9629362,秋田県,C,神社仏閣,東湖八坂神社（とうこやさかじんじゃ）は、日本の東北地方、秋田県潟上市天王字天王（江戸時代における出羽国秋田郡天王村、幕藩体制下の久保田藩天王村）に所在する神社である。
道の駅おおうち,,39.4431314,140.0897071,秋田県,D,その他,道の駅おおうち（みちのえき おおうち）は、秋田県由利本荘市にある国道105号の道の駅である。
道の駅おおがた,,40.0153623,139.9515724,秋田県,D,その他,道の駅おおがた（みちのえき おおがた）は、秋田県南秋田郡大潟村にある秋田県道42号男鹿八竜線の道の駅である。
道の駅おがち,,39.0649814,140.4602721,秋田県,C,その他,道の駅おがち（みちのえき おがち）は、秋田県湯沢市にある国道13号の道の駅である。
道の駅かづの,,40.1802133,140.7852207,秋田県,D,その他,道の駅かづの（みちのえき かづの）は、秋田県鹿角市にある国道282号の道の駅である。
道の駅かみこあに,,40.0631374,140.2974276,秋田県,D,その他,道の駅かみこあに（みちのえき かみこあに）は、秋田県北秋田郡上小阿仁村にある国道285号の道の駅である。
道の駅こさか七滝,,40.356643,140.7820435,秋田県,D,その他,道の駅こさか七滝（みちのえき こさかななたき）は、秋田県鹿角郡小坂町にある秋田県道2号大館十和田湖線の道の駅である。
道の駅たかのす,,40.2514393,140.3761136,秋田県,C,その他,道の駅たかのす（みちのえき たかのす）は、秋田県北秋田市綴子にある国道7号の道の駅である。
道の駅はちもり,,40.4212179,139.9488364,秋田県,D,その他,道の駅はちもり（みちのえき はちもり）は、秋田県山本郡八峰町にある国道101号の道の駅である。
道の駅ふたつい,,40.2167721,140.2599613,秋田県,D,その他,道の駅ふたつい（みちのえき ふたつい）は、秋田県能代市二ツ井町小繋にある国道7号の道の駅である。
道の駅みねはま,,40.2644391,140.028739,秋田県,D,その他,道の駅みねはま（みちのえき みねはま）は、秋田県山本郡八峰町にある国道101号の道の駅である。
道の駅十文字,,39.2260603,140.5211285,秋田県,C,その他,道の駅十文字（みちのえき じゅうもんじ）は、秋田県横手市十文字町字海道下にある国道13号の道の駅である。
道の駅象潟,,39.2201026,139.9008692,秋田県,C,その他,道の駅象潟（みちのえき きさかた）は、秋田県にかほ市象潟町にある国道7号の道の駅である。
道の駅美郷,,39.3794544,140.5679677,秋田県,C,その他,道の駅美郷（みちのえき みさと）は秋田県仙北郡美郷町にある国道13号の道の駅。
奈曽の白滝,,39.1808953,139.9442955,秋田県,D,自然,奈曽の白滝（なそのしらたき）は、秋田県にかほ市にあり、すぐ近くには金峰神社がある。
日本国花苑,,39.9030107,140.0973935,秋田県,C,その他,日本国花苑（にほんこっかえん）は、秋田県南秋田郡井川町浜井川二階にある公園である。
乳頭温泉郷,にゅうとうおんせんきょう,39.8,140.78,秋田県,B,温泉,7つの湯宿からなる秘湯の宝庫、乳白色の湯で知られる。
入道崎,,40.0065838,139.7007,秋田県,C,自然,入道崎（にゅうどうざき）は、秋田県男鹿市、男鹿半島北西端に位置し、日本海に突出する岬。
白神山地,,40.4683588,140.1159566,秋田県,A,自然,白神山地（しらかみさんち）は、青森県から秋田県にまたがる山地帯の総称。
白瀬南極探検隊記念館,,39.2681996,139.9253756,秋田県,C,美術館博物館,白瀬南極探検隊記念館（しらせなんきょくたんけんたいきねんかん、The Shirase Antaractic Expedition Memorial Museum）は、秋田県にかほ市にある市立の科学館・記念館である。
白瀑神社,,40.3389907,140.0381074,秋田県,D,神社仏閣,白瀑神社（しらたきじんじゃ）は秋田県山本郡八峰町にある神社である。
発荷峠,,40.4058962,140.8646819,秋田県,C,自然,発荷峠（はっかとうげ）は、秋田県鹿角市と秋田県小坂町の境にある峠。
美郷町ラベンダー園,,39.4546733,140.6188841,秋田県,C,その他,美郷町ラベンダー園（みさとちょうラベンダーえん）とは、秋田県仙北郡美郷町千屋字大台野に所在する植物公園で、初夏にはラベンダーが楽しめる。
美郷町歴史民俗資料館・佐々木毅記念室,,39.4346999,140.5635596,秋田県,D,美術館博物館,
武家屋敷石黒家,,39.6011819,140.5617229,秋田県,C,その他,
宝泉寺,,39.2010732,140.4032357,秋田県,E,神社仏閣,
法体の滝,,39.108044,140.1583031,秋田県,C,その他,
本荘公園,,39.3850599,140.0472547,秋田県,D,その他,本荘公園（ほんじょうこうえん）は、秋田県由利本荘市にある公園である。
龍源寺,,39.2315323,140.1310322,秋田県,D,神社仏閣,
六郷湧水群,,39.4222403,140.5408925,秋田県,D,その他,六郷扇状地（ろくごうせんじょうち）とは一級河川雄物川水系丸子川によってつくられた秋田県美郷町にある横手盆地の扇状地の一つである。
檜山城(檜山安東氏城館)跡,,40.1634302,140.1211253,秋田県,C,その他,
蚶満寺,,39.2162489,139.9029442,秋田県,C,神社仏閣,
ぐっと山形,,38.190199,140.312714,山形県,D,その他,ぐっと山形（ぐっとやまがた）は、山形県山形市にある株式会社山形県観光物産会館が運営する土産の専門店。
リナワールド,,38.1764504,140.3084755,山形県,B,その他,リナワールド（LINA WORLD）は、山形県上山市にあるヤマコー系列の遊園地。
烏帽子山公園,,38.0507022,140.1646855,山形県,D,その他,烏帽子山公園（えぼしやまこうえん）は、山形県南陽市にある公園である。
横川ダム,,38.0347129,139.8194438,山形県,C,その他,横川ダム（よこかわダム）は、山形県西置賜郡（にしおきたまぐん）小国町、一級河川・荒川水系横川に建設されたダムである。
河北町児童動物園,,38.4267308,140.3138555,山形県,D,その他,河北町児童動物園（かほくちょうじどうどうぶつえん）は、山形県西村山郡河北町にある動物園。
花咲山展望台,,38.1481355,140.2587097,山形県,E,その他,花咲山展望台（はなさきやまてんぼうだい）は、山形県上山市にある展望台。
蟹仙洞,,38.1491379,140.278858,山形県,C,美術館博物館,蟹仙洞（かいせんどう）は、山形県上山市矢来にあった美術館。
寒河江ダム,,38.4532311,139.9987327,山形県,B,その他,寒河江ダム（さがえダム）は、山形県西村山郡西川町、一級河川・最上川水系寒河江川に建設されたダムである。
寒河江公園,,38.3845381,140.2710734,山形県,E,その他,寒河江公園（さがえこうえん）は、山形県寒河江市にある公園である。
寒河江八幡宮,,38.3783794,140.2708179,山形県,C,神社仏閣,
掬粋巧芸館,,38.013716,140.0507564,山形県,D,美術館博物館,掬粋巧芸館（きくすいこうげいかん）は、山形県川西町に所在する山形県の登録博物館。
宮坂考古館,,37.9056405,140.1270643,山形県,D,美術館博物館,宮坂考古館（みやさかこうこかん）は、山形県米沢市に所在する山形県の登録博物館。
旧鐙屋,,38.9152629,139.8371927,山形県,D,その他,旧鐙屋（きゅうあぶみや）は、山形県酒田市にある酒田三十六人衆の一人・鐙屋惣左衛門の屋敷。
銀山温泉,ぎんざんおんせん,38.5706,140.5297,山形県,A,温泉,大正ロマンの木造旅館が川沿いに並ぶ温泉街。
月山,がっさん,38.5488889,140.0269444,山形県,B,自然,出羽三山の主峰、日本百名山であり山岳信仰の聖地。
建勲神社,,38.3557377,140.3748704,山形県,C,神社仏閣,
公益財団法人齋藤茂吉記念館,,38.1720859,140.299211,山形県,B,美術館博物館,公益財団法人齋藤茂吉記念館（こうえきざいだんほうじん さいとうもきちきねんかん）は、山形県上山市にあり、歌人で医師であった齋藤茂吉を記念する山形県の登録博物館である。
荒倉神社,,38.7341296,139.7150592,山形県,D,神社仏閣,
最上義光歴史館,,38.2550769,140.3334639,山形県,C,美術館博物館,最上義光歴史館（もがみよしあきれきしかん）は、山形県山形市にある公立博物館。
最上川,もがみがわ,38.383954,140.214109,山形県,A,自然,日本三大急流の一つ。舟下りが人気。
最上川ふるさと総合公園,,38.365259,140.2625955,山形県,D,その他,最上川ふるさと総合公園（もがみがわふるさとそうごうこうえん）は山形県寒河江市にあり、「山形の自然と文化交流」をテーマとした公園である。
最上川中山緑地公園,,38.3420308,140.2783514,山形県,D,自然,最上川中山緑地公園(もがみがわなかやまりょくちこうえん)は、山形県東村山郡中山町長崎にある公園（都市計画緑地）である。
最上中央公園,,38.7603722,140.308069,山形県,D,その他,すぽーてぃあは、2003年にオープンした、山形県新庄市にある屋内運動施設。
山居倉庫,,38.911167,139.8367782,山形県,B,その他,山居倉庫（さんきょそうこ）は、山形県酒田市にある米穀倉庫（二重屋根・倉の内部は湿気防止構造・欅並木と自然を利用した低温管理倉庫）。
山形県産業科学館,,38.2498408,140.3262947,山形県,D,美術館博物館,山形県産業科学館（やまがたけんさんぎょうかがくかん）は、山形県山形市城南町一丁目にある博物館。
山形県総合運動公園,,38.3359214,140.3766362,山形県,C,その他,山形県総合運動公園（やまがたけんそうごううんどうこうえん、英語: Yamagata Prefectural General Sports Park）とは、山形県天童市にある広域運動公園。
山形県野球場,,38.3420514,140.268229,山形県,B,その他,山形県野球場（やまがたけんやきゅうじょう）は、山形県東村山郡中山町の中山公園内にある野球場。
山形県立博物館,,38.2543555,140.3296272,山形県,C,美術館博物館,山形県立博物館（やまがたけんりつはくぶつかん）は、山形県山形市にある県立の博物館。
山形市野草園,,38.1882688,140.3569979,山形県,E,その他,山形市野草園（やまがたしやそうえん）は、山形県山形市にある植物園。
山形美術館,,38.2559215,140.3324986,山形県,C,美術館博物館,山形美術館（やまがたびじゅつかん）は、山形県山形市にある美術館。
山寺(立石寺),やまでら,38.3079363,140.3809777,山形県,A,神社仏閣,松尾芭蕉が詠んだ断崖の霊場。
山寺芭蕉記念館,,38.3094776,140.439155,山形県,D,美術館博物館,
酒田市美術館,,38.8930827,139.8158552,山形県,D,美術館博物館,
酒田市立資料館,,38.9152097,139.8417672,山形県,E,美術館博物館,
秋山スキー場,,38.8659645,140.2419613,山形県,E,その他,
出羽神社,いではじんじゃ,38.7025556,139.9818611,山形県,B,神社仏閣,出羽三山神社の一社、羽黒山山頂に鎮座する古社。
松岬神社,,37.9092579,140.10666,山形県,C,神社仏閣,
上山城,,38.1575261,140.2762279,山形県,B,城,上山城（かみのやまじょう）は、山形県上山市にあった日本の城。
上杉神社,,37.9092747,140.1040578,山形県,B,神社仏閣,
新庄ふるさと歴史センター,,38.7670116,140.2965696,山形県,E,美術館博物館,新庄ふるさと歴史センター（しんじょうふるさとれきしセンター）は、山形県新庄市にある資料館である。
真室川町立歴史民俗資料館,,38.8575901,140.2502281,山形県,E,美術館博物館,
神室山,,38.9022527,140.4922998,山形県,C,自然,神室山（かむろさん）は秋田県湯沢市と山形県新庄市、金山町の県境･市境上にそびえる、神室連峰の主峰となる山である。
澄江寺,,38.3780103,140.2738477,山形県,D,神社仏閣,
正覚寺,,38.3762844,140.2729408,山形県,E,神社仏閣,
西沼田遺跡,,38.3603764,140.3422889,山形県,D,その他,
西蔵王公園,,38.2077979,140.3570247,山形県,D,その他,西蔵王公園（にしざおうこうえん）は山形県山形市にある公園。
西浜海水浴場,,39.0634014,139.8708306,山形県,E,自然,西浜海水浴場（にしはまかいすいよくじょう）は、山形県遊佐郡遊佐町にある海水浴場。
専称寺,,38.2517832,140.3464523,山形県,C,神社仏閣,
相馬樓,,38.9194709,139.833401,山形県,C,美術館博物館,
荘内神社,,38.7281907,139.8249198,山形県,C,神社仏閣,荘内神社（しょうないじんじゃ）は、山形県鶴岡市の鶴岡公園内にある神社。
蔵王の樹氷,ざおうのじゅひょう,38.1611183,140.3947224,山形県,B,自然,スノーモンスターと呼ばれる樹氷群で有名。
蔵王ロープウェイ,,38.1618738,140.395,山形県,B,その他,蔵王ロープウェイ（ざおうロープウェイ）は、山形県山形市蔵王温泉の蔵王山麓駅と蔵王地蔵山頂駅を結ぶ索道、およびそれを運営する鉄道会社の名称（蔵王ロープウェイ株式会社）である。
蔵王温泉,ざおうおんせん,38.17,140.4,山形県,B,温泉,強酸性の湯と冬の樹氷で知られる東北屈指の温泉地。
致道博物館,,38.7286904,139.8215462,山形県,B,美術館博物館,致道博物館（ちどうはくぶつかん）は、山形県鶴岡市にある山形県の登録博物館である。
鳥海山,,39.0992494,140.0503497,山形県,A,自然,"鳥海山（ちょうかいさん、ちょうかいざん）は、山形県と秋田県に跨がる標高2,236mの活火山。"
鳥海山大物忌神社,,39.0977038,140.048707,山形県,B,神社仏閣,
鶴岡カトリック教会天主堂,,38.7273134,139.8286344,山形県,C,その他,鶴岡カトリック教会天主堂（つるおかカトリックきょうかいてんしゅどう）は、山形県鶴岡市にある教会。
鶴岡公園,,38.7281374,139.8241261,山形県,C,その他,鶴岡公園（つるおかこうえん）は、山形県鶴岡市にある公園。
鶴岡市立加茂水族館,,38.761645,139.7246761,山形県,B,美術館博物館,鶴岡市立加茂水族館（つるおかしりつ かもすいぞくかん）は、山形県鶴岡市にある、同県唯一の水族館。
鶴岡市立藤沢周平記念館,,38.7278208,139.825126,山形県,C,美術館博物館,鶴岡市立藤沢周平記念館（つるおかしりつ ふじさわしゅうへいきねんかん）は、山形県鶴岡市にある、同地出身の作家藤沢周平を記念した市立の文学館。
天童市美術館,,38.3633239,140.3796789,山形県,D,美術館博物館,天童市美術館（てんどうしびじゅつかん）は、山形県天童市にある美術館。
嶋遺跡,,38.2841876,140.3193089,山形県,E,その他,
東沢バラ公園,,38.4845977,140.4035704,山形県,C,その他,東沢バラ公園（ひがしざわバラこうえん）は、山形県村山市にある都市公園(植物園)。
湯殿山神社,,38.2573942,140.3400759,山形県,B,神社仏閣,湯殿山神社（ゆどのさんじんじゃ）は、山形県鶴岡市田麦俣の湯殿山山腹に鎮座する神社。
湯野浜海水浴場,,38.7818802,139.7509966,山形県,D,自然,湯野浜海水浴場（ゆのはまかいすいよくじょう）は、山形県鶴岡市湯野浜にある海水浴場。
道の駅あつみ,,38.5801779,139.5589702,山形県,C,その他,道の駅あつみ（みちのえき あつみ）は、山形県鶴岡市早田にある国道7号の道の駅である。
道の駅おおえ,,38.3676004,140.2129841,山形県,B,その他,道の駅おおえ（みちのえき おおえ）は、山形県西村山郡大江町にある国道287号の道の駅である。
道の駅にしかわ,,38.4361063,140.098934,山形県,D,その他,道の駅にしかわ（みちのえき にしかわ）は、山形県西村山郡西川町にある国道112号の道の駅である。
道の駅むらやま,,38.4870079,140.3826545,山形県,C,その他,道の駅むらやま（みちのえき むらやま）は、山形県村山市にある国道13号の道の駅である。
道の駅月山,,38.5877247,139.8739415,山形県,D,その他,道の駅月山（みちのえき がっさん）は、山形県鶴岡市越中山にある国道112号の道の駅である。
道の駅鳥海,,39.0603405,139.8758873,山形県,C,その他,道の駅鳥海（みちのえき ちょうかい）は、山形県飽海郡遊佐町にある国道7号の道の駅である。
道の駅天童温泉,,38.3536632,140.3869399,山形県,C,その他,道の駅天童温泉（みちのえき てんどうおんせん）は、山形県天童市にある国道13号の道の駅である。
道の駅白鷹ヤナ公園,,38.2179249,140.0976463,山形県,D,その他,道の駅白鷹ヤナ公園（みちのえき しらたかヤナこうえん）は、山形県西置賜郡白鷹町にある国道287号の道の駅。
道の駅尾花沢,,38.6569489,140.3638318,山形県,D,その他,道の駅尾花沢（みちのえき おばなざわ）は、山形県尾花沢市の国道13号にある道の駅である。
内藤秀因水彩画記念館,,38.8487163,139.9044402,山形県,E,美術館博物館,
芭蕉・清風歴史資料館,,38.6064124,140.4044537,山形県,D,美術館博物館,芭蕉・清風歴史資料館（ばしょう・せいふうれきししりょうかん）は、山形県尾花沢市にある資料館である。
白山島,,38.7253962,139.6819708,山形県,D,自然,白山島（はくさんじま）は、山形県鶴岡市の沖合にある島である。
八幡神社,,38.9647194,139.9380003,山形県,D,神社仏閣,
飯豊山,,37.8548599,139.7071198,山形県,B,自然,"飯豊山（いいでさん）は、飯豊山地の標高2,105.1 mの山である。"
舞鶴山,,38.3508913,140.3781243,山形県,C,自然,舞鶴山（まいづるやま）は、山形県天童市にある山である。
文翔館,,38.2566803,140.3412244,山形県,B,その他,文翔館（ぶんしょうかん）は、山形県山形市の中心部にある国の重要文化財「山形県旧県庁舎及び県会議事堂」を修復・利活用している施設の愛称。
米沢市上杉博物館,,37.9075613,140.1063436,山形県,C,美術館博物館,米沢市上杉博物館（よねざわしうえすぎはくぶつかん、Yonezawa city Uesugi Museum）は、山形県米沢市の市立博物館である。
米沢城,,37.9089109,140.1055922,山形県,B,その他,米沢城（よねざわじょう）は、山形県米沢市丸の内（出羽国置賜郡）にあった中世から近世にかけての日本の城（平山城）。
本間美術館,,38.9234743,139.8419988,山形県,C,美術館博物館,
佛向寺,,38.353872,140.3727768,山形県,D,神社仏閣,
Kusano Shimpei Memorial Literature Centre,,37.1290363,140.8326483,福島県,D,美術館博物館,
あづま総合運動公園,,37.719272,140.3598746,福島県,C,その他,福島県あづま総合運動公園（ふくしまけん・あづまそうごううんどうこうえん）は、福島県福島市佐原にあるスポーツ施設群を有する公園。
あぶくま洞,,37.3447694,140.6728989,福島県,B,自然,あぶくま洞（あぶくまどう）は福島県田村市にある鍾乳洞。
いわきマリンタワー,,36.939605,140.9206746,福島県,B,その他,いわきマリンタワーは、福島県いわき市小名浜下神白の三崎公園の施設の一つの展望塔。
いわき公園,,37.0117827,140.9217147,福島県,D,その他,いわき公園（いわきこうえん）は、福島県いわき市平上高久に位置する福島県立の公園である。
いわき市アンモナイトセンター,,37.1756099,140.9433253,福島県,D,その他,いわき市アンモナイトセンターは福島県いわき市に所在する露頭観察施設である。
いわき市フラワーセンター,,37.0904794,140.9035206,福島県,D,その他,いわき市フラワーセンター（いわきしフラワーセンター）は、福島県いわき市にあるいわき市立の植物園である。
いわき市石炭・化石館,,37.0127108,140.848426,福島県,C,美術館博物館,いわき市石炭・化石館（いわきし せきたん かせきかん）は、福島県いわき市常磐湯本町字向田にある博物館である。
かしまの一本松,,37.6916929,141.0098672,福島県,B,その他,
からむし織の里,,37.3261906,139.6298178,福島県,E,美術館博物館,
スパリゾートハワイアンズ,,36.993731,140.8155877,福島県,A,その他,スパリゾートハワイアンズ（英: Spa Resort Hawaiians）は、福島県いわき市常磐藤原町に所在する、大型温水プール・温泉・ホテル・ゴルフ場からなる大型レジャー施設である。
ふくしま海洋科学館,,36.9431808,140.9008473,福島県,B,美術館博物館,"ふくしま海洋科学館（ふくしまかいようかがくかん、英: Marine Science Museum, Fukushima Prefecture）は、福島県いわき市小名浜に所在する水族館。"
みずいろ公園,,37.5185694,140.4002495,福島県,D,その他,みずいろ公園（みずいろこうえん）は、福島県本宮市本宮字馬場にある公園（親水公園）。
ミニ尾瀬公園,,37.0110398,139.3778152,福島県,D,その他,ミニ尾瀬公園（ミニおぜこうえん）は、福島県南会津郡檜枝岐村にある公園である。
ムシテックワールド,,37.25086,140.4629938,福島県,C,その他,ムシテックワールドは、2001年（平成13年）11月1日にオープンした福島県須賀川市の科学館。
阿弥陀寺,,37.5007968,139.9193267,福島県,C,神社仏閣,
逢瀬公園,,37.4126108,140.2750911,福島県,D,その他,逢瀬公園・緑化センター（おうせこうえん・りょっかセンター）は、福島県郡山市にある公園および緑化センターである。
安積国造神社,,37.3987717,140.382045,福島県,B,神社仏閣,安積国造神社（あさかくにつこじんじゃ）は、福島県郡山市清水台にある神社。
安達太良山,,37.6211118,140.2878724,福島県,B,自然,安達太良山（あだたらやま）は、福島県中部にある活火山。
安達太良神社,,37.5123829,140.3831647,福島県,C,神社仏閣,安達太良神社（あだたらじんじゃ）は福島県本宮市にある神社である。
伊佐須美神社,,37.4564105,139.8404408,福島県,B,神社仏閣,伊佐須美神社（いさすみじんじゃ）は、福島県大沼郡会津美里町宮林にある神社。式内社（名神大社）、陸奥国二宮。
一切経山,,37.7354063,140.2443368,福島県,B,自然,一切経山（いっさいきょうざん）は、福島県福島市と猪苗代町との境にある山である。
羽鳥ダム,,37.2567032,140.0797524,福島県,C,その他,羽鳥ダム（はとりダム）は、福島県岩瀬郡天栄村大字羽鳥、一級河川・阿賀野川水系鶴沼川に建設されたダムである。
浦尻貝塚,,37.5194953,141.0253298,福島県,E,その他,
花ももの里,,37.8333618,140.4408352,福島県,E,その他,花ももの里（はなもものさと）は、福島県福島市にある公園である。
花見山公園,,37.7384612,140.4947146,福島県,C,その他,花見山公園（はなみやまこうえん）は、福島県福島市にある花卉園芸農家の私有地の名称。
会津レクリエーション公園,,37.5177941,140.0157729,福島県,E,その他,会津レクリエーション公園（あいづレクリエーションこうえん）は、福島県会津若松市湊町大字赤井字笹山原にある福島県立の公園である。
会津駒ヶ岳,,37.0475893,139.3537531,福島県,B,自然,"会津駒ヶ岳（あいづこまがだけ）は、福島県南会津郡檜枝岐村にある標高2,133 mの山。"
会津若松城(鶴ヶ城),あいづわかまつじょう,37.4913968,139.9284973,福島県,A,城,幕末の戊辰戦争の舞台となった名城。
会津武家屋敷,,37.485691,139.9533515,福島県,C,美術館博物館,会津武家屋敷（あいづぶけやしき）は、福島県会津若松市東山町石山にある、歴史をテーマとする野外博物館。
開成山公園,,37.3995115,140.3569112,福島県,B,その他,開成山公園（かいせいざんこうえん）は、福島県郡山市にある都市公園（総合公園）。
開成山大神宮,,37.3979737,140.3532251,福島県,C,神社仏閣,
岩瀬牧場,,37.2515577,140.3649795,福島県,C,その他,岩瀬牧場（いわせぼくじょう）は、福島県岩瀬郡鏡石町にある牧場。
喜多方市美術館,,37.6511769,139.8618548,福島県,D,美術館博物館,
喜多方蔵の里,,37.6514401,139.8610809,福島県,D,美術館博物館,
宮ノ前古墳,,37.2003145,140.4063403,福島県,E,その他,
旧堀切邸,,37.8332669,140.4524253,福島県,C,美術館博物館,
興徳寺,,37.4963665,139.9290001,福島県,D,神社仏閣,
郡山市美術館,,37.392753,140.4200603,福島県,C,美術館博物館,郡山市美術館（こおりやましびじゅつかん）は、福島県郡山市安原町にある美術館である。
虎捕　山津見神社,,37.7364983,140.6969555,福島県,C,神社仏閣,
吾妻小富士,,37.722008,140.2608522,福島県,B,その他,"吾妻小富士（あづまこふじ）は、福島県福島市にある標高1,707mの活火山で、吾妻連峰のひとつ。"
御薬園,,37.4913442,139.9433763,福島県,C,その他,御薬園（おやくえん）は、福島県会津若松市にある日本庭園である。
弘安寺,,37.5022341,139.8226061,福島県,C,神社仏閣,弘安寺（こうあんじ）は、福島県大沼郡会津美里町にある曹洞宗の寺院。
采女神社,,37.4214823,140.2952034,福島県,D,神社仏閣,
三春城,,37.4421372,140.4960145,福島県,B,城,
三春滝桜 (Miharu Takizakura),,37.4076698,140.5000838,福島県,E,その他,
三条の滝,さんじょうのたき,36.9655925,139.2502297,福島県,C,自然,尾瀬を代表する落差100mの大瀑布。
四季の里,,37.7132111,140.3628889,福島県,D,その他,四季の里（しきのさと）は、福島県福島市にある農業公園。
慈徳寺,,37.7278076,140.3532061,福島県,D,神社仏閣,
鹿狼山,,37.8617094,140.8615423,福島県,C,自然,鹿狼山（かろうさん）は、福島県相馬郡新地町および宮城県伊具郡丸森町にまたがる山である。
実成寺,,37.5035776,139.9281865,福島県,D,神社仏閣,
秋元湖,,37.6543432,140.133787,福島県,C,自然,秋元湖（あきもとこ）は、福島県耶麻郡北塩原村および同郡猪苗代町にまたがる湖である。
諸橋近代美術館,,37.6538545,140.0965274,福島県,B,美術館博物館,
小田山城,,37.4810461,139.9436707,福島県,D,城,
小峰城 Komine-jō,,37.1327408,140.2138267,福島県,B,城,
松川浦,,37.8195025,140.9701156,福島県,B,自然,松川浦（まつかわうら）は、福島県相馬市原釜と磯辺の間にある潟湖。
沼沢湖,,37.451313,139.5870501,福島県,B,自然,沼沢湖（ぬまざわこ）は、福島県大沼郡金山町にあるカルデラ湖。
信夫山,,37.7707452,140.4614847,福島県,B,自然,信夫山（しのぶやま）は福島県福島市の中心市街地北部にある山である。
新宮熊野神社,,37.6190884,139.8305879,福島県,C,神社仏閣,新宮熊野神社（しんぐうくまのじんじゃ）は福島県喜多方市慶徳町新宮にある神社。
水久保城跡,,37.3562486,139.309205,福島県,D,城,
善導寺,,37.3970093,140.3818119,福島県,E,神社仏閣,
善龍寺,,37.4797418,139.9409376,福島県,D,神社仏閣,
曽原湖,,37.6857977,140.069365,福島県,C,自然,曽原湖（そはらこ）は、福島県北塩原村にある湖。
相馬市歴史民俗資料館,,37.796374,140.919882,福島県,E,美術館博物館,
相馬中村神社,,37.797275,140.913059,福島県,C,神社仏閣,
相馬野馬追,,37.6106497,140.9676488,福島県,B,その他,相馬野馬追（そうまのまおい）は、福島県相馬市中村地区を初めとする同県浜通り北部（旧相馬氏領。
大聖寺,,37.4976264,141.0146205,福島県,D,神社仏閣,
大槻公園,,37.3928342,140.3039098,福島県,D,その他,大槻公園（おおつきこうえん）は、福島県郡山市大槻町にある都市公園（総合公園）。
大内宿,おおうちじゅく,37.3336291,139.8606616,福島県,A,街並み,江戸時代の宿場町の景観を残す集落。
大悲山の石仏,,37.5415721,140.982812,福島県,E,その他,
猪苗代湖,,37.5165241,140.0293921,福島県,A,自然,猪苗代湖（いなわしろこ）は、日本の福島県会津若松市、郡山市、耶麻郡猪苗代町にまたがる断層湖。
長楽寺,,37.7525043,140.4736803,福島県,D,神社仏閣,
天鏡閣,,37.5212863,140.043482,福島県,E,美術館博物館,
天寧寺,,37.4903676,139.9528311,福島県,C,神社仏閣,
田子倉ダム,,37.2908899,139.2567892,福島県,B,その他,田子倉ダム（たごくらダム）は、福島県南会津郡只見町大字田子倉、一級河川・阿賀野川水系只見川に建設されたダムである。
土津神社,,37.5700297,140.1004357,福島県,B,神社仏閣,土津神社（はにつじんじゃ）は、福島県耶麻郡猪苗代町にある神社である。
塔のへつり,,37.274311,139.9055649,福島県,B,その他,塔のへつり（塔の岪、とうのへつり）は、福島県南会津郡下郷町にある景勝地。
東安寺,,37.7524166,140.4630123,福島県,D,神社仏閣,
東日本大震災・原子力災害伝承館,,37.458004,141.0265342,福島県,C,その他,東日本大震災・原子力災害伝承館（ひがしにほんだいしんさい げんしりょくさいがいでんしょうかん、英語: The Great East Japan Earthquake and Nuclear Disaster Memorial Museum）は、福島県双葉郡双葉町にある博物館・情報発信施設である。
東北サファリパーク,,37.6419574,140.3635123,福島県,B,その他,東北サファリパーク（とうほくサファリーパーク、別名：野生の王国 東北サファリパーク）は、福島県二本松市にある動物園。
道の駅つちゆ,,37.6552521,140.334447,福島県,D,その他,道の駅つちゆ（みちのえき つちゆ）は、福島県福島市松川町水原にある国道115号の道の駅である。
道の駅はなわ,,36.9501687,140.4143115,福島県,D,その他,道の駅はなわ（みちのえき はなわ）は、福島県東白川郡塙町にある国道118号の道の駅である。
道の駅ひらた,,37.2501883,140.5605656,福島県,D,その他,道の駅ひらた（みちのえき ひらた）は福島県石川郡平田村にある国道49号の道の駅である。
道の駅安達,,37.6364584,140.4837561,福島県,D,その他,道の駅安達（みちのえき あだち）は、福島県二本松市にある国道4号の道の駅。
道の駅羽鳥湖高原,,37.239985,140.0633671,福島県,D,その他,道の駅羽鳥湖高原（みちのえき はとりここうげん）は、福島県岩瀬郡天栄村にある福島県道37号白河羽鳥線の道の駅である。
道の駅喜多の郷,,37.7015595,139.8783404,福島県,D,その他,道の駅喜多の郷（みちのえき きたのさと）は、福島県喜多方市にある国道121号の道の駅。
道の駅季の里天栄,,37.2438378,140.2451624,福島県,D,その他,道の駅季の里天栄（みちのえき きのさとてんえい）は、福島県岩瀬郡天栄村にある国道294号の道の駅である。
道の駅猪苗代,,37.5380198,140.1079243,福島県,C,その他,道の駅猪苗代（みちのえきいなわしろ）は、福島県耶麻郡猪苗代町大字堅田字五百苅にある国道115号の道の駅である。
道の駅裏磐梯,,37.6648607,140.043566,福島県,D,その他,道の駅裏磐梯（みちのえき うらばんだい）は、福島県耶麻郡北塩原村にある国道459号の道の駅である。
南湖公園,,37.1111882,140.2181069,福島県,B,その他,
南湖神社,,37.1123691,140.2188223,福島県,D,神社仏閣,南湖神社（なんこじんじゃ）は、福島県白河市にある南湖県立自然公園（南湖公園）に鎮座する神社。
南相馬市馬事公苑,,37.5914095,140.9315957,福島県,D,その他,南相馬市馬事公苑（みなみそうましばじこうえん）は福島県南相馬市原町区にある南相馬市営の馬術競技施設。
南相馬鹿島サービスエリア,,37.7143816,140.9228184,福島県,B,その他,南相馬鹿島サービスエリア（みなみそうまかしまサービスエリア）は、福島県南相馬市鹿島区にある、常磐自動車道のサービスエリアである。
二本松城,,37.599857,140.4283529,福島県,B,その他,二本松城（にほんまつじょう）は、福島県二本松市郭内にある日本の城（平山城）。
二本松神社,,37.5926484,140.4345172,福島県,C,神社仏閣,
日吉神社,,37.6902254,140.9710807,福島県,E,神社仏閣,
日鷲神社,,37.545621,141.009942,福島県,D,神社仏閣,
八溝山,,36.9301636,140.2729807,福島県,B,自然,"八溝山（やみぞさん）は、茨城県と福島県の県境にある標高1,021.8mの山。"
飯豊山,いいでさん,37.8548599,139.7071198,福島県,B,自然,福島・山形・新潟の3県にまたがる山岳信仰の霊峰、日本百名山。
飯野八幡宮,,37.0603435,140.882108,福島県,C,神社仏閣,
磐梯山,ばんだいさん,37.6009797,140.0722448,福島県,A,自然,会津のシンボルとされる活火山。
尾瀬沼,,36.9243308,139.2977829,福島県,B,自然,尾瀬沼（おぜぬま）は、群馬県利根郡片品村と福島県南会津郡檜枝岐村にまたがって位置する沼。
微温湯温泉,,37.7289843,140.2929004,福島県,C,温泉,微温湯温泉（ぬるゆおんせん）は、福島県福島市（旧国陸奥国、明治以降は岩代国）にある温泉。
桧原湖,ひばらこ,37.675,140.0541667,福島県,C,自然,磐梯山の噴火でできた裏磐梯最大の湖。
福島さくら遊学舎,,37.4150849,140.4720483,福島県,C,美術館博物館,
福島稲荷神社,,37.7555722,140.4687723,福島県,C,神社仏閣,
福島競馬場,,37.7632669,140.4818225,福島県,A,その他,福島競馬場（ふくしまけいばじょう/ 英: Fukushima Racecourse）は、福島県福島市松浪町にある中央競馬の競馬場である。
福島空港公園,,37.2280287,140.4367169,福島県,D,その他,福島空港公園（ふくしまくうこうこうえん）は、福島県須賀川市および玉川村にまたがる場所に位置する県営公園。
福島県観光物産館,,37.7568823,140.4580011,福島県,C,その他,コラッセふくしまは、福島県福島市にある複合施設である。
福島県立博物館,,37.4888744,139.9346302,福島県,E,美術館博物館,
福島県立美術館,,37.7683633,140.4564149,福島県,C,美術館博物館,福島県立美術館（ふくしまけんりつびじゅつかん、Fukushima Prefectural Museum of Art）は、福島県福島市森合字西養山1番地にある福島県立の美術館。
暮らしの伝承郷,,37.0077699,140.9157846,福島県,E,美術館博物館,
宝積寺,,37.7531431,140.4740772,福島県,D,神社仏閣,
箕輪スキー場,,37.6517783,140.2532699,福島県,D,その他,箕輪スキー場（みのわスキーじょう）は、福島県耶麻郡猪苗代町に位置するスキー場である。
木賊温泉,,37.0616659,139.4846005,福島県,C,温泉,木賊温泉（とくさおんせん）は、福島県南会津郡南会津町（旧舘岩村）にある温泉。
野口英世記念館,,37.5360824,140.0738349,福島県,C,美術館博物館,野口英世記念館（のぐちひでよきねんかん）は、福島県耶麻郡猪苗代町にある、同町出身の細菌学者である野口英世の記念博物館。
雄国沼,,37.6136194,140.0013734,福島県,B,自然,雄国沼（おぐにぬま）は、福島県北塩原村（裏磐梯）にある湖沼。
雄国沼湿原,おぐにぬましつげん,37.6194444,140.0027778,福島県,D,自然,ニッコウキスゲの大群落で知られる裏磐梯の湿原。
鷲倉温泉,,37.6686604,140.2606548,福島県,C,温泉,鷲倉温泉（わしくらおんせん）は、福島県福島市土湯温泉町にある温泉。
燧ケ岳,,36.952958,139.2872596,福島県,B,自然,燧ケ岳（ひうちがたけ）は、福島県会津地方南西部にある火山。
かすみがうら市水族館,,36.0718019,140.3761267,茨城県,C,美術館博物館,かすみがうら市水族館（かすみがうらしすいぞくかん）は、茨城県かすみがうら市坂にある市立水族館。
かみね公園,,36.6085569,140.656138,茨城県,C,その他,日立市かみね公園（ひたちしかみねこうえん）は、茨城県日立市にある公園。
こもれび森のイバライド,,35.9411354,140.2705284,茨城県,B,その他,こもれび森のイバライド（こもれびもりのイバライド）は、茨城県稲敷市上君山2060-1にある「株式会社ワールドインテック」が経営するテーマパークである。
ザ・ヒロサワ・シティ,,36.2929108,140.0163961,茨城県,B,その他,ザ・ヒロサワ・シティは、茨城県筑西市にある複合施設。
つくばわんわんランド,,36.2037873,140.0753599,茨城県,C,その他,つくばわんわんランド（英語: TSUKUBA WANWAN LAND）は、茨城県つくば市にあるイヌを主体としたレジャー施設。
ネーブルパーク,,36.1667583,139.753634,茨城県,D,その他,ネーブルパークは、茨城県古河市にある公園。
ノバホール,,36.0814111,140.1144716,茨城県,C,その他,ノバホール（Nova Hall）は、茨城県つくば市吾妻一丁目のつくばセンタービルにある音楽ホール。
阿字ヶ浦海水浴場,,36.3873666,140.6155447,茨城県,C,自然,阿字ヶ浦海水浴場（あじがうらかいすいよくじょう）は茨城県ひたちなか市阿字ヶ浦町にある海水浴場。
稲田神社,,36.3685335,140.2064598,茨城県,C,神社仏閣,
茨城県つくば美術館,,36.0848074,140.1121226,茨城県,E,美術館博物館,
茨城県フラワーパーク,,36.2121219,140.1692108,茨城県,C,その他,茨城県フラワーパーク（いばらきけんフラワーパーク）は、茨城県石岡市に位置する「花と緑の楽園」がコンセプトの植物園である。
茨城県護国神社,,36.3746259,140.4474782,茨城県,A,神社仏閣,
茨城県植物園,,36.4728734,140.4365862,茨城県,C,その他,茨城県植物園（いばらきけんしょくぶつえん、英: Ibaraki Botanical Garden）は、茨城県那珂市戸4589にある植物園。
茨城県天心記念五浦美術館,,36.8392355,140.799932,茨城県,C,美術館博物館,茨城県天心記念五浦美術館（いばらきけん てんしんきねん いづらびじゅつかん）は、茨城県北茨城市大津町の五浦海岸にある、茨城県立の美術館。
茨城自然博物館,,36.0052666,139.9162248,茨城県,C,美術館博物館,
円満寺,,36.2085678,139.7667251,茨城県,D,神社仏閣,
奥日立きららの里,,36.6439615,140.5915804,茨城県,D,その他,奥日立きららの里（おくひたちきららのさと）は、茨城県日立市にあるレジャー施設である。
科学万博記念公園,,36.0640534,140.0728127,茨城県,C,その他,科学万博記念公園（かがくばんぱくきねんこうえん）は、茨城県つくば市御幸が丘6番地にある都市公園（近隣公園）である。
河原子海水浴場,,36.5433111,140.645386,茨城県,D,自然,河原子海水浴場（かわらごかいすいよくじょう）は、茨城県日立市にある海水浴場である。
花園花貫県立自然公園,,36.7326209,140.6187342,茨城県,D,その他,花園花貫県立自然公園（はなぞのはなぬきけんりつしぜんこうえん）は、茨城県の北部にある自然公園。
霞ヶ浦ふれあいランド,,36.0970885,140.4039053,茨城県,C,その他,霞ヶ浦ふれあいランド（かすみがうらふれあいランド）は、茨城県行方市玉造甲にある行方市立のレジャー施設。
霞ヶ浦総合公園,,36.063541,140.2191548,茨城県,D,その他,霞ヶ浦総合公園（かすみがうらそうごうこうえん）は、茨城県土浦市大岩田にある都市公園（総合公園）である。
笠間稲荷神社,,36.3854725,140.2543843,茨城県,B,神社仏閣,
笠間城,,36.3826112,140.2674489,茨城県,E,城,
笠間日動美術館,,36.3644641,140.2511376,茨城県,B,美術館博物館,笠間日動美術館（かさまにちどうびじゅつかん）は、茨城県笠間市にある美術館・博物館である。
笠松運動公園,,36.457284,140.5381582,茨城県,B,その他,笠松運動公園（かさまつうんどうこうえん）は、茨城県ひたちなか市、那珂市、那珂郡東海村にまたがる都市公園（運動公園）であり、公称所在地はひたちなか市である。
祇園寺,,36.389046,140.458921,茨城県,C,神社仏閣,
吉田正音楽記念館,,36.6104592,140.6562334,茨城県,C,その他,吉田正音楽記念館（よしだただしおんがくきねんかん）は、茨城県日立市にある、同市出身の作曲家吉田正に関する資料を展示公開する博物館である。
逆井城,,36.1422509,139.8524496,茨城県,B,その他,逆井城（さかさいじょう）は、茨城県坂東市逆井（下総国猿島郡）にあった戦国時代の日本の城（平山城）。
久慈浜海水浴場,,36.5054005,140.6293351,茨城県,E,自然,久慈浜海水浴場（くじはまかいすいよくじょう）は、茨城県日立市にある海水浴場。
牛久シャトー,,35.977833,140.1473493,茨城県,B,その他,牛久シャトー（うしくシャトー）は、茨城県牛久市にあるワイン醸造場。
牛久沼,,35.9691385,140.0990149,茨城県,B,自然,牛久沼（うしくぬま）は、茨城県龍ケ崎市にある一級河川利根川水系の小貝川支流に含まれる沼。
牛久大仏,,35.9826452,140.2202483,茨城県,E,その他,
健田須賀神社,,36.302448,139.8748632,茨城県,D,神社仏閣,
古河総合公園,,36.1792291,139.7006451,茨城県,C,その他,古河総合公園（こがそうごうこうえん）は、茨城県古河市にある都市公園である。
古河文学館,,36.1917129,139.7019638,茨城県,D,美術館博物館,古河文学館（こがぶんがくかん）は、茨城県古河市にある文学館。
古河歴史博物館,,36.1911537,139.701176,茨城県,C,美術館博物館,古河歴史博物館（こがれきしはくぶつかん）は、茨城県古河市にある博物館である。
虎塚古墳,,36.3733821,140.5698715,茨城県,C,その他,
御岩神社,,36.6361366,140.5851586,茨城県,B,神社仏閣,
弘道館公園,,36.3756618,140.477641,茨城県,B,その他,弘道館（こうどうかん）は、江戸時代後期に日本の常陸国水戸藩に作られた藩校。
合氣神社,,36.2942466,140.281319,茨城県,C,神社仏閣,
国営ひたち海浜公園,,36.4016554,140.6065478,茨城県,B,その他,国営ひたち海浜公園（こくえいひたちかいひんこうえん、英: Hitachi Seaside Park）は、茨城県ひたちなか市にある日本の国営公園。
砂沼,,36.1900436,139.946637,茨城県,B,その他,砂沼（さぬま）は、茨城県下妻市にある周囲6km・面積55ha・満水時の水深約3mの農業用ため池。
坂東21番 八溝山 日輪寺,,36.9211124,140.2736711,茨城県,E,神社仏閣,
坂東22番 妙福山 佐竹寺,,36.5260386,140.5046782,茨城県,C,神社仏閣,
坂東23番 佐白山 正福寺 （旧称観世音寺）,,36.3862892,140.2595928,茨城県,E,神社仏閣,
坂東24番 雨引山 楽法寺 雨引観音,,36.3308466,140.1205429,茨城県,C,神社仏閣,
山方淡水魚館,,36.6257671,140.4039428,茨城県,C,美術館博物館,山方淡水魚館（やまがたたんすいぎょかん）は、茨城県常陸大宮市山方にあった日本最小規模の水族館。
鹿島神宮,,35.9687708,140.6315435,茨城県,A,神社仏閣,
鹿島灘海浜公園,,36.1524321,140.5795965,茨城県,D,その他,鹿島灘海浜公園（かしまなだかいひんこうえん）は茨城県鉾田市にある海浜公園である
酒列磯前神社,,36.3825735,140.623403,茨城県,B,神社仏閣,酒列磯前神社（さかつらいそさきじんじゃ）は、茨城県ひたちなか市にある神社。
修多羅寺,,36.4751657,140.2850357,茨城県,E,神社仏閣,修多羅寺（しゅたらじ）は、茨城県東茨城郡城里町小勝にある日蓮宗の寺院。山号は長久山、旧本山は大本山法華経寺(中山門流)。
十二所神社,,36.7737217,140.3525631,茨城県,E,神社仏閣,
女化神社,,35.9460033,140.1732945,茨城県,B,神社仏閣,
小堀の渡し,,35.8829181,140.0755462,茨城県,C,その他,
上高津貝塚ふるさと歴史の広場,,36.0761706,140.1680395,茨城県,E,美術館博物館,
常総市地域交流センター,,36.1133717,139.979903,茨城県,B,その他,常総市地域交流センター（じょうそうし ちいきこうりゅうセンター）は、茨城県常総市新石下にある天守閣を模した建築物。
常磐神社,,36.3272326,140.4890748,茨城県,B,神社仏閣,常磐神社（ときわじんじゃ）は茨城県水戸市にある神社である。
常陸国 出雲大社,,36.3541444,140.1842832,茨城県,B,神社仏閣,
新治郡衙跡,,36.3418793,140.0446314,茨城県,D,その他,
真壁城,,36.2750532,140.109679,茨城県,C,城,
神磯の鳥居,,36.3149635,140.5895239,茨城県,B,その他,
神崎寺,,36.3752891,140.4602204,茨城県,D,神社仏閣,
神應寺,,36.3795083,140.4569446,茨城県,D,神社仏閣,
水郷潮来あやめ園,,35.936576,140.5458645,茨城県,B,その他,水郷潮来あやめ園（すいごう いたこ あやめえん）は、茨城県潮来市にある公園である。
水戸芸術館,,36.3803695,140.4655027,茨城県,B,その他,水戸芸術館（みとげいじゅつかん、英称：Art Tower Mito）は、1990年3月22日に開館した茨城県水戸市にある美術館・コンサートホール・劇場からなる現代芸術の複合文化施設。
水戸市植物公園,,36.3412142,140.4219036,茨城県,D,その他,水戸市植物公園（みとししょくぶつこうえん）は、茨城県水戸市にある植物公園。
水戸市水道低区配水塔,,36.3779165,140.4754052,茨城県,D,その他,水戸市水道低区配水塔（みとしすいどうていくはいすいとう）は、茨城県水戸市北見町126-14にあるかつて稼働していた給水塔である。
水戸市立競技場,,36.3457439,140.4119012,茨城県,B,その他,水戸市立競技場（みとしりつきょうぎじょう）は、茨城県水戸市にある陸上競技場兼球技場。
水戸城,,36.3730791,140.4827879,茨城県,B,城,水戸城（みとじょう）は、茨城県水戸市三の丸（常陸国茨城郡水戸）にあった日本の城。
水戸八幡宮,,36.3877834,140.4598855,茨城県,C,神社仏閣,
西山荘,,36.5419282,140.5069644,茨城県,B,その他,西山荘（せいざんそう）は、日本の茨城県常陸太田市にある水戸藩2代藩主徳川光圀の隠居所である。
西念寺 (稲田御坊),,36.3645249,140.202592,茨城県,C,神社仏閣,
西蓮寺,,36.07173,140.439143,茨城県,C,神社仏閣,
静峰ふるさと公園,,36.5017114,140.4192146,茨城県,D,その他,静峰ふるさと公園（しずみねふるさとこうえん）は茨城県那珂市にある公園。
石切山脈,,36.3748702,140.2052541,茨城県,C,その他,石切山脈（いしぎりさんみゃく）は、茨城県笠間市稲田にある、稲田石（稲田白御影石）の採石場。
千波公園,,36.3707467,140.4533741,茨城県,C,その他,千波公園（せんばこうえん）は、茨城県水戸市に位置する茨城県営及び水戸市営の都市公園（総合公園）。
泉坂下遺跡,,36.5336168,140.4349747,茨城県,E,その他,
泉神社,,36.5185394,140.6249533,茨城県,B,神社仏閣,
息栖神社,,35.8858155,140.6251097,茨城県,A,神社仏閣,
村松山虚空蔵堂,,36.4496776,140.598553,茨城県,C,神社仏閣,または村松山虚空蔵堂（むらまつさんこくうぞうどう）は茨城県那珂郡東海村にある真言宗豊山派の寺院。
袋田の滝,,36.764617,140.4072509,茨城県,B,その他,
大井神社,,36.424385,140.4146879,茨城県,D,神社仏閣,
大串貝塚,,36.3343253,140.5481982,茨城県,C,その他,大串貝塚（おおぐしかいづか）は、日本の茨城県水戸市塩崎町1064-1に所在する縄文時代前期の貝塚である。
大杉神社,,35.9522474,140.3826995,茨城県,B,神社仏閣,大杉神社（おおすぎじんじゃ）は、茨城県稲敷市阿波（あば）にある神社。豪奢な社殿を擁することから「茨城の日光東照宮」の異名がある。
大生郷天満宮,,36.0606685,139.9526789,茨城県,C,神社仏閣,
大洗サンビーチ海水浴場,,36.2969043,140.5642782,茨城県,C,自然,大洗サンビーチ海水浴場（おおあらいサンビーチかいすいよくじょう）は、茨城県東茨城郡大洗町にある海水浴場。
大洗マリンタワー,,36.310354,140.5707389,茨城県,C,その他,大洗マリンタワー（おおあらいマリンタワー）は、茨城県東茨城郡大洗町にある高さ60メートルの展望台。
大洗磯前神社(神磯の鳥居),おおあらいいそさきじんじゃ,36.3133,140.5895,茨城県,B,神社仏閣,海上の岩礁に立つ鳥居と日の出の絶景。
大洗町幕末と明治の博物館,,36.3211383,140.5833618,茨城県,C,美術館博物館,
大甕神社,,36.5140348,140.6128827,茨城県,B,神社仏閣,大甕神社（おおみかじんじゃ）は、茨城県日立市大みか町にある神社。
地質標本館,,36.0619218,140.132745,茨城県,C,美術館博物館,
地図と測量の科学館,,36.1041068,140.0855345,茨城県,C,美術館博物館,
筑波サーキット,,36.1502668,139.9228877,茨城県,B,その他,筑波サーキット（つくばサーキット）は、茨城県下妻市にあるサーキットである。
筑波山,つくばさん,36.2253952,140.1067186,茨城県,A,自然,「西の富士、東の筑波」と称される名山。
筑波山神社,,36.2131697,140.1011473,茨城県,B,神社仏閣,筑波山神社（つくばさんじんじゃ）は、茨城県つくば市筑波にある神社。
筑波実験植物園,,36.1015443,140.1126752,茨城県,C,その他,筑波実験植物園（こくりつかがくはくぶつかん つくばじっけんしょくぶつえん）は、茨城県つくば市天久保にある植物の研究機関である。
長松院,,36.479824,140.5773509,茨城県,D,神社仏閣,
土浦城,,36.0849706,140.1982903,茨城県,B,城,
東照宮,,36.3726307,140.4733604,茨城県,B,神社仏閣,
東城寺,,36.1642698,140.1478162,茨城県,D,神社仏閣,
東筑波ユートピア,,36.2445164,140.1493269,茨城県,B,その他,東筑波ユートピア（ひがしつくばユートピア）は、茨城県石岡市に位置する動物園。
洞峰公園,,36.0613947,140.1228743,茨城県,C,その他,洞峰公園（どうほうこうえん）は、茨城県つくば市二の宮二丁目にある都市公園（総合公園）。
道の駅いたこ,,35.9470298,140.5887787,茨城県,D,その他,道の駅いたこ（みちのえき いたこ）は、茨城県潮来市にある茨城県道101号潮来佐原線の道の駅である。
道の駅しもつま,,36.2162513,139.9868252,茨城県,D,その他,道の駅しもつま（みちのえき しもつま）は、茨城県下妻市にある国道294号の道の駅である。
道の駅たまつくり,,36.0960159,140.403392,茨城県,C,その他,道の駅たまつくり（みちのえき たまつくり）は、茨城県行方市にある国道354号の道の駅である。
道の駅みわ,,36.6556487,140.279908,茨城県,D,その他,道の駅みわ（みちのえき みわ）は、茨城県常陸大宮市にある国道293号の道の駅である。
道の駅奥久慈だいご,,36.768418,140.3594036,茨城県,C,その他,道の駅奥久慈だいご（みちのえき おくくじだいご）は、茨城県久慈郡大子町にある国道118号の道の駅である。
道の駅常陸大宮,,36.5969177,140.4096628,茨城県,D,その他,道の駅常陸大宮（みちのえき ひたちおおみや）は、茨城県常陸大宮市にある国道118号の道の駅である。
徳川ミュージアム,,36.371735,140.4457441,茨城県,B,美術館博物館,徳川ミュージアム（とくがわミュージアム、英語: The Tokugawa Museum）は、茨城県水戸市見川にある博物館。
徳満寺,,35.856992,140.140056,茨城県,D,神社仏閣,
日立シビックセンター科学館,,36.5903819,140.659391,茨城県,D,美術館博物館,
日立市かみね動物園,,36.6080653,140.6586465,茨城県,B,その他,日立市かみね動物園（ひたちし かみねどうぶつえん）は、茨城県日立市の日立市かみね公園内にある市営の動物園。
不動院,,35.9815985,140.0522528,茨城県,C,神社仏閣,不動院（ふどういん）は、茨城県つくばみらい市にある真言宗豊山派の寺院。
堀出神社,,36.3828965,140.6139239,茨城県,C,神社仏閣,
枕石寺,,36.5050203,140.5109185,茨城県,D,神社仏閣,
薬王院,,36.2356242,140.0767598,茨城県,D,神社仏閣,
柳崎貝塚,,36.3690506,140.4649906,茨城県,E,その他,
予科練平和記念館,,36.0455721,140.2234025,茨城県,B,美術館博物館,
頼政神社,,36.1953984,139.6957091,茨城県,C,神社仏閣,
鷲子山上神社,,36.6996899,140.2352616,茨城県,B,神社仏閣,鷲子山上神社（とりのこさんしょうじんじゃ、とりのこさんじょうじんじゃ）は、栃木県那須郡那珂川町と茨城県常陸大宮市の境界に鎮座する神社。
偕楽園,かいらくえん,36.375135,140.453545,茨城県,A,自然,日本三名園の一つ。梅の名所。
楞厳寺,,36.4023901,140.2043724,茨城県,D,神社仏閣,
涸沼,,36.2999548,140.5327045,茨城県,B,自然,涸沼（ひぬま）は、茨城県中部の東茨城郡茨城町、鉾田市、大洗町にまたがる那珂川水系の汽水湖。
篆刻美術館,,36.1947071,139.7028722,茨城県,D,美術館博物館,篆刻美術館（てんこくびじゅつかん）は、茨城県古河市にある美術館である。
あしかがフラワーパーク,,36.3141535,139.5203379,栃木県,B,その他,あしかがフラワーパーク（英: Ashikaga Flower Park）は、栃木県足利市迫間町にある花のテーマパーク。
イタリア大使館別荘記念公園,,36.7248046,139.4849118,栃木県,C,その他,イタリア大使館別荘記念公園（イタリアたいしかんべっそうきねんこうえん）は、栃木県日光市にある公園。
いろは坂,,36.7461592,139.5134283,栃木県,B,その他,いろは坂（いろはざか）は栃木県日光市馬返から、同市中禅寺湖畔間の国道120号の坂道を指す。
おもちゃのまちバンダイミュージアム,,36.4654291,139.8383503,栃木県,B,美術館博物館,バンダイナムコホールディングス > バンダイ > おもちゃのまちバンダイミュージアム おもちゃのまちバンダイミュージアムは、栃木県下都賀郡壬生町おもちゃのまちにある、バンダイの玩具を主とした博物館。
とちぎわんぱく公園,,36.4597006,139.8082226,栃木県,C,その他,とちぎわんぱく公園（とちぎわんぱくこうえん）は、栃木県下都賀郡壬生町にある都市公園。
とちぎ山車会館,,36.3804209,139.7335811,栃木県,D,美術館博物館,
とちのきファミリーランド,,36.5128795,139.8584705,栃木県,C,その他,とちのきファミリーランド（Tochinoki Family Land）は栃木県宇都宮市の栃木県総合運動公園内に所在する遊園地。
とりっくあーとぴあ日光,,36.7890514,139.701641,栃木県,D,美術館博物館,とりっくあーとぴあ日光（とりっくあーとぴあにっこう）は、栃木県日光市にある美術館。
ハンターマウンテン塩原,,36.9392005,139.7514848,栃木県,B,自然,
マウントジーンズ那須,,37.1278688,140.0156827,栃木県,B,自然,
モビリティリゾートもてぎ,,36.5312504,140.2275077,栃木県,A,その他,モビリティリゾートもてぎ（Mobility Resort Motegi）は、栃木県芳賀郡茂木町にあるモータースポーツのテーマパーク。
安住神社,,36.590622,140.0297417,栃木県,D,神社仏閣,安住神社（やすずみじんじゃ）は栃木県塩谷郡高根沢町にある神社。
井頭公園,,36.4928735,139.9988246,栃木県,C,その他,井頭公園（いがしらこうえん）は、栃木県真岡市にある都市公園。
宇都宮城址公園,,36.5546872,139.8845185,栃木県,C,その他,宇都宮城址公園（うつのみやじょうしこうえん）は、栃木県宇都宮市本丸町にある宇都宮市立の都市公園（地区公園）である。
宇都宮動物園,,36.6319522,139.8544648,栃木県,B,その他,宇都宮動物園（うつのみやどうぶつえん）は、栃木県宇都宮市にある民営の動物園。
宇都宮二荒山神社,,36.5624338,139.8853744,栃木県,B,神社仏閣,宇都宮二荒山神社（うつのみやふたあらやまじんじゃ、-ふたらやまじんじゃ）は、栃木県宇都宮市にある神社。式内社（名神大社）論社、下野国一宮。
宇都宮美術館,,36.6070422,139.8739075,栃木県,B,美術館博物館,宇都宮美術館（うつのみやびじゅつかん 英表記:Utsunomiya Museum of Art）は栃木県宇都宮市長岡町にある美術館である。
烏山城,,36.6645885,140.1474077,栃木県,B,城,
雲厳寺,,36.8529216,140.2096816,栃木県,B,神社仏閣,
益子参考館,,36.470045,140.1083527,栃木県,D,美術館博物館,
益子焼窯元共販センター,,36.4658082,140.1058299,栃木県,C,その他,益子焼窯元共販センター（ましこやきかまもときょうはんセンター）とは、栃木県芳賀郡益子町にある益子焼の陶器販売複合大型店である。
益子陶芸美術館,,36.4653386,140.1042488,栃木県,D,美術館博物館,益子陶芸美術館（ましことうげいびじゅつかん）は、栃木県芳賀郡益子町にある陶芸美術館である。
下野国分寺跡,,36.3833574,139.8104821,栃木県,C,その他,下野国分寺跡（しもつけこくぶんじあと）は、栃木県下野市にある古代寺院跡。
加蘇山神社,,36.5992679,139.5979451,栃木県,C,神社仏閣,
華厳の滝,けごんのたき,36.7379,139.5028,栃木県,A,自然,落差97mを誇る日本三名瀑。
憾満ヶ淵,,36.7488827,139.5882791,栃木県,C,自然,または含満ヶ淵（がんまんがふち）は、栃木県日光市にある小さな渓谷。
間々田八幡宮,,36.2742769,139.7658251,栃木県,C,神社仏閣,
岩下の新生姜ミュージアム,,36.373945,139.740672,栃木県,C,美術館博物館,岩下の新生姜ミュージアム（いわしたのしんしょうがミュージアム）は、栃木県栃木市本町にある、岩下食品の企業博物館。
鬼怒楯岩大吊橋,,36.8206941,139.7084123,栃木県,C,その他,鬼怒楯岩大吊橋（きぬたていわおおつりばし）は、栃木県日光市に架かる吊橋。
鬼怒沼湿原,きぬぬましつげん,36.8722222,139.3638889,栃木県,D,自然,"標高2,000mの山上に広がる関東最高所の湿原。"
旧下野煉化製造会社煉瓦窯,,36.2123492,139.7007959,栃木県,C,その他,旧下野煉化製造会社煉瓦窯（きゅうしもつけれんがせいぞうがいしゃれんががま）は、栃木県下都賀郡野木町野木にある近代化遺産であり、赤煉瓦の製造に用いられた設備である。
栗田美術館,,36.3166595,139.5216088,栃木県,C,美術館博物館,
源三窟,,36.9758145,139.8117009,栃木県,C,自然,源三窟（げんざんくつ）は、栃木県那須塩原市塩原に存在する鍾乳洞。
玄性寺,,36.8019444,140.0575519,栃木県,D,神社仏閣,
古峯神社,,36.6548173,139.5271523,栃木県,B,神社仏閣,古峯神社（ふるみねじんじゃ）は、栃木県鹿沼市草久（くさぎゅう）にある神社。祭神は日本武尊。
国分寺,,36.3907402,139.8148805,栃木県,D,神社仏閣,
佐貫観音院,,36.7497152,139.799177,栃木県,D,神社仏閣,佐貫観音院（さぬきかんのんいん）は、栃木県塩谷郡塩谷町佐貫にある真言宗智山派の寺院である。
佐野市郷土博物館,,36.3129055,139.5649481,栃木県,D,美術館博物館,
殺生石,,37.101505,139.9990119,栃木県,A,その他,殺生石（せっしょうせき）は、栃木県那須郡那須町の那須湯本温泉付近に存在する溶岩である。
三毳山,,36.3159082,139.6292607,栃木県,B,自然,三毳山（みかもやま）は、栃木県にある山。
市貝町芝ざくら公園,,36.6189269,140.1189083,栃木県,D,その他,市貝町芝ざくら公園（いちかいまちしばざくらこうえん）は、栃木県芳賀郡市貝町にある公園。
出流原弁天池,,36.3668092,139.5388835,栃木県,C,その他,出流原弁天池（いずるはらべんてんいけ）は、栃木県佐野市出流原町（赤見温泉）にある池である。
小田代ヶ原,,36.7719804,139.4225001,栃木県,C,その他,小田代ヶ原（おだしろがはら）は、栃木県日光市の日光国立公園内にある湿地。
上侍塚古墳,,36.8060921,140.1248476,栃木県,C,その他,
織姫神社,,36.3422582,139.4453465,栃木県,C,神社仏閣,織姫神社（おりひめじんじゃ）は、栃木県足利市西宮町にある神社である。
信行寺,,36.3683081,139.7049806,栃木県,D,神社仏閣,
真岡井頭温泉,,36.4877445,140.0029323,栃木県,D,温泉,真岡井頭温泉（もおかいがしらおんせん）は、栃木県真岡市下籠谷にある温泉。
神明宮,,36.3801212,139.7364301,栃木県,D,神社仏閣,
壬生町おもちゃ博物館,,36.4617422,139.8083465,栃木県,C,美術館博物館,
雀宮神社,,36.4974655,139.8737052,栃木県,C,神社仏閣,
瀬戸合峡,,36.8775056,139.5214415,栃木県,D,その他,瀬戸合峡（せとあいきょう）は、鬼怒川上流の栃木県日光市にある峡谷。
星野遺跡,,36.4742159,139.6279823,栃木県,D,その他,
清巖寺,,36.5620489,139.8936345,栃木県,C,神社仏閣,
生子神社（泣き相撲）,,36.5383658,139.7377175,栃木県,C,神社仏閣,
西ノ湖,,36.7453545,139.3981576,栃木県,C,自然,西ノ湖（さいのこ）は、栃木県日光市の日光国立公園内にある湖の一つ。
西導寺,,36.6813178,139.9647008,栃木県,E,神社仏閣,
千本松牧場,,36.927079,139.9365032,栃木県,C,その他,千本松牧場（せんぼんまつぼくじょう）は、栃木県那須塩原市に存在する牧場。
戦場ヶ原,せんじょうがはら,36.7788869,139.4426741,栃木県,C,自然,男体山を望む日光国立公園の広大な湿原。
祖母井神社,,36.5535729,140.0613286,栃木県,D,神社仏閣,
惣宗寺,,36.3109528,139.5720796,栃木県,B,神社仏閣,惣宗寺（そうしゅうじ） は、栃木県佐野市にある天台宗の寺院である。
足利市立美術館,,36.3340769,139.4503178,栃木県,C,美術館博物館,足利市立美術館（あしかがしりつびじゅつかん）は、栃木県足利市の中心部、通二丁目にある美術館。
太平山神社,,36.3624458,139.6932833,栃木県,C,神社仏閣,太平山神社（おおひらさんじんじゃ）は、栃木県栃木市にある神社。
大瀬観光やな,,36.5732637,140.1895791,栃木県,D,その他,
大前神社,,36.4493427,140.0261966,栃木県,C,神社仏閣,大前神社（おおさきじんじゃ）は栃木県真岡市にある神社。
大谷の奇岩群,,36.601747,139.8220846,栃木県,D,その他,大谷の奇岩群・御止山・越路岩（おおやのきがんぐん・おとめやま・こしじいわ）は、栃木県宇都宮市大谷町・田下町にある岩盤の露頭からなる景勝地。
大谷資料館,,36.5999756,139.8247362,栃木県,B,美術館博物館,大谷資料館（おおやしりょうかん、英: Ōya History Museum）は、栃木県宇都宮市大谷町にある、大谷石採石場跡に関する博物館。
大谷平和観音,,36.5960302,139.8202106,栃木県,C,その他,平和観音（へいわかんのん）は、栃木県宇都宮市大谷町にある昭和20年代に築造された石仏である。
大谷磨崖仏,,36.5967908,139.8208424,栃木県,B,その他,大谷磨崖仏（おおやまがいぶつ）は、栃木県宇都宮市大谷にある磨崖仏である。
大中寺,,36.359688,139.688778,栃木県,E,神社仏閣,
大平山神社,,36.3626322,139.6932291,栃木県,C,神社仏閣,
大雄寺,,36.8656229,140.1226572,栃木県,C,神社仏閣,
男体山,なんたいさん,36.7619,139.4939,栃木県,B,自然,中禅寺湖畔にそびえる日光二荒山神社の御神体、日本百名山。
中禅寺湖,ちゅうぜんじこ,36.7405556,139.4622222,栃木県,A,自然,男体山の噴火でできた日本有数の高地湖。
朝日森天満宮,,36.3211159,139.5737779,栃木県,D,神社仏閣,
長沼八幡宮,,36.368854,139.9288025,栃木県,D,神社仏閣,
渡良瀬遊水地,,36.2396328,139.6778746,栃木県,A,その他,渡良瀬遊水地（わたらせゆうすいち）は、関東地方の栃木県・群馬県・埼玉県・茨城県にまたがる、日本最大の遊水地である。
唐沢山城,,36.3538912,139.6008339,栃木県,B,城,
唐沢山神社,,36.3538209,139.6007312,栃木県,C,神社仏閣,唐沢山神社（からさわやまじんじゃ）は、栃木県佐野市の唐沢山山頂にある神社。
東武ワールドスクウェア,,36.8077479,139.7120434,栃木県,B,その他,東武ワールドスクウェア （とうぶワールドスクウェア 、英: TOBU WORLD SQUARE）は、栃木県日光市鬼怒川温泉にある世界各国の遺跡や建築物を再現したミニチュアパーク、またその運営企業（東武ワールドスクウェア株式会社）の略称である。
湯ノ湖,,36.8003574,139.4265402,栃木県,B,自然,湯ノ湖（ゆのこ）は、栃木県日光市の西部にある湖。
湯西川,,36.963857,139.580071,栃木県,D,その他,湯西川（ゆにしがわ）は、栃木県北西部を流れる利根川水系男鹿川支流の一級河川である。
湯滝,,36.770187,139.4476526,栃木県,B,自然,湯滝（ゆたき、ゆだき）は、栃木県日光市奥日光地域の湯ノ湖の南端から流れ落ちる滝。
陶芸メッセ・益子,,36.4659047,140.10439,栃木県,E,その他,陶芸メッセ・益子（とうげいメッセましこ）とは、栃木県芳賀郡益子町にある、益子町に関係した益子焼や民藝を含めた陶芸を扱う町立の複合施設である。
道の駅きつれがわ,,36.7153091,140.0330543,栃木県,D,その他,道の駅きつれがわ（みちのえき きつれがわ）は、栃木県さくら市にある国道293号の道の駅である。
道の駅サシバの里いちかい,,36.5431758,140.0998844,栃木県,D,その他,道の駅サシバの里いちかい（みちのえき サシバのさといちかい）は、栃木県芳賀郡市貝町にある栃木県道69号宇都宮茂木線の道の駅である。
道の駅しもつけ,,36.397238,139.883899,栃木県,D,その他,道の駅しもつけ（みちのえき しもつけ）は、栃木県下野市にある国道4号の道の駅である。
道の駅ばとう,,36.7477619,140.1499345,栃木県,D,その他,道の駅ばとう（みちのえき ばとう）は、栃木県那須郡那珂川町にある国道293号の道の駅である。
道の駅みかも,,36.2970222,139.6257619,栃木県,D,その他,道の駅みかも（みちのえき みかも）は、栃木県栃木市にある国道50号の道の駅である。
道の駅もてぎ,,36.5282576,140.172438,栃木県,D,その他,道の駅もてぎ（みちのえき もてぎ）は、栃木県芳賀郡茂木町にある国道123号の道の駅である。
道の駅東山道伊王野,,36.9538088,140.1563935,栃木県,D,その他,道の駅東山道伊王野（みちのえき とうさんどういおうの）は、栃木県那須郡那須町にある国道294号の道の駅である。
道の駅湯の香しおばら,,36.95543,139.8995466,栃木県,D,その他,道の駅湯の香しおばら（みちのえき ゆのかしおばら）は、栃木県那須塩原市にある国道400号の道の駅である。
道の駅那須与一の郷,,36.861771,140.0878781,栃木県,C,その他,道の駅那須与一の郷（みちのえき なすのよいちのさと）は、栃木県大田原市にある国道461号の道の駅である。
道の駅日光,,36.7247341,139.6883983,栃木県,D,その他,道の駅日光（みちのえき にっこう）は、栃木県日光市にある国道119号の道の駅である。
栃木県なかがわ水遊園,,36.7895349,140.1284569,栃木県,B,その他,栃木県なかがわ水遊園（とちぎけんなかがわすいゆうえん）は、栃木県大田原市佐良土（さらど：旧湯津上村）の那珂川の畔にある栃木県水産試験場に併設された淡水魚水族館及び関連する公園である。
栃木県子ども総合科学館,,36.5157158,139.8361317,栃木県,C,その他,栃木県子ども総合科学館（とちぎけんこどもそうごうかがくかん）は、栃木県宇都宮市西川田町にある科学館。
栃木県総合運動公園,,36.5114922,139.8642663,栃木県,B,その他,栃木県総合運動公園（とちぎけんそうごううんどうこうえん）は、栃木県が設置 する総合運動公園である。
栃木県立博物館,,36.5596359,139.8605949,栃木県,C,美術館博物館,栃木県立博物館（とちぎけんりつはくぶつかん）は、栃木県立の総合博物館である。
栃木県立美術館,,36.5673704,139.8662078,栃木県,C,美術館博物館,栃木県立美術館（とちぎけんりつびじゅつかん 英表記:Tochigi Prefectural Museum of Fine Arts）は栃木県宇都宮市桜四丁目にある美術館である。
那須アルパカ牧場,,37.1227987,140.0553018,栃木県,C,その他,那須アルパカ牧場（なすアルパカぼくじょう、Nasu Alpaca Farm）は、栃木県那須郡那須町にある那須ビッグファームが運営するアルパカ専門の牧場である。
那須オルゴール美術館,,37.0438563,140.0276907,栃木県,D,美術館博物館,
那須サファリパーク,,37.0590087,140.0050823,栃木県,B,その他,那須サファリパーク（なすサファリパーク）は、栃木県那須郡那須町の動物園である。
那須どうぶつ王国,,37.1310911,140.039891,栃木県,B,その他,那須どうぶつ王国（なすどうぶつおうこく、Nasu Animal Kingdom）は、栃木県那須郡那須町大島1042-1にある動物園である。
那須とりっくあーとぴあ,,37.0313873,140.0359861,栃木県,D,美術館博物館,
那須ハイランドパーク,,37.0636957,139.9654979,栃木県,B,その他,那須ハイランドパーク（なすハイランドパーク）は、栃木県那須町にある北関東最大級の遊園地。
那須温泉郷,なすおんせんきょう,37.12406,139.99636,栃木県,B,温泉,「鹿の湯」など9つの湯からなる那須連山中腹の名湯。
那須岳,,37.1255153,139.9636798,栃木県,B,自然,那須岳（なすだけ）は、広義には栃木県北部に位置する那須連山の総称（特に茶臼岳や朝日岳、三本槍岳三山の総称）。
那須高原,,37.0747053,140.0052522,栃木県,B,その他,那須高原（なすこうげん）とは、栃木県北部の那須岳の南側山麓地域を言い、那須岳の標高千数百メートルの地域より東北本線、国道4号が通る標高300m辺りまで、緩やかな斜面が広がる。
那須高原りんどう湖ファミリー牧場,,37.0460281,140.0484087,栃木県,B,その他,那須高原りんどう湖ファミリー牧場（なすこうげんりんどうこファミリーぼくじょう、Nasukougen Rindouko family bokujo）は、栃木県那須郡那須町にある観光牧場と遊園地の要素を合わせ持ったテーマパークである。
那須高原恋人の聖地展望台,,37.1050102,139.9954215,栃木県,D,その他,那須高原恋人の聖地展望台（なすこうげんこいびとのせいちてんぼうだい）は、栃木県那須郡那須町湯本の那須岳中腹にある展望台で、特定非営利活動法人地域活性化支援センターが主催する「恋人の聖地プロジェクト」により全国で100番目の恋人の聖地に選定されたデートスポットである。
二荒山神社,,36.7583924,139.5963813,栃木県,A,神社仏閣,日光二荒山神社（にっこうふたらさんじんじゃ）は、栃木県日光市にある神社。式内社（名神大社）論社、下野国一宮。
二荒山神社中宮祠,,36.7416026,139.4876546,栃木県,B,神社仏閣,
日光だいや川公園,,36.7377884,139.6538516,栃木県,E,その他,日光だいや川公園（にっこうだいやがわこうえん）は、栃木県日光市に位置する県営都市公園である。
日光自然博物館,,36.726673,139.4860235,栃木県,C,美術館博物館,日光自然博物館（にっこうしぜんはくぶつかん）は栃木県日光市中宮祠にある博物館。
日光杉並木,にっこうすぎなみき,36.72,139.69,栃木県,C,自然,世界最長の並木道としてギネス認定された杉並木街道。
日光東照宮,にっこうとうしょうぐう,36.7581,139.5994,栃木県,A,神社仏閣,徳川家康を祀る豪華絢爛な世界遺産。
日光白根山,,36.798614,139.3759219,栃木県,B,自然,"日光白根山（にっこうしらねさん、英：Mount Nikko Shirane）は、栃木県日光市と群馬県利根郡片品村の境界にある標高2,578mの山。"
乃木神社,,36.887713,140.0025432,栃木県,C,神社仏閣,
能持院,,36.5424979,140.2019937,栃木県,E,神社仏閣,
能仁寺,,36.4345853,140.0639179,栃木県,E,神社仏閣,
報徳二宮神社,,36.7256592,139.6894921,栃木県,D,神社仏閣,
満福寺,,36.2093889,139.6987669,栃木県,D,神社仏閣,
霧降高原,,36.8021688,139.5999689,栃木県,B,その他,霧降高原（きりふりこうげん）は、栃木県日光市市街地北方、日光国立公園の女峰山東山麓に広がる高原である。
名草の巨石群,,36.4318141,139.4450486,栃木県,C,その他,
門田稲荷神社,,36.3239897,139.4354848,栃木県,C,神社仏閣,
野木神社,,36.2159637,139.7073343,栃木県,C,神社仏閣,
竜化の滝,,36.9697575,139.8473766,栃木県,C,その他,
竜蔵寺,,36.6693672,139.4454774,栃木県,E,神社仏閣,
龍王峡,,36.8632702,139.7137409,栃木県,C,その他,龍王峡（りゅうおうきょう）は、栃木県北部、日光市の鬼怒川上流部に発達する峡谷。
輪王寺,りんのうじ,36.7543889,139.6011389,栃木県,A,神社仏閣,世界遺産「日光の社寺」を構成する天台宗の門跡寺院。
鷲子山上神社,,36.6996899,140.2352616,栃木県,B,神社仏閣,鷲子山上神社（とりのこさんしょうじんじゃ、とりのこさんじょうじんじゃ）は、栃木県那須郡那珂川町と茨城県常陸大宮市の境界に鎮座する神社。
鑁阿寺,,36.3375432,139.4521176,栃木県,B,神社仏閣,
アーツ 前橋,,36.3907121,139.0713942,群馬県,C,美術館博物館,
かみつけの里博物館,,36.378906,138.986235,群馬県,C,美術館博物館,かみつけの里博物館（かみつけのさとはくぶつかん）は、群馬県高崎市井出町の上毛野はにわの里公園に所在する歴史博物館である。
カリビアンビーチ,,36.3990451,139.236809,群馬県,C,その他,愛称「カリビアンビーチ」（英：Caribbean Beach）は、日本群馬県桐生市新里町野にある屋内温水プールを中心とした市営のウォーターパークである。
ぐんまこどもの国,,36.3199116,139.3685382,群馬県,C,その他,ぐんまこどもの国（ぐんまこどものくに）は群馬県太田市長手町にある都市公園（総合公園）である。
ぐんまフラワーパーク,,36.4561879,139.1763015,群馬県,C,その他,Gunma Flower Park +（ぐんまフラワーパークプラス）は、群馬県前橋市柏倉町にある体感型植物園。
ぐんま昆虫の森,,36.4340335,139.2543684,群馬県,C,その他,ぐんま昆虫の森（ぐんまこんちゅうのもり）は、群馬県桐生市新里町鶴ケ谷にある県立の昆虫館である。
コノドント館,,36.4352743,139.2746841,群馬県,D,美術館博物館,
ジャパンスネークセンター,,36.362476,139.321822,群馬県,B,その他,
スバルビジターセンター,,36.2753687,139.3734919,群馬県,C,その他,スバルビジターセンター（英語: SUBARU Visitor Center）は、群馬県太田市にある、SUBARUの博物館（企業博物館）である。
たんばらラベンダーパーク,,36.7795255,139.0730556,群馬県,C,その他,たんばらスキーパークは、群馬県沼田市玉原高原に位置するスキー場。
つつじが岡公園,,36.2402768,139.5439736,群馬県,C,その他,つつじが岡公園（つつじがおかこうえん）は、群馬県館林市にある総合公園（都市公園）である。
ノルンみなかみスキー場,,36.7437935,138.9412866,群馬県,D,その他,ノルンみなかみスキー場（ノルンみなかみスキーじょう）は、群馬県利根郡みなかみ町寺間にあるスキー場である。
るなぱあく,,36.3950302,139.0634407,群馬県,B,その他,るなぱあくは、群馬県前橋市にある遊園地。
愛宕祠,,36.2489274,139.5365313,群馬県,D,神社仏閣,
伊香保おもちゃと人形、自動車博物館,,36.4635812,138.9695057,群馬県,B,美術館博物館,
伊香保グリーン牧場,,36.4989553,138.9452169,群馬県,E,その他,
伊香保温泉,いかほおんせん,36.4971021,138.9189433,群馬県,A,温泉,石段街で知られる歴史ある温泉地。
伊香保神社,,36.4959554,138.9158731,群馬県,C,その他,伊香保神社（いかほじんじゃ）は、群馬県渋川市にある神社で ある。
伊勢崎神社,,36.3197375,139.1934219,群馬県,C,神社仏閣,
一之宮貫前神社,,36.2545269,138.8575067,群馬県,B,神社仏閣,一之宮貫前神社（いちのみやぬきさきじんじゃ）は、群馬県富岡市一ノ宮にある神社。
宇芸神社,,36.2461768,138.83322,群馬県,D,神社仏閣,
碓氷湖,,36.3534464,138.7044432,群馬県,C,自然,碓氷湖（うすいこ）は、群馬県安中市にある湖。
碓氷第三橋梁,,36.3579734,138.6982767,群馬県,B,その他,碓氷第三橋梁（うすいだいさんきょうりょう）は、群馬県安中市松井田町坂本にある鉄道橋。
碓氷峠鉄道文化むら,,36.3362939,138.7353257,群馬県,B,美術館博物館,碓氷峠鉄道文化むら（うすいとうげてつどうぶんかむら）は、群馬県安中市松井田町横川にある屋外型の鉄道博物館である。
下久保ダム,,36.1260334,138.9945603,群馬県,B,その他,下久保ダム（しもくぼダム）は、群馬県藤岡市と埼玉県児玉郡神川町にまたがる、一級河川・利根川水系神流川（かんながわ）に建設されたダムである。
華蔵寺公園,,36.3415077,139.1969107,群馬県,B,その他,華蔵寺公園（けぞうじこうえん）は、群馬県伊勢崎市華蔵寺町・堤西町にまたがる都市公園（総合公園）である。
迦葉山弥勒寺,,36.7510157,139.0633026,群馬県,E,神社仏閣,
覚満淵,,36.5427453,139.1909133,群馬県,B,自然,覚満淵（かくまんぶち）は、群馬県前橋市富士見町赤城山にある湿原。
楽山園,,36.2282794,138.9150325,群馬県,B,その他,楽山園（らくさんえん）は、群馬県甘楽郡甘楽町小幡にある大名庭園。
鎌原観音堂,,36.5161836,138.5484,群馬県,B,神社仏閣,
冠稲荷神社,,36.2686962,139.3514954,群馬県,C,神社仏閣,
観音山公園,,36.3089032,138.9841322,群馬県,C,その他,観音山公園（かんのんやまこうえん）は群馬県高崎市の公園である。
岩宿博物館,,36.3991379,139.2856885,群馬県,B,美術館博物館,
鬼押出し園,おにおしだしえん,36.4438285,138.5324873,群馬県,C,自然,浅間山の噴火で流出した溶岩が広がる奇観の公園。
恐竜の足跡,,36.0714767,138.8299292,群馬県,E,その他,
桐生が岡公園,,36.4204631,139.3399109,群馬県,C,その他,桐生が岡公園（きりゅうがおかこうえん）は、群馬県桐生市宮本町、西久方町に位置している桐生市立の都市公園（総合公園）である。
桐生自動車博物館,,36.3719982,139.3507585,群馬県,D,美術館博物館,
桐生西宮神社,,36.4178423,139.3397692,群馬県,D,神社仏閣,桐生西宮神社（きりゅうにしのみやじんじゃ）は、群馬県桐生市宮本町にある神社。
桐生明治館,,36.4121607,139.3095352,群馬県,C,その他,
金井沢碑,,36.285672,139.016158,群馬県,B,その他,金井沢碑（かないざわひ、かないざわのひ）は、群馬県高崎市山名町にある古碑であり、国の特別史跡に指定されている。
金山神社,,36.2462165,139.5356832,群馬県,E,神社仏閣,
金精神社,,36.8188622,139.3946151,群馬県,C,神社仏閣,
群馬サファリパーク,,36.2258133,138.8850624,群馬県,A,その他,
群馬の森,,36.2997683,139.0823271,群馬県,C,その他,群馬の森（ぐんまのもり）は群馬県高崎市にある県立の都市公園（総合公園）である。
群馬音楽センター,,36.3234226,139.0036672,群馬県,B,その他,群馬音楽センター（ぐんまおんがくセンター）は、群馬県高崎市にある音楽ホールで、群馬県を代表する文化施設の一つである。
群馬県立館林美術館,,36.2644213,139.5071457,群馬県,C,美術館博物館,"群馬県立館林美術館（ぐんまけんりつたてばやしびじゅつかん、英: Gunma Museum of Art, Tatebayashi、略称: GMAT）は群馬県館林市日向町の多々良沼畔にある美術館である。"
群馬県立近代美術館,,36.298741,139.0783112,群馬県,C,美術館博物館,
群馬県立自然史博物館,,36.2699979,138.8672138,群馬県,C,美術館博物館,群馬県立自然史博物館（ぐんまけんりつしぜんしはくぶつかん）は、群馬県富岡市上黒岩にある自然史博物館。
群馬県立土屋文明記念文学館,,36.382219,138.98537,群馬県,D,美術館博物館,
群馬県立日本絹の里,,36.407157,138.989766,群馬県,D,美術館博物館,
桂昌寺,,36.3386175,138.8975113,群馬県,D,神社仏閣,
原美術館ARC,,36.503176,138.945564,群馬県,B,美術館博物館,原美術館ARC（はらびじゅつかんアーク）は、群馬県渋川市にある現代美術館。東京の原美術館の姉妹館。
吾妻神社,,36.5917415,138.861685,群馬県,D,神社仏閣,
向井千秋記念子ども科学館,,36.2440537,139.5448585,群馬県,C,その他,向井千秋記念子ども科学館（むかいちあききねんこどもかがくかん）は、群馬県館林市にある館林市立の科学館。
甲波宿禰神社,,36.5306373,138.9675759,群馬県,E,神社仏閣,
荒船山,,36.2040304,138.637127,群馬県,B,自然,荒船山（あらふねやま）は、群馬県甘楽郡下仁田町と長野県佐久市に跨る山。
高崎タワー21,,36.3224609,139.0151829,群馬県,C,その他,高崎タワー21（たかさきタワーにじゅういち）は、群馬県高崎市栄町にある高層ビルおよび超高層マンションの名称である。
高崎市美術館,,36.3207317,139.010521,群馬県,D,美術館博物館,高崎市美術館（たかさきしびじゅつかん）とは、群馬県高崎市が運営する市立の美術館である。
高崎白衣大観音,,36.3109646,138.980551,群馬県,B,その他,
高津戸峡,,36.4379788,139.2791567,群馬県,C,自然,高津戸峡（たかつどきょう）は、群馬県みどり市大間々町高津戸にある渓谷である。
坂東16番 五徳山 水澤寺,,36.4793789,138.9455274,群馬県,B,神社仏閣,
山ノ上碑,,36.2771508,139.0277391,群馬県,B,その他,山ノ上碑（やまのうえのひ / やまのうえひ、山上碑）は、群馬県高崎市山名町にある古碑。
山田かまち水彩デッサン美術館,,36.3179477,138.9901238,群馬県,C,美術館博物館,
産泰神社,,36.3899928,139.178199,群馬県,C,神社仏閣,
四阿山の的岩,,36.521877,138.4047337,群馬県,D,その他,
四万温泉,しまおんせん,36.6857315,138.7743845,群馬県,C,温泉,「四万の病を癒す」とされる由緒ある山あいの温泉郷。
四万川ダム,,36.6993039,138.7840769,群馬県,C,その他,四万川ダム（しまがわダム）は、群馬県吾妻郡中之条町四万地先、利根川水系四万川に建設された重力式コンクリートダムである。
至仏山,,36.9034506,139.1732087,群馬県,B,自然,"至仏山（しぶつさん、しふつさん）は、群馬県の北東部、みなかみ町と片品村との境界に位置する標高2,228.1mの山。"
慈眼寺,,36.3198092,139.0719597,群馬県,D,神社仏閣,
渋川八幡宮,,36.5015883,138.9902711,群馬県,D,神社仏閣,
祝昌寺,,36.3494567,139.1180302,群馬県,E,神社仏閣,
小泉城,,36.2614067,139.4140011,群馬県,C,その他,
小平の里,,36.4645445,139.3071908,群馬県,D,自然,小平の里（おだいらのさと）は、群馬県みどり市大間々町小平にある鍾乳洞、キャンプ場、親水公園からなる複合観光施設（自然体験施設）。
沼田城跡,,36.6484893,139.038461,群馬県,B,城,
城沼,,35.9979442,139.6580775,群馬県,C,自然,城沼（じょうぬま）は、群馬県館林市にある沼。
織物参考館“紫”,,36.4103,139.344711,群馬県,E,美術館博物館,
尻焼温泉,しりやきおんせん,36.648111,138.641389,群馬県,D,温泉,川そのものが露天風呂になった珍しい「川湯」。
新田金山城,,36.3169072,139.3777823,群馬県,B,その他,
榛名湖,,36.4764773,138.8668102,群馬県,A,自然,榛名湖（はるなこ）は、群馬県西部にある湖。
榛名山,,36.4769319,138.8782368,群馬県,A,自然,榛名山（はるなさん）は、関東平野の北西端、群馬県のほぼ中央に位置する山。
榛名神社,,36.4584168,138.8523784,群馬県,B,神社仏閣,榛名神社（はるなじんじゃ）は、群馬県高崎市榛名山町にある神社。
神流町恐竜センター,,36.091996,138.820823,群馬県,C,美術館博物館,
諏訪神社古墳,,36.240088,139.0815043,群馬県,D,その他,
吹割の滝,,36.7018538,139.2071159,群馬県,B,自然,吹割の滝（ふきわれのたき）は、群馬県沼田市の片品川にある滝。
水と緑と詩のまち前橋文学館,,36.393897,139.072229,群馬県,D,美術館博物館,
世良田東照宮,,36.2617644,139.2756316,群馬県,B,神社仏閣,世良田東照宮（せらだとうしょうぐう）は、群馬県太田市世良田町にある神社。
赤城山,,36.5552373,139.1782291,群馬県,A,その他,赤城山（あかぎやま/あかぎさん）は、群馬県の北東部に位置する山域の総称。
赤城神社,,36.5526698,139.1834805,群馬県,B,神社仏閣,
浅間山,あさまやま,36.4063889,138.5230556,群馬県,B,自然,今なお噴煙を上げる活火山、日本百名山。
前橋公園,,36.3951524,139.0616734,群馬県,D,その他,前橋公園（まえばしこうえん）は、群馬県前橋市に位置する都市公園（総合公園）である。
善勝寺,,36.4114863,139.0999868,群馬県,D,神社仏閣,
相川考古館,,36.318562,139.191295,群馬県,E,美術館博物館,
相俣ダム,,36.7233554,138.8810985,群馬県,C,その他,相俣ダム（あいまたダム）は、群馬県利根郡みなかみ町相俣、一級河川・利根川水系赤谷川に建設されたダムである。
草津温泉,くさつおんせん,36.6228,138.5964,群馬県,A,温泉,湯畑を中心に広がる日本三名泉の湯の街。
草津熱帯圏,,36.6226692,138.6042942,群馬県,B,その他,草津熱帯圏（くさつねったいけん）は、群馬県吾妻郡草津町に所在する動物園。
草津白根山,,36.6439474,138.5277356,群馬県,B,自然,草津白根山（くさつ しらねさん）は、日本の北関東、群馬県吾妻郡草津町に所在する山。
草木ダム,,36.5521254,139.376064,群馬県,B,その他,草木ダム（くさきダム）は、群馬県みどり市東町座間、一級河川・利根川水系渡良瀬川の本川上流部に建設されたダムである。
多々良沼,,36.2565512,139.4951531,群馬県,C,自然,多々良沼（たたらぬま）は、群馬県館林市と邑楽町にまたがる沼。
多胡碑,,36.2648627,138.996419,群馬県,B,その他,多胡碑（たごひ、たごのひ）は、群馬県高崎市吉井町池字御門にある古碑（金石文）。
太田市立藪塚本町歴史民俗資料館,,36.363422,139.321742,群馬県,D,美術館博物館,
大胡神社,,36.4217221,139.1592537,群馬県,D,神社仏閣,
大室公園,,36.390807,139.1982525,群馬県,D,その他,大室公園（おおむろこうえん）は、群馬県前橋市に位置する都市公園（総合公園）である。
大川美術館,,36.416889,139.333862,群馬県,C,美術館博物館,
谷川岳,たにがわだけ,36.8372,138.9297,群馬県,B,自然,ロープウェイで気軽に登れる日本百名山、谷川連峰の主峰。
竹久夢二伊香保記念館,,36.500042,138.92689,群馬県,C,美術館博物館,
中之条町歴史民俗資料館,,36.5893848,138.8428986,群馬県,D,美術館博物館,
天龍寺,,36.2430003,139.0823771,群馬県,E,神社仏閣,
田島弥平旧宅,,36.2466269,139.2391705,群馬県,C,その他,田島弥平旧宅（たじまやへいきゅうたく）は、群馬県伊勢崎市境島村にある歴史的建造物。
渡良瀬遊水地,,36.2396328,139.6778746,群馬県,A,その他,渡良瀬遊水地（わたらせゆうすいち）は、関東地方の栃木県・群馬県・埼玉県・茨城県にまたがる、日本最大の遊水地である。
道の駅あがつま峡,,36.5700601,138.7358848,群馬県,D,その他,道の駅あがつま峡（みちのえき あがつまきょう）は、群馬県吾妻郡東吾妻町にある町道5284号線の道の駅である。
道の駅玉村宿,,36.3083993,139.0946406,群馬県,D,その他,道の駅玉村宿（みちのえき たまむらじゅく）は、群馬県佐波郡玉村町大字上新田にある国道354号の道の駅である。
道の駅白沢,,36.6620509,139.1200855,群馬県,D,その他,道の駅白沢（みちのえき しらさわ）は、群馬県沼田市にある国道120号の道の駅である。
得成寺,,36.2815364,138.9331833,群馬県,D,神社仏閣,
南下古墳群,,36.4399358,139.0082495,群馬県,E,その他,
日限地蔵尊 観音院,,36.4114716,139.3474618,群馬県,E,神社仏閣,
日光白根山,,36.798614,139.3759219,群馬県,B,自然,"日光白根山（にっこうしらねさん、英：Mount Nikko Shirane）は、栃木県日光市と群馬県利根郡片品村の境界にある標高2,578mの山。"
波志江沼環境ふれあい公園,,36.3558872,139.192732,群馬県,D,その他,波志江沼環境ふれあい公園（はしえぬまかんきょうふれあいこうえん）とは、群馬県伊勢崎市波志江町にある都市公園である。
梅木遺跡,,36.3873508,139.2016555,群馬県,E,その他,
箱島湧水,,36.5378553,138.9285816,群馬県,C,その他,箱島湧水（はこしまゆうすい、はこじまゆうすい）は、群馬県吾妻郡東吾妻町にある湧水。
反町薬師,,36.3005048,139.3113227,群馬県,C,神社仏閣,
尾瀬ヶ原,おぜがはら,36.937,139.2510222,群馬県,A,自然,ミズバショウで知られる日本屈指の高層湿原、尾瀬国立公園。
富岡製糸場,とみおかせいしじょう,36.2554386,138.8876423,群馬県,A,その他,明治の官営模範製糸場。世界遺産。
富弘美術館,,36.5535096,139.3729756,群馬県,E,美術館博物館,
敷島公園,,36.4127698,139.0534508,群馬県,C,その他,敷島公園（しきしまこうえん）は、群馬県前橋市敷島町にある公園。
法師温泉,,36.7436583,138.8300289,群馬県,B,温泉,法師温泉（ほうしおんせん）は、群馬県利根郡みなかみ町永井（旧国上野国）にある一軒宿の温泉。
芳ヶ平湿地群,,36.655268,138.5467372,群馬県,C,その他,"芳ヶ平湿地群（よしがだいらしっちぐん）は、群馬県吾妻郡中之条町、草津町をまたがる標高1,000 mから2,000 m級、面積887 haの湿地群であり、草津白根山の北東側の斜面にある。"
本白根山,,36.6229502,138.5317153,群馬県,B,自然,"本白根山（もとしらねさん）は、群馬県吾妻郡草津町と嬬恋村にまたがる標高2,171mの火山。"
万座温泉,まんざおんせん,36.63717,138.51008,群馬県,C,温泉,"標高1,800mの高地に湧く白濁した硫黄泉。"
箕輪城,,36.404128,138.9519198,群馬県,B,その他,箕輪城（みのわじょう）は、群馬県高崎市箕郷町にあった日本の城（平山城）。
妙義山,,36.2968126,138.7474789,群馬県,B,その他,妙義山（みょうぎさん）は、群馬県甘楽郡下仁田町・富岡市・安中市の境界に位置する山域の総称。
名胡桃城,,36.6699251,138.9918832,群馬県,B,城,
野反ダム,,36.7074464,138.6447427,群馬県,B,その他,野反ダム（のぞりダム）は、群馬県吾妻郡中之条町を流れる信濃川水系中津川に建設されたダム。
矢瀬遺跡,,36.6970964,138.9820386,群馬県,D,その他,
矢木沢ダム,,36.9116265,139.0568159,群馬県,B,その他,矢木沢ダム（やぎさわダム）は、群馬県利根郡みなかみ町、一級河川・利根川本川最上流部に位置するダムである。
龍蔵寺,,36.4205561,139.0722889,群馬県,B,神社仏閣,
臨江閣,,36.3959436,139.0623009,群馬県,C,その他,臨江閣（りんこうかく）は、群馬県前橋市大手町にある、近代和風建築の迎賓施設。
嶺公園,,36.4574417,139.1202099,群馬県,E,その他,嶺公園（みねこうえん）は、群馬県前橋市嶺町にある都市公園（墓園）である。
Chinju Hikawa,,35.8172243,139.7230076,埼玉県,C,神社仏閣,
あしがくぼの氷柱,,35.975496,139.132122,埼玉県,D,その他,あしがくぼの氷柱（あしがくぼのひょうちゅう）は、埼玉県秩父郡横瀬町で毎年1月上旬〜2月下旬に公開される氷柱で、秩父三大氷柱のひとつに数えられる。
うらわ美術館,,35.860635,139.65262,埼玉県,C,美術館博物館,
カネパ緑の森博物館,,35.7862869,139.3840494,埼玉県,C,その他,カネパ緑の森博物館（かねぱみどりのもりはくぶつかん）は、埼玉県入間市宮寺地区(65ha)・所沢市糀谷・堀之内地区(20.5ha)にある県立の博物館(合計面積85.5ha)。
キャンベルタウン野鳥の森,,35.9142975,139.8016308,埼玉県,C,その他,キャンベルタウン野鳥の森（キャンベルタウンやちょうのもり）は、埼玉県越谷市にある動物園である。
さいたまスーパーアリーナ,,35.8944871,139.6310467,埼玉県,A,その他,さいたまスーパーアリーナ（英: Saitama Super Arena）は、埼玉県さいたま市中央区にある多目的アリーナ。
さいたま市青少年宇宙科学館,,35.872345,139.664578,埼玉県,C,美術館博物館,
さいたま市大宮公園サッカー場,,35.9159236,139.6334433,埼玉県,B,その他,さいたま市大宮公園サッカー場（さいたましおおみやこうえんサッカーじょう）は、埼玉県さいたま市大宮区の大宮公園内にあるサッカー専用スタジアム。
さいたま市立浦和博物館,,35.8905077,139.6775853,埼玉県,D,美術館博物館,
さいたま市立博物館,,35.9114815,139.6314447,埼玉県,D,美術館博物館,さいたま市立博物館（さいたましりつはくぶつかん）は、埼玉県さいたま市大宮区にある博物館。
さいたま市立漫画会館,,35.925637,139.63181,埼玉県,C,美術館博物館,
さいたま水族館,,36.1732434,139.5978559,埼玉県,B,美術館博物館,さいたま水族館（さいたますいぞくかん）は、埼玉県羽生市にある淡水魚の水族館である。
さいたま清河寺温泉,,35.9341247,139.5819929,埼玉県,D,温泉,さいたま清河寺温泉（さいたませいがんじおんせん）は、埼玉県さいたま市西区大字清河寺にある温泉施設。
さいたま文学館,,35.996112,139.560588,埼玉県,D,美術館博物館,
さぎ山記念公園,,35.9071713,139.6999289,埼玉県,C,その他,さぎ山記念公園（さぎやまきねんこうえん）は、埼玉県さいたま市緑区にある公園・緑地である。
サトエ記念２１世紀美術館,,36.100139,139.640496,埼玉県,D,美術館博物館,
そうか公園,,35.861479,139.8265521,埼玉県,D,その他,そうか公園（そうかこうえん）は、埼玉県草加市柿木町にある都市公園（総合公園）である。
ふじみ野市立上福岡歴史民俗資料館,,35.875723,139.528261,埼玉県,D,美術館博物館,
ふじみ野市立大井郷土資料館,,35.857527,139.504766,埼玉県,E,美術館博物館,
ふじみ野市立福岡河岸記念館,,35.885291,139.522855,埼玉県,D,美術館博物館,
まつぶし緑の丘公園,,35.9455359,139.8100049,埼玉県,C,その他,まつぶし緑の丘公園（まつぶしみどりのおかこうえん）は、埼玉県北葛飾郡松伏町にある埼玉県営の都市公園（総合公園）である。
みさと公園,,35.7868649,139.8730973,埼玉県,C,その他,みさと公園（みさとこうえん）とは、埼玉県三郷市高州三丁目の小合溜井岸に位置する埼玉県営の都市公園（総合公園）である。
ヤオコー川越美術館,,35.9285048,139.4890445,埼玉県,C,美術館博物館,
愛宕山古墳,,36.1262156,139.4770279,埼玉県,E,その他,
伊佐沼,,35.9218938,139.5190225,埼玉県,B,自然,伊佐沼（いさぬま）は、埼玉県川越市の東部に位置し、南北が約1300mおよび東西が約300mほどの沼。
稲荷塚古墳,,36.0378533,139.3252351,埼玉県,E,その他,
羽生水郷公園,,36.1699319,139.5952087,埼玉県,D,その他,羽生水郷公園（はにゅうすいごうこうえん）は、埼玉県羽生市大字三田ヶ谷、与兵衛新田に位置する埼玉県営の都市公園（広域公園）である。
浦山ダム,,35.9267247,139.0636982,埼玉県,B,その他,浦山ダム（うらやまダム）は、埼玉県秩父市浦山地先、荒川水系浦山川に建設されたダムである。
浦和くらしの博物館民家園,,35.878354,139.710617,埼玉県,D,美術館博物館,
浦和競馬場,,35.8574391,139.6704891,埼玉県,A,その他,浦和競馬場（うらわけいばじょう、Urawa Racecourse）は、埼玉県さいたま市南区大谷場一丁目に所在する地方競馬の競馬場である。
雲取山,,35.8555351,138.9439287,埼玉県,B,自然,"雲取山（くもとりやま）は、東京都・埼玉県・山梨県の境界にある標高2,017.13 mの山。"
越生梅林,,35.9723226,139.273954,埼玉県,C,その他,越生梅林（おごせばいりん）は、埼玉県入間郡越生町にある越辺川沿いに広がる梅林。
越谷梅林公園,,35.9125266,139.7751681,埼玉県,D,その他,越谷梅林公園（こしがやばいりんこうえん）は、埼玉県越谷市大林にある都市公園。
円照寺,,35.8396843,139.3464891,埼玉県,D,神社仏閣,
遠山記念館,,35.9878004,139.4933932,埼玉県,B,美術館博物館,遠山記念館（とおやまきねんかん）は、埼玉県比企郡川島町にある博物館。
横曽根神社,,35.8019614,139.7030162,埼玉県,E,神社仏閣,
下久保ダム,,36.1260334,138.9945603,埼玉県,B,その他,下久保ダム（しもくぼダム）は、群馬県藤岡市と埼玉県児玉郡神川町にまたがる、一級河川・利根川水系神流川（かんながわ）に建設されたダムである。
加須はなさき公園,,36.1026034,139.6327067,埼玉県,C,その他,加須はなさき公園（かぞはなさきこうえん）は、埼玉県加須市水深に位置する、埼玉県営の都市公園（広域公園）である。
加須未来館,,36.1776048,139.6364424,埼玉県,D,その他,加須未来館（かぞみらいかん）は、埼玉県加須市にある天体観測およびプラネタリウム施設。
河鍋暁斎記念美術館,,35.8157897,139.693476,埼玉県,B,美術館博物館,河鍋暁斎記念美術館（かわなべきょうさいきねんびじゅつかん）は、埼玉県蕨市にある、幕末から明治時代にかけて活躍した絵師・河鍋暁斎の個人美術館である。
花園フォレスト,,36.1220703,139.2236735,埼玉県,D,その他,花園フォレスト（はなぞのフォレスト）は、埼玉県深谷市にある洋菓子をOEM製造している株式会社フォレストが、本社工場と店舗を併設して運営している施設。
花田苑,,35.9033378,139.80494,埼玉県,C,その他,花田苑（はなたえん）は、埼玉県越谷市の庭園。
鎌北湖,,35.9175074,139.2893281,埼玉県,C,自然,鎌北湖（かまきたこ）は、埼玉県入間郡毛呂山町にある湖である。
観福寺,,35.8394318,139.7078337,埼玉県,D,神社仏閣,
関八州見晴台,,35.9458813,139.222137,埼玉県,C,自然,
岩松寺,,36.1674973,139.5217983,埼玉県,E,神社仏閣,
岩槻城,,35.9516224,139.7084942,埼玉県,B,その他,岩槻城（いわつきじょう）は、埼玉県さいたま市岩槻区（武蔵国埼玉郡岩槻）にあった日本の城（平山城）。
岩槻人形博物館,,35.9508749,139.6999608,埼玉県,C,美術館博物館,さいたま市岩槻人形博物館（さいたましいわつきにんぎょうはくぶつかん）は、埼玉県さいたま市岩槻区に所在する博物館。
岩殿観音,,36.0013909,139.3623552,埼玉県,C,神社仏閣,
岩鼻運動公園,,36.0506639,139.4108233,埼玉県,D,その他,岩鼻運動公園（いわはなうんどうこうえん）は、埼玉県東松山市に位置する都市公園（運動公園）である。
雁坂峠,,35.8934054,138.7891409,埼玉県,B,自然,雁坂峠（かりさかとうげ）は、埼玉県秩父市と山梨県山梨市の境にある峠。
喜多院,,35.9178006,139.488985,埼玉県,B,神社仏閣,喜多院（きたいん）は、埼玉県川越市にある天台宗の寺院。山号は星野山（せいやさん）。
鬼鎮神社,,35.9441799,138.8974913,埼玉県,C,神社仏閣,鬼鎮神社（きぢんじんじゃ）は、埼玉県嵐山町にある神社。
吉羽公園,,36.0668117,139.6871367,埼玉県,E,その他,吉羽公園（よしばこうえん）は埼玉県久喜市太田地区にある久喜市が設置、管理・運営する都市公園（近隣公園）である。
吉見観音,,36.0543752,139.43826,埼玉県,E,神社仏閣,
吉見百穴,,36.0397403,139.4213177,埼玉県,B,その他,
久下稲荷神社,,35.8516324,139.316657,埼玉県,D,神社仏閣,
久喜市総合運動公園,,36.056089,139.6609958,埼玉県,D,その他,久喜市総合運動公園（くきしそうごううんどうこうえん）は、埼玉県久喜市江面地区にある都市公園（運動公園）である。
久喜菖蒲公園,,36.0556876,139.6471804,埼玉県,C,その他,久喜菖蒲公園（くきしょうぶこうえん）は、埼玉県久喜市河原井町および菖蒲町昭和沼に位置する、埼玉県営の都市公園（総合公園）である。
久喜総合文化会館,,36.0607255,139.6677016,埼玉県,D,その他,久喜総合文化会館（くきそうごうぶんかかいかん）は、埼玉県久喜市下早見にある、久喜市設立の公共施設である。
宮戸神社,,35.8276449,139.590398,埼玉県,E,神社仏閣,
宮代町総合運動公園,,36.0542217,139.697278,埼玉県,D,その他,宮代町総合運動公園（みやしろまち そうごううんどうこうえん）は、埼玉県南埼玉郡宮代町（須賀地区）にある南埼玉郡宮代町が設立・運営する公共の運動公園である。
旧坂東家住宅見沼くらしっく館,,35.9062357,139.690812,埼玉県,D,美術館博物館,
旧川ふるさと公園,,36.1771694,139.6804861,埼玉県,D,その他,旧川ふるさと公園（きゅうかわふるさとこうえん）は、埼玉県加須市伊賀袋にある都市公園（地区公園）である。
虚空蔵山古墳,,36.1605051,139.4764004,埼玉県,E,その他,
狭山稲荷山公園,,35.8481868,139.3994543,埼玉県,C,その他,狭山稲荷山公園（さやまいなりやまこうえん）は、埼玉県狭山市稲荷山一丁目にある埼玉県営の都市公園（総合公園）である。
玉蔵院,,35.8590212,139.6520785,埼玉県,C,神社仏閣,
玉敷神社,,36.1069466,139.5706788,埼玉県,B,神社仏閣,玉敷神社（たましきじんじゃ）は、埼玉県加須市騎西にある神社。
巾着田,,35.8831866,139.3110516,埼玉県,B,その他,巾着田（きんちゃくだ）は、埼玉県日高市高麗本郷（こまほんごう）に位置し、高麗川が南向きに大きく蛇行することで形成された巾着のような形状の平地である。
金剛寺,,35.8573796,139.6144822,埼玉県,E,神社仏閣,
金鑚神社,,36.1808388,139.0731325,埼玉県,B,神社仏閣,
熊谷さくら運動公園,,36.1537865,139.3455146,埼玉県,C,その他,熊谷さくら運動公園（くまがやさくらうんどうこうえん）は、埼玉県熊谷市小島に位置する熊谷市営の都市公園（運動公園）である。
熊谷スポーツ文化公園,,36.1657442,139.4070876,埼玉県,B,その他,熊谷スポーツ文化公園（くまがやスポーツぶんかこうえん）は埼玉県熊谷市内にある埼玉県営の都市公園（広域公園）。
熊谷ラグビー場,,36.1683924,139.4020421,埼玉県,B,その他,熊谷ラグビー場（くまがやラグビーじょう）は、埼玉県熊谷市の熊谷スポーツ文化公園内にあるラグビー場。
熊谷桜堤,,36.136726,139.3830534,埼玉県,C,その他,熊谷桜堤 （くまがやさくらつつみ）は、埼玉県熊谷市で荒川左岸の堤防の内、荒川大橋付近から下流、約2kmの区間の名称で観光名所。
軍太利神社,,35.8571097,139.2943509,埼玉県,D,神社仏閣,
傑傳寺,,35.8279289,139.7593419,埼玉県,E,神社仏閣,
権現堂公園,,36.1020025,139.7245677,埼玉県,C,その他,権現堂公園（ごんげんどうこうえん）は、埼玉県幸手市及び久喜市に位置する埼玉県営の都市公園（広域公園）である。
原爆の図丸木美術館,,36.028182,139.352239,埼玉県,C,美術館博物館,
弦代公園,,36.0848089,139.6880505,埼玉県,D,その他,弦代公園（つるしろこうえん）は、埼玉県久喜市桜田五丁目にある都市公園（近隣公園）である。
古代蓮の里,,36.1317343,139.4983734,埼玉県,B,その他,古代蓮の里（こだいはすのさと）は、埼玉県行田市にある公園を兼ねる施設である。
戸田公園,,35.8017759,139.6681224,埼玉県,C,その他,戸田公園（とだこうえん）は、埼玉県戸田市に位置する埼玉県営の都市公園（総合公園）である。
戸田市立郷土博物館,,35.819106,139.663382,埼玉県,D,美術館博物館,
戸田漕艇場,,35.8034004,139.6652079,埼玉県,B,その他,戸田漕艇場（とだそうていじょう）は、埼玉県戸田市の戸田公園内にあるローイング競技（ボート競技）コースである。
五千頭の龍が昇る聖天宮,,35.9643581,139.426901,埼玉県,B,その他,五千頭の龍が昇る聖天宮（ごせんとうのりゅうがのぼるせいてんきゅう）は、日本の埼玉県坂戸市にある、台湾系道教の宮。
光音寺,,35.7948263,139.7397556,埼玉県,E,神社仏閣,
幸手総合公園,,36.0825227,139.752093,埼玉県,E,その他,幸手総合公園（さってそうごうこうえん）は埼玉県幸手市（権現堂川地区）に位置する幸手市立の都市公園（総合公園）である。
広済寺,,35.9269765,139.4824013,埼玉県,E,神社仏閣,
甲武信ヶ岳,,35.9091833,138.728873,埼玉県,B,その他,"甲武信ヶ岳（こぶしがたけ）は、山梨県・埼玉県・長野県の3県の境にある標高2,475mの山で、奥秩父山塊の主脈の中央に位置する。"
行田市郷土博物館,,36.137865,139.453279,埼玉県,D,美術館博物館,
行田八幡神社,,36.1389158,139.4615222,埼玉県,C,神社仏閣,
高源寺,,36.1341616,139.4629653,埼玉県,C,神社仏閣,
高山不動,,35.9401175,139.2191673,埼玉県,C,神社仏閣,
高城神社,,36.1454767,139.387086,埼玉県,C,神社仏閣,高城神社（たかぎじんじゃ）は、埼玉県熊谷市宮町にある神社。
高須賀池公園,,36.0985189,139.7131384,埼玉県,E,その他,高須賀池公園（たかすかいけこうえん）は埼玉県幸手市にある公園。
高麗神社,,35.8985741,139.3227046,埼玉県,B,神社仏閣,
鴻沼資料館,,35.8511797,139.6282764,埼玉県,D,美術館博物館,鴻沼資料館（こうぬましりょうかん）は、埼玉県さいたま市桜区西堀四丁目にある資料館である。
国営武蔵丘陵森林公園,,36.0852997,139.3717151,埼玉県,B,その他,国営武蔵丘陵森林公園（こくえい むさしきゅうりょうしんりんこうえん）は、埼玉県比企郡滑川町と熊谷市（北口周辺のみ）にまたがる比企北丘陵にある国営公園。
黒山三滝,,35.9409028,139.2455501,埼玉県,C,自然,黒山三滝（くろやまさんたき）は、埼玉県入間郡越生町黒山にある3つの滝の総称である。
黒浜公園,,36.0004715,139.6718743,埼玉県,E,その他,黒浜公園（くろはまこうえん）は、埼玉県蓮田市大字黒浜にある運動施設。
妻沼聖天山,,36.2281887,139.3746748,埼玉県,E,神社仏閣,
彩の国さいたま芸術劇場,,35.8771799,139.6219079,埼玉県,B,その他,彩の国さいたま芸術劇場（さいのくにさいたまげいじゅつげきじょう、Sai-no-Kuni Saitama Arts Theater）は、埼玉県さいたま市中央区に位置する、埼玉県立の複合舞台芸術施設である。
彩の森入間公園,,35.8363881,139.3984744,埼玉県,D,その他,彩の森入間公園（さいのもりいるまこうえん）は、埼玉県入間市内にある埼玉県営の都市公園（総合公園）。
彩湖・道満グリーンパーク,,35.8234416,139.629571,埼玉県,B,その他,彩湖・道満グリーンパーク（さいこ・どうまんグリーンパーク）は、埼玉県戸田市およびさいたま市南区・桜区にまたがる公園である。
埼玉スタジアム2002,,35.9031042,139.7176803,埼玉県,A,その他,埼玉スタジアム2002（さいたまスタジアムにまるまるに）は、埼玉県さいたま市緑区美園の埼玉スタジアム2002公園内にあるサッカー専用スタジアム。
埼玉スタジアム2002公園,,35.9037935,139.7178135,埼玉県,C,その他,埼玉スタジアム2002公園（さいたまスタジアム にまるまるにこうえん）は、埼玉県さいたま市緑区の県営公園である。
埼玉県こども動物自然公園,,35.9976566,139.3719099,埼玉県,B,その他,埼玉県こども動物自然公園（さいたまけんこどもどうぶつしぜんこうえん　英語名称:Saitama Children's Zoo）は、埼玉県東松山市岩殿にある埼玉県立の動物園である。
埼玉県平和資料館,,35.9986643,139.3655961,埼玉県,C,美術館博物館,埼玉県平和資料館（さいたまけんへいわしりょうかん）は、埼玉県東松山市の物見山公園内にある埼玉県立の資料館である。
埼玉県立さきたま史跡の博物館,,36.125121,139.4756819,埼玉県,C,美術館博物館,
埼玉県立近代美術館,,35.869598,139.643019,埼玉県,B,美術館博物館,
埼玉県立自然の博物館,,36.0874899,139.1159825,埼玉県,C,美術館博物館,
埼玉県立文書館,,35.8572892,139.6469797,埼玉県,D,その他,埼玉県立文書館（さいたまけんりつもんじょかん）は、埼玉県さいたま市浦和区高砂四丁目にある埼玉県が設置している公文書館である。
埼玉県立歴史資料館,,36.03682,139.323435,埼玉県,D,美術館博物館,
三吉稲荷神社,,35.8534708,139.3078351,埼玉県,E,神社仏閣,
三橋総合公園,,35.9122054,139.596274,埼玉県,D,その他,三橋総合公園（みはしそうごうこうえん）は、埼玉県さいたま市西区にある総合公園である。
三峯神社,,35.9257246,138.929866,埼玉県,A,神社仏閣,三峯神社（みつみねじんじゃ）は、埼玉県秩父市三峰にある神社。旧社格は県社で、現在は神社本庁の別表神社。
三芳野神社,,35.9242257,139.4924551,埼玉県,C,神社仏閣,
山崎公園,,35.8485936,139.5526747,埼玉県,D,その他,山崎公園（やまざきこうえん）は埼玉県富士見市水子の富士見江川沿いの低地に整備された公園で、別名「せせらぎ菖蒲園」と呼ばれている。
山田八幡神社,,35.9458653,139.4817293,埼玉県,E,神社仏閣,
四季の湯温泉,,36.0944849,139.3408775,埼玉県,D,温泉,四季の湯温泉（ときのゆおんせん）は、埼玉県熊谷市にある温泉。
子ノ権現天龍寺,,35.907368,139.1892395,埼玉県,C,神社仏閣,
慈光寺阿弥陀堂 (本堂),,36.0115402,139.2321802,埼玉県,E,神社仏閣,
芝桜の丘,,35.9812258,139.0887078,埼玉県,E,自然,
首都圏外郭放水路,,35.9972801,139.8117338,埼玉県,A,美術館博物館,
秋ヶ瀬公園,,35.853099,139.6015165,埼玉県,B,その他,秋ヶ瀬公園（あきがせこうえん）は、埼玉県さいたま市桜区大字栄和、大字大久保領家、大字山久保、大字神田、大字下大久保、大字上大久保、大字町谷、大字西堀、大字道場ほか地内（飛地）の荒川左岸と鴨川右岸に挟まれた場所に位置する埼玉県営の都市公園（都市緑地）である。
渋沢栄一記念館,,36.2342374,139.2639063,埼玉県,C,美術館博物館,渋沢栄一記念館（しぶさわえいいちきねんかん）は、埼玉県深谷市が運営する渋沢栄一に関する博物館。
出雲伊波比神社,,35.942478,139.3112962,埼玉県,C,神社仏閣,
所沢航空記念公園,,35.7965667,139.4691063,埼玉県,B,その他,所沢航空記念公園（ところざわこうくうきねんこうえん）は、埼玉県所沢市にある県営公園。
所沢航空発祥記念館,,35.7989851,139.4714884,埼玉県,B,美術館博物館,所沢航空発祥記念館（ところざわこうくうはっしょうきねんかん）は、埼玉県所沢市の所沢航空記念公園の敷地内にある航空をテーマとした埼玉県立の博物館。
小見真観寺古墳,,36.159492,139.4768811,埼玉県,C,その他,
小松神社,,36.1563453,139.5271707,埼玉県,D,神社仏閣,
庄和総合公園,,35.9908647,139.8032911,埼玉県,D,その他,庄和総合公園 (しょうわそうごうこうえん) とは埼玉県春日部市に所在する都市計画公園である。
沼井公園,,36.0881289,139.6862806,埼玉県,D,その他,沼井公園（ぬまいこうえん）は、埼玉県久喜市桜田三丁目にある都市公園（近隣公園）である。
上青木氷川神社,,35.8290382,139.7254496,埼玉県,E,神社仏閣,
上谷総合公園,,36.0584877,139.5520427,埼玉県,D,その他,上谷総合公園（かみやそうごうこうえん）は、埼玉県鴻巣市上谷にある都市公園である。
上尾運動公園,,35.9689638,139.608203,埼玉県,C,その他,上尾運動公園（あげおうんどうこうえん）は埼玉県上尾市愛宕に位置する都市公園（運動公園）である。
上尾市民球場,,35.9914488,139.5936438,埼玉県,B,その他,上尾市民球場（あげおしみんきゅうじょう）は、埼玉県上尾市菅谷の上平公園内にある硬式野球場である。
城峯公園,,36.1236357,139.0243797,埼玉県,E,その他,城峯公園（じょうみねこうえん）は、埼玉県児玉郡神川町にある公園。
城立寺,,36.2381346,139.1880222,埼玉県,E,神社仏閣,
浄源寺,,35.9493915,139.7064796,埼玉県,E,神社仏閣,
浄国寺,,35.9452254,139.6891497,埼玉県,D,神社仏閣,
浄念寺,,35.9993342,139.5659017,埼玉県,D,神社仏閣,
榛名神社,,35.8656192,139.5410081,埼玉県,E,神社仏閣,
真蔵院,,35.8278158,139.7911724,埼玉県,E,神社仏閣,
真名板高山古墳,,36.1333765,139.5221534,埼玉県,E,その他,
水子貝塚公園,,35.8443877,139.5621361,埼玉県,C,その他,水子貝塚（みずこかいづか）は、埼玉県富士見市にある貝塚および環状集落の遺跡。
水城公園,,36.134726,139.458174,埼玉県,C,その他,水城公園（すいじょう こうえん）は、埼玉県行田市にある都市公園（総合公園）。
杉戸西近隣公園,,36.0503582,139.7078372,埼玉県,E,その他,杉戸西近隣公園（すぎとにし きんりんこうえん）は埼玉県北葛飾郡杉戸町にある、北葛飾郡杉戸町が設置、管理・運営する公園である。
杉山城,,36.0626402,139.311994,埼玉県,B,城,
菅谷館,,36.0358452,139.3217616,埼玉県,B,城,
星溪園,,36.1443287,139.3812628,埼玉県,C,その他,星溪園（せいけいえん）は、埼玉県熊谷市にある回遊式庭園。
正覚院,,36.1684768,139.5380022,埼玉県,E,神社仏閣,
正樹院,,35.8899339,139.6551345,埼玉県,E,神社仏閣,
正福寺,,35.8892061,139.6487052,埼玉県,E,神社仏閣,
清久公園,,36.0694702,139.6322958,埼玉県,D,その他,清久公園（きよくこうえん）は、埼玉県久喜市清久町に所在する、久喜市が設置、管理・運営する都市公園（近隣公園）である。
西城沼公園,,35.9996978,139.6573616,埼玉県,D,その他,西城沼公園（にしじょうぬまこうえん）は埼玉県蓮田市に所在する、蓮田市が設置・管理・運営する公園である。
西武園ゆうえんち,,35.7699991,139.4440877,埼玉県,A,その他,西武園ゆうえんち（せいぶえんゆうえんち）は、埼玉県所沢市山口にあるレトロテーマパーク。
西武園競輪場,,35.7687404,139.4466012,埼玉県,B,その他,西武園競輪場（せいぶえんけいりんじょう）は、埼玉県所沢市荒幡にある競輪場。
西方寺,,35.8164641,139.7250595,埼玉県,E,神社仏閣,
西遊馬氷川神社,,35.9039605,139.5728103,埼玉県,E,神社仏閣,
誠之堂,,36.2225115,139.27547,埼玉県,D,その他,誠之堂（せいしどう）は、埼玉県深谷市にある建築物。
青木町公園総合運動場,,35.8225481,139.7116915,埼玉県,C,その他,青木町公園総合運動場（あおきちょうこうえんそうごううんどうじょう）は、埼玉県川口市西青木の青木町公園（青木町平和公園）内に所在する運動場である。
千年谷公園,,35.9912811,139.3809981,埼玉県,E,その他,千年谷公園（せんねんだにこうえん）とは、埼玉県東松山市旗立台に位置する都市公園（近隣公園、都市緑地）である。
川越の蔵造りの町並み,かわごえのくらづくりのまちなみ,35.9251,139.4858,埼玉県,A,街並み,「小江戸」と呼ばれる蔵造りの商家町。
川越まつり会館,,35.9243784,139.48248,埼玉県,D,美術館博物館,
川越運動公園,,35.928949,139.525759,埼玉県,C,その他,川越運動公園（かわごえ うんどうこうえん）は、埼玉県川越市下老袋に所在する運動公園。
川越市産業観光館,,35.9160545,139.4837896,埼玉県,D,その他,川越市産業観光館（かわごえしさんぎょうかんこうかん）は、埼玉県川越市新富町にある商業施設。
川越市蔵造り資料館,,35.9237132,139.4828468,埼玉県,D,美術館博物館,
川越水上公園,,35.913249,139.451999,埼玉県,C,その他,川越水上公園（かわごえすいじょうこうえん）は埼玉県川越市にある公園。
川越八幡宮,,35.9112318,139.4846415,埼玉県,C,神社仏閣,川越八幡宮（かわごえはちまんぐう）は、埼玉県川越市南通町の市街地に鎮座する八幡宮である。
川越氷川神社,かわごえひかわじんじゃ,35.9271396,139.4887762,埼玉県,E,神社仏閣,縁結びで知られる川越の総鎮守。
川口オートレース場,,35.8211462,139.723911,埼玉県,B,その他,川口オートレース場 （かわぐちオートレースじょう） は、埼玉県川口市青木に所在するオートレース場である。
川口市立グリーンセンター,,35.8460806,139.7260131,埼玉県,C,その他,川口市立グリーンセンター（かわぐちしりつグリーンセンター）は、埼玉県川口市新井宿にある植物園。
川口市立科学館 (Kawaguchi Science Museum),,35.8276765,139.7198599,埼玉県,D,美術館博物館,
川口神社,,35.798148,139.7227169,埼玉県,E,神社仏閣,
川里中央公園,,36.0923507,139.5250965,埼玉県,E,その他,川里中央公園（かわさとちゅうおうこうえん）は、埼玉県鴻巣市（川里地区）にある、鴻巣市（旧・北埼玉郡川里町）が設置、管理・運営する公園である。
浅間塚古墳,,36.1233277,139.4796579,埼玉県,D,その他,
箭弓稲荷神社,,36.0344934,139.3983793,埼玉県,E,神社仏閣,
草加神社,,35.8275706,139.8005179,埼玉県,D,神社仏閣,
造幣さいたま博物館,,35.8935414,139.640345,埼玉県,C,美術館博物館,造幣さいたま博物館（ぞうへいさいたまはくぶつかん）は、埼玉県さいたま市大宮区の造幣局さいたま支局にある博物館。
足立神社,,35.8974857,139.5895903,埼玉県,D,神社仏閣,
村山快哉堂,,35.8357487,139.5810832,埼玉県,D,その他,村山快哉堂（むらやまかいさいどう）は、埼玉県志木市にある薬局および建築物。
大井氷川神社,,35.8535055,139.5205458,埼玉県,E,神社仏閣,氷川神社（ひかわじんじゃ）は、埼玉県ふじみ野市大井にある神社。
大雲寺,,36.0029547,139.5623086,埼玉県,D,神社仏閣,
大宮花の丘農林公苑,,35.9406458,139.5903704,埼玉県,D,その他,大宮花の丘農林公苑（おおみやはなのおかのうりんこうえん）は、埼玉県さいたま市西区（一部は上尾市）にある公園である。
大宮競輪場,,35.9191295,139.6337503,埼玉県,B,その他,大宮競輪場（おおみやけいりんじょう）は、埼玉県さいたま市大宮区高鼻町四丁目にある競輪場。
大宮公園小動物園,,35.9183536,139.6323186,埼玉県,B,その他,大宮公園（おおみやこうえん）は、埼玉県さいたま市大宮区および見沼区にある、67.8 haの面積を有する埼玉県営の都市公園（広域公園）である。
大行院,,35.8414,139.7005116,埼玉県,E,神社仏閣,
大長寺,,36.1420262,139.4649822,埼玉県,E,神社仏閣,
大天白神社,,36.179481,139.5387765,埼玉県,D,神社仏閣,
大日塚古墳,,36.1275612,139.468156,埼玉県,E,その他,
大陽寺,,35.9081437,138.9711833,埼玉県,D,神社仏閣,
滝宮神社,,36.1909161,139.2794268,埼玉県,D,神社仏閣,
男衾,,36.1074776,139.2341285,埼玉県,B,温泉,
地蔵塚古墳,,36.1478671,139.487037,埼玉県,D,その他,
地福寺,,35.7831995,139.623805,埼玉県,D,神社仏閣,
智光山公園,,35.88221,139.3952529,埼玉県,C,その他,智光山公園（ちこうざんこうえん）は、埼玉県狭山市にある都市公園。
竹寺,,35.8891205,139.192094,埼玉県,C,神社仏閣,竹寺（たけでら）は、埼玉県飯能市大字南字八王子にある天台宗の寺院である。
秩父04番  高谷山金昌寺,,36.0066065,139.1134476,埼玉県,D,神社仏閣,
秩父13番 旗下山 慈眼寺,,35.9923956,139.0827014,埼玉県,E,神社仏閣,
秩父14番 長岳山今宮坊,,35.9950587,139.0786807,埼玉県,E,神社仏閣,
秩父15番 母巣山 少林寺,,35.9952331,139.085269,埼玉県,E,神社仏閣,
秩父16番 無量山 西光寺,,36.0005587,139.0774972,埼玉県,E,神社仏閣,
秩父22 華台山童子堂,,36.0072798,139.0731686,埼玉県,E,神社仏閣,
秩父23 松風山音楽寺,,36.0060029,139.0621307,埼玉県,C,神社仏閣,
秩父24 光智山 法泉寺,,35.9875147,139.0610687,埼玉県,E,神社仏閣,
秩父25 岩谷山 久昌寺,,35.9720976,139.0479661,埼玉県,E,神社仏閣,
秩父29番 笹戸山 長泉院,,35.9602869,139.0498987,埼玉県,E,神社仏閣,
秩父ミューズパーク,,36.0036315,139.060406,埼玉県,B,その他,秩父ミューズパーク（ちちぶミューズパーク）は、埼玉県秩父市および秩父郡小鹿野町にまたがる地域にある、埼玉県営及び秩父市営の公園である。
秩父御岳山,,35.9665805,138.94272,埼玉県,D,自然,御岳山（おんたけさん）は、埼玉県秩父市と秩父郡小鹿野町との境界にある山である。
秩父御嶽神社,,35.9152788,139.2116079,埼玉県,C,神社仏閣,秩父御嶽神社（ちちぶおんたけじんじゃ）は、埼玉県飯能市坂石にある神社。
秩父今宮神社,,35.9949601,139.0803248,埼玉県,C,神社仏閣,
秩父神社,ちちぶじんじゃ,35.9975821,139.0842446,埼玉県,B,神社仏閣,秩父夜祭で知られる古社。
朝霞市博物館,,35.812689,139.597387,埼玉県,E,美術館博物館,
朝日 氷川神社,,35.8101493,139.7315799,埼玉県,E,神社仏閣,
調神社,,35.8534177,139.6556849,埼玉県,B,神社仏閣,調神社（つきじんじゃ）は、埼玉県さいたま市浦和区岸町三丁目にある神社。式内社で、旧社格は県社。
長光寺,,35.8439062,139.2749856,埼玉県,E,神社仏閣,
長瀞,ながとろ,36.0952949,139.1124969,埼玉県,B,自然,岩畳とライン下りで知られる渓谷。
長瀞町郷土資料館,,36.092405,139.1076023,埼玉県,E,美術館博物館,
鉄道博物館,てつどうはくぶつかん,35.920556,139.618333,埼玉県,B,美術館博物館,JR東日本が運営する国内最大級の鉄道博物館。
天洲寺,,36.1621968,139.4860344,埼玉県,D,神社仏閣,
天覧山,,35.8620377,139.308305,埼玉県,B,自然,天覧山（てんらんざん）は、埼玉県飯能市にある山。
田島ヶ原サクラソウ自生地,,35.8383989,139.6155393,埼玉県,C,その他,田島ヶ原サクラソウ自生地（たじまがはらサクラソウじせいち）は、埼玉県さいたま市桜区にある、国の特別天然記念物に指定されたサクラソウの自生地である。
渡良瀬遊水地,,36.2396328,139.6778746,埼玉県,A,その他,渡良瀬遊水地（わたらせゆうすいち）は、関東地方の栃木県・群馬県・埼玉県・茨城県にまたがる、日本最大の遊水地である。
土屋氷川神社,,35.9071281,139.5709488,埼玉県,E,神社仏閣,
東松山ぼたん園,,36.0656588,139.3855683,埼玉県,D,その他,東松山ぼたん園（ひがしまつやまぼたんえん）は、埼玉県東松山市にある牡丹を中心とした公園。
東武動物公園,,36.0230203,139.7100894,埼玉県,B,その他,東武動物公園（とうぶどうぶつこうえん）は、埼玉県南埼玉郡宮代町と埼玉県白岡市にまたがる、動物園と遊園地を併設した複合型レジャー施設。
東明寺,,35.9286651,139.4846222,埼玉県,C,神社仏閣,
道の駅めぬま,,36.2151519,139.3692324,埼玉県,D,その他,道の駅めぬま（みちのえき めぬま）は、埼玉県熊谷市にある国道407号の道の駅である。
道の駅童謡のふる里おおとね,,36.1702888,139.6451492,埼玉県,D,その他,道の駅童謡のふる里おおとね（みちのえき どうようのふるさとおおとね）は、埼玉県加須市にある埼玉県道46号加須北川辺線の道の駅である。
内間木神社,,35.8242013,139.6092855,埼玉県,E,神社仏閣,
内牧公園,,35.9903453,139.7213186,埼玉県,C,その他,内牧公園（うちまきこうえん）とは、埼玉県春日部市内牧にある春日部市営の公園。
南越谷阿波踊り,,35.8756377,139.7932302,埼玉県,B,その他,南越谷阿波踊り（みなみこしがやあわおどり）は、埼玉県越谷市南越谷で毎年8月下旬に行われる阿波踊りである。
南栗橋近隣公園,,36.1087078,139.706998,埼玉県,D,その他,南栗橋近隣公園（みなみくりはし きんりんこうえん）は、埼玉県久喜市南栗橋にある都市公園（近隣公園）である。
南和寺,,35.9121757,139.7496421,埼玉県,D,神社仏閣,
日和田山,,35.893764,139.3048509,埼玉県,C,自然,日和田山（ひわださん）は、埼玉県日高市にある山である。
入間市博物館,,35.8013787,139.3668805,埼玉県,C,美術館博物館,入間市博物館（いるましはくぶつかん）は、埼玉県入間市にある博物館である。
忍城御三階櫓,,36.1377719,139.4540666,埼玉県,E,城,
八枝神社,,35.9438735,139.5478191,埼玉県,D,神社仏閣,
八丁湖,,36.0585767,139.440403,埼玉県,D,自然,八丁湖（はっちょうこ）は、埼玉県比企郡吉見町にある水田の灌漑用につくられた人造湖である。
八潮市立資料館,,35.826432,139.820914,埼玉県,D,美術館博物館,
八幡山古墳,,36.1429563,139.4868356,埼玉県,C,その他,
鉢形,,36.1138197,139.2090207,埼玉県,B,温泉,
鉢形城,,36.1092846,139.1959612,埼玉県,B,城,
塙保己一記念館,,36.1906203,139.12864,埼玉県,C,美術館博物館,塙保己一記念館（はなわほきいちきねんかん）は、埼玉県本庄市にある記念館。
番星寺,,35.792921,139.5520683,埼玉県,E,神社仏閣,
美の山公園,,36.0566784,139.1136326,埼玉県,C,その他,美の山公園（みのやまこうえん）は埼玉県秩父郡皆野町と秩父市にある標高581.5メートルの蓑山（みのやま）にある県立公園。
氷川女体神社,,35.8869208,139.6937649,埼玉県,B,神社仏閣,氷川女体神社（ひかわにょたいじんじゃ）は、埼玉県さいたま市緑区にある神社。登記上の宗教法人名称は旧字体の氷川女體神社である。
氷川神社,,35.9275595,139.4885515,埼玉県,B,神社仏閣,
武甲山,,35.9516121,139.0977764,埼玉県,A,自然,武甲山（ぶこうざん・ぶこうさん）は、埼玉県秩父地方の秩父市と横瀬町の境界に位置する山。
文殊寺,,35.883574,139.6812805,埼玉県,D,神社仏閣,
平林寺,,35.9666664,139.6760988,埼玉県,B,その他,平林寺（へいりんじ）は、埼玉県新座市野火止にある臨済宗妙心寺派の寺院で、野火止台地に約40ヘクタールの広大な境内を有する。
別所沼,,35.8563724,139.6412038,埼玉県,B,自然,別所沼（べっしょぬま）は、埼玉県さいたま市南区別所四丁目にある沼である。
宝登山,,36.0931315,139.0916221,埼玉県,B,自然,宝登山（ほどさん）は、埼玉県秩父郡長瀞町にある標高497.1メートルの山。
北本水辺プラザ公園,,36.0220115,139.503502,埼玉県,D,その他,北本水辺プラザ公園（きたもとみずべプラザこうえん）は埼玉県北本市大字荒井にある河川公園である。
本応寺,,35.9261713,139.4799422,埼玉県,D,神社仏閣,
本学院,,36.0112064,139.5659996,埼玉県,E,神社仏閣,
妙音沢,,35.7763893,139.5763302,埼玉県,C,その他,妙音沢（みょうおんざわ）は、埼玉県新座市を流れる沢。
名栗湖,,35.8744953,139.1746863,埼玉県,C,自然,名栗湖（なぐりこ）は、埼玉県飯能市にある人造湖。
明照寺,,35.8955418,139.7200548,埼玉県,E,神社仏閣,
与野公園,,35.8822024,139.6171828,埼玉県,C,その他,与野公園（よのこうえん）は、埼玉県さいたま市中央区本町西一丁目にある公園。
羊山公園,,35.9846454,139.0883486,埼玉県,C,その他,羊山公園（ひつじやまこうえん）は、埼玉県秩父市大宮にある公園。
陸上自衛隊広報センター,,35.7849517,139.5997345,埼玉県,B,その他,陸上自衛隊広報センター（りくじょうじえいたいこうほうセンター、英語: Japan Ground Self-Defense Force Public Information Center）は、東京都と埼玉県にまたがる陸上自衛隊朝霞駐屯地の構内にある陸上自衛隊の博物館・広報施設である。
両神山,,36.0234167,138.8413019,埼玉県,B,自然,両神山（りょうかみさん）は、埼玉県秩父郡小鹿野町と秩父市の境目にある山。
林光寺,,35.8923769,139.596197,埼玉県,D,神社仏閣,
霊山院,,36.0102046,139.2254749,埼玉県,D,神社仏閣,
蓮馨寺,,35.9194492,139.4827186,埼玉県,C,神社仏閣,蓮馨寺（れんけいじ）は、埼玉県川越市連雀町にある浄土宗の寺院である。
蓮台寺,,36.1822907,139.6030356,埼玉県,E,神社仏閣,
連光寺,,35.8821175,139.5289101,埼玉県,E,神社仏閣,
和光樹林公園,,35.7775643,139.6023929,埼玉県,D,その他,和光樹林公園（わこうじゅりんこうえん）は、埼玉県和光市に位置する埼玉県営の都市公園（総合公園）である。
和銅遺跡,,36.0477311,139.1072103,埼玉県,C,その他,和銅採掘遺跡（わどうさいくついせき）は、埼玉県秩父市黒谷に所在する、銅の採掘露天掘跡を中心とする遺跡。
和樂備神社,,35.826496,139.6812492,埼玉県,C,神社仏閣,和樂備神社（わらびじんじゃ）は埼玉県蕨市にある神社である。
鷲宮神社,,36.0999753,139.6548687,埼玉県,B,神社仏閣,
寶登山神社,,36.0932559,139.1030646,埼玉県,B,神社仏閣,
眞光寺,,36.1636134,139.5485003,埼玉県,E,神社仏閣,
あけぼの山公園,,35.8973333,140.0046026,千葉県,C,その他,あけぼの山公園（あけぼのやまこうえん）は、千葉県柏市布施にある市立公園（風致公園)。
おせんころがし,,35.116634,140.2235708,千葉県,B,自然,
お茶の水,,35.6059113,140.1256605,千葉県,E,その他,
さんぶの森公園,,35.6411551,140.3680241,千葉県,D,その他,さんぶの森公園（さんぶのもりこうえん）は、千葉県山武市埴谷にある自然・運動公園。
ジャングルクルーズ,,35.6339528,139.8824076,千葉県,B,その他,
シンデレラのフェアリーテイル・ホール Cinderella's Fairy Tale Hall,,35.6319456,139.8808501,千葉県,C,その他,
タートル・トーク,,35.6233239,139.8874676,千葉県,B,その他,
ビッグ サンダー マウンテン,,35.6326401,139.8840822,千葉県,B,その他,
ファイターズ鎌ケ谷スタジアム,,35.7591656,139.9796954,千葉県,B,その他,ファイターズ鎌ケ谷スタジアム（ファイターズかまがやスタジアム）は、千葉県鎌ケ谷市にある野球場である。
フクダ電子アリーナ,,35.5770104,140.1235917,千葉県,B,その他,フクダ電子アリーナ（フクダでんしアリーナ、英: Fukuda Denshi Arena）は、千葉県千葉市中央区の千葉市蘇我スポーツ公園内にある多目的球技場。
ふなばしアンデルセン公園,,35.7610907,140.0609331,千葉県,B,その他,ふなばしアンデルセン公園（ふなばしアンデルセンこうえん）は、千葉県船橋市にある総合公園。
ふれあい坂田池公園,,35.6616369,140.4736693,千葉県,C,その他,坂田池（さかたのいけ）は、千葉県山武郡横芝光町坂田にある池。
ホキ美術館,,35.5221199,140.280009,千葉県,B,美術館博物館,ホキ美術館（ホキびじゅつかん、Hoki Museum）は、千葉県千葉市緑区あすみが丘東にある美術館である。
マーメイドラグーンシアター,,35.6262202,139.8830533,千葉県,B,その他,
マジックランプシアター,,35.6285626,139.883104,千葉県,B,その他,
みんなみの里,,35.1284835,140.0154216,千葉県,D,その他,みんなみの里（みんなみのさと）は、千葉県鴨川市にある総合交流ターミナルである。
ロマンの森共和国,,35.1823564,140.0089127,千葉県,C,その他,ロマンの森共和国（ロマンのもりきょうわこく）は、千葉県君津市豊英にあるレジャー施設。
安房神社,,34.922593,139.8370142,千葉県,B,神社仏閣,安房神社（あわじんじゃ）は、千葉県館山市大神宮にある神社。式内社（名神大社）、安房国一宮。
安養寺,,35.698237,139.9398385,千葉県,E,神社仏閣,
伊能忠敬記念館,,35.8883898,140.4971635,千葉県,C,美術館博物館,
意富比神社,,35.6962442,139.9929768,千葉県,B,神社仏閣,意富比神社（おおひじんじゃ）は、千葉県船橋市にある神社。
一月寺,,35.8253077,139.9326007,千葉県,C,神社仏閣,
稲毛海浜公園,,35.6254472,140.0517877,千葉県,B,その他,稲毛海浜公園（いなげかいひんこうえん）は、千葉県千葉市美浜区にある都市公園（総合公園）である。
稲毛記念館,,35.6198607,140.0607929,千葉県,E,その他,
稲毛浅間神社,,35.6365088,140.0822689,千葉県,B,神社仏閣,
稲毛民間航空記念館,,35.6208451,140.0600196,千葉県,C,美術館博物館,
印旛沼,,35.7570649,140.1578077,千葉県,A,自然,印旛沼（いんばぬま）は、千葉県北部の利根川下流南岸に位置する利根川水系の湖沼である。
羽衣の松,,35.6040576,140.1227663,千葉県,D,その他,
姥山貝塚,,35.737631,139.9653107,千葉県,C,その他,姥山貝塚（うばやまかいづか）は、千葉県市川市柏井町一丁目にある縄文時代中期から後期にかけての貝塚を伴う環状集落の遺跡。
浦安市運動公園,,35.6288157,139.8922116,千葉県,C,その他,浦安市運動公園（うらやすしうんどうこうえん）は、千葉県浦安市舞浜にある運動公園である。
浦安市郷土博物館,,35.655169,139.901136,千葉県,C,美術館博物館,
栄松寺,,35.7918494,139.911324,千葉県,D,神社仏閣,
円福寺,,35.7032603,139.9335101,千葉県,E,神社仏閣,
遠見岬神社,,35.1467051,140.3155697,千葉県,C,神社仏閣,
下総国分寺,,35.7438606,139.9165095,千葉県,C,神社仏閣,
加曽利貝塚,,35.6235672,140.1649148,千葉県,B,その他,加曽利貝塚（かそりかいづか）は、千葉県千葉市若葉区桜木8丁目にある縄文時代の貝塚を伴う環状集落の遺跡である。
河原塚第一号古墳,,35.7763673,139.9411085,千葉県,D,その他,
我孫子市鳥の博物館,,35.8613596,140.0306378,千葉県,C,美術館博物館,
海底2万マイル,,35.6263849,139.884684,千葉県,B,その他,
覚翁寺,,35.1495311,140.3179011,千葉県,E,神社仏閣,
葛飾八幡宮,,35.7241603,139.9310898,千葉県,B,神社仏閣,
鎌ヶ谷大仏,,35.7589284,140.0132364,千葉県,B,その他,鎌ヶ谷大仏（かまがやだいぶつ）は、千葉県鎌ケ谷市にある大仏である。
鴨川シーワールド,かもがわしーわーるど,35.1152464,140.1190315,千葉県,A,その他,シャチのパフォーマンスで知られる水族館。
鴨川市総合運動施設,,35.1137497,140.0787937,千葉県,D,その他,鴨川市総合運動施設（かもがわしそうごううんどうしせつ）は千葉県鴨川市太尾にある運動施設。
鴨川松島,,35.0887188,140.1056781,千葉県,D,その他,鴨川松島（かもがわまつしま）は、千葉県鴨川市の太平洋にある7つの島の総称。
観音,,35.7319462,140.840608,千葉県,C,神社仏閣,
館山運動公園,,34.961854,139.8517712,千葉県,D,その他,千葉県立館山運動公園（ちばけんりつたてやまうんどうこうえん）は、日本の千葉県館山市藤原にある県立の運動公園。
館山湾,,35.0198631,139.8417336,千葉県,C,その他,館山湾（たてやまわん）は、千葉県にある湾。
願成就寺,,35.5829625,140.3701508,千葉県,D,神社仏閣,
気象台記念公園,,35.8648089,140.1110429,千葉県,D,その他,気象台記念公園（きしょうだいきねんこうえん）は、千葉県我孫子市にある公園である。
亀井院,,35.7387017,139.9095191,千葉県,D,神社仏閣,
亀山ダム,,35.2260682,140.0962471,千葉県,C,その他,亀山ダム（かめやまダム）は、千葉県君津市の二級河川・小櫃川に建設されたダム。
菊田神社,,35.6845056,140.0272495,千葉県,C,神社仏閣,
吉保八幡神社,,35.1307425,140.0182347,千葉県,D,神社仏閣,吉保八幡神社（きっぽはちまんじんじゃ）は、千葉県鴨川市仲（安房国長狭郡）にある神社。
橘樹神社,,35.4895141,140.3057483,千葉県,E,神社仏閣,
久留里城,,35.2876194,140.0899687,千葉県,B,城,
旧堀田邸,,35.714049,140.235877,千葉県,C,美術館博物館,
鋸南町歴史民俗資料館,,35.1282233,139.8363774,千葉県,D,美術館博物館,
魚見塚展望台,,35.0937298,140.1001179,千葉県,D,その他,魚見塚展望台（うおみづかてんぼうだい）は、千葉県鴨川市魚見塚一戦場公園内の展望台である。
京成バラ園,,35.7310111,140.0861697,千葉県,B,その他,京成バラ園（けいせいばらえん）は、千葉県八千代市にある京成グループの京成バラ園芸株式会社が運営するバラ園である。
玉前神社,,35.3761992,140.3605288,千葉県,B,神社仏閣,玉前神社（たまさきじんじゃ）は、千葉県長生郡一宮町一宮にある神社。式内社（名神大社）、上総国一宮。
金鈴塚古墳,,35.3871357,139.9328656,千葉県,E,その他,
九十九里いわし博物館,,35.5356617,140.4407372,千葉県,B,美術館博物館,
栗山川ふれあいの里公園,,35.8103736,140.4999715,千葉県,D,その他,栗山川ふれあいの里公園（くりやまがわふれあいのさとこうえん）は、千葉県香取市岩部の支川栗山川に面した公園である。
刑部岬,,35.6923185,140.7383359,千葉県,C,自然,刑部岬（ぎょうぶみさき）は、屏風ヶ浦南端に位置する千葉県旭市の太平洋に突出する岬。
犬吠埼,いぬぼうさき,35.7080988,140.8697542,千葉県,B,自然,関東最東端の岬。白亜の灯台で有名。
光圓寺,,35.778087,139.9915978,千葉県,E,神社仏閣,
江川海岸,,35.4014203,139.9021355,千葉県,C,その他,江川海岸（えがわかいがん）は、千葉県木更津市の木更津港（東京湾）に面した海岸。
行田公園,,35.7200418,139.9711029,千葉県,B,その他,行田公園（ぎょうだこうえん）は、千葉県船橋市行田にある県立の都市公園（総合公園）である。
香取神宮,かとりじんぐう,35.8856911,140.5287734,千葉県,A,神社仏閣,下総国一宮。全国の香取神社の総本社。
高家神社,,34.962472,139.9495885,千葉県,C,神社仏閣,高家神社（たかべじんじゃ）は、千葉県南房総市（旧千倉町）にある神社である。
高滝ダム,,35.3430406,140.1511797,千葉県,B,その他,高滝ダム（たかたきダム）は、千葉県市原市の二級河川・養老川に建設された県営の多目的ダム。
高塚八幡神社,,35.7588316,139.9345713,千葉県,E,神社仏閣,
高宕山自然動物園,,35.187835,139.957594,千葉県,D,その他,高宕山自然動物園（たかごやましぜんどうぶつえん）は、千葉県富津市の高宕山のふもとにある自然公園である。
高靇神社,,35.7946987,139.982493,千葉県,D,神社仏閣,
国立歴史民俗博物館,,35.7260592,140.2211016,千葉県,B,美術館博物館,"国立歴史民俗博物館（こくりつれきしみんぞくはくぶつかん、英語: National Museum of Japanese History, 略称：れきはく、歴博）は、千葉県佐倉市の佐倉城趾にある、日本の歴史、民俗学、考古学を総合的に研究・展示する歴史博物館。"
佐貫城,,35.2646828,139.8964638,千葉県,C,城,
佐倉ふるさと広場,,35.7408749,140.2019298,千葉県,C,その他,佐倉ふるさと広場（さくらふるさとひろば）は千葉県佐倉市臼井田2714番地にある都市公園。
佐倉市立美術館,,35.7191759,140.2295957,千葉県,C,美術館博物館,
佐倉順天堂記念館,,35.718334,140.242715,千葉県,C,その他,佐倉順天堂記念館（さくらじゅんてんどうきねんかん）は、千葉県佐倉市にある蘭医学塾兼診療所「佐倉順天堂」の跡地を記念する施設である。
佐倉城,,35.7220927,140.2158745,千葉県,B,城,
佐倉草ぶえの丘,,35.7479903,140.2134224,千葉県,C,その他,佐倉草ぶえの丘（さくらくさぶえのおか、英: Sakura Kusabue-no-Oka）は、千葉県佐倉市にあるレジャー施設である。
坂東29番 海上山 千葉寺,,35.5950944,140.1317168,千葉県,B,神社仏閣,
坂東32番 音羽山 清水寺,,35.2901839,140.3563617,千葉県,C,神社仏閣,
坂東33番 補陀洛山 那古寺 (那古観音),,35.0255134,139.8579468,千葉県,C,神社仏閣,
三陽メディアフラワーミュージアム,,35.6180985,140.0646279,千葉県,C,美術館博物館,
山倉大神,,35.7903562,140.5387747,千葉県,C,神社仏閣,山倉大神（やまくらだいじん）は、千葉県香取市山倉（下総国香取郡）にある神社。
四街道総合公園,,35.6543714,140.1917767,千葉県,D,その他,四街道総合公園（よつかいどうそうごうこうえん）は、千葉県四街道市和田にある総合公園。
市原ぞうの国,,35.3552433,140.1821993,千葉県,B,その他,
市原湖畔美術館,,35.3494987,140.1608058,千葉県,C,美術館博物館,
市原緑地運動公園,,35.511267,140.0598097,千葉県,D,自然,市原緑地運動公園（いちはらりょくちうんどうこうえん）は、千葉県市原市岩崎にある運動公園。
市川市動植物園,,35.7624122,139.9647564,千葉県,B,その他,市川市動植物園（いちかわしどうしょくぶつえん、英:Ichikawa Zoological & Botanical Garden）は、千葉県市川市の市立動物園及び植物園。
市立市川自然博物館,,35.7648605,139.9662477,千葉県,E,美術館博物館,
鹿野山,,35.2555778,139.9717721,千葉県,B,自然,鹿野山（かのうざん）は、千葉県君津市にある山。
芝山仁王尊,,35.6926545,140.4267529,千葉県,C,神社仏閣,
守谷海水浴場,,35.1379247,140.2620412,千葉県,B,自然,守谷海水浴場（もりやかいすいよくじょう）は千葉県勝浦市の守谷海岸にある海水浴場である。
手賀沼,,35.8590606,140.0148689,千葉県,B,その他,手賀沼（てがぬま）は、千葉県北部の柏市、我孫子市、白井市、印西市にまたがる利根川水系の湖沼。
手児奈霊神堂,,35.7383504,139.9092631,千葉県,C,神社仏閣,
酒々井総合公園,,35.7219483,140.2806191,千葉県,E,その他,酒々井総合公園（しすいそうごうこうえん）は、千葉県印旛郡酒々井町にある総合公園。
寿量院,,35.829354,139.9992593,千葉県,E,神社仏閣,
洲崎神社,,34.9680853,139.7576847,千葉県,B,神社仏閣,洲崎神社（すさきじんじゃ/すのさきじんじゃ）は、千葉県館山市洲崎にある神社。式内社（大社）論社で、江戸時代に安房国一宮とされた。
初富稲荷神社,,35.773609,139.9990451,千葉県,D,神社仏閣,
勝浦宇宙通信所,,35.209239,140.301,千葉県,D,その他,勝浦宇宙通信所（かつうらうちゅうつうしんじょ）は千葉県勝浦市に位置する、独立行政法人宇宙航空研究開発機構（JAXA）の施設。
小中池,,35.5144303,140.2842818,千葉県,D,その他,小中池（こなかいけ）は、千葉県大網白里市字小中にある農業用ため池である。
松戸運動公園,,35.7972137,139.9245518,千葉県,D,その他,松戸運動公園（まつどうんどうこうえん）は、千葉県松戸市にあるスポーツ施設が集合した公立の公園である。
松戸市立博物館,,35.8009982,139.9395298,千葉県,C,美術館博物館,
松龍寺,,35.7793078,139.8983843,千葉県,E,神社仏閣,
常盤平さくら通り,,35.8023898,139.9506573,千葉県,D,その他,常盤平さくら通り（ときわだいらさくらどおり）は、千葉県松戸市にあるソメイヨシノおよびオオシマザクラの並木道である。
常樂寺,,35.7175013,139.9584316,千葉県,E,神社仏閣,
真間山弘法寺,,35.7399649,139.9081634,千葉県,B,神社仏閣,
神崎神社,,35.9058546,140.4001672,千葉県,C,神社仏閣,神崎神社（こうざきじんじゃ）は、千葉県香取郡神崎町（下総国香取郡）にある神社。
神明社,,35.8245749,140.002049,千葉県,D,神社仏閣,
仁右衛門島,,35.077843,140.1036833,千葉県,B,自然,仁右衛門島（にえもんじま）は、千葉県鴨川市太海の沖合約200メートルにある島。
甚大寺,,35.7209069,140.2333917,千葉県,D,神社仏閣,甚大寺（じんだいじ）は、千葉県佐倉市にある天台宗の寺院。
水郷佐原あやめパーク,,35.9294154,140.524708,千葉県,B,その他,水郷佐原あやめパーク（すいごうさわらあやめパーク）は、千葉県香取市にある市営植物園である。
成田ゆめ牧場,,35.7825196,140.3159908,千葉県,C,その他,成田ゆめ牧場（なりたゆめぼくじょう）は、千葉県成田市にある観光牧場。
成田空港空と大地の歴史館,,35.7392722,140.3990612,千葉県,B,美術館博物館,
成田山新勝寺,なりたさんしんしょうじ,35.7863311,140.3172238,千葉県,A,神社仏閣,初詣参拝者数全国屈指の真言宗大本山。
成田羊羹資料館,,35.7818495,140.3154331,千葉県,C,美術館博物館,成田羊羹資料館（なりたようかんしりょうかん）は、千葉県成田市上町にある、米屋株式会社の企業博物館。
成東総合運動公園,,35.5902404,140.4469755,千葉県,E,その他,成東総合運動公園（なるとうそうごううんどうこうえん）は、千葉県山武市五木田にある自然・運動公園。
正真寺,,35.8089312,139.902721,千葉県,E,神社仏閣,
正法寺,,35.5497363,140.3130633,千葉県,E,神社仏閣,
清光寺,,35.7721285,139.900736,千葉県,E,神社仏閣,
清瀧神社,,35.6621431,139.8912165,千葉県,C,神社仏閣,
青葉の森公園,,35.5976432,140.1418505,千葉県,C,その他,青葉の森公園（あおばのもりこうえん）は、千葉県千葉市中央区にある県立の都市公園（広域公園）。
千葉ポートタワー,,35.6004335,140.0978469,千葉県,B,その他,千葉ポートタワー（ちばポートタワー）は、千葉県千葉市中央区の千葉ポートパーク内に建つランドマークタワーである。
千葉ポートパーク,,35.5997867,140.0989578,千葉県,C,その他,千葉ポートパーク（ちばポートパーク）は、千葉県千葉市中央区中央港にある県立の港湾環境整備施設（港湾緑地）である。
千葉マリンスタジアム,,35.6452311,140.0308323,千葉県,A,その他,千葉マリンスタジアム（ちばマリンスタジアム）は、千葉県千葉市美浜区の幕張海浜公園Fブロックにある多目的野球場。
千葉県国際総合水泳場,,35.6666507,140.0111739,千葉県,C,その他,千葉県国際総合水泳場（ちばけんこくさいそうごうすいえいじょう）は、千葉県習志野市茜浜二丁目にある、国際規格の水泳用プールを持つ施設である。
千葉県総合スポーツセンター,,35.6512936,140.1238852,千葉県,C,その他,千葉県総合スポーツセンター（ちばけんそうごうスポーツセンター）は、千葉県千葉市稲毛区にある県立の都市公園（運動公園）である。
千葉県立現代産業科学館,,35.7148268,139.932598,千葉県,C,美術館博物館,
千葉県立中央博物館,,35.599867,140.138489,千葉県,C,美術館博物館,
千葉県立美術館,,35.6015712,140.1016681,千葉県,C,美術館博物館,千葉県立美術館（ちばけんりつびじゅつかん）は、千葉県千葉市中央区中央港にある美術館。
千葉公園,,35.6195342,140.115755,千葉県,B,その他,千葉公園（ちばこうえん）は、千葉県千葉市中央区にある都市公園（総合公園）である。
千葉港,,35.606828,140.106301,千葉県,B,その他,千葉港（ちばこう）は、千葉県千葉市、船橋市、市川市、習志野市、市原市、袖ケ浦市に跨る港湾法上の国際拠点港湾である。
千葉市都市緑化植物園,,35.601829,140.152154,千葉県,D,その他,千葉市都市緑化植物園（ちばしとしりょくかしょくぶつえん）は、千葉県千葉市中央区にある都市緑化植物園。
千葉市動物公園,,35.6452907,140.1269006,千葉県,B,その他,千葉市動物公園（ちばしどうぶつこうえん、英:Chiba Zoological Park）は、千葉県千葉市若葉区源町280番地にある動物公園である。
千葉市美術館,,35.6089582,140.1246375,千葉県,C,美術館博物館,
千葉神社,,35.6117558,140.1237789,千葉県,B,神社仏閣,千葉神社（ちばじんじゃ）は、千葉県千葉市中央区にある神社。旧社格は県社。
川村記念美術館,,35.655445,140.222947,千葉県,A,美術館博物館,
泉自然公園,,35.5769827,140.2315338,千葉県,D,その他,泉自然公園（いずみしぜんこうえん）は、千葉県千葉市若葉区にある都市公園（風致公園）。
船橋競馬場,,35.6849511,139.9979109,千葉県,B,その他,船橋競馬場（ふなばしけいばじょう、英：Funabashi Racecourse）は、千葉県船橋市（一部習志野市）にある地方競馬の競馬場。
船橋市運動公園,,35.7304556,139.997709,千葉県,D,その他,船橋市運動公園（ふなばししうんどうこうえん）は、千葉県船橋市夏見台にある公立の運動公園である。
船橋市郷土資料館,,35.711599,140.04963,千葉県,D,美術館博物館,
船橋市総合体育館,,35.7294081,140.0513851,千葉県,C,その他,船橋市総合体育館（ふなばししそうごうたいいくかん）は、千葉県船橋市の習志野台にある総合体育館。
船橋市飛ノ台史跡公園博物館,,35.7108084,139.9748477,千葉県,D,美術館博物館,
蘇羽鷹神社,,35.8181524,139.9268865,千葉県,C,神社仏閣,
蘇我比咩神社,,35.5727201,140.1299355,千葉県,C,神社仏閣,
総寧寺,,35.7481299,139.8997646,千葉県,E,神社仏閣,
太田山公園,,35.3784827,139.9382322,千葉県,C,その他,太田山公園（おおだやまこうえん）は、千葉県木更津市にある公園。
大井香取神社,,35.8519935,140.0046532,千葉県,E,神社仏閣,
大慶園,,35.762602,139.9695105,千葉県,B,その他,大慶園（だいけいえん）は、千葉県市川市大町にあるアミューズメントパーク。
大正寺,,35.7802281,139.8998253,千葉県,E,神社仏閣,
谷津干潟,,35.6790427,140.0013109,千葉県,B,その他,谷津干潟（やつひがた）は、千葉県習志野市にある干潟。
丹生神社,,35.6848105,140.0126885,千葉県,C,神社仏閣,
中山法華経寺,,35.7202948,139.9482157,千葉県,B,神社仏閣,法華経寺（ほけきょうじ）は、千葉県市川市中山二丁目にある日蓮宗大本山の寺院である。鎌倉時代の文応元年（1260年）創立。
中台運動公園,,35.780814,140.3063641,千葉県,C,その他,中台運動公園（なかだいうんどうこうえん）は、千葉県成田市にある市営の総合運動公園である。
長全寺,,35.8625837,139.9769084,千葉県,D,神社仏閣,
釣ヶ崎海岸,,35.3353762,140.3947967,千葉県,C,その他,釣ヶ崎海岸（つりがさきかいがん）は、千葉県長生郡一宮町にある九十九里浜の南端に位置する海岸。
鶴谷八幡宮,,35.0052443,139.8664807,千葉県,C,神社仏閣,鶴谷八幡宮（つるがやはちまんぐう）は、千葉県館山市八幡にある神社。
天神社,,35.777181,140.04033,千葉県,E,神社仏閣,
天福寺,,35.683816,140.1012742,千葉県,D,神社仏閣,
渡海神社,,35.7053564,140.8476404,千葉県,D,神社仏閣,
東京ディズニーランドホテル,,35.6370832,139.8791403,千葉県,B,その他,東京ディズニーランドホテル（とうきょうディズニーランドホテル、Tokyo Disneyland Hotel）は、千葉県浦安市にある東京ディズニーリゾート (TDR) 内にあるディズニーホテルである。
東京湾観音,,35.2634007,139.8624669,千葉県,B,その他,
東大社,,35.8058937,140.6861638,千葉県,D,神社仏閣,東大社（とうだいしゃ）は、千葉県香取郡東庄町（下総国香取郡）にある神社。
東峰神社,,35.784907,140.3932153,千葉県,E,神社仏閣,東峰神社（とうほうじんじゃ）は、千葉県成田市東峰にある神社。
藤崎堀込貝塚,,35.6895979,140.0351909,千葉県,D,その他,
道の駅しょうなん,,35.8573432,140.0229289,千葉県,C,その他,道の駅しょうなん（みちのえき しょうなん）は、千葉県柏市にある千葉県道8号船橋我孫子線の道の駅である。
道の駅ふれあいパーク・きみつ,,35.1985588,140.0695044,千葉県,D,その他,道の駅ふれあいパーク・きみつ（みちのえき ふれあいパーク きみつ）は、千葉県君津市にある千葉県道24号千葉鴨川線の道の駅である。
道の駅ローズマリー公園,,35.0089898,139.9745399,千葉県,D,その他,道の駅ローズマリー公園（みちのえき ローズマリーこうえん）は、千葉県南房総市にある千葉県道297号和田丸山線の道の駅である。
道の駅鴨川オーシャンパーク,,35.0646901,140.077667,千葉県,D,その他,道の駅鴨川オーシャンパーク（みちのえき かもがわオーシャンパーク）は、千葉県鴨川市にある国道128号の道の駅である。
道の駅季楽里あさひ,,35.7179352,140.6750003,千葉県,D,その他,道の駅季楽里あさひ（みちのえき きらりあさひ）は、千葉県旭市にある市道1級59号線の道の駅である。
道の駅富楽里とみやま,,35.1009246,139.855191,千葉県,C,その他,道の駅富楽里とみやま（みちのえき ふらりとみやま）は、千葉県南房総市二部にある千葉県道184号外野勝山線の道の駅である。
日本寺大仏,,35.1577061,139.8347358,千葉県,B,その他,
濃溝の滝,,35.1850592,140.0598936,千葉県,C,自然,濃溝の滝・亀岩の洞窟（のうみぞのたき・かめいわのどうくつ）は、千葉県君津市笹（清水渓流広場）にある亀岩の洞窟内を流れる滝である。
柏の葉公園,,35.8954169,139.940343,千葉県,C,その他,柏の葉公園（かしわのはこうえん）は、千葉県柏市柏の葉にある県立の都市公園（広域公園）である。
柏神社,,35.8599645,139.9736896,千葉県,C,神社仏閣,
八千代市立郷土博物館,,35.729821,140.117955,千葉県,D,美術館博物館,
八鶴湖,,35.5613762,140.357935,千葉県,C,その他,八鶴湖（はっかくこ、はっかっこ）は、千葉県東金市にある徳川家康が東金御殿を築造の際に池を広げて造られた御殿池（人造湖）。
八剱八幡神社,,35.3811908,139.9234843,千葉県,C,神社仏閣,
飯香岡八幡宮,,35.5375323,140.1178105,千葉県,B,神社仏閣,飯香岡八幡宮（いいがおかはちまんぐう）は、千葉県市原市八幡にある神社である。
富津岬,,35.3129848,139.7838745,千葉県,B,その他,富津岬（ふっつみさき）は、千葉県富津市の東京湾に突出する岬（砂嘴）。
舞浜アンフィシアター,,35.6325991,139.8890503,千葉県,B,その他,舞浜アンフィシアター（まいはまアンフィシアター）は、千葉県浦安市舞浜の東京ディズニーリゾート（TDR）内にある多目的ホールである。
福満寺,,35.8529979,140.0043045,千葉県,D,神社仏閣,
平潟神社,,35.7866776,139.8944502,千葉県,E,神社仏閣,
宝光院,,35.7829433,139.896368,千葉県,D,神社仏閣,
法教山浄安寺,,35.7625236,139.896784,千葉県,E,神社仏閣,
豊作稲荷神社,,35.7839707,139.9923185,千葉県,E,神社仏閣,
飽富神社,,35.4208163,139.9852362,千葉県,C,神社仏閣,飽富神社（あきとみじんじゃ）は、千葉県袖ケ浦市飯富字東馬場にある神社である。
房総フラワーライン,,34.9810118,139.8310845,千葉県,C,その他,房総フラワーライン（ぼうそうフラワーライン）とは、千葉県の房総半島の南部にある道路の愛称であり、千葉県道257号と国道410号及び千葉県道297号の一部を指す。
堀之内貝塚,,35.7595875,139.910134,千葉県,D,その他,
本久寺,,35.7539361,139.895097,千葉県,E,神社仏閣,
本佐倉城,,35.7281849,140.2604227,千葉県,B,城,
本土寺,,35.8401956,139.9285738,千葉県,B,自然,本土寺（ほんどじ）は、千葉県松戸市平賀字長谷にある、日蓮宗の本山。
麻賀多神社,,35.7707427,140.2763125,千葉県,B,神社仏閣,
麻雀博物館,,35.330591,140.393922,千葉県,C,美術館博物館,
幕張メッセ,,35.6479653,140.033837,千葉県,A,その他,幕張メッセ（まくはりメッセ、英: Makuhari Messe）は、千葉県千葉市美浜区の幕張新都心に位置する複合多目的施設。
幕張海浜公園,,35.6487931,140.0446585,千葉県,B,その他,幕張海浜公園（まくはりかいひんこうえん）は、千葉県千葉市美浜区の幕張新都心（公園緑地地区）にある県立の都市公園（広域公園）。
妙照寺,,35.8491933,140.0007801,千葉県,D,神社仏閣,
茂原公園,,35.4308779,140.2834685,千葉県,C,その他,茂原公園（もばらこうえん、英:Mobara Park）は、千葉県茂原市にある都市公園（総合公園）である。
茂侶神社,,35.8704901,139.9087784,千葉県,C,神社仏閣,
野菊の墓文学碑,,35.76025,139.895183,千葉県,C,その他,
野田市郷土博物館,,35.9453545,139.8654776,千葉県,E,美術館博物館,
野田市鈴木貫太郎記念館,,36.091218,139.785793,千葉県,B,美術館博物館,
野島崎,,34.9012273,139.8882757,千葉県,B,自然,野島崎（のじまざき）は、関東平野最南端に位置する千葉県南房総市の太平洋に突出する岬。
柳原閘門,,35.7520051,139.891982,千葉県,D,その他,
雄蛇ヶ池,,35.5607773,140.328661,千葉県,B,その他,雄蛇ヶ池（おじゃがいけ）は、千葉県東金市にある灌漑用貯水池である。
養福院,,35.7006068,139.9228648,千葉県,E,神社仏閣,
養老渓谷,,35.2576186,140.1600827,千葉県,B,自然,養老渓谷（ようろうけいこく）は、千葉県夷隅郡大多喜町粟又から市原市朝生原を流れる養老川によって形成された渓谷。
来迎寺,,35.7866531,139.8948016,千葉県,E,神社仏閣,
流山市総合運動公園,,35.8595407,139.9186547,千葉県,D,その他,流山市総合運動公園（ながれやましそうごううんどうこうえん）は、千葉県流山市野々下一丁目40番地1（所在地代表住所）にある運動公園である。
流山市立博物館,,35.858662,139.902498,千葉県,D,美術館博物館,
龍角寺古墳群,,35.8242065,140.2665717,千葉県,C,その他,龍角寺古墳群（りゅうかくじこふんぐん）は、千葉県成田市と印旛郡栄町の、印旛沼北東部の下総台地上に、6世紀前半から7世紀にかけて造営された古墳群である。
了極寺,,35.6986814,139.940096,千葉県,E,神社仏閣,
良玄寺,,35.2808903,140.2471613,千葉県,C,神社仏閣,
蓮沼海浜公園,,35.5975683,140.5137598,千葉県,C,自然,蓮沼海浜公園（はすぬまかいひんこうえん）は、千葉県山武市蓮沼にある県立の都市公園（レクリエーション都市）である。
六所神社,,35.7366079,139.917038,千葉県,C,神社仏閣,
圓慶寺,,35.7782189,139.8965553,千葉県,E,神社仏閣,
屏風ヶ浦,,35.7060864,140.7893142,千葉県,B,その他,屏風ヶ浦（びょうぶがうら）は、千葉県銚子市から旭市までの太平洋海岸線に連なる海食崖の景勝地である。
犢橋貝塚,,35.6632354,140.0958513,千葉県,D,その他,
GinzaNovo,,35.6721222,139.7624087,東京都,B,その他,GinzaNovo（ギンザノボ）は、東京都中央区銀座五丁目の銀座・数寄屋橋交差点に面する、物販店舗、飲食店舗、駐車場からなる再開発の複合商業施設。
ＪＲＡ競馬博物館,,35.6662471,139.4881384,東京都,B,美術館博物館,
NHKスタジオパーク,,35.6651148,139.6965929,東京都,B,その他,
NTTドコモ代々木ビル,,35.684451,139.702884,東京都,A,その他,NTTドコモ代々木ビル（エヌ・ティ・ティドコモよよぎビル：英: NTT Docomo Yoyogi Building）は、東京都渋谷区千駄ヶ谷にあるNTTドコモの超高層ビル。
SOMPO美術館,,35.6926301,139.6965331,東京都,B,美術館博物館,SOMPO美術館（そんぽびじゅつかん）は、東京都新宿区にある東郷青児の美術作品コレクションを中心とする美術館。
アークヒルズ,,35.6670728,139.7395023,東京都,B,その他,アークヒルズ（ARK Hills）は、東京都港区赤坂一丁目と同六本木一丁目にまたがって位置する複合商業施設である。
アーティゾン美術館,,35.678749,139.7721285,東京都,B,美術館博物館,
アメヤ横丁,,35.7100592,139.7745428,東京都,B,その他,アメヤ横丁（アメヤよこちょう）は、日本の東京都台東区にある商店街名。
あらかわ遊園,,35.7528895,139.7573426,東京都,B,その他,荒川区立あらかわ遊園（あらかわくりつあらかわゆうえん）は、東京都荒川区西尾久6-35-11にある遊園地。
お台場,,35.6275347,139.7714719,東京都,A,その他,お台場（おだいば、英語: Odaiba）は、東京都の特別区南部東京港に位置するエリア。
お台場海浜公園,,35.6334847,139.7748017,東京都,B,その他,お台場海浜公園（おだいばかいひんこうえん）は、東京都港区台場にある東京都港湾局が所管する都立の海上公園（海浜公園）である。
ガスミュージアム,,35.741918,139.500412,東京都,C,美術館博物館,
カトリック神田教会,,35.6994212,139.7575698,東京都,C,その他,カトリック神田教会（カトリックかんだきょうかい）は、東京都千代田区にあるカトリックの教会。
キッザニア東京,,35.6563097,139.7913488,東京都,B,その他,キッザニア東京（キッザニアとうきょう、Kidzania Tokyo）は、東京都江東区豊洲二丁目のアーバンドック ららぽーと豊洲内にある、KCJ GROUP株式会社（旧社名 キッズシティージャパン）が運営する子どもを対象とした職業体験型テーマパーク。
ギャラクシティ,,35.7801917,139.791114,東京都,C,その他,ギャラクシティとは東京都足立区栗原にある文化施設群の総称。
ことカトリック麹町教会,,35.685139,139.7312571,東京都,B,その他,ことカトリック麹町教会（カトリックこうじまちきょうかい）は、JR四ツ谷駅前にあたる東京都千代田区麹町六丁目にあるカトリック東京大司教区の教会およびその聖堂。
サンシャイン国際水族館,,35.7291388,139.7202726,東京都,B,その他,
サントリー美術館,,35.6664346,139.7304575,東京都,B,美術館博物館,サントリー美術館 （サントリーびじゅつかん）は、東京都港区赤坂九丁目東京ミッドタウンにある、日本の古美術が中心の私立美術館。
サンリオピューロランド,,35.6244709,139.4292372,東京都,A,その他,サンリオピューロランド（英語: Sanrio Puroland）は、日本の東京都多摩市にあるサンリオキャラクターをモチーフとした屋内型テーマパーク。
しながわ水族館,,35.590641,139.736354,東京都,B,美術館博物館,しながわ水族館（しながわすいぞくかん、SHINAGAWA AQUARIUM）は、東京都品川区のしながわ区民公園内南端にある水族館。
すずめのお宿緑地公園,,35.6181198,139.6846459,東京都,D,その他,すずめのお宿緑地公園（すずめのおやどりょくちこうえん）は、東京都目黒区碑文谷にある目黒区立の公園である。
スヌーピーミュージアム,,35.510239,139.4695335,東京都,B,美術館博物館,スヌーピーミュージアム（英語: Snoopy Museum Tokyo）は、東京都町田市にある、漫画『ピーナッツ』および同作のキャラクター「スヌーピー」を主題とした美術館。
すみだトリフォニーホール,,35.697209,139.8101649,東京都,B,その他,ポータル クラシック音楽 すみだトリフォニーホールは、東京都墨田区錦糸にあるコンサートホール。
ダイバーシティ東京,,35.6250037,139.775354,東京都,B,その他,ダイバーシティ東京（ダイバーシティとうきょう、DiverCity Tokyo）は、東京都江東区青海にある複合商業施設およびオフィスビル。
ダイヤと花の大観覧車,,35.6440448,139.8572543,東京都,B,その他,ダイヤと花の大観覧車（だいやとはなのだいかんらんしゃ）は、東京都江戸川区所在の葛西臨海公園内にある観覧車である。
ちひろ美術館・東京,,35.728478,139.605084,東京都,C,美術館博物館,
ニコライ堂,,35.6980206,139.7655084,東京都,A,その他,ニコライ堂（ニコライどう、英語: Nicholai-do）は東京都千代田区神田駿河台にある正教会の大聖堂。
バスタ新宿,,35.6887286,139.7005964,東京都,B,その他,バスタ新宿（バスタしんじゅく）は、東京都渋谷区千駄ヶ谷五丁目の新宿駅南口地区にある、鉄道駅や高速バスターミナル・タクシー乗降場などを集約した交通ターミナル。
パナソニック汐留美術館,,35.665828,139.761882,東京都,C,美術館博物館,
パルテノン多摩,,35.6221381,139.4260537,東京都,B,その他,パルテノン多摩（パルテノンたま）は、東京都多摩市にある多摩市立の文化施設の愛称である。
めぐろパーシモンホール,,35.6217115,139.6733492,東京都,C,その他,めぐろパーシモンホールは、東京都目黒区八雲にある目黒区立のホール。
もみじ山文化センター,,35.70442,139.67141,東京都,B,その他,もみじ山文化センター（もみじやまぶんかセンター）は、東京都中野区中野二丁目に所在する文化複合施設。
阿蘇神社,,35.7628821,139.297963,東京都,C,神社仏閣,
愛宕神社,,35.6649257,139.7488172,東京都,B,神社仏閣,愛宕神社（あたごじんじゃ）は、東京都港区愛宕一丁目にある神社。戦勝や防火に連なる愛宕権現を祀っており（愛宕信仰）、京都の愛宕神社が総本社である。
伊豆大島火山博物館,,34.7440119,139.3599974,東京都,E,美術館博物館,
医王寺,,35.6740277,139.6119292,東京都,E,神社仏閣,
井の頭恩賜公園,,35.6992664,139.5737137,東京都,A,その他,都立井の頭恩賜公園（とりつ いのかしらおんしこうえん、Inokashira Park）は、東京都武蔵野市と三鷹市にまたがる東京都立公園である。
井の頭自然文化園,,35.700731,139.5714739,東京都,B,その他,井の頭自然文化園（いのかしらしぜんぶんかえん）は、東京都武蔵野市（分園は三鷹市）にある都立の動物園。
井草八幡宮,,35.7156884,139.5958029,東京都,B,神社仏閣,井草八幡宮（いぐさはちまんぐう）は、東京都杉並区善福寺にある八幡神社である。
稲荷鬼王神社,,35.6978373,139.7052344,東京都,C,神社仏閣,稲荷鬼王神社（いなりきおうじんじゃ） とは、東京都新宿区歌舞伎町にある神社。
印刷博物館,,35.7091646,139.7414372,東京都,E,美術館博物館,
烏森神社,,35.6667952,139.7568175,東京都,B,神社仏閣,
羽村市動物公園,,35.7672189,139.328839,東京都,B,その他,羽村市動物公園（はむらしどうぶつこうえん）は、東京都羽村市にある動物園である。
羽村取水堰,,35.7697771,139.2967403,東京都,B,その他,羽村取水堰（はむらしゅすいせき、はむらしゅすいぜき）は、東京都羽村市にある多摩川の堰。
羽田航空神社,,35.5487477,139.7844283,東京都,C,神社仏閣,羽田航空神社（はねだこうくうじんじゃ）は、東京都大田区羽田空港の東京国際空港（羽田空港）第1旅客ターミナル内にある神社である。
雲取山,,35.8555351,138.9439287,東京都,B,自然,"雲取山（くもとりやま）は、東京都・埼玉県・山梨県の境界にある標高2,017.13 mの山。"
永福寺,,35.6722482,139.6441076,東京都,C,神社仏閣,
円乗院,,35.655422,139.6609171,東京都,D,神社仏閣,
延重寺,,35.6637858,139.6521181,東京都,E,神社仏閣,
延浄寺,,35.6634218,139.5705916,東京都,E,神社仏閣,
猿江恩賜公園,,35.692245,139.817483,東京都,B,その他,猿江恩賜公園（さるえおんしこうえん）は、日本の東京都江東区住吉・毛利にある都立公園である。
塩船観音寺,,35.8039246,139.2813799,東京都,C,自然,塩船観音寺（しおふねかんのんじ）は、東京都青梅市塩船にある真言宗醍醐派の別格本山。
奥多摩湖,,35.7777845,139.0217625,東京都,B,自然,奥多摩湖（おくたまこ）は、東京都西多摩郡奥多摩町と山梨県北都留郡丹波山村・小菅村に跨る人造湖。
横山大観記念館,,35.7121061,139.7682241,東京都,C,美術館博物館,横山大観記念館（よこやまたいかんきねんかん）は、東京都台東区池之端にある記念館。
王子稲荷神社,,35.7560956,139.7333648,東京都,B,神社仏閣,王子稲荷神社（おうじいなりじんじゃ）は、東京都北区岸町にある神社である。
荻窪八幡神社,,35.7106212,139.6063292,東京都,C,神社仏閣,
音無親水公園,,35.7525856,139.735902,東京都,C,その他,音無親水公園（おとなししんすいこうえん）は、東京都北区に所在する区立公園。
家電量販店で売上高,,35.6916415,139.7018895,東京都,A,その他,家電量販店で売上高（非連結値）は2022年度においてはヤマダデンキ（ヤマダホールディングス）に次ぐ日本国内2位。
花園神社,,35.6933423,139.7056842,東京都,B,神社仏閣,花園神社（はなぞのじんじゃ）は、東京都新宿区新宿にある神社である。
回向院,,35.6933386,139.7920396,東京都,B,神社仏閣,回向院（えこういん）は、東京都墨田区両国二丁目にある浄土宗の寺院、および過去にその別院であった東京都荒川区南千住五丁目にある寺院。
海雲寺,,35.6963683,139.6376204,東京都,E,神社仏閣,
皆中稲荷神社,,35.7012427,139.6993921,東京都,C,神社仏閣,皆中稲荷神社（かいちゅういなりじんじゃ）は東京都新宿区百人町にある稲荷神社である。
外濠公園,,35.6897574,139.733747,東京都,C,その他,外濠公園（そとぼりこうえん）とは、東京都千代田区（一部新宿区）にある公園である。
学會津八一記念博物館,,35.708554,139.7203599,東京都,C,美術館博物館,
葛飾区郷土と天文の博物館,,35.7528907,139.8433759,東京都,C,美術館博物館,
葛西海浜公園,,35.6379007,139.8549416,東京都,C,その他,葛西海浜公園（かさいかいひんこうえん）は、東京都江戸川区に所在する東京都港湾局が所管する都立の海上公園（海浜公園）である。
葛西神社,,35.7713421,139.8782267,東京都,C,神社仏閣,葛西神社（かさいじんじゃ）は、東京都葛飾区東金町にある神社。
葛西臨海公園,,35.638972,139.8607127,東京都,B,その他,葛西臨海公園（かさいりんかいこうえん）は、東京都江戸川区に所在する東京湾に面した都立公園である。
葛西臨海水族園,,35.6400593,139.8621905,東京都,B,美術館博物館,葛西臨海水族園（かさいりんかいすいぞくえん、英: Tokyo Sea Life Park）は、東京都江戸川区臨海町の葛西臨海公園内にある水族館。
兜塚古墳,,35.6341767,139.5699059,東京都,E,その他,
寛永寺,,35.7215778,139.7743693,東京都,A,神社仏閣,寛永寺（かんえいじ）は、東京都台東区上野桜木一丁目にある天台宗関東総本山の寺院。山号は東叡山（とうえいざん）。
願行寺,,35.7181766,139.7588188,東京都,D,神社仏閣,
願正寺,,35.7122268,139.6800864,東京都,D,神社仏閣,
願泉寺,,35.7039724,139.6122215,東京都,E,神社仏閣,
亀戸中央公園,,35.699063,139.8344114,東京都,C,その他,亀戸中央公園（かめいどちゅうおうこうえん）は、東京都江東区亀戸にある都立公園である。
亀戸天神社,,35.7029649,139.8209061,東京都,B,その他,亀戸天神社（かめいどてんじんしゃ）は、東京都江東区亀戸にある神社（天満宮）である。
亀鶴山 易行院 誓閑寺,,35.7048959,139.7193553,東京都,E,神社仏閣,
菊池寛実記念智美術館,,35.666041,139.744605,東京都,C,美術館博物館,
吉祥寺,,35.7278356,139.7545071,東京都,D,神社仏閣,吉祥寺（きちじょうじ）は、東京都文京区本駒込三丁目にある曹洞宗の寺院。山号は諏訪山。
吉祥寺シアター,,35.7038074,139.5835202,東京都,C,その他,吉祥寺シアター（きちじょうじシアター、英語：Kichijoji Theatre）は、東京都武蔵野市にある小劇場である。
吉川英治記念館,,35.796313,139.213097,東京都,C,美術館博物館,
吉野梅郷,,35.7854075,139.2209435,東京都,C,その他,吉野梅郷（よしのばいごう）は、東京都青梅市にある梅園。
杵築神社,,35.6998027,139.5464574,東京都,B,神社仏閣,
久米美術館,,35.634545,139.714759,東京都,C,美術館博物館,
旧古河庭園,,35.7430149,139.7465984,東京都,A,その他,旧古河庭園（きゅうふるかわていえん）は、東京都北区西ケ原にある都立庭園である。
旧芝離宮恩賜庭園,,35.6562126,139.7581342,東京都,B,その他,旧芝離宮恩賜庭園（きゅうしばりきゅうおんしていえん）は、東京都港区海岸にある都立庭園。
牛嶋神社,,35.7127528,139.8046872,東京都,B,神社仏閣,牛嶋神社（うしじまじんじゃ）は、東京都墨田区向島にある神社。
居木神社,,35.6198531,139.7252578,東京都,C,神社仏閣,
京王れーるらんど,,35.6489697,139.4046052,東京都,E,その他,
京王百貨店新宿店,,35.6903188,139.699231,東京都,B,その他,京王百貨店新宿店（けいおうひゃっかてんしんじゅくてん）は、東京都新宿区にある京王百貨店が運営する百貨店である。
京王百草園,,35.6545791,139.4273064,東京都,B,その他,百草園（もぐさえん）は、多摩丘陵の一角である東京都日野市百草560番地に所在する庭園。
京浜島つばさ公園,,35.571578,139.770532,東京都,C,その他,京浜島つばさ公園（けいひんじまつばさこうえん）は、東京都大田区京浜島二丁目にある都立の海上公園（ふ頭公園）である。
境妙寺,,35.7122339,139.6796194,東京都,E,神社仏閣,
教育の森公園,,35.720849,139.735476,東京都,C,その他,教育の森公園（きょういくのもりこうえん）は、東京都文京区大塚にある文京区立の公園である。
興安寺,,35.703775,139.7579874,東京都,D,神社仏閣,
玉川上水,,35.7218033,139.4612941,東京都,A,その他,玉川上水（たまがわじょうすい）は、江戸市中への飲料水が流れていた上水道。
玉川上水緑道,,35.726013,139.4388138,東京都,D,その他,玉川上水緑道（たまがわじょうすいりょくどう）は、東京都福生市から杉並区にかけて帯状に広がる都立公園（遊歩道）。
玉堂美術館,,35.8001631,139.1841249,東京都,C,美術館博物館,玉堂美術館（ぎょくどうびじゅつかん、英語: Gyokudo Art Museum） は、東京都青梅市御岳1丁目75にある美術館。
金王八幡宮,,35.6575733,139.7062875,東京都,B,神社仏閣,金王八幡宮（こんのうはちまんぐう）は、東京都渋谷区渋谷にある八幡神社。
銀座四丁目交差点,,35.6712197,139.7650359,東京都,B,その他,日本 > 東京都 > 中央区 > 銀座 > 銀座四丁目交差点 銀座四丁目交差点 （ぎんざよんちょうめこうさてん）は、東京都中央区銀座にある交差点。
九品仏浄真寺,,35.6084285,139.6606912,東京都,B,神社仏閣,九品仏浄真寺（くほんぶつじょうしんじ）は、東京都世田谷区奥沢七丁目にある浄土宗の寺である。山号は「九品山」、正式名称は「九品山唯在念佛院淨眞寺」。
駒場公園,,35.7090623,139.7609418,東京都,B,その他,駒場公園（こまばこうえん）は、東京都目黒区駒場にある目黒区立の公園である。
駒沢オリンピック公園,,35.6266126,139.6626251,東京都,B,その他,駒沢オリンピック公園（こまざわオリンピックこうえん、英語: Komazawa Olympic Park）は、東京都世田谷区および目黒区にある運動公園。
駒留八幡神社,,35.641123,139.660535,東京都,E,神社仏閣,
隅田公園,,35.7115496,139.800532,東京都,B,その他,隅田公園（すみだこうえん）は、東京都の隅田川沿いにある公園で、右岸の台東区浅草、花川戸、今戸（北緯35度42分55秒 東経139度48分10.5秒﻿ / ﻿北緯35.71528度 東経139.802917度﻿ / 35.71528; 139.802917﻿ (台東区立隅田公園)）と左岸の墨田区向島（北緯35度42分45秒 東経139度48分15秒﻿ / ﻿北緯35.71250度 東経139.80417度﻿ / 35.71250; 139.80417﻿ (墨田区立隅田公園)）にまたがる。
熊川神社,,35.72371,139.334111,東京都,E,神社仏閣,熊川神社（くまかわじんじゃ）は、東京都福生市の神社。
恵比寿神社,,35.6472232,139.7077849,東京都,B,神社仏閣,
景信山,,35.6460086,139.215893,東京都,C,自然,景信山（かげのぶやま）は、笹尾根にある標高727.1mの山。
穴守稲荷神社,,35.550272,139.7494664,東京都,B,神社仏閣,穴守稲荷神社（あなもりいなりじんじゃ）は、東京都大田区羽田にある稲荷神社。祭神は豊受姫命。
憲政記念館,,35.6784494,139.7469384,東京都,B,その他,憲政記念館（けんせいきねんかん、英: Parliamentary Museum）は、東京都千代田区永田町一丁目にある日本の議会政治に関する展示施設。
原稲荷神社,,35.735803,139.8496935,東京都,E,神社仏閣,
原宿,はらじゅく,35.6687049,139.7053357,東京都,A,街並み,竹下通りに象徴される日本のポップカルチャー発信地。
古川親水公園,,35.6752177,139.8753183,東京都,C,その他,古川親水公園（ふるかわしんすいこうえん）は、東京都江戸川区江戸川6丁目にある江戸川区立の公園であり、日本初の親水公園である。
古代オリエント博物館,,35.7287322,139.7209684,東京都,C,美術館博物館,
戸越公園,,35.6105994,139.7222611,東京都,C,その他,戸越公園（とごしこうえん）は、東京都品川区豊町にある品川区立の公園である。
戸栗美術館,,35.6614398,139.6927998,東京都,C,美術館博物館,
戸山公園,,35.7019231,139.7114429,東京都,B,その他,戸山公園（とやまこうえん）は、東京都新宿区にある都立公園である。
虎柏神社,,35.8026526,139.2670611,東京都,C,神社仏閣,
五島美術館,,35.612436,139.6353641,東京都,B,美術館博物館,
吾妻橋,,35.7092756,139.8020128,東京都,B,その他,吾妻橋（あづまばし）は、隅田川にかかる橋で、東京都道463号上野月島線吾妻橋支線を通す。
御蔵島,みくらじま,33.8741667,139.6019444,東京都,C,自然,野生のミナミハンドウイルカと泳げることで知られる島。
御嶽神社,,35.757479,139.6748004,東京都,D,神社仏閣,
護国寺,,35.7211012,139.7268482,東京都,B,神社仏閣,
光が丘公園,,35.7663049,139.6297309,東京都,B,その他,光が丘公園（ひかりがおかこうえん）は、東京都練馬区光が丘、旭町および板橋区赤塚新町にある都立の都市公園（総合公園）。
光源寺,,35.6638279,139.5710136,東京都,D,神社仏閣,
光照寺,,35.6561752,139.561738,東京都,E,神社仏閣,
向島百花園,,35.7238194,139.8150155,東京都,B,その他,向島百花園（むこうじまひゃっかえん）は、東京都墨田区東向島三丁目にある都立庭園。
江戸城(皇居),えどじょう,35.688325,139.7543667,東京都,A,城,徳川将軍家の居城跡、現在は皇居として利用される日本最大級の城郭。
江戸川区自然動物園,,35.6710077,139.858275,東京都,C,その他,江戸川区自然動物園（えどがわくしぜんどうぶつえん）は、東京都江戸川区の行船公園内にある動物園。
江戸東京たてもの園,,35.7155169,139.512418,東京都,B,美術館博物館,江戸東京たてもの園（えどとうきょうたてものえん、Edo-Tokyo Open Air Architectural Museum）は、失われてゆく江戸・東京の歴史的な建物を移築保存し展示する目的で東京都小金井市の都立小金井公園内に設置された野外博物館。
江東区深川江戸資料館,,35.6810519,139.8005482,東京都,C,美術館博物館,
江東区中川船番所資料館,,35.6875807,139.8463633,東京都,D,美術館博物館,
皇居外苑,,35.6834386,139.7612858,東京都,B,その他,皇居外苑（こうきょがいえん）は、日本の東京都千代田区にある環境省所管の国民公園、および、同公園に由来する千代田区の町名である。
皇居東御苑,,35.6867153,139.7570424,東京都,B,その他,皇居東御苑（こうきょひがしぎょえん）は、日本の東京都千代田区にある皇居附属の御苑。
綱生山 当光寺,,35.6526017,139.7390717,東京都,D,神社仏閣,
荒川自然公園,,35.743367,139.784876,東京都,C,その他,荒川自然公園（あらかわしぜんこうえん）は、東京都荒川区荒川にある区立公園である。
行船公園,,35.670493,139.858251,東京都,C,その他,行船公園（ぎょうせんこうえん）は、東京都江戸川区北葛西にある江戸川区立の公園である。
講談社野間記念館,,35.714018,139.725033,東京都,C,美術館博物館,
高岩寺,,35.7387979,139.7306169,東京都,B,神社仏閣,高岩寺（こうがんじ）は、東京都豊島区巣鴨にある曹洞宗の寺院。
高橋是清翁記念公園,,35.674094,139.728895,東京都,C,その他,高橋是清翁記念公園（たかはしこれきよおうきねんこうえん）は、東京都港区赤坂七丁目3番39号にある公園。
高勝寺,,35.6257813,139.4882834,東京都,E,神社仏閣,
高松宮記念ハンセン病資料館,,35.767703,139.500137,東京都,E,美術館博物館,
高徳寺,,35.6723173,139.7152713,東京都,D,神社仏閣,
高幡不動尊,,35.6622183,139.4108786,東京都,E,神社仏閣,
高尾山,,35.6252267,139.2436878,東京都,A,自然,高尾山（たかおさん）は、東京都八王子市にある標高599メートル（m）の山。
高尾山薬王院,,35.6259769,139.2497267,東京都,B,神社仏閣,高尾山薬王院（たかおさんやくおういん）は、東京都八王子市の高尾山にある寺院。真言宗智山派の関東三大本山の一つ。
豪徳寺,,35.648682,139.6473095,東京都,B,神社仏閣,
国会議事堂,こっかいぎじどう,35.6758864,139.7450514,東京都,A,その他,日本の立法府、衆参両院が置かれる国会の象徴的建築。
国立オリンピック記念青少年総合センター,,35.6746054,139.693466,東京都,B,その他,国立青少年教育振興機構 > 国立オリンピック記念青少年総合センター 国立オリンピック記念青少年総合センター（こくりつオリンピックきねんせいしょうねんそうごうセンター、英称：Youth Education National Olympics Memorial Youth Center、英略称:NYCは、東京都渋谷区代々木神園町3番1号に所在する社会教育施設（研修所）である。
国立映画アーカイブ,,35.6755738,139.7706589,東京都,B,美術館博物館,
国立科学博物館,こくりつかがくはくぶつかん,35.7163583,139.7764333,東京都,B,美術館博物館,自然史・科学技術を扱う上野公園内の総合科学博物館。
国立劇場,,35.682218,139.743292,東京都,B,その他,国立劇場（こくりつげきじょう、英語: National Theatre of Japan）は、東京都千代田区隼町にある劇場。
国立代々木競技場,,35.6676245,139.7001412,東京都,A,その他,国立代々木競技場（よよぎきょうぎじょう）は、東京都渋谷区にあるスポーツ施設の体育館である。
国立能楽堂,,35.680345,139.7081066,東京都,B,その他,国立能楽堂（こくりつのうがくどう、英語：National Noh Theatre）は、東京都渋谷区千駄ヶ谷にある能楽専門の公演場。
根津神社,,35.7200041,139.7607627,東京都,B,神社仏閣,根津神社（ねづじんじゃ）は、東京都文京区根津にある神社。旧社格は府社で、元准勅祭社（東京十社）。
根津美術館,ねづびじゅつかん,35.6622222,139.7170833,東京都,C,美術館博物館,実業家・根津嘉一郎の東洋古美術コレクションを展示。
佐藤美術館,,35.681682,139.714976,東京都,C,美術館博物館,
雑司が谷旧宣教師館,,35.7207094,139.7206013,東京都,C,その他,雑司が谷旧宣教師館（ぞうしがやきゅうせんきょうしかん）は、1907年（明治40年）にアメリカ人宣教師のジョン・ムーディー・マッケーレブが自らの居宅として、現在の東京都豊島区に建築した住宅。
三井記念美術館,,35.6868356,139.7730738,東京都,E,美術館博物館,
三界寺,,35.6586271,139.6438024,東京都,D,神社仏閣,
三原山,みはらやま,34.7244444,139.3944444,東京都,B,自然,伊豆大島の中央にそびえる活火山、カルデラと火口散策で知られる。
三宿神社,,35.6509033,139.6742356,東京都,C,神社仏閣,
三鷹の森ジブリ美術館,みたかのもりじぶりびじゅつかん,35.6961731,139.5706324,東京都,A,その他,スタジオジブリ作品の世界観を体感できる完全予約制の美術館。
三峯神社,,35.6407469,139.6133777,東京都,E,神社仏閣,
三輪里稲荷神社 （こんにゃく稲荷）,,35.7204468,139.8263812,東京都,D,神社仏閣,
山崎記念中野区立歴史民俗資料館,,35.724316,139.664992,東京都,D,美術館博物館,
市谷亀岡八幡宮,,35.6927381,139.733724,東京都,B,神社仏閣,
紙の博物館,,35.7499108,139.7386488,東京都,C,美術館博物館,紙の博物館（かみのはくぶつかん）は、東京都北区の飛鳥山公園内にある紙専門の博物館。
慈眼院,,35.7399006,139.8337185,東京都,E,神社仏閣,
慈眼禅寺,,35.6453919,139.7395037,東京都,E,神社仏閣,
汐入公園,,35.4985809,139.6894846,東京都,C,その他,汐入公園（しおいりこうえん）は、東京都荒川区にある都立公園で、白鬚西地区市街地再開発事業によって整備された。
篠崎公園,,35.7151613,139.896142,東京都,C,その他,篠崎公園（しのざきこうえん）は、東京都江戸川区にある東京都立の公園である。
柴又帝釈天,,35.7584204,139.8787384,東京都,B,神社仏閣,柴又帝釈天（しばまたたいしゃくてん）または、帝釈天 題経寺（たいしゃくてん だいきょうじ）は、東京都葛飾区柴又七丁目にある日蓮宗の寺院。
芝大神宮,,35.657597,139.7530699,東京都,B,神社仏閣,
芝東照宮,,35.6550961,139.7486263,東京都,C,神社仏閣,
舎人公園,,35.7962447,139.7705287,東京都,B,その他,舎人公園（とねりこうえん）は、東京都足立区にある都立の総合公園である。
若洲公園,,35.6194496,139.8344269,東京都,C,その他,若洲公園（わかすこうえん）は、東京都江東区若洲三丁目にある江東区立の公園である。
宗延寺,,35.6940103,139.6538479,東京都,D,神社仏閣,
修行寺,,35.6947565,139.6513585,東京都,D,神社仏閣,
秋留台公園,,35.7295578,139.3000628,東京都,D,その他,秋留台公園（あきるだいこうえん）は東京都あきる野市にある都立公園（運動公園）。
渋沢史料館,,35.7491534,139.7392048,東京都,C,その他,渋沢史料館（しぶさわしりょうかん）は、東京都北区西ケ原にある渋沢栄一の生涯と事績に関する博物館（登録博物館）。
渋谷ヒカリエ,,35.6590489,139.7036037,東京都,B,その他,渋谷ヒカリエ（しぶやヒカリエ）は、東京都渋谷区の渋谷駅東口に位置する東急文化会館跡地に建設された東急グループの複合商業施設。
渋谷区立松濤美術館,,35.6587182,139.6918308,東京都,C,美術館博物館,渋谷区立松濤美術館 （しぶやくりつしょうとうびじゅつかん） は、東京都渋谷区松濤二丁目にある美術館。
出雲大社東京分祀,,35.6622817,139.7288464,東京都,B,神社仏閣,
春花園BONSAI美術館,,35.702659,139.8883206,東京都,C,美術館博物館,春花園BONSAI美術館（しゅんかえんぼんさいびじゅつかん）は、東京都江戸川区にある盆栽に関する美術館。
勝利八幡神社,,35.6626787,139.6302918,東京都,C,神社仏閣,
勝林寺,,35.6639113,139.6518863,東京都,E,神社仏閣,
勝鬨橋,,35.662745,139.7744236,東京都,A,その他,勝鬨橋（かちどきばし）は、東京都中央区にある隅田川に架かる橋。
小笠原諸島,おがさわらしょとう,27.0777778,142.2166667,東京都,A,自然,独自の生態系から「東洋のガラパゴス」と称される世界自然遺産。
小岩菖蒲園,,35.7381257,139.8986326,東京都,C,その他,小岩菖蒲園（こいわしょうぶえん）とは、東京都江戸川区にある植物園である。
小宮公園,,35.6731913,139.339419,東京都,D,その他,小宮公園（こみやこうえん）は、東京都八王子市の北東部にある都立公園。
小金井カントリー倶楽部,,35.7173869,139.505309,東京都,B,その他,小金井カントリー倶楽部（こがねいカントリーくらぶ）は、東京都小平市に存在するゴルフ場である。
小山内裏公園,,35.6052711,139.3715506,東京都,C,その他,小山内裏公園（おやまだいりこうえん）は、東京都町田市および八王子市に所在する都立公園。
小石川後楽園,,35.7050014,139.7478533,東京都,B,その他,小石川後楽園（こいしかわこうらくえん）は、東京都文京区後楽一丁目にある都立庭園。
小豆沢神社,,35.7802116,139.6991254,東京都,E,神社仏閣,
小仏峠,,35.6362447,139.2168348,東京都,B,自然,
小平中央公園,,35.7233585,139.4627447,東京都,D,その他,小平中央公園（こだいらちゅうおうこうえん）は、東京都小平市津田町1丁目1番1号にある小平市営の公園。
小網神社,,35.6841674,139.7804475,東京都,B,神社仏閣,小網神社（こあみじんじゃ）は、東京都中央区日本橋小網町にある神社。「小網神社社殿及び神楽殿附棟札・造営関係資料」は中央区有形文化財となっている（1991年4月1日指定）。
小野神社,,35.6530699,139.4419497,東京都,B,神社仏閣,小野神社（おのじんじゃ）は、東京都多摩市にある神社。式内社論社、武蔵国一宮を称する。
昌翁寺,,35.664072,139.5849535,東京都,D,神社仏閣,
昭和のくらし博物館,,35.5752225,139.6858287,東京都,B,美術館博物館,昭和のくらし博物館（しょうわのくらしはくぶつかん）は、東京都大田区に所在する昭和時代の庶民のくらしを展示する博物館である。
昭和レトロ商品博物館,,35.7887172,139.2604677,東京都,C,美術館博物館,
昭和館,,35.6951109,139.7509066,東京都,B,美術館博物館,
昭和記念公園,,35.701881,139.410697,東京都,B,その他,"国営昭和記念公園（こくえいしょうわきねんこうえん、英: Showa Kinen Park, Showa Commemorative National Government Park）は、東京都昭島市と立川市に跨る日本の国営公園。"
昭和天皇記念館,,35.7033315,139.4078602,東京都,E,美術館博物館,
松庵稲荷神社 (Shoan-Inarijinja),,35.6994917,139.5958193,東京都,D,神社仏閣,
松陰神社,,35.6471805,139.6561244,東京都,B,神社仏閣,
松岡美術館,,35.640021,139.721806,東京都,C,美術館博物館,
松月院,,35.7812592,139.6475666,東京都,C,神社仏閣,
松林寺,,35.6863829,139.6208533,東京都,E,神社仏閣,
沼袋氷川神社,,35.7195255,139.6668474,東京都,C,神社仏閣,
上高田 氷川神社,,35.7148843,139.6763118,東京都,D,神社仏閣,
上千葉砂原公園,,35.7577379,139.8417461,東京都,C,その他,上千葉砂原公園（かみちばすなはらこうえん）は、東京都葛飾区西亀有にある葛飾区立の都市公園（近隣公園）。
上野の森美術館,,35.7128522,139.7747663,東京都,B,美術館博物館,
上野東照宮,,35.7153982,139.7706324,東京都,B,神社仏閣,上野東照宮（うえのとうしょうぐう）は、東京都台東区上野恩賜公園内にある神社。旧社格は府社。
乗蓮寺,,35.4294758,139.598096,東京都,B,神社仏閣,乗蓮寺（じょうれんじ）は、東京都板橋区赤塚にある浄土宗別格本山の寺院。
城南島海浜公園,,35.5782528,139.7835092,東京都,C,その他,城南島海浜公園（じょうなんじまかいひんこうえん）は東京都大田区城南島に所在する東京湾に面した東京都港湾局が管理する海上公園である。
城北中央公園,,35.7518577,139.674849,東京都,B,その他,城北中央公園（じょうほくちゅうおうこうえん）は、東京都練馬区から板橋区にかけて広がる都立公園。
常楽院,,35.6565978,139.5740657,東京都,D,神社仏閣,
浄閑寺,,35.7307451,139.7927922,東京都,B,神社仏閣,浄閑寺（じょうかんじ）は東京都荒川区南千住にある浄土宗の寺院。山号は栄法山。
浄徳寺,,35.6632582,139.6518698,東京都,E,神社仏閣,
信願山 法融寺,,35.7258042,139.5847826,東京都,D,神社仏閣,
新宿ゴールデン街,,35.6940231,139.7045198,東京都,B,その他,新宿ゴールデン街（しんじゅくゴールデンがい）は、東京都新宿区歌舞伎町1丁目にある飲食店街。
新宿御苑,しんじゅくぎょえん,35.6852778,139.7097222,東京都,B,自然,和洋中の庭園様式が融合した都心のオアシス、桜の名所。
新宿中央公園,,35.6881432,139.6897809,東京都,B,その他,新宿中央公園（しんじゅくちゅうおうこうえん）は、東京都新宿区西新宿二丁目にある新宿区立の都市計画公園である。
新宿文化センター,,35.6954525,139.7095167,東京都,C,その他,新宿文化センター（しんじゅくぶんかセンター）は、東京都新宿区新宿六丁目にある、新宿区立の複合文化施設である。
新宿歴史博物館,,35.690013,139.72563,東京都,C,美術館博物館,
新東京百景,,35.6185079,139.7406457,東京都,C,その他,新東京百景(しんとうきょうひゃっけい)は、「都民の日」制定30周年を記念して1982年10月1日に東京都によって選定された100の風景である。
森美術館,,35.660432,139.729261,東京都,B,美術館博物館,
深川不動尊,,35.6730119,139.7983051,東京都,B,神社仏閣,成田山 東京別院 深川不動堂（なりたさん とうきょうべついん ふかがわふどうどう）は、東京都江東区富岡にある真言宗智山派の寺院であり、千葉県成田市にある成田山新勝寺の東京別院...
深大寺,,35.6674305,139.5503387,東京都,A,神社仏閣,深大寺（じんだいじ）は、東京都調布市深大寺元町にある仏教寺院。天台宗別格本山で、山号は浮岳山。
真源寺(入谷鬼子母神),,35.719879,139.7827173,東京都,B,神社仏閣,
神楽坂若宮八幡宮,,35.6997288,139.7401145,東京都,D,神社仏閣,
神戸岩,,35.7562768,139.114301,東京都,D,その他,神戸岩（かのといわ）とは東京都西多摩郡檜原村に存在する岩であり、東京都の指定天然記念物でもある。
神代植物公園,,35.6724325,139.5455812,東京都,B,その他,神代植物公園（じんだいしょくぶつこうえん）は、東京都調布市に都内唯一として開園した都立植物公園。
神田古書店街,,35.69586,139.7586067,東京都,B,その他,神田古書店街（かんだこしょてんがい、神田神保町古書店街とも）は、東京都千代田区神田神保町一帯の古書店などが密集する地区。
神田明神,,35.7019658,139.7677523,東京都,A,神社仏閣,神田明神（かんだみょうじん）は、東京都千代田区外神田二丁目にある神社。正式名称は神田神社（かんだじんじゃ）。
水元公園,,35.788549,139.869416,東京都,B,その他,水元公園（みずもとこうえん）は、東京都葛飾区にある都立公園である。
世界堂,,35.6899053,139.7063251,東京都,B,その他,世界堂（せかいどう）は、東京都新宿区に本店を置く画材・文房具専門店。
世田谷パブリックシアター,,35.6438871,139.6696466,東京都,B,その他,世田谷パブリックシアター（せたがやパブリックシアター、英語：Setagaya Public Theatre）は、東京都世田谷区太子堂にある公共劇場である。
世田谷区立郷土資料館,,35.641461,139.647222,東京都,E,美術館博物館,
世田谷公園,,35.6435131,139.68121,東京都,C,その他,世田谷公園（せたがやこうえん）は、東京都世田谷区池尻にある都市公園である。
世田谷美術館,,35.631624,139.6222,東京都,B,美術館博物館,
世田谷文学館,,35.666922,139.608873,東京都,C,美術館博物館,
成願寺,,35.6940522,139.6817876,東京都,D,神社仏閣,成願寺（じょうがんじ）は、東京都中野区本町二丁目にある曹洞宗の寺院。山号は多宝山（たほうざん）。
晴海ふ頭公園,,35.6483903,139.7709564,東京都,C,その他,晴海ふ頭公園（はるみふとうこうえん）は、東京都中央区晴海にある東京都港湾局が所管する都立の海上公園（ふ頭公園）である。
清水坂公園,,35.767748,139.720888,東京都,D,その他,清水坂公園（しみずざかこうえん）は、東京都北区十条仲原に設置された公立の公園施設。
清水谷公園,,35.5446736,139.4741135,東京都,B,その他,清水谷公園（しみずだにこうえん）は東京都千代田区紀尾井町にある千代田区立の公園。
清澄庭園,,35.6810117,139.7971847,東京都,B,その他,清澄庭園（きよすみていえん）は、東京都江東区清澄にある都立庭園。
聖蹟蒲田梅屋敷公園,,35.5647023,139.7268365,東京都,C,その他,聖蹟蒲田梅屋敷公園（せいせきかまたうめやしきこうえん）とは、東京都大田区蒲田にある和風庭園である。
西教寺,,35.7172124,139.7590029,東京都,E,神社仏閣,
西郷山公園,,35.6506895,139.696692,東京都,B,その他,西郷山公園（さいごうやまこうえん）は、東京都目黒区青葉台にある目黒区立の公園。
西山美術館,,35.589513,139.454415,東京都,C,美術館博物館,
西照寺,,35.6582218,139.5847916,東京都,E,神社仏閣,
西新井大師,,35.779756,139.7806452,東京都,B,神社仏閣,
西谷戸横穴墓群,,35.5736205,139.4933903,東京都,E,その他,
西藏院,,35.6472336,139.740909,東京都,E,神社仏閣,
青松寺,,35.662854,139.7484226,東京都,B,神社仏閣,
青梅市郷土博物館,,35.7837226,139.2567265,東京都,D,美術館博物館,
青梅鉄道公園,,35.7923743,139.2634744,東京都,B,その他,青梅鉄道公園（おうめてつどうこうえん、英称：Ome Railway Park）は、東京都青梅市勝沼2丁目155番地にある鉄道公園。
青龍山 勝国寺,,35.6479578,139.6524011,東京都,D,神社仏閣,
静嘉堂文庫,,35.6214298,139.6222977,東京都,B,その他,静嘉堂文庫（せいかどうぶんこ）は、東京都世田谷区岡本にある専門図書館。
石神井公園,,35.7388857,139.5991363,東京都,B,その他,東京都立石神井公園（とうきょうとりつ・しゃくじいこうえん）は、東京都練馬区にある都立公園、風致公園である。
石川島公園,,35.6689079,139.7866359,東京都,C,その他,石川島公園（いしかわじまこうえん）は、東京都中央区佃2･3丁目にある隅田川・隅田川派川・朝潮運河沿いの区立の都市公園（近隣公園）である。
石田寺,,35.668195,139.424381,東京都,C,神社仏閣,
赤坂サカス,,35.6723363,139.7355878,東京都,B,その他,赤坂サカス（あかさかサカス、akasaka Sacas）は、東京都港区赤坂5丁目に所在する再開発複合施設である。
赤坂見附,,35.6791112,139.7374388,東京都,B,その他,赤坂見附（あかさかみつけ）とは、現在の東京都千代田区紀尾井町・平河町にあたる地に存在した江戸城の城門。
切手の博物館,,35.7182677,139.7057801,東京都,C,美術館博物館,
千秋文庫博物館,,35.693263,139.74649,東京都,D,美術館博物館,
千住本氷川神社,,35.7525259,139.8022537,東京都,D,神社仏閣,
占春園,,35.7200079,139.7386972,東京都,C,その他,占春園（せんしゅんえん）は東京都文京区大塚にある庭園。
川苔山,,35.8508058,139.1068845,東京都,C,自然,川苔山または川乗山（かわのりやま）は、東京都西多摩郡奥多摩町にある標高1363.3mの山。
泉岳寺,,35.6374464,139.7362279,東京都,A,神社仏閣,泉岳寺（せんがくじ）は、東京都港区高輪二丁目にある曹洞宗の寺院。
浅間山公園,,35.6790874,139.5046242,東京都,C,自然,浅間山公園（せんげんやまこうえん）は、東京都府中市若松町の浅間山にある東京都立公園である。
浅草演芸ホール,,35.7135224,139.7930745,東京都,B,その他,浅草演芸ホール（あさくさえんげいホール、英語：ASAKUSA ENGEI HALL）は、東京都台東区浅草の通称「公園六区」と呼ばれる歓楽街の中心に位置する寄席である。
浅草寺,せんそうじ,35.7148,139.7967,東京都,A,神社仏閣,雷門と仲見世で知られる東京最古の寺。
浅草文化観光センター,,35.7106435,139.7965294,東京都,C,その他,浅草文化観光センター（あさくさぶんかかんこうセンター）は、東京都台東区雷門二丁目にある、観光案内所などからなる複合施設である。
洗足池公園,,35.600367,139.6903494,東京都,B,その他,洗足池（せんぞくいけ）は、東京都大田区南千束の洗足池公園内にある池である。
船の科学館,,35.620217,139.772296,東京都,A,美術館博物館,
善福寺,,35.7182061,139.5912218,東京都,C,神社仏閣,
善福寺公園,,35.7121337,139.5920863,東京都,B,その他,善福寺公園（ぜんぷくじこうえん）は東京都杉並区にある東京都建設局所轄の都立公園である。
全生庵,,35.724214,139.7668493,東京都,B,神社仏閣,全生庵（ぜんしょうあん）は、東京都台東区谷中五丁目にある臨済宗国泰寺派の寺院。
禅林寺,,35.6943549,139.5599009,東京都,B,神社仏閣,
曹洞宗 曹源寺,,35.7154003,139.7864315,東京都,D,神社仏閣,
相撲博物館,,35.6972706,139.7932372,東京都,B,美術館博物館,
草間彌生美術館,,35.7032011,139.7264837,東京都,B,美術館博物館,草間彌生美術館（くさまやよいびじゅつかん）は、東京都新宿区弁天町にある美術館。
蔵前橋,,35.7011783,139.7923746,東京都,C,その他,蔵前橋（くらまえばし）は、隅田川にかかる橋で、東京都道315号御徒町小岩線（蔵前橋通り）を通す。
足立区生物園,,35.792381,139.807162,東京都,C,その他,足立区生物園（あだちくせいぶつえん、英: Adachi Park of Living Things）は、東京都足立区の元渕江公園内にある生物園（動物園・水族館）。
足立区立郷土博物館,,35.7844723,139.8414425,東京都,C,美術館博物館,
村山貯水池,,35.7631906,139.4194491,東京都,B,自然,村山貯水池（むらやまちょすいち、英称：Murayama Reservoir）は、東京都東大和市の狭山丘陵の渓谷に造られた人造湖である。
村内美術館,,35.6796931,139.3367447,東京都,C,美術館博物館,
多田神社,,35.6832633,139.6637755,東京都,D,神社仏閣,
多摩市立温水プール,,35.6123549,139.4136888,東京都,D,その他,多摩市立温水プール（たましりつおんすいプール）は、東京都多摩市にあるプール施設。
多摩川,,35.5597078,139.7001747,東京都,A,その他,"多摩川（たまがわ）は、山梨県笠取山から東京都・神奈川県を流れて東京湾につながる一級河川であり、全長138km、流域面積1,240km2。"
多摩川浅間神社,,35.5873253,139.6690271,東京都,B,神社仏閣,多摩川浅間神社（たまがわせんげんじんじゃ）は東京都大田区田園調布にある神社。
多摩川台公園,,35.5879873,139.6677776,東京都,B,その他,多摩川台公園（たまがわだいこうえん）は、東京都大田区田園調布一丁目に位置する大田区立公園である。
多摩動物公園,,35.6501072,139.3972637,東京都,B,その他,多摩動物公園（たまどうぶつこうえん）は、東京都日野市程久保7-1-1に位置する動物園。
多摩六都科学館,,35.7345533,139.5230366,東京都,B,美術館博物館,
打越天神北野神社,,35.7072241,139.6719239,東京都,E,神社仏閣,
待乳山聖天,,35.7173545,139.8029781,東京都,B,神社仏閣,
代々木八幡宮,,35.67199,139.6889742,東京都,B,神社仏閣,代々木八幡宮（よよぎはちまんぐう）は、東京都渋谷区代々木にある神社である。
台東区立書道博物館,,35.7247153,139.7764529,東京都,C,美術館博物館,
大安楽寺,,35.6908528,139.7780335,東京都,C,神社仏閣,
大井競馬場,,35.5921242,139.7424009,東京都,A,自然,大井競馬場（おおいけいばじょう、Oi Racecourse）は、東京都品川区勝島にある地方競馬の競馬場である。
大井囃子,,35.5959607,139.7297993,東京都,D,その他,大井囃子（おおいばやし）は東京都品川区で行われている祭囃子であり、1985年3月14日に品川区無形文化財の指定を受けている。
大昌寺,,35.6777826,139.3973499,東京都,E,神社仏閣,
大乗院,,35.7559201,139.5689892,東京都,D,神社仏閣,
大森海苔のふるさと館,,35.5772241,139.7425038,東京都,D,その他,海苔のふるさと館（おおもりのりのふるさとかん）は、東京都大田区平和の森公園にある博物館で、管理運営は特定非営利活動法人海苔のふるさと会が行っている。
大泉中央公園,,35.7749821,139.5979615,東京都,D,その他,大泉中央公園（おおいずみちゅうおうこうえん）は、東京都練馬区大泉学園町九丁目にある東京都立の公園である。
大倉集古館,,35.666923,139.7432191,東京都,E,美術館博物館,
大田区立郷土博物館,,35.5885312,139.7106663,東京都,D,美術館博物館,
大田区立龍子記念館,,35.582343,139.715623,東京都,E,美術館博物館,
大田黒公園,,35.701464,139.6240029,東京都,C,その他,大田黒公園（おおたぐろこうえん）は、東京都杉並区荻窪にある区立の都市公園。
大島小松川公園,,35.6926422,139.846344,東京都,C,その他,大島小松川公園（おおじまこまつがわこうえん）は、東京都江戸川区小松川と江東区大島にまたがってある都立公園である。
大法寺,,35.7033008,139.8507266,東京都,E,神社仏閣,
大名時計博物館,,35.721289,139.766182,東京都,C,美術館博物館,
大國魂神社,,35.6675356,139.478952,東京都,A,神社仏閣,大國魂神社（おおくにたまじんじゃ、新字体：大国魂神社）は、東京都府中市宮町に所在する神社。
第五福竜丸展示館,,35.6509581,139.8263521,東京都,B,美術館博物館,
谷保天満宮,,35.6797445,139.4441908,東京都,B,神社仏閣,
地下鉄博物館,,35.6635182,139.8742813,東京都,B,美術館博物館,地下鉄博物館（ちかてつはくぶつかん）は、東京都江戸川区の東京メトロ東西線葛西駅の高架下にある、地下鉄を専門に扱った博物館。
智明寺 繁成寺,,35.6587869,139.7227583,東京都,E,神社仏閣,
池上梅園,,35.5810851,139.7027193,東京都,D,その他,池上梅園（いけがみばいえん）は、東京都大田区池上にある区立公園である。
池上本門寺,,35.5789017,139.7051955,東京都,A,神社仏閣,
池袋演芸場,,35.7318588,139.7101362,東京都,B,その他,池袋演芸場（いけぶくろえんげいじょう）は、東京都豊島区・池袋駅前・西一番街中央通り入口にある寄席である。
池袋西口公園,,35.7301126,139.7090211,東京都,B,その他,池袋西口公園（いけぶくろにしぐちこうえん）は、東京都豊島区にある豊島区立の公園。
池田山公園,,35.6323671,139.7232823,東京都,C,その他,池田山公園（いけだやまこうえん）は、東京都品川区東五反田にある品川区立の都市公園である。
築地,つきじ,35.6613889,139.7697222,東京都,A,街並み,プロも通う食の一大拠点。場外市場は今も観光客で賑わう。
築地本願寺,,35.6665791,139.7721306,東京都,B,神社仏閣,
築土神社,,35.6960609,139.7499766,東京都,B,神社仏閣,
中近東文化センター,,35.688803,139.533894,東京都,C,美術館博物館,
中川公園,,35.7758354,139.8462981,東京都,D,その他,中川公園（なかがわこうえん）は、東京都足立区中川五丁目にある東京都立の公園である。
中道寺,,35.6965344,139.6194957,東京都,D,神社仏閣,
潮風公園,,35.6258647,139.769314,東京都,C,その他,潮風公園（しおかぜこうえん）は、東京都品川区東八潮にある都立公園である。
町田リス園,,35.5782485,139.4497868,東京都,B,その他,町田リス園（まちだリスえん）は、東京都町田市にあるリスなどの小動物を専門とした小規模動物園。
町田市民文学館ことばらんど,,35.5425627,139.4515503,東京都,E,美術館博物館,
町田市立 自由民権資料館,,35.5888691,139.4532399,東京都,C,美術館博物館,
町田市立国際版画美術館,,35.5440573,139.4550416,東京都,C,美術館博物館,町田市立国際版画美術館（まちだしりつ こくさいはんがびじゅつかん）は、東京都町田市原町田四丁目に所在する版画に関する公立の美術館である。
町田市立陸上競技場,,35.5923389,139.4392545,東京都,B,その他,町田市立陸上競技場（まちだしりつりくじょうきょうぎじょう）は、東京都町田市野津田町の町田市立野津田公園内にある陸上競技場兼球技場。
長沼公園,,35.4022285,139.3533137,東京都,D,その他,長沼公園（ながぬまこうえん）は、東京都八王子市長沼町・下柚木に位置する都立公園。
長谷寺,,35.6609025,139.7190197,東京都,B,神社仏閣,
長谷川町子美術館,,35.6279831,139.6436212,東京都,B,美術館博物館,
鳥越神社,,35.7019971,139.7857711,東京都,B,神社仏閣,
哲学堂公園,,35.7222502,139.6742878,東京都,B,その他,哲学堂公園（てつがくどうこうえん）は、東京都中野区にある中野区立の公園である。
天桂寺,,35.697112,139.6370235,東京都,E,神社仏閣,
殿ヶ谷戸庭園,,35.6985526,139.4820326,東京都,B,その他,殿ヶ谷戸庭園（とのがやとていえん）は、東京都国分寺市にある有料の都立庭園である。
田河水泡・のらくろ館,,35.6850919,139.8023628,東京都,C,美術館博物館,田河水泡・のらくろ館（たがわすいほう・のらくろかん）は、東京都江東区森下にある田河水泡の美術館である。
田端神社,,35.6939753,139.6262037,東京都,D,神社仏閣,
田端文士村記念館,,35.738472,139.759259,東京都,C,美術館博物館,
田無神社,,35.7298951,139.5440509,東京都,B,神社仏閣,田無神社（たなしじんじゃ）は、東京都西東京市田無町三丁目にある神社。
都電荒川線,,35.7231656,139.7171648,東京都,A,その他,荒川線（あらかわせん）は、東京都荒川区の三ノ輪橋停留場から新宿区の早稲田停留場までを結ぶ、東京都交通局を事業主体とする東京都電車（都電）の軌道路線（路面電車）である。
土方歳三資料館,,35.6697605,139.4196661,東京都,B,美術館博物館,
東綾瀬公園,,35.7674116,139.827617,東京都,C,その他,東綾瀬公園（ひがしあやせこうえん）は、東京都足立区綾瀬及び東綾瀬にある東京都立の公園である。
東京オペラシティアートギャラリー,,35.683003,139.686756,東京都,C,美術館博物館,
東京キャラクターストリート,,35.6823699,139.7687434,東京都,C,その他,東京キャラクターストリート（とうきょうキャラクターストリート）は、東京都千代田区の東京駅八重洲口側に立地する商業施設、東京駅一番街の地下街エリアにあるキャラクターグッズ専門店街。
東京グローブ座,,35.7047651,139.7003636,東京都,B,その他,東京グローブ座（とうきょうグローブざ、英語：The Globe Tokyo）は、東京都新宿区百人町に建つ劇場である。
東京サマーランド,,35.7172636,139.2759568,東京都,B,その他,東京サマーランド（とうきょうサマーランド）は、東京都あきる野市にあるウォーターパーク。
東京スカイツリー,とうきょうすかいつりー,35.7100543,139.8107141,東京都,A,その他,高さ634mを誇る世界最高クラスの自立式電波塔。
東京スタジアム,,35.6634846,139.5268813,東京都,A,その他,東京スタジアム（とうきょうスタジアム）は、東京都調布市にある多目的スタジアム。
東京ステーションギャラリー,,35.6824302,139.7664939,東京都,C,美術館博物館,東京ステーションギャラリー（とうきょうステーションギャラリー）は、東京都千代田区丸の内にある東京駅の中に付設された、主に近代美術や現代美術の展示を行う美術館である。
東京タワー,とうきょうたわー,35.6584491,139.745536,東京都,A,その他,東京のシンボルタワー。
東京ミッドタウン日比谷,,35.6734721,139.7592489,東京都,B,その他,東京ミッドタウン日比谷（とうきょうミッドタウンひびや、英: Tokyo Midtown Hibiya）は、東京都千代田区有楽町一丁目（日比谷）にある複合商業ビルである。
東京駅,とうきょうえき,35.6777963,139.7644836,東京都,A,その他,赤レンガの丸の内駅舎で知られる日本の鉄道の中心駅。
東京駅一番街,,35.6811048,139.7681714,東京都,C,その他,東京駅一番街（とうきょうえきいちばんがい、英: First Avenue Tokyo Station）は、東京都千代田区と中央区に掛かる、東京駅八重洲口にある商業施設。
東京港野鳥公園,,35.5841823,139.7592761,東京都,C,その他,東京港野鳥公園（とうきょうこうやちょうこうえん）は、東京都大田区東海三丁目にある都立の海上公園である。
東京国際空港,,35.5536173,139.7713306,東京都,A,その他,"東京国際空港（とうきょうこくさいくうこう、英語: Tokyo International Airport、IATA: HND, ICAO: RJTT）は、東京都大田区羽田空港に所在する日本の国際空港の一つ。"
東京国立近代美術館,とうきょうこくりつきんだいびじゅつかん,35.6905083,139.7546528,東京都,C,美術館博物館,近現代の日本美術を中心に収蔵する国立美術館。
東京国立博物館,とうきょうこくりつはくぶつかん,35.7190556,139.7766667,東京都,A,美術館博物館,日本最古・最大級の博物館、国宝・重要文化財を多数収蔵。
東京消防庁消防防災資料センター消防博物館,,35.6881372,139.7199391,東京都,C,美術館博物館,
東京体育館,,35.6797748,139.7124964,東京都,A,その他,東京体育館（とうきょうたいいくかん、英: Tokyo Gymnasium）は、東京都渋谷区千駄ヶ谷一丁目にある東京都所有の体育館。
東京大学大学院理学系研究科附属植物園,,35.720355,139.7437765,東京都,B,その他,"東京大学大学院理学系研究科附属植物園（とうきょうだいがくだいがくいんりがくけいけんきゅうかふぞくしょくぶつえん、英: Botanical Gardens, Graduate School of Science, the University of Tokyo）は、東京都文京区白山三丁目にある植物園。"
東京大空襲・戦災資料センター,,35.681744,139.822264,東京都,C,美術館博物館,
東京大神宮,,35.7000073,139.7468581,東京都,B,神社仏閣,東京大神宮（とうきょうだいじんぐう）は、東京都千代田区富士見二丁目にある神社。天照皇大神・豊受大神を主祭神とする。
東京都現代美術館,,35.6794922,139.8075046,東京都,B,美術館博物館,東京都現代美術館（とうきょうとげんだいびじゅつかん）は、東京都江東区三好四丁目にある、現代美術専門の公立美術館。
東京都写真美術館,,35.641543,139.7133962,東京都,E,美術館博物館,
東京都水道歴史館,,35.7033139,139.7604984,東京都,C,美術館博物館,
東京都庭園美術館,,35.6367979,139.7191582,東京都,B,美術館博物館,東京都庭園美術館（とうきょうと ていえん びじゅつかん）は、東京都港区白金台にある都立美術館である。
東京都薬用植物園,,35.7313894,139.433859,東京都,C,その他,東京都薬用植物園（とうきょうとやくようしょくぶつえん）は、 東京都小平市中島町にある、薬用植物やハーブを栽培する植物園。
東京都立滝山自然公園,,35.6994149,139.3273939,東京都,D,その他,東京都立滝山自然公園（とうきょうとりつたきやましぜんこうえん）は、東京都八王子市にある都立自然公園。
東京都檜原都民の森,,35.7404175,139.0218343,東京都,C,その他,東京都檜原都民の森（とうきょうとひのはらとみんのもり）は、東京都西多摩郡檜原村にある施設。
東京富士美術館,,35.686378,139.3294543,東京都,B,美術館博物館,
東京臨海広域防災公園,,35.6347197,139.7958663,東京都,B,その他,東京臨海広域防災公園（とうきょうりんかいこういきぼうさいこうえん）は、東京都江東区有明にある広域防災拠点および公園である。
東京藝術大学大学美術館,,35.719192,139.7719324,東京都,C,美術館博物館,
東小松川香取神社,,35.7090811,139.8673857,東京都,D,神社仏閣,
東村山中央公園,,35.7467891,139.4607525,東京都,D,その他,東村山中央公園（ひがしむらやまちゅうおうこうえん）は、東京都東村山市にある都立公園。
東大和公園,,35.7541278,139.4306399,東京都,D,その他,東大和公園（ひがしやまとこうえん）は、東京都東大和市の狭山丘陵に位置する都立公園。
東大和南公園,,35.7345906,139.4220316,東京都,C,その他,東大和南公園（ひがしやまとみなみこうえん）とは、東京都東大和市に存在する都立公園。
東白鬚公園,,35.7321173,139.8132393,東京都,C,その他,東白鬚公園（ひがししらひげこうえん）は、東京都墨田区堤通二丁目にある東京都立の公園である。
東武博物館,,35.723464,139.818985,東京都,B,美術館博物館,
東本願寺,,35.7117233,139.7895232,東京都,B,神社仏閣,
東洋文庫,,35.7314731,139.7482979,東京都,B,その他,公益財団法人東洋文庫（とうようぶんこ）は、東京都文京区に所在する東洋学の専門図書館、研究所である。
湯島天満宮,,35.7076842,139.7678622,東京都,B,神社仏閣,湯島天満宮（ゆしまてんまんぐう）は、東京都文京区湯島三丁目にある天満宮で、菅原道真を含む二柱の祭神を祀る神社。通称は湯島天神（ゆしまてんじん）、旧称は湯島神社（ゆしまじんじゃ）。
道玄坂,,35.6579413,139.698329,東京都,B,その他,道玄坂（どうげんざか）は、東京都渋谷区にある町名。
徳大寺,,35.7086059,139.7744835,東京都,C,神社仏閣,徳大寺（とくだいじ）は、東京都台東区上野4丁目アメヤ横丁のほど近くにある日蓮宗の寺院。
南池袋公園,,35.7276629,139.71432,東京都,C,その他,豊島区立南池袋公園（みなみいけぶくろこうえん）は、東京都豊島区南池袋にある区立の公園である。
二子玉川公園,,35.609256,139.632679,東京都,C,その他,世田谷区立二子玉川公園（せたがやくりつ ふたこたまがわこうえん）は、東京都世田谷区玉川（二子玉川）にある都市公園である。
日の出山,,35.7812407,139.1674711,東京都,C,自然,日の出山（ひのでやま）は、東京都青梅市御岳2丁目と東京都西多摩郡日の出町大字大久野の境界に位置する、標高902メートルの山である。
日枝神社,,35.6746457,139.739932,東京都,A,神社仏閣,日枝神社（ひえじんじゃ）は、東京都千代田区永田町二丁目にある、山王信仰の神社。山王さま等とも呼ばれ、江戸三大祭の一つ、山王祭が行われる。
日比谷公園,,35.673889,139.756191,東京都,B,その他,日比谷公園（ひびやこうえん）は、東京都千代田区に所在する公園、および同公園を町域とする千代田区の町名である。
日比谷公会堂,,35.6714135,139.7555498,東京都,B,その他,日比谷公会堂（ひびやこうかいどう）は、東京都千代田区の日比谷公園の中にある公会堂。
日比谷神社,,35.6633987,139.7582964,東京都,B,神社仏閣,
日本カメラ博物館,,35.6860582,139.7428472,東京都,C,美術館博物館,
日本サッカーミュージアム,,35.7042546,139.7639427,東京都,C,美術館博物館,
日本科学未来館,,35.6193556,139.777595,東京都,B,その他,日本科学未来館（にっぽんかがくみらいかん、英称：The National Museum of Emerging Science and Innovation、愛称：Miraikan）は、東京都江東区青海の国際研究交流大学村内にある科学館。
日本近代文学館,,35.6624273,139.6816433,東京都,B,その他,公益財団法人日本近代文学館（にほんきんだいぶんがくかん）は、東京都目黒区の駒場公園内に建つ文学館およびそれを運営する公益財団法人。
日本銀行金融研究所貨幣博物館,,35.6854395,139.7716029,東京都,C,美術館博物館,
日本民藝館,,35.660832,139.6792374,東京都,B,その他,日本民藝館（にほんみんげいかん）は、東京都目黒区駒場四丁目にある美術館で、「『民藝品の蒐集や保管』『民藝に関する調査研究』『民藝思想の普及』『展覧会』」を軸に活動している。
乃木神社,,35.668586,139.727995,東京都,B,神社仏閣,乃木神社（のぎじんじゃ）は、東京都港区赤坂にある神社。明治期の軍人・乃木希典（乃木希典命）とその妻・乃木静子（乃木静子命）を祀る。
馬事公苑,,35.6367203,139.63383,東京都,B,その他,馬事公苑（ばじこうえん）は、東京都世田谷区上用賀にある公園。
馬場大門のケヤキ並木,,35.6725225,139.4792613,東京都,C,その他,馬場大門のケヤキ並木（ばばだいもんのケヤキなみき）は、東京都府中市の大國魂神社参道にあるケヤキ並木。
白山神社,,35.7218967,139.7505773,東京都,B,神社仏閣,白山神社（はくさんじんじゃ）は、東京都文京区白山にある神社である。旧称白山権現社。
白髭神社,,35.7328433,139.8403003,東京都,D,神社仏閣,
畠山記念館,,35.632242,139.726938,東京都,B,美術館博物館,
八王子城,,35.6528939,139.2521542,東京都,A,城,八王子城（はちおうじじょう）は、現在の東京都八王子市元八王子町から下恩方町にかけて築かれた日本の山城。
八幡社,,35.6609966,139.6214486,東京都,E,神社仏閣,
八芳園,,35.6384352,139.7288862,東京都,B,その他,八芳園（はっぽうえん）は、東京都港区白金台に所在する、1万2000坪の敷地内に庭園のあるレストラン・結婚式場である。
鳩ノ巣渓谷,,35.8131774,139.1291762,東京都,C,自然,鳩ノ巣渓谷（はとのすけいこく）は、東京都西多摩郡奥多摩町の多摩川上流にある渓谷。
板橋区立教育科学館,,35.7634451,139.6796239,東京都,D,美術館博物館,
板橋区立郷土資料館,,35.7854982,139.6432063,東京都,D,美術館博物館,
板橋区立赤塚植物園,,35.7803542,139.6440445,東京都,D,その他,板橋区立赤塚植物園（いたばしくりつあかつかしょくぶつえん、英語:Akatsuka Botanical Garden）は、 東京都板橋区赤塚にある植物園である。
碑文谷公園,,35.625081,139.682632,東京都,C,その他,碑文谷公園（ひもんやこうえん）は、東京都目黒区碑文谷にある目黒区立の公園である。
肥後細川庭園,,35.713223,139.721699,東京都,C,その他,肥後細川庭園（ひごほそかわていえん）は、東京都文京区目白台にある文京区立の公園。
飛鳥山公園,,35.750757,139.7384948,東京都,B,その他,飛鳥山公園（あすかやまこうえん）は、東京都北区にある区立公園。
尾久の原公園,,35.7496192,139.7758203,東京都,C,その他,尾久の原公園（おぐのはらこうえん）は、東京都荒川区にある東京都立の公園である。
尾根緑道,,35.6032348,139.375422,東京都,C,その他,尾根緑道（おねりょくどう）は、東京都町田市内にある全長およそ8 kmの緑道である。
表参道ヒルズ,,35.6672558,139.708868,東京都,B,その他,表参道ヒルズ（おもてさんどうヒルズ、Omotesando Hills）は、東京都渋谷区神宮前（表参道）にあり、商業施設、住宅施設、及び駐車場からなる森ビルの複合商業施設。
品川インターシティ,,35.626704,139.742174,東京都,B,その他,品川インターシティ（しながわインターシティ）は、東京都港区港南・品川区北品川にまたがる再開発都市。
品川寺,,35.6095257,139.7442274,東京都,B,神社仏閣,品川寺（ほんせんじ）は、東京都品川区南品川三丁目にある真言宗醍醐派の寺院である。
品川神社,,35.618369,139.7406592,東京都,B,神社仏閣,品川神社（しながわじんじゃ）は、東京都品川区北品川三丁目にある神社。
浜町公園,,35.6879032,139.7895334,東京都,C,その他,浜町公園（はまちょうこうえん）は、東京都中央区日本橋浜町二丁目にある中央区立の公園である。
浜離宮恩賜庭園,はまりきゅうおんしていえん,35.66,139.7636111,東京都,B,自然,海水を引き入れた「潮入の池」を持つ大名庭園、高層ビル群との対比で人気。
富岡八幡宮,,35.6715882,139.799754,東京都,B,神社仏閣,富岡八幡宮（とみおかはちまんぐう）は、東京都江東区富岡にある八幡神社。通称で深川八幡宮（ふかがわはちまんぐう）とも称される。
布多天神社,,35.6559374,139.545254,東京都,B,神社仏閣,布多天神社（ふだてんじんしゃ）は、東京都調布市調布ケ丘にある神社。
府中の森公園,,35.6754397,139.4909432,東京都,C,その他,府中の森公園（ふちゅうのもりこうえん）は、東京都府中市浅間町にある都立公園。
府中市郷土の森公園,,35.6557792,139.4744992,東京都,C,その他,府中市郷土の森公園（ふちゅうし きょうどのもりこうえん）は、東京都府中市矢崎町・是政にある総合公園。
府中市郷土の森博物館,,35.6567023,139.473316,東京都,B,美術館博物館,府中市郷土の森博物館（ふちゅうしきょうどのもりはくぶつかん）は、東京都府中市にある、多くの建築物を含む森全体が一体となった野外博物館である。
府中市美術館,,35.678748,139.4920495,東京都,C,美術館博物館,府中市美術館（ふちゅうしびじゅつかん）は、東京都府中市の美術館。
浮間公園,,35.7940355,139.6938186,東京都,B,その他,浮間公園（うきまこうえん）は、東京都北区浮間2丁目と板橋区舟渡2丁目の境にある浮間ヶ池を中心にした都立の都市公園（総合公園）。
武蔵国分寺,,35.6934995,139.471969,東京都,B,神社仏閣,武蔵国分寺（むさしこくぶんじ）は、東京都国分寺市にある真言宗豊山派の寺院。
武蔵野の森公園,,35.6710975,139.5286735,東京都,C,その他,武蔵野の森公園（むさしののもりこうえん）は、東京都三鷹市、府中市と調布市にまたがる都立公園である。
武蔵野稲荷神社,,35.7381364,139.6693759,東京都,C,神社仏閣,武蔵野稲荷神社（むさしのいなりじんじゃ）は東京都練馬区の神社。
武蔵野公園,,35.6877601,139.5185346,東京都,C,その他,武蔵野公園（むさしのこうえん）は、東京都府中市多磨町二丁目、小金井市前原町二丁目・東町五丁目にまたがる都立公園。
武蔵野市民文化会館,,35.7114193,139.5658166,東京都,C,その他,武蔵野市民文化会館（むさしのしみんぶんかかいかん）は、東京都武蔵野市中町にある文化施設。
武蔵野中央公園,,35.7180864,139.5586829,東京都,C,その他,武蔵野中央公園（むさしのちゅうおうこうえん）は、東京都武蔵野市八幡町に広がる芝生が主体の都立公園。
武蔵野八幡宮,,35.7075324,139.579845,東京都,C,神社仏閣,武蔵野八幡宮（むさしのはちまんぐう）は、東京都武蔵野市の神社。
伏見三宝稲荷神社,,35.6542344,139.7453916,東京都,D,神社仏閣,
福昌寺,,35.6505183,139.6362377,東京都,C,神社仏閣,
物流博物館,,35.629097,139.732315,東京都,C,美術館博物館,
文京ふるさと歴史館,,35.707984,139.756582,東京都,D,美術館博物館,
文殊院,,35.7559487,139.7096385,東京都,D,神社仏閣,
平山城址公園,,35.6398135,139.3811387,東京都,B,その他,平山城址公園（ひらやまじょうしこうえん）は、多摩丘陵北部の東京都八王子市と日野市にまたがる東京都立公園である。
平和祈念展示資料館,,35.6912618,139.6925118,東京都,C,美術館博物館,
平和島公園,,35.5820347,139.7425418,東京都,D,自然,平和島公園（へいわじまこうえん）は、東京都大田区平和島にある大田区立の公園である。
法正寺,,35.7018353,139.7362866,東京都,E,神社仏閣,
豊川稲荷東京別院,,35.6765307,139.7328113,東京都,B,神社仏閣,豊川稲荷東京別院（とよかわいなりとうきょうべついん）は、東京都港区元赤坂にある曹洞宗の寺院である。
豊島区立郷土資料館,,35.727675,139.706721,東京都,D,美術館博物館,
北区立中央図書館,,35.756294,139.7289647,東京都,C,その他,北区立中央図書館（きたくりつちゅうおうとしょかん）は、東京都北区十条台一丁目2番5号にある公共図書館。
堀切菖蒲園,,35.7423506,139.8261417,東京都,B,その他,堀切菖蒲園（ほりきりしょうぶえん）は、東京都葛飾区堀切二丁目にある葛飾区所管の公園（植物園）である。
本多劇場,,35.6617082,139.6684726,東京都,B,その他,本多劇場（ほんだげきじょう）は、東京都世田谷区北沢二丁目10-15にある演劇専用の民営劇場である。
本仏寺,,35.6949208,139.6523459,東京都,D,神社仏閣,
妙高寺,,35.6756841,139.5983166,東京都,C,神社仏閣,
妙正寺,,35.7159485,139.617619,東京都,C,神社仏閣,
妙像寺,,35.6657457,139.7354859,東京都,E,神社仏閣,
夢の大橋,,35.6287177,139.78439,東京都,B,その他,夢の大橋（ゆめのおおはし）は、有明西運河をまたぐ、東京都江東区青海と同区有明を結ぶ歩行者・自転車専用の橋。
名主の滝公園,,35.7573551,139.7322812,東京都,C,その他,名主の滝公園（なぬしのたきこうえん）は、東京都北区岸町一丁目にある区立公園。
明治神宮,めいじじんぐう,35.6748417,139.6996266,東京都,A,神社仏閣,明治天皇を祀る都内屈指の初詣スポット。
明治神宮外苑,,35.6774882,139.7183045,東京都,B,その他,明治神宮外苑（めいじじんぐうがいえん）は、1926年に完成した東京都新宿区霞ヶ丘町と港区北青山にまたがる、スポーツ・文化施設や緑地、公園などからなる一帯。
明治大学博物館,,35.6986987,139.7621517,東京都,C,美術館博物館,
木材・合板博物館,,35.6457328,139.8317982,東京都,D,その他,木材・合板博物館（もくざい・ごうはんはくぶつかん）は、東京都江東区新木場に存在する木材と合板に関する資料を収集、展示する施設。
木場公園,,35.676481,139.8096272,東京都,B,その他,木場公園（きばこうえん）は、東京都江東区にある都立公園である。
目黒寄生虫館,,35.6317,139.706666,東京都,B,美術館博物館,
目黒区美術館,,35.6349252,139.7076759,東京都,C,美術館博物館,
目黒天空庭園,,35.6516889,139.6875089,東京都,B,その他,目黒天空庭園（めぐろてんくうていえん）は、東京都目黒区大橋にある屋上庭園。
目黒不動,,35.6282261,139.7085663,東京都,B,神社仏閣,瀧泉寺（りゅうせんじ）は、東京都目黒区下目黒に所在する天台宗の寺院。山号は泰叡山（たいえいざん）。
目白庭園,,35.7245852,139.7054821,東京都,C,その他,目白庭園（めじろていえん）は、東京都豊島区目白にある、豊島区立公園。
野球殿堂博物館,,35.7055787,139.7528979,東京都,B,美術館博物館,
野見宿禰神社,,35.6969502,139.8013138,東京都,C,神社仏閣,
野川公園,,35.5741648,139.6150779,東京都,B,その他,野川公園（のがわこうえん）は、東京都調布市野水一・二丁目、小金井市東町一丁目、三鷹市大沢二・三・六丁目にまたがる都立公園である。
薬師池公園,,35.579035,139.448053,東京都,C,その他,薬師池公園（やくしいけこうえん）は、東京都町田市野津田町の暖沢（ぬくざわ）地域にある町田市立の都市公園（特殊公園）。
柳森神社,,35.6967184,139.7734176,東京都,C,神社仏閣,柳森神社（やなぎもりじんじゃ）は、東京都千代田区神田須田町にある神社。
有栖川宮記念公園,,35.6519246,139.725605,東京都,B,その他,有栖川宮記念公園（ありすがわのみやきねんこうえん）は、東京都港区南麻布にある都市公園（風致公園）である。
有明コロシアム,,35.6364089,139.7900506,東京都,B,その他,有明コロシアム（ありあけコロシアム）は、東京都江東区有明二丁目にある東京都生活文化スポーツ局が所管するスタジアム。
祐天寺,,35.6381201,139.6935573,東京都,B,神社仏閣,祐天寺（ゆうてんじ）は、東京都目黒区中目黒五丁目にある浄土宗の寺院である。
夕やけ小やけふれあいの里,,35.6705666,139.2158227,東京都,C,その他,夕やけ小やけふれあいの里（ゆうやけこやけふれあいのさと）は、東京都八王子市上恩方町2030にある八王子市立の自然体験型レクリエーション施設である。
龍善寺,,35.705753,139.7234006,東京都,E,神社仏閣,
林試の森公園,,35.6256369,139.7037551,東京都,B,その他,林試の森公園（りんしのもりこうえん）は、東京都目黒区下目黒と品川区小山台にまたがり所在する都立公園。
林芙美子記念館,,35.7158469,139.684266,東京都,C,美術館博物館,林芙美子記念館（はやしふみこきねんかん）は、東京都新宿区中井にある文学館。
鈴本演芸場,,35.709173,139.7730454,東京都,B,その他,鈴本演芸場（すずもとえんげいじょう）は、東京都台東区上野二丁目上野鈴本ビルにある寄席。
練馬区立美術館,,35.7370302,139.6361548,東京都,C,美術館博物館,
蓮光寺,,35.6956549,139.65491,東京都,E,神社仏閣,
六義園,,35.7324316,139.7484331,東京都,A,その他,六義園（りくぎえん）は、東京都文京区本駒込六丁目にある都立庭園で、「回遊式築山泉水庭園」の日本庭園（大名庭園）である。
六仙公園,,35.7502279,139.5224986,東京都,D,その他,六仙公園（ろくせんこうえん）は、東京都東久留米市中央町にある都立公園。
和田堀公園,,35.6855486,139.6423063,東京都,B,その他,和田堀公園（わだぼりこうえん）は、東京都杉並区に所在する都立公園である。
傳通院,,35.7124809,139.746878,東京都,B,神社仏閣,伝通院（でんづういん）は、東京都文京区小石川三丁目の高台にある浄土宗の寺。正式名称は、無量山 伝通院 寿経寺（むりょうざん・でんづういん・じゅきょうじ）。
國學院大學博物館,,35.6562172,139.7112005,東京都,C,美術館博物館,
圓福寺,,35.7021478,139.735085,東京都,C,神社仏閣,
寶昌寺,,35.691951,139.6316673,東京都,D,神社仏閣,
寳性寺,,35.6542036,139.6172197,東京都,D,神社仏閣,
寳福寺,,35.6835944,139.663754,東京都,D,神社仏閣,
榧寺,,35.7052583,139.7922683,東京都,C,神社仏閣,
萬昌院功運寺,,35.7124759,139.6787211,東京都,C,神社仏閣,
蘆花恒春園,,35.6614913,139.6120053,東京都,B,その他,蘆花恒春園（ろかこうしゅんえん）は、東京都世田谷区にある都立公園である。
醫王寺,,35.6219577,139.6524613,東京都,D,神社仏閣,
MARINE & WALK YOKOHAMA,,35.454713,139.6419801,神奈川県,C,その他,MARINE & WALK YOKOHAMA（マリン アンド ウォーク ヨコハマ）は、神奈川県横浜市中区新港一丁目（みなとみらい地区4街区）にある商業施設。
MARK IS みなとみらい,,35.4577528,139.6317092,神奈川県,B,その他,MARK IS みなとみらい（マークイズみなとみらい）は、神奈川県横浜市西区のみなとみらい地区（34街区）に所在する三菱地所の大型商業施設。
OSC湘南シティ,,35.328122,139.358617,神奈川県,C,その他,OSC湘南シティ（オーエスシーしょうなんシティ）とは、神奈川県平塚市にある、Olympicグループ運営の複合商業施設・ショッピングセンター。
RAKU SPA 鶴見,,35.5229248,139.6777851,神奈川県,E,その他,
アサヒビール,,35.3353233,139.0897818,神奈川県,A,その他,"アサヒビール株式会社（英: ASAHI BREWERIES, LTD.）は、日本の大手ビールメーカー。"
アトレ川崎,,35.5314625,139.6977171,神奈川県,C,自然,アトレ川崎（アトレかわさき）は、神奈川県川崎市川崎区の東日本旅客鉄道（JR東日本）川崎駅構内に立地し、株式会社アトレが運営する駅ビル。
アメリカ山公園,,35.4413239,139.6515765,神奈川県,C,自然,アメリカ山公園（アメリカやまこうえん）は、神奈川県横浜市中区山手町に位置し、みなとみらい線「元町・中華街駅」の駅舎上部に整備された全国初の立体都市公園である。
ウイトリッヒの森,,35.3759737,139.4982307,神奈川県,C,その他,ウイトリッヒの森（ウイトリッヒのもり）、あるいはウィトリッヒの森は、神奈川県横浜市戸塚区俣野町2番地にある約30000平方メートル（3ヘクタール）の雑木林。
ヴェルニー公園,,35.2834283,139.6589781,神奈川県,B,自然,ヴェルニー公園は、神奈川県横須賀市汐入町に位置する市立の都市公園（近隣公園）である。
うみかぜ公園,,35.2767865,139.6827049,神奈川県,C,自然,うみかぜ公園は、神奈川県横須賀市平成町にある横須賀市の港湾緑地である。
エリスマン邸,,35.4375814,139.6512925,神奈川県,C,その他,エリスマン邸（エリスマンてい、英: Ehrismann Residence）は、神奈川県横浜市中区元町の元町公園内にある西洋館である。
おおいゆめの里,,35.335,139.1748315,神奈川県,E,その他,
おだわら諏訪の原公園,,35.2828544,139.1341213,神奈川県,E,自然,おだわら諏訪の原公園（おだわらすわのはらこうえん）は、神奈川県小田原市の北西部に位置する神奈川県立の都市公園（広域公園）である。
おふろの王様,,35.4949387,139.4707826,神奈川県,C,その他,おふろの王様（おふろのおうさま）は、東京建物グループの東京建物リゾート株式会社が関東地方で運営するスーパー銭湯チェーン。
おふろの王様,,35.4637353,139.4126164,神奈川県,C,その他,おふろの王様（おふろのおうさま）は、東京建物グループの東京建物リゾート株式会社が関東地方で運営するスーパー銭湯チェーン。
お林展望公園,,35.1431166,139.150529,神奈川県,D,自然,お林展望公園（おはやしてんぼうこうえん）は、神奈川県足柄下郡真鶴町の公園である。
かわさき宙と緑の科学館,,35.6085228,139.5614082,神奈川県,E,美術館博物館,
カワスイ 川崎水族館,,35.5292942,139.6968358,神奈川県,C,美術館博物館,カワスイ 川崎水族館（カワスイ かわさきすいぞくかん）は、神奈川県川崎市川崎区・川崎ルフロンの9階 - 10階にある水族館。
クイーンズスクエア横浜,,35.4564465,139.6338246,神奈川県,A,その他,クイーンズスクエア横浜（クイーンズスクエアよこはま、英語: Queen's Square YOKOHAMA）は、神奈川県横浜市西区のみなとみらい地区（24街区）にある大型複合施設。
くりはま花の国,,35.221174,139.7018783,神奈川県,C,その他,くりはま花の国（くりはまはなのくに）は、神奈川県横須賀市神明町にある横須賀市立の都市公園である。
こどもの国,,35.5362439,139.5046613,神奈川県,A,その他,こどもの国（こどものくに）は、神奈川県横浜市青葉区奈良町と東京都町田市三輪町にかけて所在する、社会福祉法人こどもの国協会が運営する総合的な児童厚生施設。
こども自然公園,,35.4507844,139.5355327,神奈川県,C,自然,こども自然公園（こどもしぜんこうえん）は、神奈川県横浜市旭区に所在する都市公園である。
サウスウッド,,35.5440304,139.5744493,神奈川県,E,その他,
さがみ湖MORI MORI,,35.6053966,139.207563,神奈川県,A,自然,さがみ湖 MORI MORI（さがみこモリモリ）は、神奈川県相模原市緑区若柳にある自然に親しむことをコンセプトとした複合レジャー施設（アウトドアリゾート）。
さがみ湖温泉 うるり,,35.6029564,139.2008114,神奈川県,E,温泉,さがみ湖温泉 うるり（さがみこおんせん うるり）は、神奈川県相模原市緑区にある日帰り入浴施設。
サザンビーチちがさき,,35.3171877,139.3980517,神奈川県,C,その他,サザンビーチちがさき（Southern Beach Chigasaki、旧称：Sazan Beach Chigasaki）は、神奈川県茅ヶ崎市中海岸にある海水浴場である。
しとどの窟,,35.1635791,139.0764112,神奈川県,B,その他,しとどの窟（しとどのいわや）は、神奈川県真鶴町と、湯河原町にある源頼朝が隠れたとされる洞窟である。
シルク博物館,,35.447237,139.64523,神奈川県,D,美術館博物館,
スパ・リブールヨコハマ,,35.524455,139.6490818,神奈川県,E,その他,
そごう美術館,,35.465652,139.625204,神奈川県,C,美術館博物館,
ドックヤードガーデン,,35.4550524,139.6323272,神奈川県,E,その他,
トレッサ横浜,,35.5250527,139.6461207,神奈川県,A,その他,トレッサ横浜（トレッサよこはま）は、神奈川県横浜市港北区師岡町700番地に所在し、三井不動産の完全子会社であるエムエフオートモールクリエイト
はだの・湯河原温泉 万葉の湯,,35.3675053,139.2359756,神奈川県,E,温泉,
はだの歴史博物館,,35.3865011,139.1890438,神奈川県,D,美術館博物館,はだの歴史博物館（はだのれきしはくぶつかん）は、神奈川県秦野市にある歴史博物館。
はまぎんこども宇宙科学館,,35.377072,139.594916,神奈川県,B,美術館博物館,
ばら苑,,35.4326216,139.5776249,神奈川県,E,その他,
ビナウォーク,,35.4526026,139.3944796,神奈川県,B,その他,ビナウォーク (ViNAWALK) は、神奈川県海老名市に所在する小田急SCディベロップメント運営の複合商業施設。
ファンタジーキッズリゾート海老名,,35.450296,139.3908857,神奈川県,E,その他,
フィールドアスレチック横浜つくし野コース,,35.5207289,139.4866208,神奈川県,E,その他,
フォレストアドベンチャー・小田原,,35.2582451,139.1208762,神奈川県,E,その他,
フォレストアドベンチャー・箱根,,35.2340595,139.0972642,神奈川県,E,その他,
ぷかりさん橋,,35.4580107,139.6384651,神奈川県,C,その他,ぷかりさん橋（ぷかりさんばし）は、神奈川県横浜市西区のみなとみらい地区（18街区）にある横浜港の客船ターミナル（浮桟橋）。
ブラフ18番館,,35.4367818,139.6440073,神奈川県,E,その他,
ブリキのおもちゃ博物館,,35.437639,139.653063,神奈川県,C,美術館博物館,
ペリー公園,,35.2242777,139.7119122,神奈川県,C,自然,ペリー公園（ぺりーこうえん）は、神奈川県横須賀市にある横須賀市立の都市公園（歴史公園）である。
ぼうさいの丘公園,,35.434125,139.3429044,神奈川県,D,自然,ぼうさいの丘公園（ぼうさいのおかこうえん）は神奈川県厚木市温水にある、多目的広場および防災機能を備えた都市公園（総合公園）である。
ポートサイド公園,,35.4673974,139.6307593,神奈川県,D,自然,ポートサイド公園（ポートサイドこうえん、Yokohama Portside Park）は、神奈川県横浜市神奈川区のポートサイド地区にある都市公園（近隣公園）である。
ボーノ相模大野,,35.5307712,139.4351223,神奈川県,C,その他,ボーノ相模大野（ボーノさがみおおの、bono SAGAMIONO）は、神奈川県相模原市南区相模大野にある大型複合施設。
ポーラ美術館,,35.2566563,139.0212049,神奈川県,A,美術館博物館,ポーラ美術館（ポーラびじゅつかん）は、神奈川県足柄下郡箱根町仙石原にある美術館。
ミューザ川崎,,35.5308282,139.6944652,神奈川県,C,自然,ミューザ川崎（ミューザかわさき）は、神奈川県川崎市の「川崎西口地区第一種市街地再開発事業」として都市公団が施行した都市再生プロジェクトであり、以下の施設からなる。
ユーシン渓谷,,35.4167083,139.0692219,神奈川県,E,自然,ユーシン渓谷（ユーシンけいこく）は、神奈川県足柄上郡山北町を流れる玄倉川の渓谷である。
よこはまコスモワールド,,35.4556655,139.6355287,神奈川県,B,その他,よこはまコスモワールドは、泉陽興業株式会社が経営する、神奈川県横浜市のみなとみらい地区にある都市型遊園地。
よこはま動物園ズーラシア,,35.4967796,139.5236471,神奈川県,A,美術館博物館,よこはま動物園ズーラシア（よこはまどうぶつえん ズーラシア）は、神奈川県横浜市旭区にある動物園である。
ラ チッタデッラ,,35.5284919,139.6981542,神奈川県,B,その他,ラ チッタデッラ (LA CITTADELLA) は、神奈川県川崎市川崎区小川町にある複合商業施設。
ららぽーと横浜,,35.5172778,139.566258,神奈川県,B,その他,ららぽーと横浜（ららぽーとよこはま）は、神奈川県横浜市都筑区池辺町に所在する三井不動産商業マネジメント運営のショッピングセンターである。
ららぽーと海老名,,35.4559206,139.3893623,神奈川県,B,その他,ららぽーと海老名（ららぽーとえびな）は、神奈川県海老名市にある大型商業施設（ショッピングセンター）。
ららぽーと湘南平塚,,35.3364008,139.3550733,神奈川県,B,その他,ららぽーと湘南平塚（ららぽーとしょうなんひらつか）は、神奈川県平塚市にある大型商業施設（ショッピングセンター）。
阿夫利神社本社,,35.4406014,139.2311081,神奈川県,B,神社仏閣,大山阿夫利神社（おおやまあふりじんじゃ）は、神奈川県伊勢原市の大山（別名: 雨降山〈あふりやま〉）にある神社である。
芦ノ湖,あしのこ,35.2097222,139.0044444,神奈川県,B,自然,富士山を望む箱根火山のカルデラ湖。
綾瀬スポーツ公園,,35.4368018,139.4486263,神奈川県,D,自然,綾瀬スポーツ公園（あやせスポーツこうえん）は、神奈川県綾瀬市本蓼川にある都市公園（運動公園）。
安藤百福発明記念館 横浜,,35.4554856,139.638881,神奈川県,C,美術館博物館,安藤百福発明記念館 横浜（あんどうももふく はつめいきねんかん よこはま、愛称：カップヌードルミュージアム 横浜）は、神奈川県横浜市中区新港
安養院,,35.3140959,139.5554119,神奈川県,E,神社仏閣,安養院（あんよういん）は、神奈川県鎌倉市大町にある浄土宗の寺院。
伊勢原市立子ども科学館,,35.4039103,139.3140446,神奈川県,E,美術館博物館,
伊勢山皇大神宮,,35.4503736,139.6262336,神奈川県,B,神社仏閣,伊勢山皇大神宮（いせやまこうたいじんぐう）は、神奈川県横浜市西区宮崎町にある神社。
衣笠山公園,,35.2509514,139.6583256,神奈川県,D,自然,衣笠山公園（きぬがさやまこうえん）は、神奈川県横須賀市の衣笠山にある横須賀市立の都市公園（風致公園）である。
一条恵観山荘,,35.3204503,139.5711162,神奈川県,E,自然,
一色海水浴場,,35.2631976,139.5769426,神奈川県,E,自然,
稲毛神社,,35.5310183,139.7046182,神奈川県,C,神社仏閣,
引地台公園,,35.4555028,139.4600554,神奈川県,E,自然,
宇都宮記念公園,,35.5026386,139.4395238,神奈川県,E,自然,
烏帽子岩,,35.3024281,139.4149183,神奈川県,E,その他,"姥島（うばしま）は、神奈川県茅ヶ崎市の沖合1,200m付近にある無人の岩礁群である。"
荏柄天神社,,35.3256809,139.5642532,神奈川県,C,神社仏閣,
永勝寺,,35.346328,139.480198,神奈川県,C,神社仏閣,
英勝寺,,35.3251108,139.5498364,神奈川県,B,神社仏閣,
円応寺,,35.3297156,139.5529479,神奈川県,C,神社仏閣,円応寺（えんのうじ）は、神奈川県鎌倉市山ノ内にある臨済宗建長寺派の仏教寺院。
円覚寺,えんがくじ,35.3377028,139.5474972,神奈川県,B,神社仏閣,鎌倉五山第二位の臨済宗の大本山。
円光寺,,35.4189174,139.3465422,神奈川県,E,神社仏閣,円光寺（えんこうじ）は神奈川県厚木市愛甲にある臨済宗建長寺派の寺院。山号は西嶺山で「円光禅寺」とも称す。
延命寺,,35.2963007,139.5828601,神奈川県,D,神社仏閣,延命寺（えんめいじ）は、神奈川県逗子市にある高野山真言宗の寺院。
猿島,,35.286067,139.6940563,神奈川県,A,自然,猿島（さるしま）は、神奈川県横須賀市沖に所在する無人島。
横山公園,,35.562233,139.3621887,神奈川県,E,自然,
横須賀モアーズシティ,,35.278259,139.6700887,神奈川県,E,その他,
横須賀芸術劇場,,35.2812694,139.6630758,神奈川県,C,その他,横須賀芸術劇場（よこすかげいじゅつげきじょう）は、神奈川県横須賀市にある横須賀市立の劇場施設。
横須賀市自然・人文博物館,,35.274535,139.673783,神奈川県,D,美術館博物館,
横須賀美術館,,35.2596667,139.7380107,神奈川県,C,美術館博物館,横須賀美術館（よこすかびじゅつかん）は、神奈川県横須賀市の観音崎公園内にある美術館。
横浜・八景島シーパラダイス,,35.3365027,139.6457835,神奈川県,A,自然,横浜・八景島シーパラダイス（よこはまはっけいじまシーパラダイス）は、神奈川県横浜市金沢区八景島にある水族館・遊園地・ショッピングモール・ホテ
横浜アンパンマンこどもミュージアム,,35.4632355,139.6289425,神奈川県,B,美術館博物館,横浜アンパンマンこどもミュージアム（よこはまアンパンマンこどもミュージアム）は、神奈川県横浜市西区のみなとみらい地区（61街区）に所在する、
横浜イングリッシュガーデン,,35.4555656,139.610864,神奈川県,E,その他,
横浜スタジアム,,35.443279,139.6408444,神奈川県,A,その他,横浜スタジアム（よこはまスタジアム）は、神奈川県横浜市中区の横浜公園内にある野球場。
横浜ベイクォーター,,35.4665807,139.626464,神奈川県,B,その他,横浜ベイクォーター（よこはまベイクォーター、英語: BAY QUARTER YOKOHAMA）は、横浜駅東口にて2006年8月24日に開業した商業施設である。
横浜ベイサイドマリーナ,,35.3809801,139.648711,神奈川県,C,その他,横浜ベイサイドマリーナ（よこはまベイサイドマリーナ）は神奈川県横浜市金沢区にあるマリーナ。
横浜ベイブリッジ,,35.4603897,139.6777665,神奈川県,A,その他,横浜ベイブリッジ（よこはまベイブリッジ）は、1989年（平成元年）9月27日に開通した神奈川県横浜市にある長さ860 m（中央支間長460 m）の斜張橋である。
横浜マリンタワー,,35.4439285,139.6509018,神奈川県,A,その他,横浜マリンタワー（よこはまマリンタワー）は、神奈川県横浜市中区山下町にある、横浜開港100周年記念事業として建設されたタワー。
横浜みなと博物館,,35.452709,139.632629,神奈川県,E,美術館博物館,
横浜ユーラシア文化館,,35.4462299,139.6432801,神奈川県,C,美術館博物館,
横浜ランドマークタワー,,35.454598,139.6314519,神奈川県,A,その他,横浜ランドマークタワー（よこはまランドマークタワー）は、神奈川県横浜市西区のみなとみらい地区（25街区）にある超高層複合ビル。
横浜ワールドポーターズ,,35.4539956,139.6387759,神奈川県,A,その他,横浜ワールドポーターズ（よこはまワールドポーターズ、英語: YOKOHAMA WORLD PORTERS）は、神奈川県横浜市中区新港（みなと
横浜海岸教会,,35.4468573,139.6440129,神奈川県,C,自然,日本基督公会（にほんキリストこうかい、英語：The Church of Christ in Japan）は、1872年3月10日（旧暦明治5
横浜開港資料館,,35.4475178,139.6438048,神奈川県,C,美術館博物館,横浜開港資料館（よこはまかいこうしりょうかん、英語: Yokohama Archives of History）は、神奈川県横浜市中区の山下公園の近くにある近代史系歴史資料館。
横浜外国人墓地,,35.4396867,139.6519204,神奈川県,B,その他,横浜外国人墓地（よこはまがいこくじんぼち、単に外人墓地とも）は、神奈川県横浜市中区山手にある外国人墓地。
横浜公園,,35.4436875,139.6402316,神奈川県,B,自然,横浜公園（よこはまこうえん、Yokohama Park）は、神奈川県横浜市中区にある公園および町名。
横浜港シンボルタワー,,35.438959,139.6896296,神奈川県,C,その他,横浜港シンボルタワー（よこはまこうシンボルタワー）は、神奈川県横浜市中区の本牧埠頭D突堤に所在する船舶通航信号所および展望施設の複合塔及び公園（港湾緑地）である。
横浜国際プール,,35.5650628,139.5943639,神奈川県,B,その他,横浜国際プール（よこはまこくさいプール）は、神奈川県横浜市都筑区にある、横浜市営の国際規格の水泳用プールである。
横浜三渓園,,35.417037,139.658776,神奈川県,B,美術館博物館,
横浜市開港記念会館,,35.4472782,139.641228,神奈川県,B,その他,横浜市開港記念会館（よこはましかいこうきねんかいかん）は、神奈川県横浜市中区の関内地区にある歴史的建造物。
横浜市電保存館,,35.4204024,139.624495,神奈川県,C,その他,横浜市電保存館（よこはましでんほぞんかん）は、神奈川県横浜市磯子区滝頭三丁目にある、1972年（昭和47年）3月に廃止された横浜市交通局の路
横浜市農村生活館・獅子ヶ谷横溝屋敷,,35.521801,139.642776,神奈川県,C,美術館博物館,
横浜市八聖殿郷土資料館,,35.415075,139.664813,神奈川県,C,美術館博物館,
横浜市立金沢動物園,,35.3498455,139.5974859,神奈川県,C,美術館博物館,横浜市立金沢動物園（よこはましりつ かなざわどうぶつえん）は、神奈川県横浜市金沢区釜利谷東にある市立動物園。
横浜市歴史博物館,,35.550086,139.578179,神奈川県,C,美術館博物館,
横浜指路教会,,35.4473034,139.6334113,神奈川県,C,その他,横浜指路教会（よこはましろきょうかい）は、神奈川県横浜市中区尾上町6丁目85にある日本基督教団の教会。
横浜情報文化センター,,35.4462262,139.6427918,神奈川県,C,その他,横浜情報文化センター（よこはまじょうほうぶんかセンター）は、日本新聞博物館と放送ライブラリーを中核として、多目的ホールやオフィススペースを備えた複合施設である。
横浜人形の家,,35.4431692,139.6521073,神奈川県,C,その他,横浜人形の家（よこはまにんぎょうのいえ、英: Yokohama Doll Museum）は、神奈川県横浜市中区山下町18にある博物館。
横浜水道記念館,,35.4659261,139.571761,神奈川県,C,美術館博物館,
横浜税関,,35.4491581,139.6421955,神奈川県,B,その他,横浜税関（よこはまぜいかん）は、日本の税関。
横浜赤レンガ倉庫,,35.4524046,139.6429182,神奈川県,E,その他,横浜赤レンガ倉庫（よこはまあかレンガそうこ）は、神奈川県横浜市中区新港一丁目の横浜港にある文化・商業施設。
横浜大世界,,35.4425818,139.6480923,神奈川県,C,その他,横浜大世界（よこはまだいせかい）は、神奈川県横浜市中区山下町97にあるチャイナテーマパーク。
横浜中華街,,35.4426638,139.6451907,神奈川県,A,街並み,横浜中華街（よこはまちゅうかがい）は、神奈川県横浜市中区山下町にある中華街である。
横浜都市発展記念館,,35.4461073,139.6434318,神奈川県,C,美術館博物館,
横浜博覧館,,35.4431437,139.6448593,神奈川県,E,その他,
横浜美術館,,35.4570993,139.6305271,神奈川県,B,美術館博物館,横浜美術館（よこはまびじゅつかん）は、神奈川県横浜市西区のみなとみらい地区（36街区）にある美術館。
王禅寺,,35.6038076,139.5063653,神奈川県,B,神社仏閣,王禅寺（おうぜんじ）は、川崎市麻生区王禅寺940にある真言宗豊山派の寺院。
王禅寺ふるさと公園,,35.5844839,139.518837,神奈川県,E,自然,
岡村天満宮(Okamura-Tenmangu),,35.4159827,139.6131179,神奈川県,D,神社仏閣,
岡田美術館,,35.2383202,139.0463025,神奈川県,B,美術館博物館,岡田美術館（おかだびじゅつかん）は、神奈川県足柄下郡箱根町にある私設美術館。
恩賜箱根公園,,35.1963243,139.0259567,神奈川県,C,自然,恩賜箱根公園（おんしはこねこうえん）は、神奈川県足柄下郡箱根町元箱根にある神奈川県立の都市公園（風致公園）。
仮粧坂,,35.3195388,139.3240575,神奈川県,E,その他,
海の公園,,35.3382607,139.6339053,神奈川県,C,自然,海の公園（うみのこうえん）は、神奈川県横浜市金沢区にある都市公園（総合公園）である。
海芝公園,,35.4856594,139.6998693,神奈川県,E,自然,
海上保安資料館 横浜館,,35.4542824,139.6442523,神奈川県,E,美術館博物館,
海蔵寺,,35.3288581,139.5452632,神奈川県,C,神社仏閣,
海南神社,,35.1426771,139.6188544,神奈川県,C,神社仏閣,海南神社（かいなんじんじゃ）は、神奈川県三浦市三崎にあり、三崎漁港から市街地を少し山手に入った地点に鎮座する神社。
海辺つり公園,,35.2688738,139.6903317,神奈川県,E,自然,海辺つり公園は、神奈川県横須賀市平成町にある、港湾緑地である。
海老名運動公園,,35.4291294,139.3783365,神奈川県,D,自然,海老名運動公園（えびなうんどうこうえん）は、神奈川県海老名市にある海老名市立の都市公園（運動公園）。
海老名中央公園,,35.4523994,139.3937411,神奈川県,D,自然,海老名中央公園（えびなちゅうおうこうえん）は神奈川県海老名市の中心市街の海老名駅東口正面に位置する都市公園（近隣公園）。
外交官の家,,35.436634,139.6432579,神奈川県,C,その他,外交官の家（がいこうかんのいえ）、または旧内田家住宅（きゅううちだけじゅうたく）は、1910年（明治43年）に建築された塔屋付き木造2階建の西洋館。
覚園寺,,35.3311382,139.5641091,神奈川県,B,神社仏閣,
葛原岡神社,,35.3288091,139.5428744,神奈川県,E,神社仏閣,葛原岡神社（くずはらおかじんじゃ）は、神奈川県鎌倉市の神社。
鎌倉海浜公園,,35.3099365,139.5439688,神奈川県,D,自然,鎌倉海浜公園は神奈川県鎌倉市にある都市公園（総合公園）である。
鎌倉宮,,35.3258941,139.5667848,神奈川県,B,神社仏閣,
鎌倉高校前駅,,35.3067209,139.5007098,神奈川県,B,その他,鎌倉高校前駅（かまくらこうこうまええき）は、神奈川県鎌倉市腰越一丁目にある、江ノ島電鉄の駅。
鎌倉山,,35.3234292,139.5133326,神奈川県,B,自然,鎌倉山（かまくらやま）は、神奈川県鎌倉市深沢地域にある大字。
鎌倉大仏(高徳院),かまくらだいぶつ,35.3167,139.5358,神奈川県,A,神社仏閣,露座の阿弥陀如来坐像。国宝。
鎌倉文学館,,35.3153323,139.5389836,神奈川県,E,美術館博物館,鎌倉文学館（かまくらぶんがくかん）は、神奈川県鎌倉市長谷にある鎌倉ゆかりの文学、特に鎌倉文士をテーマにした鎌倉市立の資料館。
茅ヶ崎館,,35.3434257,139.4405854,神奈川県,C,その他,茅ヶ崎館（ちがさきかん）は、神奈川県茅ヶ崎市にある日本旅館。
茅ヶ崎市美術館,,35.326173,139.406344,神奈川県,D,美術館博物館,
茅ヶ崎中央公園,,35.3356088,139.4046935,神奈川県,E,自然,
寒川神社,,35.3790142,139.38316,神奈川県,B,神社仏閣,寒川神社（さむかわじんじゃ）は、神奈川県高座郡寒川町宮山に鎮座する神社。相模國一之宮。
勧行寺,,35.3084777,139.4946129,神奈川県,E,神社仏閣,
感応院,,35.3459205,139.4890659,神奈川県,D,神社仏閣,
甘縄神明宮,,35.3144672,139.5370726,神奈川県,E,その他,
観音崎公園,,35.2560619,139.7353739,神奈川県,C,その他,観音崎公園（かんのんざきこうえん）は、神奈川県横須賀市の観音崎に位置する神奈川県立の都市公園（風致公園）。
観音崎自然博物館,,35.251788,139.742333,神奈川県,C,美術館博物館,
観音埼灯台,,35.2561444,139.7452329,神奈川県,C,その他,観音埼灯台（かんのんさきとうだい）は、日本の灯台。
観音寺,,35.5951426,139.301373,神奈川県,E,神社仏閣,
関帝廟,,35.442453,139.6452218,神奈川県,B,神社仏閣,
岩海水浴場,,35.1624816,139.1399951,神奈川県,C,自然,岩海水浴場（いわかいすいよくじょう）は、神奈川県足柄下郡真鶴町岩の相模湾に面した岩海岸にある海水浴場。
岩船地蔵堂,,35.3271722,139.5491412,神奈川県,E,神社仏閣,
汽車道,,35.4530835,139.6354611,神奈川県,B,その他,汽車道（きしゃみち、英語: Kishamichi Promenade）は、神奈川県横浜市の桜木町駅前と新港地区とを結ぶ、鉄道廃線跡を利用して1997年に開通した遊歩道である。
貴船神社,,35.1499276,139.1461552,神奈川県,C,神社仏閣,貴船神社（きぶねじんじゃ）は、神奈川県足柄下郡真鶴町にある神社である。
亀ヶ谷坂,,35.3297112,139.5502348,神奈川県,C,その他,亀ヶ谷坂（かめがやつさか）は鎌倉七口のひとつ。
久良岐公園,,35.4062402,139.6070378,神奈川県,E,自然,久良岐公園（くらきこうえん）は、神奈川県横浜市港南区と磯子区にまたがる、横浜市立の都市公園（総合公園）。
宮ヶ瀬ダム,,35.5418887,139.249585,神奈川県,A,その他,宮ヶ瀬ダム（みやがせダム）は、日本の神奈川県に位置する、一級水系 相模川水系中津川に建設されたダム。
強羅公園,,35.2486387,139.045249,神奈川県,C,自然,強羅公園（ごうらこうえん）は、神奈川県足柄下郡箱根町強羅にある、小田急箱根が運営する公園。
極楽寺,,35.3101158,139.5288013,神奈川県,B,神社仏閣,極楽寺（ごくらくじ）は、神奈川県鎌倉市極楽寺にある真言律宗の寺院である。霊鷲山感応院極楽律寺（りゅうじゅさん かんのういん ごくらくりつじ）と号する。
玉簾の滝,,35.2291989,139.094672,神奈川県,E,自然,
琴平神社,,35.5819766,139.5178591,神奈川県,C,神社仏閣,
金剛寺,,35.473225,139.3089923,神奈川県,E,神社仏閣,金剛寺（こんごうじ）は、神奈川県厚木市にある曹洞宗の寺院。
金剛寺,,35.3971958,139.2236647,神奈川県,D,神社仏閣,金剛寺（こんごうじ）は、神奈川県秦野市にある臨済宗建長寺派の寺院である。
金山神社,,35.5345537,139.7246453,神奈川県,B,神社仏閣,
金時山,,35.2744891,139.009391,神奈川県,A,自然,"金時山（きんときやま・きんときさん）は、箱根山の北西部に位置する標高1,212mの山。"
金藏寺,,35.5509216,139.6377808,神奈川県,C,神社仏閣,
九品寺,,35.3073918,139.5516739,神奈川県,C,神社仏閣,九品寺（くほんじ）は、神奈川県鎌倉市材木座にある浄土宗の寺院。
啓運寺,,35.3106676,139.5528239,神奈川県,E,神社仏閣,
建長寺,けんちょうじ,35.3317889,139.5553472,神奈川県,B,神社仏閣,日本初の禅専門道場、鎌倉五山第一位。
元町公園,,35.4386002,139.65116,神奈川県,D,自然,元町公園（もとまちこうえん）は、神奈川県横浜市中区元町にある都市公園である。
元町商店街,,35.4402292,139.6479342,神奈川県,B,街並み,元町（もとまち）は、神奈川県横浜市中区の町名。
原鉄道模型博物館,,35.463149,139.6250863,神奈川県,B,美術館博物館,
源氏山公園,,35.3264755,139.5434344,神奈川県,E,自然,源氏山公園（げんじやまこうえん）は、神奈川県鎌倉市にある都市公園（風致公園）である。
古稀庵,,35.477539,139.569987,神奈川県,C,神社仏閣,古稀庵（こきあん）は、1907年（明治40年）に、神奈川県足柄下郡大窪村（現：神奈川県小田原市板橋）に建てられた、政治家・山縣有朋の別荘である。
五社神社,,35.4377716,139.4085827,神奈川県,E,神社仏閣,
五所神社,,35.1421028,139.0944023,神奈川県,D,神社仏閣,
五反田神社,,35.6144369,139.5437319,神奈川県,D,神社仏閣,
吾妻山,,35.2993847,139.2498817,神奈川県,D,自然,吾妻山（あづまやま）は、神奈川県中郡二宮町にある標高136.2mの山である。
光と緑の美術館,,35.564287,139.363657,神奈川県,D,美術館博物館,
光綾公園,,35.4474539,139.4315969,神奈川県,E,自然,
光則寺,,35.3131959,139.5322646,神奈川県,C,神社仏閣,光則寺（こうそくじ）は、神奈川県鎌倉市長谷にある日蓮宗の寺院。
厚木市子ども科学館,,35.4409469,139.3664028,神奈川県,D,美術館博物館,
弘法山,,35.3751459,139.2502445,神奈川県,C,自然,弘法山（こうぼうやま）は、神奈川県秦野市東部にある標高235 mの山である。
弘明寺,,35.4242245,139.5975361,神奈川県,B,神社仏閣,弘明寺（ぐみょうじ）は、神奈川県横浜市南区弘明寺町にある高野山真言宗の寺院。瑞應山蓮華院と号し、横浜市内最古の寺院である。
江の島,えのしま,35.3001052,139.4806371,神奈川県,A,自然,湘南を代表する景勝地の島。
江ノ島駅,,35.3110438,139.4875422,神奈川県,A,自然,江ノ島駅（えのしまえき）は、神奈川県藤沢市片瀬海岸一丁目にある、江ノ島電鉄の駅。
江戸民具街道（おもしろ体験博物館）,,35.324109,139.219227,神奈川県,E,美術館博物館,
江島神社,,35.3003396,139.4798445,神奈川県,B,神社仏閣,江島神社（えのしまじんじゃ）は、神奈川県藤沢市江の島にある神社である。
洪福寺,,35.4562894,139.6065475,神奈川県,E,神社仏閣,洪福寺（こうふくじ）は、神奈川県横浜市西区にある臨済宗建長寺派の寺院。
港の見える丘公園,,35.4401741,139.6547043,神奈川県,B,自然,港の見える丘公園（みなとのみえるおかこうえん）は、神奈川県横浜市中区山手町114にある都市公園（風致公園）。
荒井城址公園,,35.1543794,139.1342963,神奈川県,D,城,荒井城址公園（あらいじょうしこうえん）は、神奈川県足柄下郡真鶴町にある公園。
荒崎公園,,35.1951212,139.6012246,神奈川県,D,自然,荒崎公園（あらさきこうえん）は、神奈川県横須賀市長井にある横須賀市立の都市公園（風致公園）である。
高松寺,,35.3999921,139.5291167,神奈川県,D,神社仏閣,
高来神社,,35.3220844,139.3247262,神奈川県,C,神社仏閣,高来神社、高來神社（たかく じんじゃ）は、神奈川県中郡大磯町高麗（こま）に鎮座する神社。
高麗山,,35.3229076,139.3214142,神奈川県,B,自然,高麗山（こまやま）は神奈川県の平塚市と大磯町に跨る山。
左馬神社,,35.4324036,139.470311,神奈川県,C,神社仏閣,
座間谷戸山公園,,35.48746,139.4043292,神奈川県,D,自然,座間谷戸山公園（ざまやとやまこうえん）は、神奈川県座間市に位置する県立の都市公園である。
菜の花台園地,,35.5805713,139.2761644,神奈川県,E,その他,
材木座海岸,,35.3048493,139.550547,神奈川県,C,自然,材木座海岸（ざいもくざかいがん）は神奈川県鎌倉市材木座の海岸。
三ツ石,,35.13794,139.1632855,神奈川県,C,その他,三ツ石（みついし）は「笠島」とも呼ばれ、神奈川県足柄下郡真鶴町の真鶴半島の先端、真鶴岬の海上にある岩礁で、見る方向によって三つの岩でできているように見えるのでこの名がある。
三ツ沢公園,,35.470411,139.603179,神奈川県,B,自然,三ツ沢公園（みつざわこうえん）は、神奈川県横浜市神奈川区にある運動公園。
三浦海岸,,35.1882147,139.6532667,神奈川県,E,自然,三浦海岸（みうらかいがん）は、神奈川県の三浦半島にある海岸。
三笠公園,,35.2853818,139.6740469,神奈川県,B,自然,三笠公園（みかさこうえん）は、神奈川県横須賀市にある都市公園（歴史公園）である。
三崎フィッシャリーナ,,35.140895,139.6166463,神奈川県,E,その他,
三菱みなとみらい技術館,,35.4557307,139.6300831,神奈川県,D,美術館博物館,
山下公園,,35.4457103,139.6499494,神奈川県,A,自然,山下公園（やましたこうえん）は、神奈川県横浜市中区山下町にある公園（風致公園）。
山手111番館,,35.4387632,139.6547553,神奈川県,D,自然,山手111番館（やまてひゃくじゅういちばんかん英: Bluff No.111）は、神奈川県横浜市中区山手町の港の見える丘公園内にある西洋館である。
山手234番館,,35.4376908,139.6521393,神奈川県,D,自然,山手234番館（やまて234ばんかん、英: Bluff No.234）は、神奈川県横浜市中区山手町にある西洋館である。
山手イタリア山庭園,,35.4370191,139.6435866,神奈川県,D,自然,山手イタリア山庭園（やまてイタリアやまていえん）は、神奈川県横浜市中区の山手地区にある庭園。
山手公園,,35.435214,139.6483425,神奈川県,C,その他,山手公園（やまてこうえん）は、神奈川県横浜市中区の公園。
山北鉄道公園,,35.3603009,139.0784852,神奈川県,C,自然,山北鉄道公園（やまきたてつどうこうえん）は、神奈川県山北町に位置する都市公園（街区公園）である。
四季の森公園,,35.5055744,139.5362671,神奈川県,C,自然,神奈川県立四季の森公園（しきのもりこうえん）は、神奈川県横浜市緑区と旭区にまたがる県立の都市公園（風致公園）。
児玉神社,,35.3007198,139.4810021,神奈川県,C,神社仏閣,児玉神社（こだまじんじゃ）は、神奈川県藤沢市江の島にある日露戦争で活躍した明治時代の軍人・児玉源太郎を祀った神社である。
寺家ふるさと村,,35.5670053,139.5041435,神奈川県,C,その他,寺家ふるさと村（じけふるさとむら）は、神奈川県横浜市青葉区寺家町にある「横浜ふるさと村」のひとつ。
鹿沼公園,,35.5664983,139.3922143,神奈川県,C,自然,鹿沼公園（かぬまこうえん）は神奈川県相模原市中央区鹿沼台に位置する市立の都市公園である。
鴫立庵,,35.3073492,139.3118864,神奈川県,C,神社仏閣,鴫立庵（しぎたつあん）は神奈川県大磯町にある俳諧道場。
七沢温泉,,35.4479966,139.2878076,神奈川県,C,温泉,七沢温泉（ななさわおんせん/ならさわおんせん）は、神奈川県厚木市七沢（旧相模国）にある温泉。
七沢森林公園,,35.4471883,139.3011442,神奈川県,D,自然,神奈川県立七沢森林公園（ななさわしんりんこうえん）は、神奈川県厚木市七沢、小野、上古沢にある都市公園（広域公園）である。
実相寺,,35.3083663,139.5538105,神奈川県,D,神社仏閣,
蛇も蚊も,,35.4934547,139.668528,神奈川県,C,その他,蛇も蚊も（じゃもかも）は、神奈川県横浜市鶴見区の生麦地区に伝わる祭りである。
寿福寺,,35.3243223,139.5501094,神奈川県,E,神社仏閣,
秋葉山古墳群,,35.4702089,139.4037098,神奈川県,C,自然,秋葉山古墳群（あきばやまこふんぐん）は、神奈川県海老名市にある古墳群。
渋田川,,35.4044809,139.32122,神奈川県,C,自然,渋田川（しぶたがわ）は、神奈川県伊勢原市と平塚市を流れる金目川水系の二級河川である。
出雲大社相模分祠,,35.3709435,139.2094615,神奈川県,C,その他,出雲大社相模分祠（いづもおおやしろ／たいしゃ さがみぶんし）は、神奈川県秦野市平沢にある神社。
女子美アートミュージアム,,35.5273934,139.3899608,神奈川県,E,美術館博物館,
小松ヶ池公園,,35.1836137,139.6425792,神奈川県,E,自然,
小町通り,,35.3207763,139.5519605,神奈川県,C,街並み,小町通り（こまちどおり）は神奈川県鎌倉市の通りの一つ。
小田原フラワーガーデン,,35.2806453,139.1289508,神奈川県,E,その他,小田原フラワーガーデン（おだわらフラワーガーデン）は、神奈川県小田原市久野（くの）にある都市公園（植物公園）。
小田原市郷土文化館,,35.2496871,139.1549048,神奈川県,E,その他,北緯35度14分58.9秒 東経139度9分17.7秒 小田原市郷土文化館（おだわらしきょうどぶんかかん）は、神奈川県小田原市城内の史跡小田
小田原市尊徳記念館,,35.30257,139.145659,神奈川県,D,美術館博物館,
小田原城,,35.2510547,139.1534249,神奈川県,A,城,小田原城（おだわらじょう）は、神奈川県小田原市にあった戦国時代から江戸時代にかけての日本の城（平山城）。
小田原城址公園,,35.2510784,139.1550007,神奈川県,C,城,小田原城址公園（おだわらじょうしこうえん）は、神奈川県小田原市城内に位置する都市公園（総合公園）である。
昌清院,,35.3379569,139.5270666,神奈川県,E,神社仏閣,
松岡山東慶寺,,35.3344556,139.5456041,神奈川県,B,神社仏閣,東慶寺（とうけいじ）は、神奈川県鎌倉市山ノ内にある臨済宗円覚寺派の寺院である。山号は松岡山、寺号は東慶総持禅寺。
松田山ハーブガーデン,,35.3515458,139.1376675,神奈川県,E,自然,
湘南海岸公園,,35.3178013,139.3555643,神奈川県,E,自然,
湘南港,,35.2990108,139.4879475,神奈川県,D,その他,湘南港（しょうなんこう）は、湘南地方の神奈川県藤沢市江の島にある、相模湾に面する地方港湾。
湘南台公園,,35.3972341,139.4712165,神奈川県,E,自然,湘南台公園（しょうなんだい こうえん）は、神奈川県藤沢市にある都市公園である。
湘南台文化センター,,35.39863,139.469585,神奈川県,C,その他,湘南台文化センター（しょうなんだいぶんかセンター）は、神奈川県藤沢市にある藤沢市立の文化施設。
湘南平,,35.3193789,139.3075846,神奈川県,B,その他,湘南平（しょうなんだいら）は、神奈川県の平塚市と大磯町の境にある標高約180mの泡垂山（あわたらやま）の山頂一帯を指す地名。
焼山,,35.5316683,139.1774929,神奈川県,D,自然,"焼山（やけやま）は、丹沢主脈の北端にある標高1,060mの山である。"
称名寺,,35.3436312,139.6300425,神奈川県,B,神社仏閣,称名寺（しょうみょうじ）は、神奈川県横浜市金沢区金沢町にある真言律宗別格本山の寺院。山号は金沢山（きんたくさん）。
象の鼻パーク,,35.4494415,139.6433322,神奈川県,C,その他,象の鼻パーク（ぞうのはなパーク）は、神奈川県横浜市中区海岸通1丁目にある公園で、横浜港発祥の地である。
上大島キャンプ場,,35.5749159,139.3108432,神奈川県,E,自然,
城ヶ島,,35.133322,139.6182534,神奈川県,A,城,城ヶ島（じょうがしま）は、神奈川県三浦半島の南端に位置する島。
城ヶ島大橋,,35.1379296,139.6227094,神奈川県,C,城,城ケ島大橋（じょうがしまおおはし）は、神奈川県三浦市、三浦半島先端から、海をまたぎ城ヶ島に至る橋。
城ヶ島灯台,,35.1350791,139.6111277,神奈川県,C,城,城ヶ島灯台（じょうがしまとうだい）とは、神奈川県南東部、三浦半島南端沖に浮かぶ城ヶ島西端の長津呂崎にある灯台。
城山公園,,35.4375455,139.4188457,神奈川県,D,城,城山公園 （しろやまこうえん）は、神奈川県綾瀬市にある都市公園（地区公園）である。
常楽寺,,35.3482067,139.5407424,神奈川県,C,神社仏閣,常楽寺（じょうらくじ）は、神奈川県鎌倉市大船にある臨済宗建長寺派の寺院である。
常光寺,,35.3469147,139.4814374,神奈川県,C,神社仏閣,
常照寺,,35.4373535,139.6128924,神奈川県,E,神社仏閣,
浄見寺,,35.3623361,139.4116886,神奈川県,C,神社仏閣,浄見寺（じょうけんじ）は、神奈川県茅ヶ崎市堤にある浄土宗の寺院。
浄元寺,,35.6062027,139.6061704,神奈川県,D,神社仏閣,
浄光明寺,,35.3264324,139.5511764,神奈川県,B,神社仏閣,
浄泉寺,,35.3073303,139.4935136,神奈川県,D,神社仏閣,
浄智寺,,35.3333982,139.5462449,神奈川県,B,神社仏閣,浄智寺（じょうちじ）は、神奈川県鎌倉市山ノ内にある禅宗の寺院。
浄妙寺,,35.3233781,139.5713235,神奈川県,B,神社仏閣,浄妙寺（じょうみょうじ）は、神奈川県鎌倉市浄明寺にある臨済宗建長寺派の仏教寺院。
新横浜プリンスペペ,,35.5096214,139.6193246,神奈川県,C,その他,
新横浜ラーメン博物館,,35.5098496,139.6145269,神奈川県,B,美術館博物館,
新江ノ島水族館,,35.310075,139.4794388,神奈川県,A,美術館博物館,新江ノ島水族館（しんえのしますいぞくかん）は、神奈川県藤沢市片瀬海岸の湘南海岸公園にある水族館。
森戸海水浴場,,35.2755487,139.5712376,神奈川県,E,自然,
森戸神社,,35.2726949,139.5698167,神奈川県,E,神社仏閣,
森浅間神社,,35.3978511,139.6127368,神奈川県,E,神社仏閣,
深見神社,,35.4686365,139.4716605,神奈川県,C,神社仏閣,
真源寺,,35.3467464,139.4763607,神奈川県,D,神社仏閣,
真鶴岬,,35.5833341,139.658738,神奈川県,C,自然,真鶴岬（まなづるみさき）は、神奈川県足柄下郡真鶴町にある岬である。
神崎遺跡,,35.4103453,139.407221,神奈川県,C,その他,
神山,,35.2334784,139.0209682,神奈川県,C,自然,"神山（かみやま）は神奈川県足柄下郡箱根町にある標高1,438mの山で、箱根山の最高峰である。"
神奈川県水道記念館,,35.371552,139.379628,神奈川県,D,美術館博物館,
神奈川県庁舎,,35.439988,139.640537,神奈川県,B,自然,神奈川県庁舎（かながわけんちょうしゃ）は、神奈川県横浜市中区日本大通に位置する神奈川県の行政機関（神奈川県庁）が入居する建物である。
神奈川県立金沢文庫,,35.3439291,139.6286449,神奈川県,A,美術館博物館,
神奈川県立県民ホール,,35.4461473,139.6471213,神奈川県,B,自然,神奈川県立県民ホール（かながわけんりつけんみんホール、Kanagawa Kenmin Hall）は、神奈川県横浜市中区山下町にある県営の複合文化施設の総称である。
神奈川県立秦野戸川公園,,35.4045982,139.1720618,神奈川県,D,自然,神奈川県立秦野戸川公園（かながわけんりつはだのとかわこうえん）は、神奈川県秦野市ある都市公園（広域公園）である。
神奈川県立生命の星・地球博物館,,35.2393863,139.1215819,神奈川県,C,美術館博物館,
神奈川県立大船フラワーセンター,,35.3480618,139.5209316,神奈川県,C,自然,神奈川県立大船フラワーセンター（かながわけんりつおおふなフラワーセンター）、愛称「日比谷花壇大船フラワーセンター」（ひびやかだんおおふなふら
神奈川県立地球市民かながわプラザ,,35.368021,139.553203,神奈川県,C,美術館博物館,
神奈川県立葉山公園,,35.2582992,139.579796,神奈川県,E,自然,
神奈川県立歴史博物館,,35.449124,139.6362285,神奈川県,E,美術館博物館,神奈川県立歴史博物館（かながわけんりつれきしはくぶつかん）は、神奈川県横浜市中区南仲通にある神奈川県の文化と歴史に関する博物館。
神武寺,,35.306427,139.5932669,神奈川県,C,神社仏閣,神武寺（じんむじ）は神奈川県逗子市沼間にある天台宗の寺院である。
親縁寺,,35.3910806,139.5291571,神奈川県,D,神社仏閣,
震生湖,,35.3601877,139.21103,神奈川県,B,自然,震生湖（しんせいこ）は、大磯丘陵北部にあり、神奈川県の秦野市と足柄上郡中井町にまたがる堰止湖。
人間国宝美術館,,35.1531316,139.1107061,神奈川県,D,美術館博物館,
陣馬山,,35.6293524,139.1480958,神奈川県,E,自然,陣馬山（じんばさん）は、東京都八王子市と神奈川県相模原市緑区との境界にある標高854.8mの山である。
逗子マリーナ,,35.295662,139.553571,神奈川県,A,その他,リビエラ逗子マリーナ（リビエラずしマリーナ）は、株式会社リビエラリゾートが運営する神奈川県逗子市小坪の相模湾沿いにあるマリーナリゾート。
逗子海岸,,35.2910833,139.5730374,神奈川県,C,自然,逗子海岸（ずしかいがん）は、神奈川県逗子市新宿に位置する相模湾に面した海岸である。
瑞泉寺,,35.3274452,139.5751194,神奈川県,B,神社仏閣,
杉山神社,,35.5486891,139.5730156,神奈川県,C,神社仏閣,
杉本寺,,35.3226286,139.5674413,神奈川県,B,神社仏閣,
成就院,,35.3090783,139.5312626,神奈川県,C,神社仏閣,成就院（じょうじゅいん）は、神奈川県鎌倉市極楽寺にある真言宗大覚寺派の寺院。
星ヶ山公園,,35.1789209,139.10733,神奈川県,E,自然,
星谷寺,,35.4847655,139.3988728,神奈川県,C,神社仏閣,星谷寺（しょうこくじ・ほしやでら）は、神奈川県座間市入谷西にある真言宗大覚寺派の寺院。
清閑亭,,35.248284,139.1525248,神奈川県,E,その他,清閑亭（せいかんてい）は、神奈川県小田原市にある歴史的建造物。
清浄光寺,,35.3480792,139.4883602,神奈川県,B,神社仏閣,清浄光寺（しょうじょうこうじ）は、神奈川県藤沢市にある時宗総本山の寺院。藤沢山無量光院清浄光寺と号す。
生田緑地,,35.6099693,139.5594796,神奈川県,E,その他,生田緑地（いくたりょくち）は、神奈川県川崎市多摩区枡形、東生田、長尾、および宮前区初山にある都市公園（総合公園）である。
生麦事件,,35.4952868,139.6669214,神奈川県,E,その他,生麦事件（なまむぎじけん）は、文久2年8月21日（1862年9月14日）に、武蔵国橘樹郡生麦村（現在の神奈川県横浜市鶴見区生麦）付近で、薩摩
西丹沢ビジターセンター,,35.4720271,139.0629929,神奈川県,D,その他,西丹沢ビジターセンター（にしたんざわビジターセンター、旧称：西丹沢自然教室）は、神奈川県足柄上郡山北町中川に所在する、西丹沢地域の登山者の拠点となるビジターセンターである。
西丹沢大滝キャンプ場,,35.4544225,139.0523043,神奈川県,E,自然,
西方寺,,35.5277985,139.6074533,神奈川県,D,神社仏閣,西方寺（さいほうじ）は、神奈川県横浜市港北区新羽町にある真言宗の寺院。
青根キャンプ場,,35.5473941,139.136451,神奈川県,E,その他,
青根緑の休暇村,,35.5479418,139.1357211,神奈川県,E,その他,
青野原オートキャンプ場,,35.5693204,139.2003742,神奈川県,E,その他,
青蓮寺,,35.325683,139.5081256,神奈川県,E,神社仏閣,
石垣山,,35.2351523,139.1271233,神奈川県,D,自然,石垣山（いしがきやま）は、神奈川県小田原市にある山。
石垣山一夜城歴史公園,,35.2360554,139.1283018,神奈川県,D,城,石垣山一夜城歴史公園（いしがきやまいちやじょうれきしこうえん）は、神奈川県小田原市早川にある、石垣山一夜城の跡地を整備した公園。
石老山,,35.599462,139.2052713,神奈川県,C,自然,石老山（せきろうさん）は丹沢山地の北部、神奈川県相模原市緑区にある標高702mの山である。
仙石原,,35.2606,139.004544,神奈川県,B,その他,仙石原（せんごくはら、せんごくばら）は神奈川県足柄下郡箱根町の地名。
千条の滝,,35.235012,139.0503465,神奈川県,E,自然,千条の滝（ちすじのたき）は神奈川県箱根町に位置する、幅20 m、高さ3 mの滝である。
川勾神社,,35.3001062,139.2380524,神奈川県,B,神社仏閣,川勾神社（かわわじんじゃ）は、神奈川県中郡二宮町山西にある神社。
川崎マリエン,,35.497351,139.7626762,神奈川県,C,自然,川崎マリエン（かわさきマリエン、英: Kawasaki Marien）は、神奈川県川崎市川崎区東扇島にある公益社団法人川崎港振興協会が運営を行う会館。
川崎競馬場,,35.5324982,139.7108026,神奈川県,A,自然,川崎競馬場（かわさきけいばじょう Kawasaki Racecourse）は、神奈川県川崎市川崎区に所在する地方競馬の競馬場。
川崎競輪場,,35.5284887,139.7107503,神奈川県,B,自然,川崎競輪場（かわさきけいりんじょう）は、神奈川県川崎市川崎区にある競輪場。
川崎市岡本太郎美術館,,35.6079095,139.557484,神奈川県,E,美術館博物館,"川崎市岡本太郎美術館（かわさきしおかもとたろうびじゅつかん、Taro Okamoto Museum of Art,Kawasaki）は、神奈"
川崎大師,,35.5340918,139.7294498,神奈川県,B,神社仏閣,平間寺（へいけんじ）は、神奈川県川崎市川崎区にある、真言宗智山派の大本山。1128年（大治3年）建立。
泉の森,,35.4810954,139.4426231,神奈川県,C,その他,泉の森（いずみのもり）は、神奈川県大和市にある公園である。
銭洗弁財天宇賀福神社,,35.325755,139.5422647,神奈川県,B,神社仏閣,銭洗弁財天宇賀福神社（ぜにあらいべんざいてん うがふくじんじゃ）は、神奈川県鎌倉市佐助にある神社である。
前鳥神社,,35.3570181,139.3646738,神奈川県,C,神社仏閣,前鳥神社（さきとりじんじゃ）は、神奈川県平塚市四之宮にある神社。
善正寺,,35.5962473,139.4914476,神奈川県,E,神社仏閣,
曽我梅林,,35.2995446,139.1930641,神奈川県,C,その他,曽我梅林（そがばいりん）は、神奈川県小田原市北東部に広がる、食用の梅の産地、また観梅の名所である。
掃部山公園,,35.4530564,139.6254884,神奈川県,C,自然,掃部山公園（かもんやまこうえん）は、神奈川県横浜市西区紅葉ケ丘にある公園。
早雲寺,,35.2301301,139.1036532,神奈川県,B,神社仏閣,北緯35度13分48.3秒 東経139度6分13.2秒 早雲寺（そううんじ）は、神奈川県足柄下郡箱根町湯本にある、臨済宗大徳寺派の寺院。
早川城址,,35.4379692,139.4194898,神奈川県,C,城,
相鉄ジョイナス,,35.4654994,139.621028,神奈川県,B,その他,ジョイナス（英: JOINUS YOKOHAMA）は、神奈川県横浜市西区の横浜駅西口にある、相鉄ビルマネジメントが運営する大規模ショッピングセンター（ファッションビル）。
相模原公園,,35.5315703,139.3879463,神奈川県,C,自然,相模原公園（さがみはらこうえん）は、神奈川県相模原市南区下溝にある神奈川県立の都市公園（総合公園）。
相模原市立博物館,,35.559298,139.393108,神奈川県,C,美術館博物館,
相模原北公園,,35.583563,139.33106,神奈川県,D,自然,相模原北公園（さがみはらきたこうえん）は、神奈川県相模原市緑区にある都市公園（総合公園）である。
相模原麻溝公園,,35.5267304,139.3919896,神奈川県,C,自然,相模原麻溝公園（さがみはらあさみぞこうえん）は、神奈川県相模原市南区麻溝台にある都市公園。
相模湖,,35.6173978,139.1884919,神奈川県,A,自然,相模湖（さがみこ）は、神奈川県相模原市緑区にある湖。
相模湖公園,,35.6126992,139.1909407,神奈川県,D,自然,神奈川県立相模湖公園（さがみここうえん）は、1951年に開設された神奈川県相模原市緑区にある神奈川県立の都市公園。
相模湖自然公園ふるさとの森,,35.6127481,139.1897178,神奈川県,E,自然,
相模国分寺,,35.4526765,139.399237,神奈川県,C,神社仏閣,相模国分寺（さがみこくぶんじ）は、神奈川県海老名市国分にある高野山真言宗の寺院。
相模三川公園,,35.4596854,139.3807487,神奈川県,D,自然,神奈川県立相模三川公園（かながわけんりつさがみさんせんこうえん）は、神奈川県海老名市上郷にある都市公園（都市緑地）。
相模川,,35.5243814,139.3582664,神奈川県,E,自然,相模川（さがみがわ）は、山梨県・神奈川県を流れる相模川水系の本流で、一級河川である。
総持寺,,35.5068191,139.6708526,神奈川県,A,神社仏閣,
荘厳寺,,35.3471977,139.4803539,神奈川県,D,神社仏閣,
走水神社,,35.2614783,139.7308885,神奈川県,C,神社仏閣,走水神社（はしりみずじんじゃ）は、神奈川県横須賀市走水にある神社である。
足柄峠,,35.3202427,139.0128919,神奈川県,B,自然,足柄峠（あしがらとうげ）は、静岡県駿東郡小山町と神奈川県南足柄市の間にある峠。
太田和つつじの丘,,35.2318263,139.6425361,神奈川県,E,その他,太田和つつじの丘（おおたわつつじのおか）とは神奈川県横須賀市太田和にある市営の公園である。
大さん橋,,35.4447275,139.6421791,神奈川県,A,その他,大さん橋（おおさんばし）は、神奈川県横浜市中区にある横浜港の港湾施設。
大磯ロングビーチ,,35.3009275,139.2822028,神奈川県,A,その他,大磯ロングビーチ（おおいそロングビーチ）は、神奈川県中郡大磯町の大磯プリンスホテルに併設している、屋外プールを主としたレジャー施設である。
大磯海水浴場,,35.30762,139.3143748,神奈川県,D,自然,大磯海水浴場（おおいそかいすいよくじょう）は、神奈川県中郡大磯町大磯1990番地先にある海水浴場である。
大磯城山公園,,35.3054837,139.2903109,神奈川県,D,城,大磯城山公園（おおいそじょうやまこうえん）は、神奈川県中郡大磯町に位置する神奈川県立の都市公園（風致公園）である。
大観山,,35.1845489,139.0483745,神奈川県,E,自然,
大慶寺,,35.3328768,139.5215119,神奈川県,E,神社仏閣,
大黒海づり施設,,35.4487614,139.6945641,神奈川県,E,その他,
大崎公園,,35.2937973,139.5593079,神奈川県,E,自然,大崎公園（おおさきこうえん）は、神奈川県逗子市小坪にある逗子市立の都市公園（近隣公園）である。
大山,,35.4408317,139.2313338,神奈川県,A,自然,"大山（おおやま）は、神奈川県伊勢原市・秦野市・厚木市境にある標高1,252 mの山である。"
大山阿夫利神社,,35.4316596,139.2379868,神奈川県,A,神社仏閣,大山阿夫利神社（おおやまあふりじんじゃ）は、神奈川県伊勢原市の大山（別名: 雨降山〈あふりやま〉）にある神社である。
大山寺,,35.42958,139.2409705,神奈川県,B,神社仏閣,大山寺（おおやまでら）は、神奈川県伊勢原市にある真言宗大覚寺派の寺院である。
大師公園,,35.531721,139.731413,神奈川県,E,自然,大師公園（だいしこうえん）は、神奈川県川崎市川崎区にある都市公園（地区公園）および町丁名。
大石神社,,35.5301568,139.4925896,神奈川県,C,神社仏閣,
大船観音寺,,35.3530247,139.5284041,神奈川県,B,神社仏閣,大船観音寺（おおふなかんのんじ）は、神奈川県鎌倉市岡本一丁目にある曹洞宗の寺。
大倉山公園,,35.5247739,139.627303,神奈川県,D,自然,大倉山公園（おおくらやまこうえん、Okurayama Park）は、神奈川県横浜市港北区にある都市公園(地区公園)。
大通り公園,,35.4404638,139.6315634,神奈川県,C,自然,大通り公園（おおどおりこうえん）は、神奈川県横浜市中区にある公園。
大塚・歳勝土遺跡,,35.5514266,139.5804438,神奈川県,B,自然,大塚・歳勝土遺跡（おおつか・さいかちどいせき）は、神奈川県横浜市都筑区大棚西（港北ニュータウン内）にある弥生時代中期の遺跡。
大庭城址公園,,35.3609692,139.4518102,神奈川県,E,城,大庭城址公園（おおばじょうしこうえん）は、神奈川県藤沢市大庭字城山にある藤沢市の史跡・大庭城跡を利用して造られた都市公園（総合公園）である。
大庭神社,,35.360488,139.4585014,神奈川県,C,神社仏閣,
大日堂,,35.4164247,139.2279068,神奈川県,E,神社仏閣,
大悲山光明寺,,35.6067385,139.6191886,神奈川県,D,神社仏閣,
大野山,,35.3859758,139.0487323,神奈川県,C,自然,大野山（おおのやま）は、神奈川県足柄上郡山北町にある標高723.1mの山である。
大涌谷,おおわくだに,35.2418611,139.0208056,神奈川県,B,自然,今も噴煙を上げる箱根火山の爆裂火口跡、黒たまごで有名。
大雄山最乗寺,,35.3019559,139.0754344,神奈川県,B,神社仏閣,
大林寺,,35.5290566,139.497297,神奈川県,C,神社仏閣,
大和ゆとりの森,,35.4368212,139.4509839,神奈川県,D,その他,大和ゆとりの森（やまとゆとりのもり）は、神奈川県大和市にある公園（総合公園）。
大和市つる舞の里歴史資料館,,35.5136357,139.454224,神奈川県,D,美術館博物館,
大和天満宮,,35.4689078,139.464962,神奈川県,D,神社仏閣,
大佛次郎記念館,,35.4393362,139.6553074,神奈川県,D,美術館博物館,大佛次郎記念館（おさらぎじろうきねんかん）は、神奈川県横浜市中区山手町113番地にある作家大佛次郎の記念館である。
滝沢園キャンプ場,,35.4073329,139.1681747,神奈川県,E,自然,
丹沢湖,,35.4195153,139.0453659,神奈川県,B,自然,丹沢湖（たんざわこ）は、1978年（昭和53年）に酒匂川水系の河内川に造られた三保ダムによって誕生した人造湖である。
丹沢山,,35.4743625,139.1626918,神奈川県,B,自然,"丹沢山（たんざわさん・たんざわやま）は、神奈川県相模原市緑区・愛甲郡清川村・足柄上郡山北町の境界に位置する標高1,567 mの山である。"
段葛,,35.3216518,139.5537102,神奈川県,B,その他,段葛（だんかずら）とは、神奈川県鎌倉市の鶴岡八幡宮の参道、若宮大路のなかで、二の鳥居から鶴岡八幡宮までの車道より一段高い歩道をいう。
稚児ヶ淵,,35.2991139,139.4744491,神奈川県,E,その他,
中井中央公園,,35.337814,139.2193069,神奈川県,E,自然,
中原平和公園,,35.5676826,139.6608779,神奈川県,C,自然,中原平和公園（なかはらへいわこうえん）は、神奈川県川崎市中原区木月住吉町にある都市公園（地区公園）。
中川の箒スギ,,35.4582465,139.0594541,神奈川県,C,自然,中川の箒スギ（なかがわのほうきスギ）は、神奈川県足柄上郡山北町の中川地区に生育しているスギの巨木である。
中川温泉,,35.4438875,139.0495859,神奈川県,C,温泉,中川温泉（なかがわおんせん）は、神奈川県足柄上郡山北町中川（旧国相模国）にある温泉。
朝夷奈切通,,35.3271463,139.5909453,神奈川県,C,その他,朝夷奈切通（あさいなきりどおし）は鎌倉七口のひとつで、神奈川県鎌倉市十二所から横浜市金沢区朝比奈町（旧鎌倉郡峠）を結ぶ峠道（切通し）である。
潮田神社,,35.5043901,139.6888669,神奈川県,C,神社仏閣,
長井海の手公園 ソレイユの丘,,35.1951162,139.6126784,神奈川県,B,自然,長井海の手公園 ソレイユの丘（ながいうみのてこうえん ソレイユのおか）は、神奈川県横須賀市にある、体験型総合公園のことである。
長遠寺,,35.4903839,139.6086358,神奈川県,D,神社仏閣,
長興山のシダレザクラ,,35.2438867,139.1153952,神奈川県,E,自然,長興山のシダレザクラ（ちょうこうざんのシダレザクラ）は、神奈川県小田原市入生田（いりうだ）地区に生育するシダレザクラの巨木である。
長勝寺,,35.309962,139.5578605,神奈川県,C,神社仏閣,
長生院小栗堂,,35.3489982,139.4891615,神奈川県,D,神社仏閣,
長谷寺,,35.3123395,139.5332494,神奈川県,B,神社仏閣,
長念寺,,35.622689,139.5574666,神奈川県,D,神社仏閣,
津久井湖,,35.5867745,139.2845768,神奈川県,C,自然,
辻堂海浜公園,,35.3212805,139.4481669,神奈川県,C,自然,辻堂海浜公園（つじどうかいひんこうえん）は、神奈川県藤沢市辻堂西海岸にある、神奈川県立の都市公園（総合公園）。
辻薬師堂,,35.3128455,139.5531966,神奈川県,D,神社仏閣,
鶴岡八幡宮,つるがおかはちまんぐう,35.3260861,139.5564361,神奈川県,A,神社仏閣,鎌倉幕府の守護神として崇敬される鎌倉のシンボル。
鶴巻温泉,,35.3808042,139.277533,神奈川県,B,温泉,鶴巻温泉（つるまきおんせん）は神奈川県秦野市にある小規模な温泉郷である。
鶴見つばさ橋,,35.4721094,139.6991268,神奈川県,C,その他,鶴見つばさ橋（つるみつばさばし）は、神奈川県横浜市鶴見区にある橋。
天照皇大神,,35.5504333,139.663706,神奈川県,E,神社仏閣,
田谷の洞窟,,35.3680421,139.5219505,神奈川県,E,自然,
電気の史料館,,35.5338742,139.6728973,神奈川県,C,美術館博物館,
電車とバスの博物館,,35.587838,139.5924695,神奈川県,B,美術館博物館,
塔ノ岳,,35.4540704,139.163317,神奈川県,B,その他,"塔ノ岳（とうのだけ）は丹沢山地の南部にある標高1,491 mの山。"
東高根森林公園,,35.6044844,139.5862668,神奈川県,E,自然,神奈川県立東高根森林公園（かながわけんりつひがしたかねしんりんこうえん）は、神奈川県川崎市宮前区神木本町にある森林公園で、川崎市内唯一の県立公園である。
東芝未来科学館,,35.531989,139.6947127,神奈川県,B,美術館博物館,東芝未来科学館（とうしばみらいかがくかん）は、神奈川県川崎市幸区堀川町にある、東芝グループの歴史や製品を展示した科学教育施設。
湯河原温泉,,35.1457298,139.0730642,神奈川県,B,温泉,湯河原温泉（ゆがわらおんせん）は神奈川県足柄下郡湯河原町にある温泉。
等々力陸上競技場,,35.5858,139.6527088,神奈川県,A,その他,等々力陸上競技場（とどろきりくじょうきょうぎじょう）は、神奈川県川崎市中原区の等々力緑地内にある陸上競技場兼球技場。
等覚寺,,35.3324867,139.5200634,神奈川県,D,神社仏閣,
藤子・F・不二雄ミュージアム,,35.6100069,139.5735776,神奈川県,B,美術館博物館,
藤野芸術の家,,35.5951973,139.152351,神奈川県,E,その他,
道の駅山北,,35.3795416,139.0312538,神奈川県,E,自然,道の駅山北（みちのえき やまきた）は、神奈川県足柄上郡山北町にある神奈川県道76号山北藤野線の道の駅である。
道の駅清川,,35.482726,139.2769542,神奈川県,D,自然,道の駅清川（みちのえききよかわ）は、神奈川県愛甲郡清川村にある神奈川県道64号伊勢原津久井線の道の駅である。
道の駅箱根峠,,35.1866307,139.0157449,神奈川県,D,自然,道の駅箱根峠（みちのえき はこねとうげ）は、神奈川県足柄下郡箱根町にある国道1号の道の駅である。
道保川公園,,35.5484958,139.3738546,神奈川県,D,自然,道保川公園（どうほがわこうえん）は、神奈川県相模原市にある公園。
徳善寺,,35.4724987,139.4767148,神奈川県,E,神社仏閣,
徳富蘇峰記念館,,35.3026956,139.262746,神奈川県,E,美術館博物館,
二ヶ領用水,,35.6196763,139.5751378,神奈川県,A,その他,二ヶ領用水（にかりょうようすい）は、多摩川などを水源とし、神奈川県川崎市多摩区（上河原堰・宿河原堰）から川崎市幸区までを流れる、全長約32k
日向渓谷マス釣り場,,35.4378519,139.2652062,神奈川県,E,自然,
日向薬師,,35.4396128,139.275117,神奈川県,C,その他,日向薬師（ひなたやくし）は、神奈川県伊勢原市日向（ひなた）にある高野山真言宗の寺院。
日産ウォーターパーク,,35.51076,139.6070585,神奈川県,E,その他,
日本丸メモリアルパーク,,35.45448,139.6334463,神奈川県,C,その他,日本丸メモリアルパーク（にっぽんまるメモリアルパーク）は、神奈川県横浜市西区のみなとみらい地区（23街区の一部）にある同地区で最初に整備された公園（港湾緑地）。
日本大学生物資源科学部博物館,,35.3813045,139.4704029,神奈川県,E,美術館博物館,
日本大通,,35.4464022,139.6426476,神奈川県,B,その他,日本大通（にほんおおどおり）は、神奈川県横浜市中区の町名および道路。
日本民家園,,35.6087072,139.5594639,神奈川県,C,その他,日本民家園（にほんみんかえん）は、神奈川県川崎市多摩区の生田緑地にある日本の古民家を中心とした野外博物館である。
日本郵船歴史博物館,,35.450362,139.639421,神奈川県,C,美術館博物館,
馬の背洞門,,35.1312348,139.6183254,神奈川県,E,その他,
馬の博物館,,35.4225483,139.6397486,神奈川県,C,美術館博物館,
馬車道,,35.4501707,139.6363155,神奈川県,B,その他,馬車道（ばしゃみち）は、神奈川県横浜市中区にある地域名および道路名である。
白旗神社,,35.3505414,139.4786285,神奈川県,B,神社仏閣,
白髭神社,,35.1623046,139.6276241,神奈川県,E,神社仏閣,
箱根 駒ヶ岳ロープウェー,,35.2184365,139.0170859,神奈川県,C,その他,"箱根 駒ヶ岳ロープウェー（はこね こまがたけロープウェー）は、神奈川県足柄下郡箱根町の箱根駒ヶ岳を登る、西武・プリンスホテルズワールドワイドが運営する全長1,783 mの索道である。"
箱根ガラスの森,,35.2662648,139.0161591,神奈川県,C,その他,箱根ガラスの森（はこねガラスのもり）あるいは箱根ガラスの森美術館（はこねガラスのもりびじゅつかん）は、神奈川県足柄下郡箱根町仙石原に所在する、ヴェネチアングラスの美術館である。
箱根ジオミュージアム,,35.2435748,139.019521,神奈川県,E,美術館博物館,
箱根ターンパイク,,35.242366,139.1388496,神奈川県,A,その他,箱根ターンパイク（はこねターンパイク）は、神奈川県小田原市から足柄下郡箱根町を経由し、同県足柄下郡湯河原町に至る、延長15.752キロメート
箱根ラリック美術館,,35.2705471,139.0095653,神奈川県,B,美術館博物館,箱根ラリック美術館（はこねラリックびじゅつかん）は、神奈川県足柄下郡箱根町仙石原にある美術館。
箱根ロープウェイ,,35.2445221,139.0059608,神奈川県,A,その他,箱根ロープウェイ（はこねロープウェイ、英: Hakone Ropeway）は、神奈川県足柄下郡箱根町の早雲山駅と桃源台駅を結ぶ、小田急箱根が運営する索道の総称である。
箱根駅伝ミュージアム,,35.1893905,139.0248679,神奈川県,D,美術館博物館,箱根駅伝ミュージアム（はこね えきでん ミュージアム）は、神奈川県箱根町の芦ノ湖畔にある「東京箱根間往復大学駅伝競走」（通称: 箱根駅伝）をテーマにした博物館。
箱根園水族館,,35.2122439,139.0093068,神奈川県,B,その他,
箱根温泉,はこねおんせん,35.2331952,139.1034651,神奈川県,B,温泉,富士山を望む首都圏屈指の温泉地。
箱根関,,35.1922057,139.0263526,神奈川県,B,その他,箱根関（はこねのせき）は、かつて箱根にあった関所である。
箱根旧街道,,35.203399,139.0335513,神奈川県,D,街並み,箱根旧街道（はこねきゅうかいどう）は、神奈川県足柄下郡箱根町、静岡県三島市および田方郡函南町にある旧東海道の一部であり、国指定の史跡である。
箱根山,,35.196684,139.0289864,神奈川県,A,自然,箱根山（はこねやま）は、日本の神奈川県足柄下郡箱根町を中心に、神奈川県と静岡県にまたがる火山の総称である（内訳は『主な山』節参照）。
箱根小涌園ユネッサン,,35.2393532,139.0451608,神奈川県,E,その他,
箱根神社,,35.2039578,139.0255666,神奈川県,B,神社仏閣,
箱根町立箱根湿生花園,,35.2659563,139.0072245,神奈川県,D,その他,箱根町立箱根湿生花園（はこねちょうりつ はこねしっせいかえん）は、神奈川県足柄下郡箱根町仙石原にある植物園。
箱根美術館,,35.2481924,139.0427072,神奈川県,C,美術館博物館,箱根美術館（はこねびじゅつかん）は、神奈川県足柄下郡箱根町の神仙郷にある、箱根で最も古い美術館である。
箱根武士の里美術館,,35.2677508,139.00597,神奈川県,E,美術館博物館,
半原温泉,,35.5951982,139.3009286,神奈川県,D,温泉,半原温泉（はんばらおんせん）は、神奈川県愛甲郡愛川町（旧国相模国）にある温泉。
飯山白山森林公園,,35.4750401,139.3032484,神奈川県,E,自然,
披露山公園,,35.2962535,139.564401,神奈川県,C,自然,披露山公園（ひろやまこうえん）は、神奈川県逗子市新宿の披露山の頂上にある逗子市立の都市公園（風致公園）である。
比々多神社,,35.401455,139.2842701,神奈川県,C,神社仏閣,比々多神社（ひびたじんじゃ）は、神奈川県伊勢原市三ノ宮に鎮座する旧相模国最古級の神社。
飛龍の滝,,35.2168979,139.0533214,神奈川県,E,自然,
氷川丸,,35.4466664,139.6512547,神奈川県,E,自然,"氷川丸（ひかわまる）は、三菱グループの日本郵船が1930年に竣工させた日本の12,000t級貨客船。"
蛭ヶ岳,,35.486404,139.1389087,神奈川県,E,その他,"蛭ヶ岳（ひるがたけ）は丹沢山地中央部にある標高1,673 mの山。"
不動滝,,35.1532883,139.0678533,神奈川県,E,自然,
服部牧場,,35.5480941,139.2583396,神奈川県,E,その他,
福泉寺,,35.5259864,139.4937132,神奈川県,D,神社仏閣,
淵野辺公園,,35.5544563,139.3907417,神奈川県,D,自然,淵野辺公園（ふちのべこうえん）は、神奈川県相模原市中央区にある都市公園（運動公園）である。
仏果山,,35.5205569,139.2581094,神奈川県,C,自然,仏果山（ぶっかさん）は、丹沢山地の東部に位置する標高747 mの山。
平塚テレビ中継局,,35.3206767,139.3105445,神奈川県,C,自然,
平塚競技場,,35.3436618,139.3411363,神奈川県,B,その他,平塚競技場（ひらつかきょうぎじょう、英: Hiratsuka Stadium）は、神奈川県平塚市の平塚市総合公園内にある陸上競技場兼球技場。
平塚競輪場,,35.3254867,139.3628073,神奈川県,B,その他,平塚競輪場（ひらつかけいりんじょう）は、神奈川県平塚市にある競輪場。
平塚市総合公園,,35.3431158,139.3424475,神奈川県,D,自然,平塚市総合公園（ひらつかしそうごうこうえん）は、神奈川県平塚市のほぼ中央にある平塚市立の都市公園（総合公園）である。
平塚市博物館,,35.3369708,139.3485868,神奈川県,D,美術館博物館,平塚市博物館（ひらつかしはくぶつかん）は、神奈川県平塚市にある総合博物館。
平塚市美術館,,35.3380734,139.3478919,神奈川県,C,美術館博物館,
平塚八幡宮,,35.3336368,139.3490446,神奈川県,B,神社仏閣,平塚八幡宮（ひらつかはちまんぐう）は、神奈川県平塚市浅間町（せんげんちょう）にある神社。旧社格は県社で、現在は神社本庁の別表神社。
平和中央公園,,35.2751318,139.6737996,神奈川県,D,自然,平和中央公園（へいわちゅうおうこうえん）とは、神奈川県横須賀市深田台にある横須賀市立の都市公園（近隣公園）である。
別所温泉,,35.4733041,139.28512,神奈川県,E,温泉,別所温泉（べっしょおんせん）は、神奈川県愛甲郡清川村煤ヶ谷1570（旧国相模国）にある温泉である。
片瀬江ノ島駅,,35.308873,139.483502,神奈川県,E,自然,片瀬江ノ島駅（かたせえのしまえき）は、神奈川県藤沢市片瀬海岸二丁目にある、小田急電鉄江ノ島線の駅で、同線の終着駅。
片瀬西浜・鵠沼海水浴場,,35.3117563,139.4765321,神奈川県,C,自然,片瀬西浜海水浴場 （かたせにしはまかいすいよくじょう）は、神奈川県藤沢市片瀬海岸二丁目・三丁目、鵠沼海岸一丁目・二丁目先の県有地にある日本最大の集客力を持つ海水浴場である。
保土ケ谷公園,,35.4557618,139.5857402,神奈川県,D,自然,神奈川県立保土ケ谷公園（かながわけんりつほどがやこうえん）は、神奈川県横浜市保土ケ谷区に所在する公園である。
補陀洛寺,,35.3059239,139.5527545,神奈川県,D,神社仏閣,
報国寺,,35.3195248,139.5689009,神奈川県,B,神社仏閣,報国寺（ほうこくじ）は、神奈川県鎌倉市浄明寺二丁目にある仏教臨済宗建長寺派の寺院。
報徳二宮神社,,35.2498519,139.1529655,神奈川県,C,神社仏閣,報徳二宮神社（ほうとくにのみやじんじゃ）は、神奈川県小田原市にある二宮尊徳を祀る神社である。
報徳博物館,,35.2489848,139.1535146,神奈川県,E,美術館博物館,
宝戒寺,,35.3221163,139.55828,神奈川県,B,神社仏閣,宝戒寺（ほうかいじ）は、神奈川県鎌倉市小町にある天台宗の寺院。
宝善院,,35.3128621,139.4952938,神奈川県,E,神社仏閣,
法源寺,,35.3123412,139.4913,神奈川県,D,神社仏閣,
法性寺,,35.3073374,139.567708,神奈川県,D,神社仏閣,
蓬莱園,,35.2366989,139.0474352,神奈川県,E,その他,
北条氏政,,35.2559674,139.1576359,神奈川県,A,その他,北条 氏政（ほうじょう うじまさ）は、戦国時代の相模国の戦国大名・武将。
本覚寺,,35.4720812,139.6265239,神奈川県,C,神社仏閣,本覺寺（ほんがくじ、本覚寺、英語: Hongakuji Temple）は、神奈川県横浜市神奈川区高島台にある曹洞宗の寺院。
本覚寺,,35.3172603,139.5525906,神奈川県,C,神社仏閣,本覺寺（ほんがくじ）は、神奈川県鎌倉市にある日蓮宗の本山（由緒寺院）。
本成寺,,35.3081606,139.4947306,神奈川県,D,神社仏閣,
本牧山頂公園,,35.4254725,139.6627652,神奈川県,D,自然,本牧山頂公園（ほんもくさんちょうこうえん）は、神奈川県横浜市中区に位置する都市公園（総合公園）である。
本牧市民公園,,35.4147633,139.6582237,神奈川県,E,自然,本牧市民公園（ほんもくしみんこうえん）は、神奈川県横浜市中区本牧にある公園。
幕山公園,,35.148521,139.1125583,神奈川県,E,自然,幕山公園（まくやまこうえん）とは、神奈川県足柄下郡湯河原町鍛冶屋にある町営の都市公園（風致公園）。
万騎が原ちびっこ動物園,,35.4496456,139.5348827,神奈川県,D,美術館博物館,
万葉公園,,35.1452069,139.0734798,神奈川県,E,自然,万葉公園（まんようこうえん）とは、神奈川県足柄下郡湯河原町宮上にある、湯河原温泉をテーマとした町営の都市公園（近隣公園）である。
満福寺,,35.3077149,139.4950194,神奈川県,E,神社仏閣,満福寺（まんぷくじ）は、神奈川県鎌倉市腰越にある真言宗大覚寺派の寺院。
味の素,,35.5350823,139.7197907,神奈川県,A,その他,"味の素株式会社（あじのもと、英: Ajinomoto Co., Inc.）は、 東京都中央区京橋に本社を置く日本の食品企業。"
夢見ヶ崎動物公園,,35.549562,139.664968,神奈川県,C,自然,夢見ヶ崎動物公園（ゆめみがさきどうぶつこうえん）は、神奈川県川崎市幸区南加瀬一丁目2-1にある市立の動物公園である。
無量光寺,,35.5265727,139.3694981,神奈川県,C,神社仏閣,無量光寺（むりょうこうじ）は、神奈川県相模原市南区当麻にある仏教寺院。
明王院,,35.3203508,139.5765227,神奈川県,C,神社仏閣,
明月院,,35.3349178,139.5516872,神奈川県,B,神社仏閣,明月院（めいげついん）は、神奈川県鎌倉市山ノ内にある臨済宗建長寺派の寺院。正式には福源山明月院（ふくげんざめいげついん）と号する。
明神ヶ岳,,35.2794977,139.0525134,神奈川県,C,その他,"明神ヶ岳（みょうじんがたけ）は神奈川県南足柄市と箱根町の境にある標高1,169mの山で、箱根山の古期外輪山の一峰である。"
明長寺,,35.5352911,139.7315553,神奈川県,D,神社仏閣,
野島公園,,35.3305191,139.6314529,神奈川県,C,自然,野島公園（のじまこうえん）は、神奈川県横浜市金沢区野島町24にある総合公園である。
野毛山公園,,35.4463125,139.6231713,神奈川県,C,自然,野毛山公園（のげやまこうえん）は、神奈川県横浜市西区に位置する都市公園（総合公園）。
野毛山動物園,,35.4475396,139.6226411,神奈川県,B,美術館博物館,横浜市立野毛山動物園（のげやまどうぶつえん）は、神奈川県横浜市西区の野毛山公園内に位置する横浜市立の動物園。
油壺,,35.1603581,139.6172536,神奈川県,A,その他,油壺（あぶらつぼ）は、神奈川県三浦半島に存在する湾（油壺湾）とその付近（三浦市三崎町小網代の一部）を指す地名。
有鹿神社,,35.4535723,139.3773075,神奈川県,B,神社仏閣,
由比ヶ浜,,35.3091195,139.5422113,神奈川県,A,その他,由比ヶ浜（ゆいがはま）は、神奈川県鎌倉市にある相模湾に面した砂浜海岸である。
嵐山,,35.6078865,139.1924275,神奈川県,E,自然,嵐山（あらしやま）は、神奈川県相模原市緑区にある山である。
立石公園,,35.2410455,139.5974696,神奈川県,D,自然,立石公園（たていしこうえん）は、神奈川県横須賀市秋谷にある都市公園（風致公園）である。
龍口寺,,35.3117107,139.4893788,神奈川県,B,神社仏閣,
龍口明神社,,35.318103,139.5070358,神奈川県,C,神社仏閣,
龍恋の鐘,,35.2987404,139.47682,神奈川県,E,その他,
龍寶寺,,35.3523472,139.5204064,神奈川県,C,神社仏閣,
臨港パーク,,35.4608838,139.6369336,神奈川県,C,その他,臨港パーク（りんこうパーク）は、神奈川県横浜市西区みなとみらい一丁目（みなとみらい地区19街区）にある公園（港湾緑地）。
鈴鹿明神社,,35.4847992,139.3945236,神奈川県,C,神社仏閣,鈴鹿明神社（すずかみょうじんしゃ）は、神奈川県座間市に鎮座する神社。
鈴廣,,35.2552023,139.1562522,神奈川県,B,その他,鈴廣（すずひろ）は、神奈川県小田原市風祭に本社を置くかまぼこ（小田原蒲鉾）を中心にした食品会社の屋号である。
霊光寺,,35.310583,139.5093065,神奈川県,D,神社仏閣,
蓮慶寺,,35.4267088,139.4571645,神奈川県,D,神社仏閣,
蓮乗院,,35.3034077,139.5536526,神奈川県,D,神社仏閣,
六角橋商店街,,35.4869574,139.6257283,神奈川県,E,街並み,
六所神社,,35.3067436,139.2742887,神奈川県,C,神社仏閣,六所神社（ろくしょじんじゃ）は、神奈川県中郡大磯町国府本郷にある神社。
剱埼灯台,,35.1413078,139.6771234,神奈川県,C,その他,剱埼灯台（つるぎさきとうだい）は、神奈川県三浦市東部、剱崎突端に立つ白亜塔形の大型灯台である。
圓久寺,,35.3222898,139.5277002,神奈川県,D,神社仏閣,
廣福寺,,35.6148782,139.5593646,神奈川県,D,神社仏閣,
洒水の滝,,35.3524473,139.0615444,神奈川県,C,自然,洒水の滝（しゃすいのたき）は、神奈川県足柄上郡山北町にある二級河川酒匂川水系滝沢川にある滝で、滝沢川とともに洒水の滝・滝沢川として1985年
Kotohira Shrine 琴平神社,,37.1808951,138.2454657,新潟県,E,神社仏閣,
アパリゾート上越妙高,,36.9026057,138.2517564,新潟県,B,その他,アパリゾート上越妙高（アパリゾートじょうえつみょうこう）は、新潟県妙高市桶海にあるホテル、ゴルフ場、リゾートマンションからなるリゾート施設。
いくとぴあ食花,,37.8805237,139.0491025,新潟県,D,その他,いくとぴあ食花（いくとぴあしょくはな）とは、新潟県新潟市中央区鳥屋野潟南部地区にある、食と花をテーマにした複合施設。
イヨボヤ会館,,38.2278084,139.4714526,新潟県,C,美術館博物館,イヨボヤ会館（イヨボヤかいかん）は、新潟県村上市に所在する鮭をテーマとした市営博物館である。
サントピアワールド,,37.7654457,139.2542491,新潟県,B,その他,サントピアワールド（SUNTOPIA WORLD）は、新潟県阿賀野市にある遊園地。
トキの森公園,ときのもりこうえん,38.037237,138.4218233,新潟県,C,その他,特別天然記念物トキの飼育・展示・野生復帰の拠点施設。
フォッサマグナミュージアム,,37.0255178,137.8703786,新潟県,C,美術館博物館,
ムイカスノーリゾート,,37.0716119,138.8460219,新潟県,C,その他,ムイカスノーリゾートは、新潟県南魚沼市にあるスキー場である。
もみじ園,,37.3966501,138.7763449,新潟県,E,その他,もみじ園（もみじえん）は、新潟県長岡市朝日にある庭園。
レインボータワーモニュメント,,37.9159817,139.0555993,新潟県,B,自然,
威徳寺,,37.8499828,138.9799212,新潟県,E,神社仏閣,
越後松代棚田群,,37.1242354,138.5296513,新潟県,C,その他,越後松代棚田群（えちごまつだいたなだぐん）は、新潟県十日町市松代地域にある棚田（千枚田）群。
燕温泉,,36.9020954,138.1461693,新潟県,C,温泉,燕温泉（つばめおんせん）は、新潟県妙高市（旧国：越後国）にある温泉。
燕市産業史料館,,37.6526569,138.9193967,新潟県,D,その他,燕市産業史料館（つばめしさんぎょうしりょうかん）は、新潟県燕市にある市立の史料館。
奥只見ダム,,37.1117758,139.234447,新潟県,B,その他,奥只見ダム（おくただみダム）は、福島県南会津郡檜枝岐村と新潟県魚沼市に跨る、一級河川・阿賀野川水系只見川最上流部に建設されたダムである。
加茂湖,,38.082338,138.4252077,新潟県,B,その他,加茂湖（かもこ）は、新潟県佐渡市（佐渡島）にある汽水湖で、日本百景の一つである。
加茂山公園,,37.6562599,139.0535176,新潟県,D,その他,加茂山公園（かもやまこうえん）は、新潟県加茂市にある都市公園。
華報寺,,37.818014,139.301421,新潟県,D,神社仏閣,
外海府海岸,,38.3284446,138.4869237,新潟県,B,その他,外海府海岸（そとかいふかいがん）は、新潟県の佐渡市（佐渡島）の北部に位置する海岸。
角田山,,37.7804605,138.8369856,新潟県,B,自然,角田山（かくだやま）は、新潟県新潟市西蒲区にある標高481.7 mの山。
巻機山,,36.9785898,138.9644241,新潟県,B,自然,"巻機山（まきはたやま）は、新潟県南魚沼市と群馬県利根郡みなかみ町の境、三国山脈（越後山脈・上越山地）にある標高1,967メートルの山。"
漢学の里しただ,,37.5417544,139.1022891,新潟県,D,自然,
岩室温泉,,37.738094,138.8363157,新潟県,B,温泉,岩室温泉（いわむろおんせん）は、新潟県新潟市西蒲区（旧国越後国）にある温泉、および町字。
金玉稲荷神社,,37.844845,139.0237644,新潟県,C,神社仏閣,
月岡温泉,,37.8813064,139.309109,新潟県,B,温泉,月岡温泉（つきおかおんせん）は、新潟県新発田市にある温泉。
見玉不動尊　正宝院,,36.95154,138.6677602,新潟県,D,神社仏閣,
古津八幡山遺跡,,37.7642562,139.1149939,新潟県,D,その他,
五頭山,,37.8010285,139.3456517,新潟県,B,自然,五頭山（ごずさん）は新潟県阿賀野市と東蒲原郡阿賀町にまたがる山。
高田城址公園,,37.1089726,138.252499,新潟県,B,その他,高田城址公園（たかだじょうしこうえん）は、新潟県上越市本城町にある都市公園（総合公園）。
高浪の池,,36.9126995,137.831807,新潟県,C,自然,高浪の池（たかなみのいけ）は、新潟県糸魚川市大字小滝にある池。
国営越後丘陵公園,,37.4213448,138.7523133,新潟県,C,その他,国営越後丘陵公園（こくえいえちごきゅうりょうこうえん）は、新潟県長岡市にある国営公園。
国上山,,37.670411,138.815605,新潟県,C,自然,国上山（くがみやま）は、新潟県燕市に位置する山である。
佐渡金山,さどきんざん,38.0409082,138.2577522,新潟県,A,その他,江戸時代から続いた日本最大級の金銀山跡。
佐渡西三川ゴールドパーク,,37.8981166,138.2963258,新潟県,D,美術館博物館,佐渡西三川ゴールドパーク（さどにしみかわゴールドパーク）は、新潟県佐渡市西三川にある砂金掘り体験を目玉にした体験型資料館。
佐渡歴史伝説館,,37.9547081,138.3464157,新潟県,D,その他,佐渡歴史伝説館（さどれきしでんせつかん）は、佐渡島にゆかりのある歴史上人物や伝説を等身大ロボットなどで紹介する体感型ミュージアムである。
笹川流れ,,38.3915762,139.4567337,新潟県,B,その他,笹川流れ（ささがわながれ）は、新潟県村上市にある海岸。
寺泊水族博物館 (TERADOMARI AQUARIUM),,37.6338595,138.760273,新潟県,C,美術館博物館,
十日町市博物館,,37.14071,138.7557877,新潟県,C,美術館博物館,十日町市博物館（とおかまちしはくぶつかん）は、新潟県十日町市にある市立の博物館。
春日山城 (Kasugayama-jō),,37.1468193,138.2057715,新潟県,B,城,
春日山神社,,37.1467711,138.2095595,新潟県,C,神社仏閣,春日山神社（かすがやまじんじゃ）は、新潟県上越市の春日山山腹にある神社。
小蓮華山,,36.7737846,137.7759943,新潟県,B,自然,"小蓮華山（これんげさん）は、飛騨山脈（北アルプス）後立山連峰にある標高2,766mの山。"
松代城,,37.125089,138.6138681,新潟県,C,城,
松之山温泉,,37.0649692,138.5994109,新潟県,B,温泉,松之山温泉（まつのやまおんせん）は、新潟県十日町市松之山にある温泉。
松之山温泉スキー場,,37.0505465,138.6003795,新潟県,E,その他,松之山温泉スキー場（まつのやまおんせんスキーじょう）は、新潟県十日町市に位置する十日町市営のスキー場。
上越国際スキー場,,37.0322113,138.8218689,新潟県,C,その他,上越国際スキー場（じょうえつこくさいスキーじょう）は、新潟県の南魚沼市樺野沢・十日町市当間にまたがって位置するスキー場である。
新潟県スポーツ公園,,37.8861639,139.0605604,新潟県,C,その他,新潟県スポーツ公園（にいがたけんスポーツこうえん）は、新潟県新潟市中央区に所在する新潟県立鳥屋野潟公園のうち、南東側の運動公園の部分にあたる園地の名称である。
新潟県中部産業団地,,37.5358388,138.8896494,新潟県,D,その他,新潟県中部産業団地（にいがたけんちゅうぶさんぎょうだんち）は、新潟県見附市の西部に位置する県営工業団地。
新潟県埋蔵文化財センター,,37.7613457,139.1159327,新潟県,E,美術館博物館,
新潟県立近代美術館,,37.4644223,138.8321219,新潟県,C,美術館博物館,新潟県立近代美術館（にいがたけんりつ きんだいびじゅつかん、英称：The Niigata Prefectural Museum of Modern Art）は、新潟県長岡市の「千秋が原ふるさとの森」内に位置する県立美術館である。
新潟県立自然科学館,,37.8903421,139.0499933,新潟県,C,その他,新潟県立自然科学館（にいがたけんりつしぜんかがくかん）は、新潟市中央区女池南3丁目にある新潟県立の科学館。
新潟県立植物園,,37.7596006,139.1123192,新潟県,D,その他,新潟県立植物園（にいがたけんりつしょくぶつえん）は、新潟県新潟市秋葉区に所在する植物園。
新潟県立歴史博物館,,37.4386715,138.7677082,新潟県,C,美術館博物館,
新潟市マンガ・アニメ情報館,,37.916071,139.0531746,新潟県,C,美術館博物館,
新潟市マンガの家,,37.92061,139.044841,新潟県,D,美術館博物館,
新潟市新津鉄道資料館,,37.8015778,139.1420065,新潟県,B,その他,新潟市新津鉄道資料館（にいがたし にいつてつどうしりょうかん、英称：Niigata-City Niitsu Railway Museum）は、新潟県新潟市秋葉区に所在する鉄道保存展示施設である。
新潟市新津美術館,,37.7625239,139.1123976,新潟県,D,美術館博物館,
新発田城,,37.9548019,139.3255546,新潟県,E,城,
新発田城址公園,,37.9540463,139.3231228,新潟県,C,その他,新発田城址公園（しばたじょうしこうえん）は、新潟県新発田市にある公園である。
世尊寺,,37.9726269,138.3690817,新潟県,E,神社仏閣,
瀬波温泉,,38.2148844,139.4442165,新潟県,B,温泉,瀬波温泉（せなみおんせん）は、新潟県村上市の日本海沿岸にある温泉。
性宗寺,,37.1142622,138.2411459,新潟県,E,神社仏閣,
清水園,,37.9438851,139.3282345,新潟県,B,その他,清水園（しみずえん）は、新潟県新発田市にある日本庭園。
清津峡,,36.9863379,138.7441532,新潟県,B,その他,清津峡（きよつきょう）は、信濃川の支流である清津川が形成した峡谷。
清津峡渓谷トンネル,きよつきょうけいこくとんねる,36.9693772,138.749746,新潟県,B,自然,日本三大峡谷の一つ、清津峡を鑑賞する観光トンネル。
村松公園,,37.6916249,139.188504,新潟県,D,その他,村松公園（むらまつこうえん）は、新潟県五泉市愛宕にある公園。
大形神社,,37.9348665,139.1045338,新潟県,C,神社仏閣,
中野邸美術館,,37.7498912,139.1146013,新潟県,D,美術館博物館,
長岡戦災資料館,,37.4486774,138.8523978,新潟県,C,その他,長岡戦災資料館（ながおかせんさいしりょうかん）は、新潟県長岡市にある長岡空襲に関する資料の展示施設。
長徳寺,,37.9465009,139.3221974,新潟県,D,神社仏閣,
長法寺,,38.2248265,139.4755608,新潟県,E,神社仏閣,
鳥屋野潟,,37.8776375,139.1315621,新潟県,B,その他,鳥屋野潟（とやのがた）は、新潟県新潟市中央区にある潟。
鳥屋野潟公園,,37.8806148,139.0439156,新潟県,C,その他,新潟県立鳥屋野潟公園（にいがたけんりつとやのがたこうえん）は、新潟県新潟市中央区にある県立の都市公園（広域公園）である。
藤基神社,,38.2208945,139.4789725,新潟県,C,神社仏閣,
道の駅 燕三条地場産センター,,37.6495508,138.9337479,新潟県,D,その他,
道の駅R290とちお,,37.4596647,139.0072008,新潟県,D,その他,道の駅R290とちお（みちのえき ルート290とちお）は、新潟県長岡市栃尾宮沢（栃尾地域）にある国道290号の道の駅である。
道の駅笹川流れ,,38.374655,139.4581338,新潟県,C,その他,道の駅笹川流れ（みちのえき ささがわながれ）は、新潟県村上市桑川にある国道345号の道の駅である。
道の駅神林,,38.1724585,139.4609285,新潟県,D,その他,道の駅神林（みちのえき かみはやし）は、新潟県村上市九日市にある国道7号の道の駅である。
道の駅朝日,,38.2819503,139.522206,新潟県,D,その他,道の駅朝日（みちのえき あさひ）は、新潟県村上市猿沢にある国道7号の道の駅である。
敦井美術館,,37.9145149,139.0595281,新潟県,E,美術館博物館,
八海山,,37.1039362,139.0241032,新潟県,B,その他,八海山（はっかいさん）は、新潟県南魚沼市にある岩峰群である。
美人林,,37.1008159,138.619673,新潟県,C,その他,美人林（びじんばやし）は、新潟県十日町市に広がる、ブナをはじめとした森林である。
瓢湖,,37.8374336,139.2397573,新潟県,B,自然,瓢湖（ひょうこ）は、新潟県阿賀野市水原（すいばら）地区にある人造湖。
苗場山,なえばさん,36.8458333,138.6902778,新潟県,C,自然,山頂に広大な湿原が広がる日本百名山。
府中八幡宮,,37.172276,138.2372286,新潟県,D,神社仏閣,
舞子スノーリゾート,,36.9815341,138.8245174,新潟県,C,その他,舞子スノーリゾート（まいこスノーリゾート）は、新潟県南魚沼市舞子に位置する関越道沿線のスキー場である。
福勝寺,,37.9453926,139.3283209,新潟県,D,神社仏閣,
福島潟,,37.9105843,139.2460284,新潟県,C,その他,福島潟（ふくしまがた）は、新潟県新潟市北区新鼻に位置する潟。
物部神社,,37.4540073,138.6751458,新潟県,C,神社仏閣,
某神社,,37.7058812,138.8271226,新潟県,C,神社仏閣,
北方文化博物館,,37.8295316,139.1521427,新潟県,B,美術館博物館,北方文化博物館（ほっぽうぶんかはくぶつかん）は、新潟県新潟市江南区沢海（そうみ）にある戦後初の私立博物館。
妙高山,みょうこうさん,36.8912778,138.1134167,新潟県,B,自然,越後富士とも呼ばれる複式火山、日本百名山。
妙法寺,,38.224384,139.4741499,新潟県,E,神社仏閣,
木村茶道美術館,,37.3597939,138.5449928,新潟県,D,美術館博物館,木村茶道美術館（きむらさどうびじゅつかん）は、新潟県柏崎市にある茶道具に関する美術館。
目黒邸,,37.3215317,139.0154761,新潟県,C,その他,目黒邸（めぐろてい）は、新潟県魚沼市にある歴史的建造物（民家）。
弥彦山,,37.704725,138.8090021,新潟県,B,自然,弥彦山（やひこやま）は、新潟県の西蒲原郡弥彦村と長岡市の境界にある標高634mの山である。
弥彦神社,やひこじんじゃ,37.7069097,138.8262161,新潟県,A,神社仏閣,越後国一宮。
悠久山公園,,37.4315181,138.882074,新潟県,C,その他,悠久山公園（ゆうきゅうざんこうえん）は、新潟県長岡市に所在する悠久山に設置された都市公園である。
林泉寺,,37.1506629,138.2130529,新潟県,B,神社仏閣,
蓮華峰寺,,37.8357869,138.2881476,新潟県,C,神社仏閣,蓮華峰寺（れんげぶじ）は、新潟県佐渡市小比叡にある真言宗智山派の寺院。
萬代橋,,37.9195138,139.0532736,新潟県,B,その他,萬代橋（ばんだいばし/よろづよばし）は、新潟県新潟市中央区の信濃川に架かる国道7号（重複: 国道8号、国道17号、国道113号、国道350号）の道路橋梁。
ありそドーム,,36.830059,137.400633,富山県,C,その他,ありそドームは、富山県魚津市北鬼江にあるスポーツ施設である。
クロスランドおやべ,,36.6574812,136.8781309,富山県,C,美術館博物館,クロスランドおやべは、富山県小矢部市鷲島10番地にある、タワー、ホール、広場、博物館、などが一体となった観光施設･都市公園がある複合型施設。
チューリップ四季彩館,,36.6411336,136.9648089,富山県,D,美術館博物館,チューリップ四季彩館（チューリップしきさいかん、英: TONAMI TULIP GALLERY）は、富山県砺波市中村にある、チューリップを主体とした植物園・博物館である。
となみ散居村ミュージアム,,36.6261736,136.9642919,富山県,D,美術館博物館,となみ散居村ミュージアム（となみさんきょそんミュージアム、英: Tonami Sankyoson Museum）は、富山県砺波市太郎丸にある公立博物館である。
ほたるいかミュージアム,,36.7741,137.3445571,富山県,C,美術館博物館,ほたるいかミュージアム（英: HOTARUIKA MUSEUM）は、富山県滑川市中川原にある滑川市立の博物館。
ミュゼふくおかカメラ館,,36.711437,136.92988,富山県,D,美術館博物館,
ミラージュランド,,36.8004011,137.3872033,富山県,C,その他,魚津総合公園 > ミラージュランド ミラージュランドは、富山県魚津市三ケにある遊園地である。
宇奈月ダム,,36.7957202,137.5902715,富山県,C,その他,宇奈月ダム（うなづきダム）は、富山県黒部市宇奈月町内山字大尾地先、黒部川の本川中流部に建設されたダムである。
雨晴海岸,,36.8187297,137.0349621,富山県,B,その他,雨晴海岸（あまはらしかいがん）は、富山県高岡市北部の海岸。
鵜坂神社,,36.6717814,137.1869282,富山県,C,神社仏閣,
雲ノ平,くものだいら,36.4206091,137.576538,富山県,D,自然,「日本最後の秘境」と称される北アルプスの溶岩台地。
越中五箇山相倉集落,,36.426177,136.9355622,富山県,B,その他,
越中護国八幡宮,,36.7415662,137.1975703,富山県,D,神社仏閣,
奥鐘山,,36.6877031,137.6730773,富山県,C,自然,"奥鐘山（おくかねやま、おくがねやま）は、富山県黒部市の飛騨山脈（北アルプス）・後立山連峰に位置する標高1,543 mの山。"
加茂神社,,36.7421525,137.1419584,富山県,D,神社仏閣,
楽翠亭美術館,,36.7064012,137.2172356,富山県,D,美術館博物館,
滑川市立博物館,,36.741995,137.39149,富山県,E,美術館博物館,
岩瀬カナル会館,,36.7592649,137.2342668,富山県,D,その他,岩瀬カナル会館（いわせカナルかいかん）は、富山県富山市岩瀬天神町48番地に所在する観光・休憩施設である。
気多神社,,36.8001506,137.0449238,富山県,B,神社仏閣,気多神社（けたじんじゃ）は、富山県高岡市伏木一宮にある神社。
義経岩,,36.8149752,137.0422832,富山県,C,その他,義経岩（よしつねいわ）は、富山県高岡市の雨晴海岸にある大岩。
魚津神社,,36.8182548,137.3976263,富山県,D,神社仏閣,
魚津埋没林博物館,,36.822598,137.394124,富山県,C,美術館博物館,
魚津歴史民俗博物館,,36.826154,137.449147,富山県,D,美術館博物館,
串田新遺跡,,36.687816,137.0405454,富山県,E,その他,
櫛田神社,,36.6919657,137.045069,富山県,C,神社仏閣,
血の池,,36.5820994,137.5977897,富山県,D,その他,
見覺寺,,36.4276701,136.9386834,富山県,E,神社仏閣,
五箇山相倉合掌造り集落,ごかやまあいのくらがっしょうづくりしゅうらく,36.430688,136.914051,富山県,B,街並み,白川郷と並ぶ合掌造り集落の世界遺産。
護国寺,,36.975722,137.6242956,富山県,D,神社仏閣,
光禅寺,,36.8577546,136.9861344,富山県,C,神社仏閣,
高岡古城公園動物園,,36.747315,137.022171,富山県,D,その他,
高岡市美術館,,36.7513298,137.0265321,富山県,C,美術館博物館,
高岡市福岡歴史民俗資料館,,36.715014,136.90698,富山県,E,美術館博物館,
高岡市万葉歴史館,,36.795619,137.046188,富山県,D,美術館博物館,
高岡市立博物館,,36.7465904,137.0212242,富山県,D,美術館博物館,
高岡大仏,,36.7455669,137.0171166,富山県,B,神社仏閣,高岡大仏（たかおかだいぶつ）は、富山県高岡市大手町の大佛寺にある銅製阿弥陀如来坐像。
高天原温泉,,36.4454239,137.5849213,富山県,C,その他,
黒部ダム,くろべだむ,36.5666941,137.6636386,富山県,A,その他,観光放水で知られる日本一の高さを誇るアーチ式ダム。
黒部峡谷,くろべきょうこく,36.8586356,137.5494872,富山県,B,自然,トロッコ電車で巡る日本三大渓谷の一つ。
黒部峡谷トロッコ電車,くろべきょうこくとろっこでんしゃ,36.8154157,137.5851867,富山県,A,自然,V字峡谷を走るトロッコ列車。
姉倉比売神社,,36.7182014,137.166763,富山県,C,神社仏閣,
室堂,,36.5776317,137.5959476,富山県,B,その他,室堂（むろどう）とは、修験者が宿泊したり祈祷を行ったりする堂であり、山岳信仰や神奈備がある神体山では建立されることが多い。
射水市新湊博物館,,36.7524488,137.0846746,富山県,D,美術館博物館,射水市新湊博物館（いみずししんみなとはくぶつかん、Imizu City Shinminato Museum）は、富山県射水市鏡宮（かがのみや）にある公立博物館。
射水市大島絵本館,,36.73418,137.074061,富山県,D,美術館博物館,
松村外次郎記念庄川美術館,,36.572241,136.994907,富山県,D,美術館博物館,
称名滝,しょうみょうだき,36.5753764,137.5235437,富山県,C,自然,落差350mを誇る日本一の滝。
真成寺,,36.8159828,137.3979726,富山県,D,神社仏閣,
瑞龍寺,,36.7355981,137.0105367,富山県,B,神社仏閣,
西猪谷関所,,36.4713146,137.2392905,富山県,D,その他,西猪谷関所（にしいのたにせきしょ）は現在の富山県富山市猪谷字峠446に設けられた関所である。
西田美術館,,36.717807,137.363932,富山県,D,美術館博物館,
千光寺,,36.6362478,137.0314285,富山県,C,神社仏閣,
前田利長墓所,,36.7377446,137.0230284,富山県,C,その他,前田利長墓所（まえだとしながぼしょ）は、富山県高岡市にある加賀前田家2代当主前田利長の墓所。
善徳寺,,36.5156196,136.9010631,富山県,C,神社仏閣,
祖母谷温泉,,36.6990871,137.6798383,富山県,C,温泉,祖母谷温泉（ばばだにおんせん）は、富山県黒部市宇奈月町黒部にある温泉。
僧ヶ岳,,36.7617139,137.5637267,富山県,C,自然,"僧ヶ岳（そうがだけ）は、富山県魚津市と黒部市にまたがる標高1,855 mの山。"
大牧温泉,,36.5004964,136.9941115,富山県,B,温泉,大牧温泉（おおまきおんせん）は、富山県南砺市利賀村大牧にある温泉である。
中島閘門,,36.7256291,137.2196877,富山県,E,その他,
長慶寺,,36.7115139,137.1904123,富山県,D,神社仏閣,
砺波郷土資料館,,36.6387745,136.961199,富山県,D,美術館博物館,
道の駅メルヘンおやべ,,36.694563,136.8741018,富山県,D,その他,道の駅メルヘンおやべ（みちのえき メルヘンおやべ）は、富山県小矢部市桜町にある国道8号の道の駅である。
南砺市福野文化創造センターヘリオス,,36.591486,136.918194,富山県,D,美術館博物館,
南砺市立福光美術館,,36.573393,136.852437,富山県,C,美術館博物館,
八心大市比古神社,,36.8722938,137.443057,富山県,C,神社仏閣,
八尾おわら資料館,,36.577008,137.135863,富山県,D,美術館博物館,
氷見市立博物館,,36.852943,136.986886,富山県,E,美術館博物館,
不動堂遺跡,,36.9209648,137.5537361,富山県,E,その他,
富岩運河環水公園,,36.7102378,137.2124378,富山県,B,その他,富岩運河環水公園（ふがんうんがかんすいこうえん）は、富山県富山市湊入船町にある富山県立の都市公園（総合公園）である。
富山ガラス工房,,36.6953677,137.1464069,富山県,D,美術館博物館,
富山県総合運動公園,,36.6260025,137.1959505,富山県,D,その他,富山県総合運動公園（とやまけんそうごううんどうこうえん、英: Toyama Athletic Recreation Park）は、富山県富山市にある富山県立の都市公園（運動公園）である。
富山県美術館,,36.7110161,137.2100945,富山県,B,美術館博物館,デザイン（とやまけんびじゅつかん アート アンド デザイン、正式名：富山県美術館　英: Toyama Prefectural Museum of Art and Design）は、富山県富山市木場町にある公立美術館である。
富山県埋蔵文化財センター,,36.7105463,137.1804592,富山県,E,美術館博物館,
富山市ガラス美術館,,36.6883464,137.2149413,富山県,B,美術館博物館,
富山市民俗民芸村,,36.7102644,137.1890906,富山県,D,美術館博物館,
法福寺,,36.8692831,137.5636499,富山県,E,神社仏閣,
本教寺,,36.4291143,136.9395652,富山県,E,神社仏閣,
薬師岳,やくしだけ,36.4688619,137.5448066,富山県,D,自然,なだらかな山容とカールが特徴の北アルプス、日本百名山。
有峰ダム,,36.4888427,137.4523243,富山県,B,その他,有峰ダム（ありみねダム）は、富山県富山市有峰、一級河川・常願寺川水系和田川の、標高1089m地点に建設されたダム。
雄山神社峰本社,,36.5732195,137.6178679,富山県,B,神社仏閣,
立山,たてやま,36.5758333,137.6197222,富山県,A,自然,立山黒部アルペンルートの中核をなす霊峰、日本百名山。
立山カルデラ砂防博物館,,36.5822382,137.4458673,富山県,E,美術館博物館,
立山黒部アルペンルート,たてやまくろべあるぺんるーと,36.5771869,137.4942412,富山県,A,自然,雪の大谷で知られる山岳観光ルート。
立山室堂,,36.5773811,137.6008922,富山県,C,その他,
立山博物館,,36.5826607,137.3934958,富山県,C,美術館博物館,
蓮王寺,,36.7240691,137.1002835,富山県,D,神社仏閣,
剱岳,つるぎだけ,36.6233333,137.6169444,富山県,B,自然,「岩の殿堂」と称される日本屈指の険峰、日本百名山。
髙瀬神社,,36.5715147,136.9481714,富山県,B,神社仏閣,髙瀬神社（たかせじんじゃ）は、富山県南砺市高瀬にある神社。
Nagamachi Samurais District,,36.5639889,136.6499265,石川県,C,その他,
アリス館志賀,,37.059745,136.7374021,石川県,D,その他,アリス館志賀（アリスかんしか）は、石川県羽咋郡志賀町赤住にある北陸電力の原子力発電展示・PR施設。
いしかわ四高記念公園,,36.563088,136.6557286,石川県,D,その他,いしかわ四高記念公園（いしかわしこうきねんこうえん）は、石川県金沢市広坂にある都市公園（地区公園）である。
いしかわ動物園,,36.4327482,136.54598,石川県,B,その他,いしかわ動物園（いしかわどうぶつえん）は、石川県能美市徳山町にある動物園である。
こおろぎ橋,,36.2409881,136.3716681,石川県,C,その他,こおろぎ橋（こおろぎばし）は、石川県加賀市山中温泉の大聖寺川にかかる橋である。
サイエンスヒルズこまつ,,36.4013769,136.4558115,石川県,D,美術館博物館,
にし茶屋街,,36.5569543,136.6474604,石川県,C,その他,
のとじま臨海公園水族館,,37.1487189,136.9821175,石川県,B,美術館博物館,のとじま臨海公園水族館（のとじまりんかいこうえんすいぞくかん）は、石川県七尾市能登島にある水族館。
のと蘭ノ国,,37.033494,136.9298769,石川県,D,その他,七尾フラワーパーク・のと蘭ノ国（ななおフラワーパーク・のとらんのくに）は、石川県七尾市に所在する植物園である。
ボラ待ちやぐら,,37.1986733,136.9250267,石川県,C,その他,ボラ待ちやぐら（ボラまちやぐら）は、石川県能登半島の七尾湾付近で行われたボラ漁に使われる櫓である。
芦城公園,,36.4098092,136.448047,石川県,D,その他,芦城公園（ろじょうこうえん）は、石川県小松市丸の内公園町に位置する公園である。
安江金箔工芸館,,36.5737572,136.6659874,石川県,D,美術館博物館,
安宅住吉神社,,36.4196724,136.4184448,石川県,C,神社仏閣,
宇多須神社,,36.5730488,136.6681409,石川県,C,神社仏閣,
羽咋神社,,36.8970634,136.7796907,石川県,D,神社仏閣,
卯辰山,,36.5731948,136.6777428,石川県,B,自然,卯辰山（うたつやま）は、石川県金沢市にある山である。
卯辰山山麓寺院群,,36.573068,136.667921,石川県,C,自然,卯辰山山麓寺院群（うだつやまさんろくじいんぐん）は、石川県金沢市東山にある寺院群。
加賀橋立,,36.3508324,136.3088904,石川県,C,その他,加賀市加賀橋立（かがしかがはしたて）は、石川県加賀市にある重要伝統的建造物群保存地区。
加賀三湖,,36.3566248,136.3670601,石川県,B,自然,加賀三湖（かがさんこ）は、石川県南部の小松市、加賀市に点在する三つの潟湖、今江潟、木場潟、柴山潟の総称である。
加賀伝統工芸村 ゆのくにの森,,36.3244779,136.4360871,石川県,D,その他,
加賀本多博物館,,36.5584649,136.6624243,石川県,D,美術館博物館,
加佐ノ岬,,36.3522332,136.299514,石川県,D,自然,加佐ノ岬（かさのみさき）は、石川県加賀市橋立町にある、日本海に面した岬である。
気多大社,,36.9260885,136.7675036,石川県,B,神社仏閣,
狭野神社,,36.4287503,136.5121226,石川県,D,神社仏閣,
近江町市場,,36.5712835,136.6574295,石川県,B,その他,近江町市場（おうみちょういちば）は、石川県金沢市の中心部にある市場。
金沢21世紀美術館,かなざわにじゅういっせいきびじゅつかん,36.561,136.658,石川県,B,美術館博物館,「スイミング・プール」で有名な現代アート美術館。
金沢フォーラス,,36.5791324,136.6496211,石川県,B,その他,金沢フォーラス（かなざわフォーラス、英: KANAZAWA FORUS）は、石川県金沢市堀川新町にある株式会社OPAが運営する複合商業施設（ファッションビル）である。
金沢市足軽資料館,,36.5659129,136.6498419,石川県,D,その他,金沢市足軽資料館（かなざわしあしがるしりょうかん）は、石川県金沢市に所在する加賀藩の足軽の生活を伝える文化施設である。
金沢市立中村記念美術館,,36.558792,136.6604517,石川県,D,美術館博物館,金沢市立中村記念美術館（かなざわしりつなかむらきねんびじゅつかん）は、石川県金沢市にある美術館である。
金沢城,,36.565733,136.659579,石川県,A,その他,金沢城（かなざわじょう。旧字体: 金澤城）は、加賀国石川郡尾山（現・石川県金沢市丸の内）にある日本の城。
金沢湯涌江戸村,,36.4906631,136.7566078,石川県,C,美術館博物館,
金沢湯涌夢二館,,36.485932,136.7574596,石川県,D,美術館博物館,
金沢能楽美術館,,36.5615671,136.6581216,石川県,E,美術館博物館,
金澤神社,,36.5604815,136.6628621,石川県,C,神社仏閣,
穴水城址（白波城）,,37.2296202,136.9137672,石川県,C,その他,
健民海浜公園,,36.5910688,136.5868826,石川県,D,その他,健民海浜公園（けんみんかいひんこうえん）は、石川県金沢市西部にある都市公園。
兼六園,けんろくえん,36.5622,136.6624,石川県,A,自然,日本三名園に数えられる大名庭園。
広昌寺,,36.5742728,136.6709416,石川県,E,神社仏閣,
高松サービスエリア,,36.7859202,136.7235725,石川県,C,その他,高松サービスエリア（たかまつサービスエリア）は、石川県かほく市二ツ屋にあるのと里山海道（石川県道60号金沢田鶴浜線）のサービスエリアである。
黒島地区,くろしまちく,37.281873,136.734477,石川県,C,街並み,北前船の船主集落として栄えた重要伝統的建造物群保存地区。
犀川大橋,,36.5584684,136.6503792,石川県,C,その他,犀川大橋（さいがわおおはし）は、石川県金沢市の犀川中流に架かる道路橋である。
山代温泉,やましろおんせん,36.289873,136.363033,石川県,C,温泉,開湯1300年、九谷焼発祥の地としても知られる名湯。
山中温泉,やまなかおんせん,36.204979,136.409524,石川県,C,温泉,松尾芭蕉も愛した加賀温泉郷の一つ、渓谷沿いの湯町。
獅子吼高原,,36.446758,136.647738,石川県,C,その他,獅子吼高原（ししくこうげん）とは、石川県金沢市と同県白山市にまたがる後高山（しりたかやま）周辺を、旧石川郡鶴来町が観光開発のため名付け宣伝し周知した地域名である。
室生犀星記念館,,36.559048,136.648206,石川県,C,美術館博物館,
手取フィッシュランド,,36.4596601,136.50959,石川県,B,その他,手取フィッシュランド（てどりフィッシュランド）は、石川県能美市粟生町にある遊園地、ペットショップ。
手取川,,36.4349282,136.6355292,石川県,B,その他,手取川（てどりがわ）は、石川県の主に白山市を流れて日本海へ注いでいる一級河川。
重蔵神社,,37.3944933,136.9057497,石川県,C,神社仏閣,重蔵神社（じゅうぞうじんじゃ）は、石川県輪島市河井町にある神社。
小松市立博物館,,36.4088471,136.4483449,石川県,D,美術館博物館,
松井秀喜ベースボールミュージアム,,36.4309876,136.4364832,石川県,B,美術館博物館,松井秀喜ベースボールミュージアム（まついひできベースボールミュージアム）は、宗教法人瑠璃教会傘下のオフィスルリが運営する石川県能美市にある元プロ野球選手・松井秀喜を記念した博物館。
松任海浜温泉,,36.5359233,136.5302845,石川県,D,温泉,松任海浜温泉（まっとうかいひんおんせん）は、石川県白山市にある温泉である。
松任総合運動公園,,36.5137707,136.5624857,石川県,D,その他,松任総合運動公園（まっとうそうごううんどうこうえん）は、石川県白山市にある運動公園である。
西茶屋資料館,,36.5567095,136.6474295,石川県,D,美術館博物館,
西部緑地公園,,36.5750688,136.6048113,石川県,C,その他,西部緑地公園（せいぶりょくちこうえん）は、石川県金沢市袋畠町、古府町、北塚町、稚日野町にまたがる運動公園。
石浦神社,,36.5613771,136.6600956,石川県,C,神社仏閣,石浦神社（いしうらじんじゃ）は、石川県金沢市本多町に鎮座する神社。
石川県ふれあい昆虫館,,36.444136,136.632329,石川県,D,美術館博物館,
石川県金沢港大野からくり記念館,,36.618997,136.604405,石川県,D,美術館博物館,
石川県九谷焼美術館,,36.3028094,136.3102176,石川県,D,美術館博物館,
石川県七尾美術館,,37.0448261,136.953681,石川県,D,美術館博物館,石川県七尾美術館（いしかわけんななおびじゅつかん、英語: Ishikawa Nanao Art Museum）は、石川県七尾市にある、公益財団法人七尾美術財団が指定管理者として管理運営を行う美術館である。
石川県西田幾多郎記念哲学館,,36.714233,136.6942656,石川県,C,その他,石川県西田幾多郎記念哲学館（いしかわけんにしだきたろうきねんてつがくかん）は、石川県かほく市に所在する、哲学者西田幾多郎に関する文化施設である。
石川県銭屋五兵衛記念館,,36.596909,136.597004,石川県,D,美術館博物館,
石川県能登島ガラス美術館,,37.1371238,136.996581,石川県,D,美術館博物館,
石川県立音楽堂,,36.5767719,136.6478457,石川県,C,その他,石川県立音楽堂（いしかわけんりつおんがくどう）は、石川県金沢市に位置するコンサートホール。
石川県立航空プラザ,,36.404371,136.410844,石川県,C,美術館博物館,石川県立航空プラザ（いしかわけんりつこうくうプラザ）は、石川県小松市安宅新町にある航空専門の博物館である。
石川県立美術館,,36.5601181,136.6607426,石川県,C,美術館博物館,石川県立美術館（いしかわけんりつびじゅつかん）は、石川県金沢市出羽町にある美術館である。
石川県輪島漆芸美術館,,37.3898272,136.8919458,石川県,D,美術館博物館,石川県輪島漆芸美術館（いしかわけん わじま しつげい びじゅつかん）は、石川県輪島市にある漆芸専門美術館。
泉鏡花記念館,,36.5714387,136.6631356,石川県,D,美術館博物館,泉鏡花記念館（いずみきょうかきねんかん）は、石川県金沢市下新町にある泉鏡花を取り扱う金沢市立の文学館である。
全性寺,,36.5765248,136.6691275,石川県,D,神社仏閣,
大野湊神社,,36.5960819,136.5982872,石川県,C,神社仏閣,
長久寺,,36.5760018,136.6686532,石川県,E,神社仏閣,
天徳院,,36.5514901,136.6768907,石川県,C,神社仏閣,
東大寺領横江荘荘家跡,,36.549142,136.582546,石川県,E,その他,
道の駅ころ柿の里しか,,37.0071382,136.7800301,石川県,D,その他,道の駅ころ柿の里しか（みちのえき ころがきのさとしか）は、石川県羽咋郡志賀町末吉新保向にある国道249号の道の駅である。
道の駅しらやまさん,,36.4367902,136.6305009,石川県,D,その他,道の駅しらやまさん（みちのえき しらやまさん）は、石川県能美市和佐谷町にある国道157号の道の駅である。
道の駅とぎ海街道,,37.1403678,136.7249026,石川県,D,その他,道の駅とぎ海街道（みちのえき とぎうみかいどう）は、石川県羽咋郡志賀町富来領家町にある国道249号の道の駅である。
道の駅のとじま,,37.1378167,136.9975576,石川県,D,その他,道の駅のとじま（みちのえき のとじま）は、石川県七尾市能登島向田町にある石川県道47号七尾能登島公園線の道の駅である。
道の駅千枚田ポケットパーク,,37.4241695,136.9976022,石川県,D,その他,道の駅千枚田ポケットパーク（みちのえき せんまいだポケットパーク）は、石川県輪島市白米町にある国道249号の道の駅である。
徳田秋聲記念館,,36.570902,136.6671625,石川県,E,美術館博物館,
那谷寺,なたでら,36.3134083,136.4203917,石川県,C,神社仏閣,奇岩遊仙境と呼ばれる岩窟のある古刹。
日本自動車博物館,,36.3343457,136.4304537,石川県,B,美術館博物館,
能登演劇堂,,37.1219312,136.8540258,石川県,C,その他,能登演劇堂（のとえんげきどう）は、石川県七尾市にある劇場である。
能登金剛,,37.0937969,136.7270637,石川県,B,その他,能登金剛（のとこんごう）は、石川県能登地方（羽咋郡志賀町）に位置する景勝地。
能登島,,37.1306054,136.9772121,石川県,B,自然,能登島（のとじま）は、石川県七尾市の七尾湾を塞ぐ形で浮かぶ島。
波自加彌神社,,36.6340346,136.7148812,石川県,E,神社仏閣,
白山恐竜パーク白峰,,36.203605,136.625551,石川県,D,その他,白山恐竜パーク白峰（はくさんきょうりゅうパークしらみね、英: Hakusan Dinosaur Park Shiramine）は、石川県白山市桑島に位置する市立の博物館類似施設。
白米千枚田,しろよねせんまいだ,37.4239,137.0161,石川県,B,自然,日本海に面した棚田の絶景。世界農業遺産。
尾山神社,,36.5661386,136.6553243,石川県,B,神社仏閣,尾山神社（おやまじんじゃ）は、石川県金沢市にある神社。
片山津温泉,,36.343998,136.365452,石川県,B,温泉,片山津温泉（かたやまづおんせん）は、石川県加賀市の柴山潟湖畔にある温泉。
片野鴨池,,36.3215211,136.2912297,石川県,D,その他,片野鴨池（かたのかもいけ）は、石川県加賀市にある広さ約1.5haの池である。
北潟湖,,36.2532962,136.2132688,石川県,C,自然,北潟湖（きたがたこ）は、福井県あわら市と石川県加賀市に跨る、国道305号沿いに広がる湖。
北前船の里資料館,,36.3508699,136.3103597,石川県,D,美術館博物館,北前船の里資料館（きたまえぶねのさとしりょうかん）は、石川県加賀市に所在する資料館である。
妙応寺,,36.5758464,136.6683073,石川県,E,神社仏閣,
妙国寺,,36.5764115,136.6696324,石川県,E,神社仏閣,
妙成寺,,36.9540632,136.7766599,石川県,C,神社仏閣,
妙立寺,,36.5553624,136.6490714,石川県,B,神社仏閣,妙立寺（みょうりゅうじ）とは、石川県金沢市にある日蓮宗の寺院。
木場潟公園,,36.3660012,136.450615,石川県,C,その他,木場潟公園（きばがたこうえん）は、石川県小松市南部にある都市公園。
輪島の朝市,わじまのあさいち,37.3955383,136.9035941,石川県,E,街並み,日本三大朝市の一つ。
輪島白米千枚田,わじましろよねせんまいだ,37.4254444,136.9997778,石川県,B,自然,日本海に面した棚田、世界農業遺産の構成資産。
鈴木大拙館,,36.55772,136.661369,石川県,B,美術館博物館,
蓮覚寺,,36.5767861,136.6688409,石川県,E,神社仏閣,
禄剛崎,,37.5290424,137.3277813,石川県,C,自然,禄剛崎（ろっこうさき、ろっこうざき）は、能登半島の先端に位置し、日本海に面する岬。
おさごえ民家園,,36.046325,136.1996576,福井県,E,美術館博物館,
きのこの森,,35.4553707,135.5652394,福井県,D,その他,きのこの森（きのこのもり）は、福井県大飯郡おおい町鹿野にあるきのこのテーマパークである。
スキージャム勝山,,36.0703512,136.5571074,福井県,C,その他,スキージャム勝山（スキージャムかつやま、SKIJAM）は、福井県勝山市芳野にある西日本最大級のスキー場である。
めがねミュージアム,,35.9427717,136.1988429,福井県,D,美術館博物館,めがねミュージアムは、福井県鯖江市新横江にある博物館。
阿波阿須疑神社,,35.886227,136.3455049,福井県,C,神社仏閣,
一乗谷朝倉氏遺跡,いちじょうだにあさくらしいせき,36.0089241,136.3007627,福井県,A,その他,戦国大名朝倉氏の城下町跡。
瓜割の滝,,35.4574355,135.8428392,福井県,C,その他,瓜割の滝（うりわりのたき）は、福井県三方上中郡若狭町の若狭瓜割名水公園にある湧水から生ずる滝で、1985年（昭和60年）名水百選に選ばれるとともに、輝きと優しさに出会えるまち若狭町として水の郷百選を代表する名水である。
永平寺,えいへいじ,36.0557,136.3554,福井県,A,神社仏閣,曹洞宗の大本山。杉木立に包まれた修行の寺。
越前がにミュージアム,,35.921722,135.997683,福井県,D,美術館博物館,
越前松島水族館,,36.2526485,136.1466764,福井県,C,美術館博物館,
越前水仙の里公園,,36.012973,135.9909704,福井県,E,その他,越前水仙の里公園（えちぜんすいせんのさとこうえん）は、福井県福井市居倉町にある公園である。
越前大野城,,35.9865611,136.4831911,福井県,B,城,大野城（おおのじょう）は、福井県大野市（旧越前国）にあった日本の城。
越前岬水仙ランド,,35.9812711,135.9614363,福井県,E,その他,越前岬水仙ランド（えちぜんみさきすいせんランド）は、福井県丹生郡越前町血ヶ平にある公園である。
刈込池,,36.0680601,136.7273711,福井県,D,自然,刈込池（かりこみいけ）は、福井県大野市上打波にある湖沼である。
丸岡城,まるおかじょう,36.1524222,136.2721444,福井県,C,城,現存12天守の一つ、日本最古とされる天守を持つ城。
巌教寺,,36.1135476,136.2353228,福井県,E,神社仏閣,
気比の松原,,35.65596,136.051981,福井県,B,その他,気比松原 気比松原（けひのまつばら）は、福井県敦賀市の景勝地。
旧森田銀行本店,,36.2136,136.1495629,福井県,D,その他,旧森田銀行本店（きゅうもりたぎんこうほんてん）は、福井県坂井市三国町南本町3丁目3-26にある建築物。
金ヶ崎緑地,,35.6620626,136.0722384,福井県,D,その他,金ヶ崎緑地（かねがさきりょくち）は、福井県敦賀市にある海浜公園。
金崎宮,,35.6645272,136.0741217,福井県,C,神社仏閣,
九頭竜ダム,,35.8793833,136.7142918,福井県,B,その他,九頭竜ダム（くずりゅうダム）は、福井県大野市、一級河川・九頭竜川水系九頭竜川に建設されたダム。
熊川宿,,35.4401642,135.907154,福井県,B,その他,熊川宿（くまがわじゅく）は、福井県三方上中郡若狭町にある 若狭と京都を結ぶ旧鯖街道の宿場。
御食国若狭おばま食文化館,,35.5013088,135.7377359,福井県,D,美術館博物館,御食国若狭おばま食文化館（みけつくにわかさおばましょくぶんかかん）は、福井県小浜市にある日本初の公立の食文化博物館。
御清水,,35.9828794,136.4865009,福井県,D,その他,御清水（おしょうず）は、福井県大野市泉町にある湧水で、1985年（昭和60年）名水百選に選ばれるとともに、「名水と朝市のまち・越前おおの」として、水の郷百選を代表する名水である。
御誕生寺,,35.8872714,136.2079301,福井県,C,神社仏閣,御誕生寺（ごたんじょうじ）は、福井県越前市庄田町にある曹洞宗の寺院である。
坂井市龍翔博物館,,36.2201213,136.1516504,福井県,C,美術館博物館,坂井市龍翔博物館（さかいしりゅうしょうはくぶつかん）は、福井県坂井市三国町にある坂井市立の総合博物館。
三社神社,,36.0134423,136.2765491,福井県,E,神社仏閣,
三方五湖,みかたごこ,35.5944635,135.8998816,福井県,C,自然,塩分濃度の異なる5つの湖が織りなす多彩な湖水景観。
三方石観世音,,35.5617549,135.9145508,福井県,D,神社仏閣,
三國神社,,36.2091743,136.1576406,福井県,C,神社仏閣,
紙わらべ資料館,,35.6562486,136.067004,福井県,D,美術館博物館,
紫式部公園,,35.8902188,136.1575354,福井県,C,その他,紫式部公園（むらさきしきぶこうえん）は、福井県越前市東千福町に所在する公園。
柴田氏庭園,,35.628349,136.050317,福井県,D,その他,柴田氏庭園（しばたしていえん）は、福井県敦賀市にある江戸時代前期の庭園。
柴田神社,,36.0602978,136.2194965,福井県,C,神社仏閣,柴田神社（しばたじんじゃ）は、福井県福井市にある神社である。
芝政ワールド,,36.250529,136.1784762,福井県,B,その他,
若狭たかはまエルどらんど,,35.4900377,135.5892608,福井県,C,その他,若狭たかはまエルどらんど（わかさたかはまエルどらんど）は、福井県大飯郡高浜町青戸にあるサイエンスパーク。
若狭三方縄文博物館,,35.5589091,135.8964369,福井県,C,美術館博物館,若狭三方縄文博物館（わかさみかたじょうもんはくぶつかん）は、福井県三方上中郡若狭町にある考古博物館。
若狭彦神社,,35.4796707,135.7884919,福井県,B,神社仏閣,若狭彦神社（わかさひこじんじゃ）は、福井県小浜市にある神社。
出雲大社 福井分院,,36.0443841,136.190663,福井県,D,神社仏閣,
春日山古墳,,36.0901742,136.3000578,福井県,D,その他,
勝山城博物館,,36.042756,136.52068,福井県,B,美術館博物館,
照恩寺,,36.0165394,136.2739688,福井県,D,神社仏閣,
常宮神社,,35.6904365,136.0297034,福井県,C,神社仏閣,
水晶浜海水浴場,,35.6859364,135.9775191,福井県,C,自然,水晶浜海水浴場（すいしょうはまかいすいよくじょう）は、福井県三方郡美浜町にある若狭湾の海水浴場である。
西山動物園(Nishiyama Zoo),,35.9506507,136.1808967,福井県,C,その他,
足羽山公園,,36.0546158,136.2054308,福井県,B,自然,足羽山（あすわやま）は、福井県福井市にある標高約116メートルの山。
足羽神社,,36.0582765,136.2095972,福井県,C,神社仏閣,
地蔵院,,36.0160469,136.2755808,福井県,D,神社仏閣,
中池見湿地,,35.658962,136.0911645,福井県,C,その他,中池見湿地（なかいけみしっち）は、福井県敦賀市にある、天筒山などの3つの低山に囲まれた面積約25 haの内陸低湿地であり、泥炭湿地。
東尋坊,とうじんぼう,36.2378168,136.1267357,福井県,A,自然,柱状節理の大断崖が続く景勝地。
湯尾峠,,35.7871911,136.1969908,福井県,D,その他,湯尾峠（ゆのおとうげ）は、福井県南越前町の今庄集落と湯尾集落を分ける峠であり、古代から北陸道が通る交通の要衝であった。
藤島神社,,36.0563277,136.2110629,福井県,C,神社仏閣,
道の駅うみんぴあ大飯,,35.4812824,135.6299468,福井県,C,その他,うみんぴあ大飯（うみんぴあおおい）は、福井県大飯郡おおい町成海にある複合レジャー施設である。
道の駅シーサイド高浜,,35.4889446,135.5961833,福井県,D,その他,道の駅シーサイド高浜（みちのえき シーサイドたかはま）は、福井県大飯郡高浜町下車持（しもくらもち）にある国道27号の道の駅である。
道の駅九頭竜,,35.9046637,136.6623272,福井県,C,その他,道の駅九頭竜（みちのえき くずりゅう）は、福井県大野市朝日にある国道158号の道の駅である。
敦賀市立博物館,,35.656463,136.068766,福井県,D,美術館博物館,
敦賀赤レンガ倉庫,,35.6616979,136.0741746,福井県,C,その他,敦賀赤レンガ倉庫（つるがあかレンガそうこ）は、福井県敦賀市の敦賀港にある2棟の赤レンガ倉庫である。
日野山,,35.8592369,136.2075621,福井県,C,自然,日野山（ひのさん）は、福井県越前市と南条郡南越前町にまたがる山。
白道寺,,36.1477009,136.2728145,福井県,D,神社仏閣,
浜地海水浴場,,36.249575,136.1602887,福井県,E,自然,浜地海水浴場（はまぢかいすいよくじょう）は、福井県坂井市三国町にある海水浴場である。
福井運動公園,,36.052469,136.1870508,福井県,C,その他,福井運動公園（ふくいうんどうこうえん）は、福井県福井市 に所在する福井県立の都市公園（運動公園）である。
福井県児童科学館,,36.131414,136.216703,福井県,C,美術館博物館,
福井県立一乗谷朝倉氏遺跡博物館,,36.0149845,136.2983643,福井県,E,美術館博物館,
福井県立音楽堂,,36.0144879,136.2077387,福井県,C,その他,福井県立音楽堂（ふくいけんりつおんがくどう、英: Harmony Hall Fukui、略: HHF）は、福井県福井市今市町にあるコンサートホール。
福井県立恐竜博物館,,36.0823042,136.5065708,福井県,B,美術館博物館,
福井県立美術館,,36.078603,136.215264,福井県,D,美術館博物館,
福井県立歴史博物館,,36.083048,136.222207,福井県,D,美術館博物館,
福井市愛宕坂茶道美術館,,36.059983,136.211111,福井県,E,美術館博物館,
福井市橘曙覧記念文学館,,36.059776,136.211187,福井県,D,美術館博物館,
福井市自然史博物館,,36.056606,136.209403,福井県,D,美術館博物館,福井市自然史博物館（ふくいししぜんしはくぶつかん）は、福井県福井市足羽上町にある自然史系博物館。
福井市水道記念館,,36.0586671,136.2113281,福井県,E,美術館博物館,
福井市美術館（アートラボふくい）,,36.039026,136.234124,福井県,D,美術館博物館,
福井市立郷土歴史博物館,,36.0683953,136.2229632,福井県,C,美術館博物館,福井市立郷土歴史博物館（ふくいしりつきょうどれきしはくぶつかん）は、福井県福井市宝永3丁目にある博物館である。
福井城,,36.0655194,136.2209143,福井県,B,城,
平泉寺白山神社,,36.0438698,136.5406807,福井県,B,神社仏閣,平泉寺白山神社（へいせんじはくさんじんじゃ）は、福井県勝山市平泉寺町平泉寺に鎮座する神社。
鉾島,,36.1047523,136.0374347,福井県,C,自然,鉾島（ほこしま）は、福井県福井市南菅生町に位置する黒雲母角閃石流紋岩の柱状節理の島である。
北潟湖,,36.2532962,136.2132688,福井県,C,自然,北潟湖（きたがたこ）は、福井県あわら市と石川県加賀市に跨る、国道305号沿いに広がる湖。
明鏡洞,,35.4959968,135.5536024,福井県,D,自然,明鏡洞（めいきょうどう）とは、福井県大飯郡高浜町の若狭湾国定公園、城山公園内にある海食洞である。
明通寺,,35.4535034,135.8044799,福井県,C,神社仏閣,明通寺（みょうつうじ）は、福井県小浜市門前字棡谷（ゆずりだに）（遠敷郡門前村棡谷、松永村門前）にある真言宗御室派の寺院。
夜叉ヶ池,,35.6727803,136.2905944,福井県,B,その他,夜叉ヶ池（やしゃがいけ）は、福井県南条郡南越前町にある池。
氣比神宮,,35.654408,136.0737453,福井県,A,神社仏閣,氣比神宮（けひじんぐう、気比神宮）は、福井県敦賀市曙町にある神社。
萬徳寺,,35.468873,135.7852389,福井県,D,神社仏閣,萬徳寺（まんとくじ）は福井県小浜市にある高野山真言宗の寺院。
はやぶさ温泉,,35.7302205,138.7097198,山梨県,D,その他,はやぶさ温泉（はやぶさおんせん）は、山梨県山梨市牧丘町隼にある温泉および日帰り入浴施設の名称。
ふじてんスノーリソーﾄ,,35.4420301,138.6877612,山梨県,B,その他,
ほったらかし温泉,,35.7062942,138.6521168,山梨県,B,その他,ほったらかし温泉（ほったらかしおんせん）は、山梨県山梨市矢坪に位置する日帰り温泉施設。
雲峰寺,,35.7393686,138.8046698,山梨県,C,神社仏閣,
猿橋,,35.6154724,138.9803848,山梨県,B,その他,猿橋（さるはし、えんきょう）は、山梨県大月市猿橋町猿橋の桂川に架かる刎橋。
奥山温泉,,35.2276473,138.4170053,山梨県,E,温泉,奥山温泉（おくやまおんせん）は山梨県南巨摩郡南部町福士にある温泉。
岡・銚子塚古墳,,35.6003619,138.643784,山梨県,D,その他,
河口湖,かわぐちこ,35.5130603,138.7448243,山梨県,B,自然,富士五湖の一つ。逆さ富士の名所。
河口湖オルゴールの森美術館,,35.522377,138.768691,山梨県,D,美術館博物館,
河口湖自動車博物館 飛行舘,,35.4536743,138.7410533,山梨県,E,美術館博物館,
河口湖大橋,,35.5114397,138.7643115,山梨県,C,その他,河口湖大橋（かわぐちこおおはし）は、山梨県富士河口湖町から河口湖東側を渡り、同町の国道137号付近に至る橋である。
河口浅間神社,,35.5310961,138.7750153,山梨県,C,神社仏閣,河口浅間神社（かわぐちあさまじんじゃ）は、山梨県南都留郡富士河口湖町河口にある神社。
甘草屋敷,,35.7063514,138.7347815,山梨県,C,美術館博物館,
甘利山,,35.6811444,138.3765862,山梨県,C,自然,"甘利山（あまりやま）は、山梨県韮崎市と南アルプス市との境界にある標高約1,731mの山である。"
久遠寺,くおんじ,35.381226,138.4270354,山梨県,C,神社仏閣,日蓮宗の総本山、「身延山」として親しまれる古刹。
金生遺跡,,35.8481432,138.3852253,山梨県,E,その他,
金櫻神社,,35.7694402,138.5561097,山梨県,B,神社仏閣,
恵林寺,,35.726995,138.713978,山梨県,A,神社仏閣,恵林寺（えりんじ）は、山梨県甲州市塩山小屋敷にある寺院。
景徳院,,35.6411012,138.8034748,山梨県,B,神社仏閣,景徳院（けいとくいん）は、山梨県甲州市にある曹洞宗の寺院。
経塚古墳,,35.6389793,138.6774891,山梨県,D,その他,
御坂峠,,35.5563725,138.7836798,山梨県,B,自然,御坂峠（みさかとうげ）は、山梨県南都留郡富士河口湖町と同県笛吹市御坂町にまたがる峠。
御師 旧外川家住宅,,35.4800868,138.7964326,山梨県,D,その他,
御勅使南公園,,35.6671064,138.4507631,山梨県,C,その他,山梨県御勅使南公園（やまなしけんみだいみなみこうえん）は山梨県南アルプス市にある山梨県立の都市公園。
向嶽寺,,35.7109117,138.7224065,山梨県,C,自然,向嶽寺（こうがくじ）は、山梨県甲州市にある禅寺で臨済宗向嶽寺派の大本山。
甲斐黄金村・湯之奥金山博物館,,35.4238717,138.4719007,山梨県,C,美術館博物館,
甲斐駒ヶ岳,かいこまがたけ,35.7579434,138.2368147,山梨県,C,自然,白い花崗岩の山肌が美しい南アルプスの名峰。
甲斐善光寺,,35.6659552,138.5929174,山梨県,B,神社仏閣,善光寺（ぜんこうじ）は、山梨県甲府市善光寺にある浄土宗の寺院。山号は定額山（じょうがくざん）。
甲斐銚子塚古墳,,35.5921812,138.5783039,山梨県,C,その他,甲斐銚子塚古墳（かい ちょうしづか こふん）は、山梨県甲府市下曽根町にある前方後円墳。
甲府市遊亀公園附属動物園,,35.6510953,138.572085,山梨県,B,その他,甲府市遊亀公園附属動物園（こうふしゆうきこうえんふぞくどうぶつえん）は山梨県甲府市の甲府市遊亀公園内にある都市型の動物園である。
甲府盆地の桃畑,こうふぼんちのももばたけ,35.66414,138.56842,山梨県,C,自然,春には一面ピンクに染まる日本一の桃の産地の花風景。
荒川ダム,,35.7605699,138.5750411,山梨県,C,その他,荒川ダム（あらかわダム）は、山梨県甲府市、富士川水系荒川に建設されたダム。
高川山,,35.5861399,138.9020358,山梨県,D,その他,高川山（たかがわやま）は、山梨県都留市と大月市の境にある山。
差出磯大嶽山神社,,35.696913,138.6845063,山梨県,C,神社仏閣,
三恵の大ケヤキ,,35.621729,138.4941297,山梨県,D,自然,
三条の湯,,35.8352767,138.9184408,山梨県,C,温泉,三条の湯（さんじょうのゆ）は、山梨県北都留郡丹波山村にある温泉。
三島由紀夫文学館,,35.404404,138.8701454,山梨県,C,美術館博物館,
山中湖,,35.4150253,138.8814393,山梨県,B,自然,山中湖（やまなかこ）は、山梨県南都留郡山中湖村にある淡水湖。
山中湖温泉,,35.4302679,138.8424752,山梨県,D,温泉,山中湖温泉（やまなかこおんせん）は山梨県南都留郡山中湖村にある温泉。
山中諏訪神社,,35.4278902,138.848755,山梨県,D,神社仏閣,諏訪神社（すわじんじゃ）とは、山梨県山中湖村西部の山中地区にある神社。
山梨県立リニア見学センター,,35.5832682,138.9259169,山梨県,C,美術館博物館,
山梨県立科学館,,35.669218,138.5804905,山梨県,C,その他,山梨県立科学館（やまなしけんりつかがくかん）は、山梨県甲府市にある県立の科学館。
山梨県立博物館,,35.640171,138.648528,山梨県,C,美術館博物館,
山梨県立美術館,,35.6603564,138.5372854,山梨県,B,美術館博物館,山梨県立美術館（やまなしけんりつびじゅつかん、英: Yamanashi Prefectural Museum of Art）は、山梨県甲府市貢川（くがわ）の「芸術の森公園」内にある美術館である。
山梨県立富士山世界遺産センター,,35.4856932,138.770456,山梨県,C,その他,山梨県立富士山世界遺産センター（やまなしけんりつふじさんせかいいさんセンター）は、富士山の世界遺産登録を受け、山梨県富士河口湖町に設置された山梨県立のガイダンス施設。
四尾連湖,,35.529672,138.517151,山梨県,B,自然,四尾連湖（しびれこ）は、山梨県西八代郡市川三郷町にある自然湖である。
七面山,,35.3704526,138.3505055,山梨県,B,自然,"七面山（しちめんさん）は山梨県南巨摩郡にある1,989mの山。"
七里岩,,35.7388908,138.4170752,山梨県,B,その他,七里岩（しちりいわ）は、山梨県の峡北地方にある台地。
釈迦堂遺跡,,35.6448116,138.7157879,山梨県,C,その他,
小室浅間神社,,35.4948598,138.8031488,山梨県,B,神社仏閣,
小瀬スポーツ公園,,35.6232446,138.5854615,山梨県,C,その他,山梨県小瀬スポーツ公園（やまなしけんこせスポーツこうえん）は、山梨県甲府市小瀬町にある都市公園。
昇仙峡,しょうせんきょう,35.7458956,138.5674863,山梨県,B,自然,日本一の渓谷美と称される渓谷。
新屋山神社,,35.466838,138.797335,山梨県,B,神社仏閣,
新倉富士浅間神社,,35.5003121,138.8001336,山梨県,B,神社仏閣,
新府城跡,,35.7355996,138.4253077,山梨県,E,城,
身曾岐神社,,35.862162,138.3365381,山梨県,B,神社仏閣,
瑞牆山,,35.8934876,138.5919868,山梨県,B,その他,"瑞牆山（みずがきやま）は山梨県北杜市（旧北巨摩郡須玉町）にある標高2,230mの山で、奥秩父の山域の主脈の一つ。"
清春白樺美術館,,35.822273,138.353699,山梨県,D,美術館博物館,
清白寺,,35.6940574,138.7081389,山梨県,C,神社仏閣,清白寺（せいはくじ）は、山梨県山梨市にある寺院。
生出神社,,35.5670685,138.9198017,山梨県,D,神社仏閣,
精進湖,,35.4863213,138.6128661,山梨県,B,自然,精進湖（しょうじこ）は、山梨県南都留郡富士河口湖町にある湖。
西湖コウモリ穴,,35.494172,138.6717933,山梨県,C,その他,西湖コウモリ穴（さいこコウモリあな）は、山梨県南都留郡富士河口湖町西湖地区にある、コウモリの棲息地として知られる溶岩洞穴である。
西沢渓谷,にしざわけいこく,35.8645556,138.7320278,山梨県,C,自然,花崗岩と滝が織りなす渓谷美、日本の滝百選の七ツ釜五段の滝。
青木が原,,35.452828,138.649635,山梨県,A,その他,
青木ヶ原樹海,あおきがはらじゅかい,35.47,138.6197222,山梨県,B,自然,富士山の溶岩流上に広がる原生林、富士五湖に隣接。
石割山,,35.4504909,138.901359,山梨県,C,自然,
石船神社,,35.5630967,138.9730472,山梨県,C,神社仏閣,
積翠寺温泉,,35.7039353,138.5928854,山梨県,C,温泉,積翠寺温泉（せきすいじおんせん）は、山梨県甲府市上積翠寺町にある温泉。
赤坂台総合公園,,35.6740799,138.5052222,山梨県,D,その他,赤坂台総合公園（あかさかだいそうごうこうえん）、別名ドラゴンパークは、山梨県甲斐市にある都市公園（総合公園）である。
赤石山脈,,35.844575,138.3640854,山梨県,A,その他,赤石山脈（あかいしさんみゃく）は、長野県、山梨県、静岡県に跨って連なる山脈。
赤沢,,35.3905604,138.379512,山梨県,C,その他,赤沢（あかさわ）は、山梨県南巨摩郡早川町にある集落。
仙丈ヶ岳,せんじょうがたけ,35.7200776,138.1836017,山梨県,C,自然,「南アルプスの女王」と称される日本百名山。
大井俣窪八幡神社,,35.7047379,138.6900153,山梨県,C,神社仏閣,
大菩薩嶺,,35.7487175,138.8454802,山梨県,B,その他,"大菩薩嶺（だいぼさつれい）は、山梨県甲州市と北都留郡丹波山村に跨る標高2,057mの山。"
大法師公園,,35.5455975,138.4545078,山梨県,D,その他,大法師公園（おおぼしこうえん）は山梨県南巨摩郡富士川町にある公園。
谷戸城,,35.8565817,138.3861214,山梨県,C,城,
長生寺,,35.5661139,138.902932,山梨県,D,神社仏閣,
長禅寺,,35.6656519,138.5770916,山梨県,C,神社仏閣,
田原の滝,,35.5397412,138.8892718,山梨県,D,その他,
吐竜の滝,,35.9145787,138.4195054,山梨県,D,その他,
都留市商家資料館,,35.551025,138.907828,山梨県,E,美術館博物館,
都留市博物館ミュージアム都留,,35.549761,138.904934,山梨県,D,美術館博物館,
道の駅とみざわ,,35.2418241,138.4850845,山梨県,D,その他,道の駅とみざわ（みちのえき とみざわ）は、山梨県南巨摩郡南部町にある国道52号の道の駅である。
道の駅とよとみ,,35.5849771,138.5456508,山梨県,D,その他,道の駅とよとみ（みちのえき とよとみ）は、山梨県中央市にある国道140号の道の駅である。
道の駅南きよさと,,35.8655538,138.4279492,山梨県,D,その他,道の駅南きよさと（みちのえき みなみきよさと）は、山梨県北杜市高根町長沢にある国道141号の道の駅である。
南部アルカディア温泉,,35.2801511,138.4634409,山梨県,D,温泉,南部アルカディア温泉（なんぶアルカディアおんせん）は、山梨県南巨摩郡南部町にある温泉。
韮崎大村美術館,,35.7008351,138.4294281,山梨県,C,美術館博物館,韮崎大村美術館（にらさきおおむらびじゅつかん）は、山梨県韮崎市にある美術館である。
忍野 しのびの里,,35.4567283,138.8176776,山梨県,C,その他,
忍野八海,おしのはっかい,35.4602407,138.8327032,山梨県,A,自然,富士山の伏流水が湧く8つの池。世界遺産の構成資産。
白峰三山,しらねさんざん,35.6460373,138.2283478,山梨県,D,自然,北岳・間ノ岳・農鳥岳からなる南アルプスの主稜線。
八ヶ岳,やつがたけ,35.9708,138.37,山梨県,B,自然,南北30kmに連なる複合火山群、日本百名山。
比志神社,,35.8468613,138.490179,山梨県,E,神社仏閣,
百蔵山,,35.6381703,138.9810787,山梨県,E,自然,
不老園,,35.6624252,138.5970971,山梨県,D,その他,不老園（ふろうえん）は、山梨県甲府市酒折三丁目にある梅園である。
富岳風穴,,35.4749457,138.6666012,山梨県,B,その他,富岳風穴（ふがくふうけつ）は富士山（富岳）の北西山麓、山梨県富士河口湖町の青木ヶ原にある溶岩洞（風穴）で、周辺にいくつかある風穴のうちで最大のものである。
富士急ハイランド,,35.4838838,138.7798328,山梨県,A,その他,"富士急ハイランド（ふじきゅうハイランド、英: Fujikyu Highland, Fuji-Q Highland）は、山梨県富士吉田市と同県南都留郡富士河口湖町に所在する株式会社富士急ハイランドが経営する遊園地及びテーマパーク。"
富士五湖,ふじごこ,35.482383,138.7610781,山梨県,A,自然,富士山北麓に連なる五つの湖、世界遺産の構成資産。
富士山,,35.3628384,138.7307677,山梨県,A,自然,富士山（ふじさん）は、日本の活火山である。
富士山レーダードーム館,,35.4578594,138.8035184,山梨県,C,美術館博物館,
富士川クラフトパーク,,35.418342,138.4376474,山梨県,D,その他,山梨県富士川クラフトパーク（やまなしけんふじかわクラフトパーク）は山梨県南巨摩郡身延町にある都市公園。
冨士御室浅間神社,,35.4002783,138.755524,山梨県,C,神社仏閣,
武田神社,,35.6866895,138.5773898,山梨県,B,神社仏閣,武田神社（たけだじんじゃ）は、山梨県甲府市古府中町にある神社。躑躅ヶ崎館の跡地（武田氏館跡）に建てられており、武田信玄を祭神とする。
平山郁夫シルクロード美術館,,35.8792743,138.3593363,山梨県,C,美術館博物館,
北岳,,35.674321,138.238808,山梨県,A,自然,"北岳（きただけ）は、山梨県南アルプス市にある標高3,193 mの山。"
北口本宮冨士浅間神社,,35.4710185,138.7926872,山梨県,B,神社仏閣,北口本宮冨士浅間神社（きたぐちほんぐうふじせんげんじんじゃ）は、山梨県富士吉田市上吉田にある神社。旧社格は県社で、現在は神社本庁の別表神社。
北杜市考古資料館,,35.858043,138.3855523,山梨県,E,美術館博物館,
本遠寺,,35.3622681,138.4457819,山梨県,C,神社仏閣,
本国寺,,35.41384,138.4407685,山梨県,D,神社仏閣,
本栖湖,,35.4635171,138.5843721,山梨県,A,自然,本栖湖（もとすこ）は、山梨県南都留郡富士河口湖町と南巨摩郡身延町にまたがる湖。
万力公園,,35.6899198,138.6796552,山梨県,C,その他,万力公園（まんりきこうえん）は、山梨県山梨市万力にある都市公園（総合公園）である。
鳴沢氷穴,,35.4779916,138.6648899,山梨県,B,自然,鳴沢氷穴（なるさわひょうけつ）は、山梨県南都留郡鳴沢村にある溶岩洞。
立正寺,,35.6800722,138.7163383,山梨県,D,神社仏閣,
竜塚古墳,,35.6011947,138.6375484,山梨県,E,その他,
あがたの森公園,,36.23156,137.9841882,長野県,C,その他,あがたの森公園（あがたのもりこうえん）は長野県松本市県3丁目にある都市公園（地区公園）である。
おぶせミュージアム・中島千波館,,36.6985447,138.3190413,長野県,D,美術館博物館,おぶせミュージアムは、長野県上高井郡小布施町にある美術館。
しらびそ高原,,35.4344574,138.0287015,長野県,C,その他,しらびそ高原（しらびそこうげん）は長野県飯田市上村にある、標高1918mの高原。
たつの海,,35.9669944,137.993566,長野県,D,その他,たつの海（たつのうみ）は、長野県上伊那郡辰野町樋口にあるため池である。
ながのこども館ながノビ！,,36.6657579,138.1944314,長野県,C,その他,ながのこども館ながノビ！（ながのこどもかんながノビ！）は、長野県長野市上松二丁目の城山公園内にある遊戯施設。
ハーモ美術館,,36.0652481,138.088182,長野県,C,美術館博物館,
ラーラ松本,,36.2691037,137.9406522,長野県,C,その他,ラーラ松本（ラーラまつもと）は、長野県松本市島内7412にある温水プール。
ルヴァン美術館,,36.3276003,138.584835,長野県,C,美術館博物館,軽井沢ルヴァン美術館（英語: Le Vent Museum of Contemporary Art）は、長野県北佐久郡軽井沢町にある美術館。
阿礼神社,,36.1055774,137.9731027,長野県,C,神社仏閣,
愛宕稲荷神社,,35.512873,137.8228498,長野県,D,神社仏閣,
安曇野ちひろ美術館,,36.4149298,137.8441257,長野県,B,美術館博物館,
安曇野わさび田湧水群公園,,36.3233692,137.9018567,長野県,D,その他,安曇野わさび田湧水群公園（あづみのわさびだゆうすいぐんこうえん）は、長野県安曇野市豊科南穂高にある親水公園。
安曇野高橋節郎記念美術館,,36.3546016,137.8914885,長野県,D,美術館博物館,
井戸尻遺跡,,35.8776923,138.2787104,長野県,C,その他,
一茶ゆかりの里 一茶館,,36.6802953,138.3592123,長野県,D,美術館博物館,
雨飾山,,36.902028,137.9626039,長野県,B,自然,"雨飾山（あまかざりやま）は、長野県北安曇郡小谷村と新潟県糸魚川市との県境にある、標高1,963.2 mの山。"
雲場池,,36.350658,138.626833,長野県,C,その他,雲場池（くもばいけ）は、長野県北佐久郡軽井沢町の六本辻近くにある池。
園原,,35.4580168,137.6702121,長野県,B,その他,園原（そのはら）は、長野県下伊那郡阿智村智里に所在する地域名。
燕岳,,36.4068593,137.7127725,長野県,B,自然,"燕岳（つばくろだけ）は、飛騨山脈（北アルプス）にある標高2,763 mの山。"
遠山郷,,35.3739729,137.9850753,長野県,B,その他,遠山郷（とおやまごう）は長野県の南端近く、天竜川の支流遠山川に沿って広がる山深い谷間の地域をいう。
塩見岳,,35.5734864,138.1833633,長野県,B,自然,"塩見岳（しおみだけ）は、長野県伊那市と静岡県静岡市葵区にまたがる標高3,052 mの山。"
奥村土牛記念美術館,,36.134224,138.4766727,長野県,D,美術館博物館,奥村土牛記念美術館（おくむらどぎゅうきねんびじゅつかん）は、長野県南佐久郡佐久穂町にある美術館。
往生院,,36.6534244,138.1877779,長野県,D,神社仏閣,
往生寺,,36.6659378,138.1773226,長野県,D,神社仏閣,
横手山,,36.6687418,138.5261155,長野県,B,自然,横手山（よこてやま）は、長野県下高井郡山ノ内町と群馬県吾妻郡中之条町との境にある火山である。
横川の蛇石,,35.9723035,137.8979714,長野県,D,その他,
黄梅院,,35.5170448,137.8321217,長野県,E,神社仏閣,
乙女湖公園,,36.3100145,138.4367572,長野県,D,その他,乙女湖公園（おとめここうえん）は、長野県小諸市にある総合公園。
科野大宮社,,36.3944473,138.2580036,長野県,C,神社仏閣,
蚊里田八幡宮,,36.6910088,138.2220583,長野県,D,神社仏閣,
冠着山,,36.4687555,138.1066757,長野県,B,自然,冠着山（かむりきやま）は、長野県千曲市と東筑摩郡筑北村にまたがる山。
岩松院,,36.6984606,138.3338805,長野県,B,神社仏閣,
旧開智学校,,36.2430649,137.9682554,長野県,A,その他,旧開智学校（きゅうかいちがっこう）は、1876年（明治9年）に長野県松本市本町一丁目（現在の松本市中央2丁目）に建てられ、その後、現在地である松本市沢村（現在の松本市開智2丁目）に移築された明治時代初期の擬洋風建築の校舎である。
旧三笠ホテル,,36.3731331,138.6262318,長野県,B,その他,
旧中込学校,,36.2374945,138.4721703,長野県,C,その他,旧中込学校（きゅうなかごみがっこう）は、長野県佐久市中込にある重要文化財。
牛留池,,36.1139753,137.6147131,長野県,E,その他,牛留池（うしどめいけ）は、長野県松本市安曇の乗鞍高原にあり、乗鞍高原を代表する池である。
興禅寺,,35.8532953,137.7029888,長野県,C,神社仏閣,
玉林院,,35.7861046,137.6962249,長野県,D,神社仏閣,
恵那山,,35.4431409,137.5978344,長野県,B,自然,"恵那山（えなさん）(胞衣山・胞山）は長野県阿智村と岐阜県中津川市にまたがる、木曽山脈（中央アルプス）の最南端に位置する標高2,191 mの山。"
軽井沢ショー記念礼拝堂,,36.3621095,138.6390282,長野県,C,その他,軽井沢ショー記念礼拝堂（かるいざわショーきねんれいはいどう）は、長野県北佐久郡軽井沢町にある日本聖公会中部教区に属する教会堂。
軽井沢タリアセン,,36.3285277,138.5969394,長野県,C,その他,軽井沢タリアセン（かるいざわタリアセン、KARUIZAWA TALIESIN）は、長野県北佐久郡軽井沢町にある企業運営によるレジャー施設。
軽井沢駅,,36.3431656,138.636698,長野県,A,その他,軽井沢駅（かるいざわえき）は、長野県北佐久郡軽井沢町大字軽井沢にある、東日本旅客鉄道（JR東日本）・しなの鉄道の駅。
軽井沢高原文庫,,36.3272652,138.597155,長野県,C,美術館博物館,軽井沢高原文庫（かるいざわこうげんぶんこ）は、長野県軽井沢町の軽井沢タリアセンにある文学館。
月瀬の大杉;月瀬の大スギ,,35.2578161,137.5668511,長野県,C,その他,
健命寺,,36.9240083,138.4499384,長野県,D,神社仏閣,
元善光寺,,35.5339142,137.8564147,長野県,B,神社仏閣,元善光寺（もとぜんこうじ）は、長野県飯田市座光寺にある天台宗の仏教寺院。
源池の井戸,,36.2324058,137.9728533,長野県,D,その他,源池の井戸（げんちのいど）は長野県松本市中央にある井戸。
戸隠山,,36.7704367,138.0551383,長野県,B,自然,戸隠山（とがくしやま）は、長野県長野市にある山。
御座山,,36.0340904,138.6067818,長野県,C,自然,御座山（おぐらさん）は、長野県南佐久郡北相木村と南相木村とにまたがる山である。
御射鹿池,,36.0334697,138.2921673,長野県,B,その他,御射鹿池（みしゃかいけ）は、長野県茅野市豊平にあるため池である。
御嶽山,,35.8929915,137.4804059,長野県,A,自然,御嶽山（おんたけさん）は、長野県木曽郡木曽町・王滝村と岐阜県下呂市・高山市にまたがり、東日本火山帯の西端に位置する複合成層火山。
光前寺,,35.7358657,137.8968945,長野県,B,神社仏閣,光前寺（こうぜんじ）は、長野県駒ヶ根市赤穂にある天台宗の別格本山の寺院である。
弘法山古墳,,36.2130748,137.9829027,長野県,C,その他,
甲武信ヶ岳,,35.9091833,138.728873,長野県,B,その他,"甲武信ヶ岳（こぶしがたけ）は、山梨県・埼玉県・長野県の3県の境にある標高2,475mの山で、奥秩父山塊の主脈の中央に位置する。"
荒砥城,,36.479746,138.1364161,長野県,C,城,
高ボッチ山,,36.1321841,138.0403659,長野県,B,自然,"高ボッチ山（たかボッチやま）は、長野県岡谷市と塩尻市との境にある、標高1,665メートルの山。"
高井鴻山記念館,,36.6954163,138.3169853,長野県,D,その他,高井鴻山記念館は長野県小布施町にある記念館
高遠城址公園,たかとおじょうしこうえん,35.8330778,138.0628028,長野県,B,城,「天下第一の桜」と称される小彼岸桜の名所。
高島城,,36.0395056,138.1120383,長野県,B,城,高島城（たかしまじょう）は、信濃国諏訪郡高島 （現・長野県諏訪市高島）にあった日本の城。
国営アルプスあづみの公園,,36.31422,137.842266,長野県,C,その他,国営アルプスあづみの公園（こくえいあるぷすあづみのこうえん）は、長野県安曇野市、大町市、北安曇郡松川村にある総面積353ヘクタールの国営公園。
黒斑山,,36.4052306,138.4885484,長野県,B,自然,"黒斑山（くろふやま）は、群馬県嬬恋村と長野県小諸市にある浅間山の第一外輪山の最高峰である標高2,404 mの山。"
佐久スキーガーデンパラダ,,36.2796429,138.5137369,長野県,C,その他,佐久スキーガーデンパラダ（さくスキーガーデンパラダ）は、長野県佐久市上信越自動車道沿いにあるスキー場。
妻籠宿,,35.5769907,137.595421,長野県,B,その他,
妻籠城跡,,35.5846361,137.5955617,長野県,C,その他,
山村代官屋敷,,35.8518765,137.6981894,長野県,C,美術館博物館,
四阿山,,36.54166,138.4127953,長野県,B,自然,四阿山（あずまやさん）は、長野県と群馬県の県境に跨る山。
市村神社,,36.6300283,138.1941308,長野県,E,神社仏閣,
鹿教湯温泉,,36.283624,138.101095,長野県,B,温泉,鹿教湯温泉（かけゆおんせん）は、長野県上田市（旧丸子町、旧西内村、旧国信濃国）にある温泉。
釈尊寺,,36.3306826,138.3859663,長野県,C,神社仏閣,釈尊寺（しゃくそんじ）は、長野県小諸市にある天台宗の寺院。
若里公園,,36.6350496,138.1879242,長野県,D,その他,若里公園（わかさとこうえん）は、長野県長野市若里にある公園。
渋温泉,しぶおんせん,36.734444,138.433056,長野県,B,温泉,石畳の路地に九つの外湯が並ぶ湯田中渋温泉郷の中心地。
春日城址公園,,35.8370456,137.949065,長野県,D,その他,または春日公園（かすがこうえん）は、長野県伊那市西町にある春日城跡に造られた総合公園（都市公園）。
女神湖,,36.1344963,138.2702292,長野県,B,自然,女神湖（めがみこ）は、長野県北佐久郡立科町にある湖。
勝善寺,,36.6523348,138.3115873,長野県,D,神社仏閣,
小笠原資料館,,35.4464122,137.7949674,長野県,D,美術館博物館,小笠原資料館（おがさわらしりょうかん）は、長野県飯田市伊豆木にある小笠原書院に附属する資料館である。
小坂観音院,,36.0351877,138.0686362,長野県,D,神社仏閣,
小坂田公園,,36.1058397,137.9848476,長野県,D,その他,小坂田公園（おさかだこうえん）は、長野県塩尻市塩尻町にある総合公園（都市公園）。
小諸城,,36.3271237,138.4174412,長野県,B,城,
松原湖,,36.0531039,138.4593697,長野県,B,自然,松原湖（まつばらこ）は、長野県南佐久郡小海町にある湖。
松代城,,36.5651224,138.1960891,長野県,A,城,松代城（まつしろじょう）は、信濃国埴科郡海津（現・長野県長野市松代町松代）にあった日本の城。
松本市時計博物館,,36.2337977,137.9686296,長野県,E,美術館博物館,
松本市美術館,,36.2317767,137.9769741,長野県,C,美術館博物館,松本市美術館（まつもとしびじゅつかん）は長野県松本市中央にある美術館。
松本城,まつもとじょう,36.2386,137.9689,長野県,A,城,漆黒の天守が美しい国宝五城のひとつ。
焼岳,,36.22889,137.5882358,長野県,B,自然,"焼岳（やけだけ）は、飛騨山脈の長野県と岐阜県にまたがる標高2,455 mの活火山。"
象山神社,,36.5593879,138.1963894,長野県,C,神社仏閣,象山神社（ぞうざんじんじゃ）は、長野県長野市松代町にある神社。
上高地,かみこうち,36.2497,137.6353,長野県,A,自然,穂高連峰を望む山岳リゾートの原点。
乗鞍岳,のりくらだけ,36.1063889,137.5536111,長野県,B,自然,バスで山頂近くまで行ける日本百名山、畳平が起点。
常念岳,じょうねんだけ,36.3255337,137.7275978,長野県,C,自然,安曇野から望む三角錐の秀峰、日本百名山。
浄林寺,,36.2337313,137.9655596,長野県,D,神社仏閣,
信州健康ランド,,36.1706978,137.9540601,長野県,D,その他,信州健康ランド（しんしゅうけんこうランド　英：Shinshu kenko land）は長野県塩尻市にある株式会社クア・アンド・ホテル（本社：山梨県甲府市）が運営するビジネスホテルと健康ランド一体型施設である。
信州中野銅石版画ミュージアム,,36.7538972,138.37575,長野県,E,美術館博物館,
信濃国分寺,,36.3828646,138.2710133,長野県,B,神社仏閣,信濃国分寺（しなのこくぶんじ）は、長野県上田市国分(こくぶ)にある天台宗の寺院。
信濃川,,36.1885089,138.4375554,長野県,A,その他,信濃川（しなのがわ）は、新潟県および長野県を流れる一級河川。
新海三社神社,,36.3501522,138.4313465,長野県,C,神社仏閣,新海三社神社（しんかいさんしゃじんじゃ、単に「新海神社」ともいう）は、長野県佐久市田口に鎮座する神社。
森将軍塚古墳館,,36.5343894,138.1375802,長野県,B,美術館博物館,森将軍塚古墳館（もりしょうぐんづか こふんかん）とは、長野県千曲市にある市立博物館。
深志神社,,36.229752,137.9735436,長野県,C,神社仏閣,深志神社（ふかしじんじゃ）は、長野県松本市深志にある神社である。
神宮寺,,36.360352,138.636247,長野県,D,神社仏閣,
仁科神明宮,,36.4496223,137.8789633,長野県,B,神社仏閣,仁科神明宮（にしなしんめいぐう）は、長野県大町市大字社字宮本にある神社。
陣馬形山,,35.6740908,137.9834247,長野県,C,自然,"陣馬形山（じんばがたやま）は、長野県上伊那郡中川村にある、標高1,445.35メートルの山。"
諏訪湖,,36.0394038,138.0942678,長野県,A,自然,諏訪湖（すわこ）は、長野県岡谷市、諏訪郡下諏訪町、諏訪市にまたがる湖。
諏訪市美術館,,36.0477942,138.1130535,長野県,E,美術館博物館,
諏訪大社,すわたいしゃ,35.9981583,138.1194694,長野県,A,神社仏閣,7年に一度の「御柱祭」で知られる全国諏訪神社の総本社。
水内ダム,,36.5676434,138.0343894,長野県,C,その他,水内ダム（みのちダム）は、長野県長野市、一級河川・信濃川水系犀川に建設されたダム。
正永寺,,35.5175775,137.8312553,長野県,D,神社仏閣,
正受庵,,36.8519149,138.3566363,長野県,E,神社仏閣,
生島足島神社,,36.3604632,138.2180323,長野県,B,神社仏閣,
西岸寺,,35.6589647,137.93484,長野県,D,神社仏閣,
西宮神社,,36.6573294,138.1898783,長野県,C,神社仏閣,
西穂高岳,,36.2790153,137.629053,長野県,B,自然,"西穂高岳（にしほたかだけ）は、長野県松本市と岐阜県高山市にまたがる標高2,909 mの飛騨山脈（北アルプス）南部の山である。"
青木湖,,36.6108701,137.8513528,長野県,B,自然,青木湖（あおきこ）は、長野県大町市北部にある湖である。
仙丈ヶ岳,,35.7200776,138.1836017,長野県,B,自然,"仙丈ヶ岳または仙丈岳（せんじょうがたけ・せんじょうだけ）は、長野県伊那市と山梨県南アルプス市にまたがる南アルプス国立公園内の赤石山脈の北部にある標高3,033 mの山。"
千畳敷カール,,35.7799412,137.8127301,長野県,B,その他,千畳敷カール（せんじょうじきカール）は、長野県駒ヶ根市と宮田村にまたがる中央アルプス（木曽山脈）宝剣岳の直下に広がる氷河地形（圏谷・カール）。
川中島古戦場,,36.5907326,138.1879284,長野県,B,その他,川中島古戦場（かわなかじまこせんじょう）は、長野県長野市小島田町にある、越後：上杉政虎対甲斐：武田晴信軍による川中島の戦い・第四次合戦（八幡原の戦い）に於いて、武田軍が本陣をこの付近に置いたと伝えられる。
浅間温泉,,36.2626128,137.9885874,長野県,B,温泉,浅間温泉（あさまおんせん）は、長野県松本市北東部にある温泉。
善五郎の滝,,36.1183293,137.6179761,長野県,D,自然,善五郎の滝（ぜんごろうのたき）は、長野県松本市安曇鈴蘭にある滝。
善光寺,ぜんこうじ,36.6616,138.1878,長野県,A,神社仏閣,「一生に一度は善光寺参り」と言われる無宗派の寺。
素櫻神社,,36.6803426,138.1619075,長野県,D,神社仏閣,
槍ヶ岳,,36.34198,137.6476291,長野県,B,自然,"槍ヶ岳（やりがたけ）は、飛騨山脈南部にある標高3,180 mの山。"
大王わさび農場,,36.3387292,137.9084346,長野県,B,その他,大王わさび農場（だいおうわさびのうじょう）は、長野県安曇野市にあるわさび農場。
大御食神社,,35.7236906,137.9481321,長野県,C,神社仏閣,
大山田神社,,35.37778,137.7832224,長野県,D,その他,大山田神社（おおやまだじんじゃ）は、長野県下伊那郡下條村に所在する神社で式内社であり、旧社格は郷社である。
大町山岳博物館,,36.5052865,137.8705692,長野県,C,美術館博物館,大町山岳博物館（おおまちさんがくはくぶつかん）は、長野県大町市にある、山岳に関する資料を扱った市立博物館。
大通寺,,35.8487505,137.6975955,長野県,D,神社仏閣,
大和田神社,,36.4299836,137.8352937,長野県,E,神社仏閣,
鷹狩山,,36.5066718,137.8868409,長野県,D,自然,鷹狩山（たかがりやま）は、長野県大町市の山。
滝沢牧場,,35.9649415,138.4672876,長野県,C,その他,滝沢牧場（たきざわぼくじょう）は、長野県南佐久郡南牧村にある牧場。
地獄谷野猿公苑,じごくだにやえんこうえん,36.7328056,138.4626944,長野県,B,自然,温泉に入るニホンザルの姿が世界的に有名な野猿公苑。
池の平ホテル,,36.1102249,138.2403073,長野県,A,その他,池の平ホテル（いけのたいらホテル、1955年7月 - ）または池の平ホテル&リゾーツは、長野県北佐久郡立科町にあるホテル及びその周辺のアミューズメント施設「ファミリーランド」やスキー場「池の平スノーパーク」､「森の3つの美術館」等を運営する企業である。
池波正太郎真田太平記館,,36.4030884,138.2536345,長野県,D,美術館博物館,池波正太郎真田太平記館（いけなみしょうたろうさなだたいへいきかん）とは、長野県上田市にある文学館。
筑摩神社,,36.2262319,137.9825821,長野県,C,神社仏閣,
中綱湖,,36.5977747,137.8417204,長野県,C,自然,中綱湖（なかつなこ）は、長野県大町市北部にある湖。
中禅寺,,36.3361166,138.1855094,長野県,D,神社仏閣,
仲仙寺,,35.8882985,137.9148591,長野県,D,神社仏閣,
昼神温泉,,35.4562619,137.7146019,長野県,B,温泉,昼神温泉（ひるがみおんせん）は、長野県下伊那郡阿智村付近で、国鉄中津川線を建設のためのトンネル工事中に掘り当てた温泉である。
長野オリンピックスタジアム,,36.5799632,138.1659084,長野県,B,その他,長野オリンピックスタジアム（ながのオリンピックスタジアム）は、長野県長野市篠ノ井東福寺の南長野運動公園内にある野球場。
長野運動公園,,36.6593774,138.2316641,長野県,C,その他,長野運動公園（ながのうんどうこうえん）は、長野県長野市吉田五丁目にある都市公園（運動公園）である。
長野市城山動物園,,36.6650666,138.1944702,長野県,C,その他,長野市城山動物園（ながのしじょうやまどうぶつえん）は、長野県長野市上松二丁目にある動物園である。
長野市立博物館,,36.5917288,138.1884136,長野県,D,美術館博物館,長野市立博物館（ながのしりつはくぶつかん）は、長野県長野市小島田町にある長野市立の博物館。
長野縣護國神社,,36.2579846,137.9780837,長野県,C,神社仏閣,
長國寺,,36.5648436,138.2054012,長野県,C,神社仏閣,
鳥居平やまびこ公園,,36.0719553,138.0336584,長野県,D,その他,鳥居平やまびこ公園（とりいだいらやまびここうえん）は、長野県岡谷市にある総合公園（都市公園）。
天竜川,,36.0148748,138.0104399,長野県,A,その他,天竜川（てんりゅうがわ、天龍川）は、長野県から愛知県、静岡県を経て太平洋へ注ぐ天竜川水系の本流で、一級河川のひとつ。
田崎美術館,,36.3584841,138.5835634,長野県,C,美術館博物館,
田代池,,36.2357408,137.6245794,長野県,C,その他,田代池（たしろいけ）は長野県松本市の上高地内にある景勝地。
田淵行男記念館,,36.3257429,137.9047039,長野県,D,美術館博物館,
唐松岳,,36.6872391,137.7546871,長野県,B,自然,"唐松岳（からまつだけ）は、飛騨山脈（北アルプス）の後立山連峰にある長野県北安曇郡白馬村と富山県黒部市にまたがる標高2,695.9 mの山。"
道の駅あおき,,36.3723416,138.1403174,長野県,D,その他,道の駅あおき（みちのえき あおき）は、長野県小県郡青木村にある国道143号の道の駅である。
道の駅オアシスおぶせ,,36.6893533,138.2948024,長野県,C,その他,道の駅オアシスおぶせ（みちのえき オアシスおぶせ）は、長野県上高井郡小布施町にある長野県道343号村山小布施停車場線の道の駅である。
道の駅しなの,,36.8182163,138.1901307,長野県,D,その他,道の駅しなの（みちのえき しなの）は、長野県上水内郡信濃町にある国道18号の道の駅である。
道の駅大桑,,35.6820109,137.6532863,長野県,D,その他,道の駅大桑（みちのえき おおくわ）は、長野県木曽郡大桑村にある国道19号の道の駅である。
道の駅白馬,,36.6535276,137.8468926,長野県,E,その他,道の駅白馬（みちのえき はくば）は、長野県北安曇郡白馬村にある国道148号の道の駅である。
道の駅雷電くるみの里,,36.3556817,138.3746978,長野県,C,その他,道の駅雷電くるみの里（みちのえき らいでんくるみのさと）は、長野県東御市滋野乙にある長野県道79号小諸上田線の道の駅である。
奈良井宿,,35.9681408,137.8142586,長野県,B,その他,奈良井宿（ならいじゅく）は、中山道34番目の宿場（→中山道六十九次）。
南向塚古墳,,36.6406039,138.2124725,長野県,D,その他,
南長野運動公園,,36.5792305,138.1651838,長野県,C,その他,南長野運動公園（みなみながのうんどうこうえん）は長野県長野市にあるスポーツ施設・公園である。
日本浮世絵博物館,,36.2318826,137.9346324,長野県,C,美術館博物館,日本浮世絵博物館（にほんうきよえはくぶつかん）は、長野県松本市島立にある浮世絵の博物館。
入笠山,,35.8963311,138.1716176,長野県,B,自然,"入笠山（にゅうかさやま、にゅうがさやま）は、長野県の中西部にある赤石山脈（南アルプス）北端の標高1,955 mの山。"
白樺湖,,36.1055764,138.2403243,長野県,A,その他,白樺湖（しらかばこ）は、長野県茅野市と北佐久郡立科町の境、八ヶ岳中信高原国定公園に属する蓼科高原池の平にあるため池である。
白馬ジャンプ競技場,,36.6952042,137.8360139,長野県,C,その他,白馬ジャンプ競技場（はくばジャンプきょうぎじょう）は、長野県北安曇郡白馬村にあるスキージャンプ競技場である。
白馬岳,しろうまだけ,36.7584722,137.7585556,長野県,C,自然,大雪渓の登山道で知られる北アルプス北部の名峰、日本百名山。
白馬岩岳スノーフィールド,,36.7286747,137.8400865,長野県,C,自然,白馬岩岳スノーフィールド（はくばいわたけスキーフィールド）は、長野県北安曇郡白馬村の岩蕈山にあるスキー場である。
白馬大池,,36.7848244,137.795934,長野県,C,その他,"白馬大池（はくばおおいけ）は、長野県北安曇郡小谷村の標高2,379mにある池（火山性の淡水湖）。"
八ヶ岳自然文化園,,35.9723159,138.2663017,長野県,D,その他,八ヶ岳自然文化園（やつがたけしぜんぶんかえん）は長野県諏訪郡原村にある公園であり、「八ヶ岳の自然とふれあい」をテーマにしたレジャー施設。
八島ヶ原湿原,,36.1196354,138.1671262,長野県,B,自然,八島ヶ原湿原（やしまがはらしつげん）は、長野県のほぼ中央に位置する八ヶ岳中信高原国定公園中部の霧ヶ峰の北西部に位置する標高約1632mの高層湿原である。
八方池,,36.6942709,137.7844843,長野県,C,その他,八方池（はっぽういけ）とは、長野県北安曇郡白馬村にある池。
飯田市川本喜八郎人形美術館,,35.514955,137.8256539,長野県,C,美術館博物館,飯田市川本喜八郎人形美術館（いいだしかわもときはちろうにんぎょうびじゅつかん）は、長野県飯田市にある川本喜八郎に関する美術館。
飯田市美術博物館,,35.512032,137.8307172,長野県,C,美術館博物館,飯田市美術博物館（いいだしびじゅつはくぶつかん）は、長野県飯田市にある市立の美術館兼博物館。
番所大滝,,36.1280022,137.6577425,長野県,D,その他,
飛驒山脈,,36.3276546,137.8410912,長野県,A,その他,飛驒山脈（ひださんみゃく）は、富山県、新潟県、岐阜県、長野県に跨って連なる山脈。
美ヶ原,,36.2241776,138.1243418,長野県,B,その他,美ヶ原（うつくしがはら）は、八ヶ岳中信高原国定公園北西部にある長野県松本市、上田市、小県郡長和町にまたがる高原。
美ヶ原高原美術館,,36.2297638,138.1399757,長野県,B,美術館博物館,美ヶ原高原美術館（うつくしがはらこうげんびじゅつかん、英語表記The Utsukushi-ga-hara Open-Air Museum）は、長野県上田市武石上本入美ヶ原高原（旧小県郡武石村上本入）にある野外彫刻のある彫刻庭園を中心とした美術館である。
美和ダム,,35.7916874,138.0799571,長野県,C,その他,美和ダム（みわダム）は、長野県伊那市、一級河川・天竜川水系三峰川（みぶがわ）に建設されたダム。
苗場山,,36.8459419,138.690323,長野県,B,自然,"苗場山（なえばさん）は、新潟県南部（南魚沼郡湯沢町、中魚沼郡津南町）と長野県北東部（下水内郡栄村）の県境（信越国境）に位置する標高2,145メートルの火山。"
富士見パノラマリゾート,,35.9106571,138.2071973,長野県,C,その他,富士見パノラマリゾート（ふじみパノラマリゾート）は、長野県諏訪郡富士見町にあるスキー場。
富士見台高原,,35.4820418,137.6291925,長野県,C,その他,富士見台高原（ふじみだいこうげん）は、岐阜県中津川市と長野県下伊那郡阿智村に跨る木曽山脈（中央アルプス）の南端である恵那山系にある高原。
布施温泉,,36.2559472,138.3730509,長野県,D,温泉,布施温泉（ふせおんせん）は、長野県佐久市布施にある温泉。
武井神社,,36.6565136,138.1895432,長野県,C,神社仏閣,
風間神社,,36.6335295,138.2200637,長野県,C,神社仏閣,
分杭峠,,35.7014606,138.0676054,長野県,B,自然,"分杭峠（ぶんぐいとうげ）は、長野県伊那市と下伊那郡大鹿村との境界に位置する標高1,424 mの峠である。"
平出遺跡,,36.1045544,137.9431356,長野県,C,その他,平出遺跡（ひらいでいせき）は、長野県塩尻市宗賀平出にある縄文時代から平安時代にかけての複合遺跡。
米子大瀑布,,36.5725307,138.4067171,長野県,C,自然,米子大瀑布（よなこだいばくふ）は、長野県須坂市米子にある滝。
穂高神社,,36.3386217,137.8843104,長野県,B,神社仏閣,
宝剣岳,,35.781388,137.8091818,長野県,B,その他,"宝剣岳（ほうけんだけ）は、長野県の木曽山脈（中央アルプス）にある標高2,931 mの山。"
北アルプス展望美術館,,36.3857317,137.8959561,長野県,D,美術館博物館,北アルプス展望美術館（きたアルプスてんぼうびじゅつかん、英語: North Alps Viewing Museum of Art）は長野県北安曇郡池田町にある町立美術館。
北向観音,,36.3498913,138.1564174,長野県,B,神社仏閣,
北斎館,,36.6941509,138.3170155,長野県,C,美術館博物館,北斎館（ほくさいかん）は長野県上高井郡小布施町にある美術館。
北沢大石棒,,36.1642361,138.4749171,長野県,C,その他,
北澤美術館,,36.0558677,138.1118008,長野県,B,美術館博物館,
堀辰雄文学記念館,,36.3388215,138.5440251,長野県,D,美術館博物館,堀辰雄文学記念館（ほりたつおぶんがくきねんかん）は、長野県北佐久郡軽井沢町にある文学館。
本願寺長野別院,,36.6538416,138.18642,長野県,D,神社仏閣,
麻績神社,,35.5336447,137.8535061,長野県,D,神社仏閣,麻績神社（おみじんじゃ）は、長野県飯田市座光寺市場2516にある神社。
万治の石仏,,36.0829236,138.0819468,長野県,B,神社仏閣,
箕輪ダム,,35.9283788,138.0308668,長野県,D,その他,箕輪ダム（みのわダム）は、長野県上伊那郡箕輪町、一級河川・天竜川水系沢川に建設されたダム。
無言館,,36.3454792,138.2000805,長野県,B,美術館博物館,無言館（むごんかん）は、長野県上田市古安曽にある美術館。
霧ヶ峰,きりがみね,36.1,138.167,長野県,C,自然,ニッコウキスゲの群生とグライダーで知られる高原。
明行寺,,36.6540481,138.1893755,長野県,E,神社仏閣,
木崎湖,,36.5538737,137.8400789,長野県,B,自然,木崎湖（きざきこ）は、長野県大町市にある湖。
木曽駒ヶ岳,きそこまがたけ,35.7894444,137.8044444,長野県,C,自然,ロープウェイで千畳敷カールへ登れる中央アルプスの主峰。
木曽平沢,,35.978015,137.834085,長野県,C,その他,木曽平沢（きそひらさわ）は、長野県塩尻市南部の山岳地帯にある地区。
木留神社,,36.6337774,138.184011,長野県,D,神社仏閣,
爺ヶ岳,,36.5883152,137.7509271,長野県,B,自然,"爺ヶ岳（じいがたけ）は、富山県中新川郡立山町と長野県大町市にまたがる、飛騨山脈（北アルプス）・後立山連峰南部の標高2,670 mの山。"
野尻湖,,36.8291857,138.2247799,長野県,B,自然,野尻湖（のじりこ）は、長野県上水内郡信濃町にある湖。
野沢温泉,のざわおんせん,36.92225,138.44794,長野県,B,温泉,13の共同浴場「外湯」めぐりが名物のスキーと温泉の里。
雷滝,,36.6602528,138.4513538,長野県,C,自然,雷滝（かみなりだき）は、長野県上高井郡高山村にある滝。
龍岡城,,36.1971231,138.5015843,長野県,B,城,龍岡城（たつおかじょう）は、長野県佐久市田口にあった日本の城。
臨川寺,,35.7725742,137.7014177,長野県,D,神社仏閣,
霊仙寺湖,,36.7444823,138.1850053,長野県,C,自然,霊仙寺湖（れいせんじこ）は、長野県上水内郡飯綱町にある湖。
碌山美術館,,36.3437459,137.8814651,長野県,C,美術館博物館,碌山美術館（ろくざんびじゅつかん）は長野県安曇野市穂高にある美術館。
蓼科アミューズメント水族館,,36.0662424,138.3028637,長野県,C,美術館博物館,蓼科アミューズメント水族館（たてしなアミューズメントすいぞくかん）は、長野県茅野市にある日本一標高の高い水族館。
蓼科テディベア美術館,,36.1087667,138.2346464,長野県,D,美術館博物館,
蓼科湖,,36.0503248,138.2579624,長野県,B,自然,蓼科湖（たてしなこ）は、長野県茅野市北山にある湖で、灌漑用のため池。
贄川宿,,36.0133604,137.8602145,長野県,B,その他,贄川宿（にえかわじゅく）は、中山道33番目の宿場（→中山道六十九次）で、現在は長野県塩尻市。
エコミュージアム関ケ原,,35.368834,136.436846,岐阜県,E,その他,エコミュージアム関ケ原（エコミュージアムせきがはら）は、岐阜県不破郡関ケ原町にある施設。
お茶屋屋敷,,35.3887798,136.579761,岐阜県,C,その他,お茶屋屋敷（おちゃややしき）は、江戸時代、慶長10年（1605年）ころ、徳川家康が上洛の往還に際して休泊のために岐阜県大垣市に設けた施設である。
ぎふ清流里山公園,,35.4761719,137.0338934,岐阜県,B,その他,ぎふ清流里山公園（ぎふせいりゅうさとやまこうえん）は、岐阜県美濃加茂市山之上町にある都市公園（岐阜県営都市公園）である。
こども陶器博物館,,35.3610116,137.1113565,岐阜県,D,美術館博物館,
ひるがの高原,,36.0059823,136.913683,岐阜県,B,その他,ひるがの高原（ひるがのこうげん）は岐阜県郡上市高鷲町（旧：郡上郡高鷲村）にある高原。
フェザーミュージアム,,35.48348,136.9151206,岐阜県,D,美術館博物館,
ミュージアム中仙道,,35.366609,137.234267,岐阜県,E,美術館博物館,
安八百梅園,,35.3221497,136.6490833,岐阜県,D,その他,安八百梅園（あんぱちひゃくばいえん）は、岐阜県安八郡安八町にある公園。
伊自良湖,,35.5639719,136.7033379,岐阜県,C,自然,伊自良湖（いじらこ）は、岐阜県山県市長滝にある人造湖である。
伊吹山,,35.4177714,136.4062612,岐阜県,A,自然,"伊吹山（いぶきやま、いぶきさん）は、滋賀県と岐阜県の県境を南北に走る伊吹山地の主峰（最高峰）である、標高1,377 mの山。"
伊奈波神社,,35.4273515,136.7704412,岐阜県,B,神社仏閣,伊奈波神社（いなばじんじゃ）は、岐阜県岐阜市伊奈波通りにある神社。
羽根谷だんだん公園,,35.2150635,136.5937381,岐阜県,D,その他,羽根谷だんだん公園（はねだにだんだんこうえん）は、岐阜県海津市（旧海津郡南濃町）にある公園。
羽島市歴史民俗資料館・羽島市映画資料館,,35.324206,136.702144,岐阜県,D,美術館博物館,
荏名神社,,36.1351091,137.2709983,岐阜県,D,神社仏閣,
永昌寺,,35.5261998,136.8543996,岐阜県,D,神社仏閣,
永保寺,,35.3464247,137.1301778,岐阜県,B,神社仏閣,
円鏡寺,,35.436146,136.6871792,岐阜県,C,神社仏閣,円鏡寺（えんきょうじ、旧字体：圓鏡寺）は、岐阜県本巣郡北方町にある高野山真言宗別格本山の寺院である。
円光寺,,36.2359002,137.1863343,岐阜県,D,神社仏閣,
奥飛騨温泉郷,おくひだおんせんきょう,36.248818,137.513898,岐阜県,B,温泉,5つの温泉地からなる山あいの秘湯群、大露天風呂で知られる。
下呂温泉,げろおんせん,35.926317,137.308121,岐阜県,A,温泉,日本三名泉の一つ。
下呂温泉合掌村,,35.8084673,137.2499485,岐阜県,C,美術館博物館,
加納城,,35.3995936,136.7603283,岐阜県,B,その他,
加毛神社,,35.2737274,136.6501972,岐阜県,D,神社仏閣,
可児郷土歴史館,,35.403625,137.111212,岐阜県,D,美術館博物館,
河川環境楽園,,35.3723605,136.810434,岐阜県,C,その他,河川環境楽園（かせんかんきょうらくえん、Water Eco Park）は、岐阜県各務原市川島笠田町1564-1にある公園である。
臥龍桜,,36.0891035,137.2479702,岐阜県,D,その他,臥龍桜（がりゅうざくら）は、岐阜県高山市一之宮町にある一本桜。
各務原公園,,35.4249863,136.9339904,岐阜県,E,その他,各務原公園（かかみがはらこうえん）とは、岐阜県各務原市鵜沼大安寺町1丁目84番地にある岐阜県営の都市公園（岐阜県営都市公園）。
各務原市民プール,,35.3877705,136.9290318,岐阜県,D,その他,各務原市民プール（かかみがはらしみんプール）は、岐阜県各務原市が管理・運営するレクレーション施設。
各務原市木曽川文化史料館,,35.3679804,136.8254221,岐阜県,E,美術館博物館,
笠松競馬場,,35.3722603,136.7682775,岐阜県,A,その他,笠松競馬場（かさまつけいばじょう、Kasamatsu Racecourse）は、岐阜県羽島郡笠松町（一部施設は同郡岐南町にまたがる）にある地方競馬の競馬場である。
橿森神社,,35.419304,136.7641851,岐阜県,E,神社仏閣,
関市円空館,,35.5057367,136.8903168,岐阜県,D,美術館博物館,
関市洞戸円空記念館,,35.6501,136.853948,岐阜県,D,美術館博物館,
関市立篠田桃紅美術空間,,35.49579,136.917924,岐阜県,D,美術館博物館,
関善光寺,,35.4893252,136.9152489,岐阜県,E,神社仏閣,
関鍛冶伝承館,,35.481794,136.916419,岐阜県,C,美術館博物館,
岩屋岩蔭遺跡,,35.7555916,137.1609113,岐阜県,C,その他,岩屋岩蔭遺跡（いわやいわかげいせき）は、岐阜県下呂市金山町岩瀬にある巨石で構成される遺跡。
岩村城 (Iwamura-jō),,35.359713,137.4512955,岐阜県,B,城,
岩村歴史資料館,,35.3638046,137.4465112,岐阜県,E,美術館博物館,
願興寺,,35.4303943,137.1289936,岐阜県,C,神社仏閣,
願蓮寺,,35.7479012,136.9583463,岐阜県,E,神社仏閣,
岐南町歴史民俗資料館,,35.382245,136.780931,岐阜県,E,美術館博物館,
岐阜ファミリーパーク,,35.5155949,136.8325591,岐阜県,C,その他,岐阜ファミリーパーク（ぎふファミリーパーク）は、岐阜県岐阜市山県北野にある、ファミリー向け遊園地「こどもゾーン」と、スポーツ施設「スポレクゾーン」のある公園である。
岐阜メモリアルセンター,,35.4412051,136.7643889,岐阜県,B,その他,岐阜メモリアルセンター（ぎふメモリアルセンター、Gifu Memorial Center）は、岐阜県岐阜市にあるスポーツ施設等を有する公園。
岐阜県現代陶芸美術館,,35.331061,137.154792,岐阜県,D,美術館博物館,
岐阜県陶磁資料館,,35.340984,137.14893,岐阜県,D,美術館博物館,
岐阜県博物館,,35.4781674,136.8687161,岐阜県,C,美術館博物館,
岐阜県美術館,,35.4012709,136.7303291,岐阜県,C,美術館博物館,
岐阜県百年公園,,35.4745774,136.8727138,岐阜県,C,その他,岐阜県百年公園（ぎふけんひゃくねんこうえん）は、岐阜県関市にある公園（岐阜県営都市公園）である。
岐阜護國神社,,35.437002,136.7763516,岐阜県,C,その他,岐阜護國神社（ぎふごこくじんじゃ）は、岐阜県岐阜市にある神社（護國神社）である。
岐阜女子大学デジタルミュージアム,,35.4223725,136.7581936,岐阜県,E,美術館博物館,
岐阜城,,35.4339334,136.7820395,岐阜県,A,その他,岐阜城（ぎふじょう）は、美濃国井之口の稲葉山（岐阜県岐阜市の金華山）にあった日本の城（山城）。
気多若宮神社,,36.2392502,137.1976293,岐阜県,C,神社仏閣,
鬼岩公園,,35.4091798,137.1968761,岐阜県,B,その他,鬼岩公園（おにいわ こうえん）とは、岐阜県可児郡御嵩町から瑞浪市に渡る公園である。
吉島家住宅,,36.1466403,137.2584333,岐阜県,D,その他,
宮川朝市,,36.1446938,137.2578518,岐阜県,C,その他,
旧今井家住宅・美濃史料館,,35.5468524,136.9132382,岐阜県,D,美術館博物館,
金華山ロープウェー,,35.4345254,136.7748599,岐阜県,C,その他,金華山ロープウェー（きんかざんロープウェー）は、岐阜県岐阜市の金華山麓駅から同市の金華山頂駅までを結ぶ岐阜観光索道の索道（ロープウェイ）である。
串原郷土館,,35.236987,137.44852,岐阜県,E,美術館博物館,
熊谷守一記念館,,35.660815,137.428563,岐阜県,D,美術館博物館,
郡上八幡城,,35.7530506,136.9614707,岐阜県,B,城,郡上八幡城（ぐじょうはちまんじょう）は、岐阜県郡上市八幡町柳町にある日本の城。
郡上八幡博覧館,,35.7534067,136.9571162,岐阜県,D,美術館博物館,
恵那峡,,35.4793295,137.406667,岐阜県,B,自然,恵那峡（えなきょう）は、岐阜県恵那市・中津川市を流れる木曽川中流の渓谷。
恵那峡ワンダーランド,,35.4885411,137.407988,岐阜県,B,その他,恵那峡ワンダーランド（えなきょうワンダーランド）は、岐阜県中津川市にある遊園地である。
恵那山,,35.4431409,137.5978344,岐阜県,B,自然,"恵那山（えなさん）(胞衣山・胞山）は長野県阿智村と岐阜県中津川市にまたがる、木曽山脈（中央アルプス）の最南端に位置する標高2,191 mの山。"
恵利寺,,35.5217014,136.8454223,岐阜県,E,神社仏閣,
古今伝授の里フィールドミュージアム,,35.812132,136.925579,岐阜県,D,美術館博物館,
虎渓公園,,35.3438063,137.1291726,岐阜県,D,その他,虎渓公園（こけいこうえん）は、岐阜県多治見市にある都市公園。
御母衣ダム,,36.1377616,136.9080145,岐阜県,B,その他,御母衣ダム（みぼろダム）は、岐阜県大野郡白川村、一級河川・庄川本流最上流部に建設されたダムである。
御嶽山,おんたけさん,35.8927778,137.4802778,岐阜県,A,自然,独立峰としては富士山に次ぐ標高を誇る信仰の山、日本百名山。
高山の古い町並み,たかやまのふるいまちなみ,36.1408,137.253,岐阜県,A,街並み,「飛騨の小京都」と呼ばれる城下町。
高山陣屋,たかやまじんや,36.1396918,137.2576178,岐阜県,B,その他,江戸時代の代官所建物が現存する史跡。
黒野城跡公園,,35.4602023,136.7242117,岐阜県,E,城,
根道神社,,35.6518168,136.8217649,岐阜県,C,神社仏閣,
根尾谷断層,,35.6169375,136.6199223,岐阜県,B,その他,根尾谷断層（ねおだにだんそう）は、岐阜県本巣市根尾地域を中心とする活断層である。
笹尾山,,35.371807,136.458666,岐阜県,D,自然,笹尾山（ささおやま）は、岐阜県不破郡関ケ原町にある標高200mの低山。
山桜神社,,36.1421349,137.2577871,岐阜県,D,神社仏閣,
市之倉さかづき美術館,,35.300044,137.127135,岐阜県,D,美術館博物館,
治水神社,,35.1443926,136.6679943,岐阜県,C,神社仏閣,
小倉公園,,35.5499465,136.9115169,岐阜県,D,その他,小倉公園（おぐらこうえん）は岐阜県美濃市にある公園。
小里川ダム,,35.3282799,137.305398,岐阜県,C,その他,小里川ダム（おりがわダム）は、岐阜県瑞浪市と岐阜県恵那市にまたがる、一級河川・庄内川（土岐川）支流の小里川に建設されたダムである。
小簾紅園,,35.3900542,136.6385193,岐阜県,D,その他,小簾紅園（おずこうえん）は、岐阜県瑞穂市にある公園、史跡である。
焼岳,,36.22889,137.5882358,岐阜県,B,自然,"焼岳（やけだけ）は、飛騨山脈の長野県と岐阜県にまたがる標高2,455 mの活火山。"
乗鞍岳,,36.1067649,137.5496858,岐阜県,B,その他,"乗鞍岳（のりくらだけ）は、飛騨山脈南部の長野県松本市と岐阜県高山市にまたがる剣ヶ峰（標高3,026 m）を主峰とする山々の総称。"
浄土寺,,35.482414,136.8251008,岐阜県,E,神社仏閣,
心の森ミュージアム遊童館,,35.7484467,136.957217,岐阜県,E,美術館博物館,
新長谷寺,,35.4841138,136.9231774,岐阜県,C,神社仏閣,
人道の丘公園,,35.4749256,137.1683511,岐阜県,C,その他,人道の丘公園（じんどうのおかこうえん）は、岐阜県加茂郡八百津町にある公園。
清閑寺,,35.4863205,136.839127,岐阜県,E,神社仏閣,
清泰寺,,35.5481005,136.9083177,岐阜県,D,神社仏閣,
千代保稲荷神社,,35.1574615,136.9684519,岐阜県,B,神社仏閣,千代保稲荷神社（ちよほいなりじんじゃ）は、岐阜県海津市平田町三郷1980にある稲荷神社である。
川合考古資料館,,35.441599,137.053698,岐阜県,E,美術館博物館,
双六岳,,36.3718827,137.5871215,岐阜県,B,その他,
槍ヶ岳,やりがたけ,36.3419444,137.6475,岐阜県,B,自然,天を突く尖峰が特徴の北アルプスの象徴、日本百名山。
村國真墨田神社,,35.398814,136.9417784,岐阜県,C,神社仏閣,
大安寺,,35.4139673,136.9349887,岐阜県,D,神社仏閣,
大垣市守屋多々志美術館,,35.360286,136.617406,岐阜県,D,美術館博物館,
大垣市上石津郷土資料館,,35.2869513,136.4663522,岐阜県,E,美術館博物館,
大垣市歴史民俗資料館,,35.385953,136.552022,岐阜県,D,美術館博物館,
大橋コレクション館,,36.184113,137.424344,岐阜県,C,美術館博物館,
大山白山神社,,35.6194956,137.2278939,岐阜県,D,神社仏閣,
大松美術館,,35.391139,136.772963,岐阜県,C,美術館博物館,
大日ヶ岳,,36.0013909,136.8378186,岐阜県,B,自然,"大日ヶ岳（だいにちがたけ）は、白山国立公園内の両白山地南部に位置し、岐阜県高山市と郡上市にまたがる標高1,709 mの山である。"
大野町バラ公園,,35.4422745,136.6203307,岐阜県,E,その他,大野町バラ公園（おおのちょうばらこうえん）は、岐阜県揖斐郡大野町にある公園。
大矢田神社,,35.5554351,136.8683457,岐阜県,C,神社仏閣,大矢田神社（おやだじんじゃ）は、岐阜県美濃市にある神社である。
淡墨桜,,35.6321467,136.6088994,岐阜県,B,その他,淡墨桜（うすずみざくら）は、岐阜県本巣市の根尾谷・淡墨公園にある一本桜。
竹鼻別院,,35.3241698,136.7006254,岐阜県,D,神社仏閣,
中山道,,35.8477526,137.6951613,岐阜県,A,その他,中山道（なかせんどう）は、江戸時代に整備された五街道の1つで、江戸の日本橋と京都の三条大橋を内陸経由で結ぶ街道である。
中山道広重美術館,,35.452938,137.409982,岐阜県,E,美術館博物館,
中津川市ふれあい牧場,,35.4964644,137.5616663,岐阜県,E,その他,中津川市ふれあい牧場（なかつがわしふれあいぼくじょう）は、岐阜県中津川市にある観光牧場。
中津川市東山魁夷心の旅路館,,35.5860224,137.5514331,岐阜県,D,美術館博物館,
中津川市苗木遠山史料館,,35.5147784,137.4816281,岐阜県,D,美術館博物館,
宙舟の湯,,35.1768557,136.6596431,岐阜県,C,温泉,宙舟の湯（かいづおんせん そらふねのゆ）は、岐阜県海津市海津町福江569-2にある温泉。
長良川,,35.4413189,136.7979293,岐阜県,A,その他,長良川（ながらがわ）は、岐阜県郡上市の大日ヶ岳に源を発し、三重県を経て揖斐川と合流し、伊勢湾に注ぐ木曽川水系の一級河川である。
長良川鵜飼,ながらがわうかい,35.4411779,136.778988,岐阜県,B,その他,1300年以上続く伝統漁法、篝火を焚いて鵜で鮎を獲る夏の風物詩。
土岐市美濃陶磁歴史館,,35.364997,137.179143,岐阜県,D,美術館博物館,
藤井美術民芸館,,36.142812,137.259202,岐阜県,E,美術館博物館,
藤橋歴史民俗資料館,,35.63886,136.486282,岐阜県,E,美術館博物館,
藤村記念館,,35.526736,137.567364,岐阜県,C,美術館博物館,
道の駅 池田温泉,,35.4196666,136.5585294,岐阜県,D,自然,
道の駅ななもり清見,,36.1338865,137.1670106,岐阜県,C,その他,道の駅ななもり清見（みちのえき ななもりきよみ）は、岐阜県高山市清見町牧ケ洞にある国道158号の道の駅である。
道の駅古今伝授の里やまと,,35.8158019,136.9022317,岐阜県,D,その他,道の駅古今伝授の里やまと（みちのえき こきんでんじゅのさとやまと）は、岐阜県郡上市大和町剣にある岐阜県道317号剣大間見白鳥線の道の駅である。
道の駅飛騨街道なぎさ,,36.0067234,137.2916949,岐阜県,D,その他,道の駅飛騨街道なぎさ（みちのえき ひだかいどうなぎさ）は、岐阜県高山市久々野町渚にある国道41号の道の駅である。
道の駅美濃白川,,35.6038259,137.1737355,岐阜県,D,その他,道の駅美濃白川（みちのえき みのしらかわ）は、岐阜県加茂郡白川町にある国道41号の道の駅である。
道の駅美並,,35.6090889,136.9431454,岐阜県,D,その他,道の駅美並（みちのえき みなみ）は、岐阜県郡上市美並町上田にある国道156号の道の駅である。
内藤記念くすり博物館,,35.36449,136.844501,岐阜県,C,美術館博物館,
南宮大社,,35.3606897,136.5253565,岐阜県,B,神社仏閣,南宮大社（なんぐうたいしゃ）は、岐阜県不破郡垂井町にある神社。古くから「なんぐうさん」と呼ばれる。
日下部民藝館,,36.146435,137.258459,岐阜県,D,美術館博物館,
日本土鈴館,,35.861098,136.864458,岐阜県,D,美術館博物館,
馬籠脇本陣史料館,,35.527131,137.567646,岐阜県,D,美術館博物館,
梅龍寺,,35.4796811,136.9199517,岐阜県,D,神社仏閣,
博石館,,35.4967401,137.3993313,岐阜県,C,美術館博物館,
白山,はくさん,36.155,136.7713889,岐阜県,A,自然,富士山・立山と並ぶ日本三霊山の一つ、日本百名山。
白山文化博物館,,35.9241539,136.8316189,岐阜県,D,美術館博物館,
白水滝,,36.1435396,136.8255429,岐阜県,C,その他,
白川郷,しらかわごう,36.2578,136.9061,岐阜県,A,街並み,合掌造り集落が残る世界遺産の山里。
白谷観音,,35.6544142,136.8227079,岐阜県,E,神社仏閣,
迫間不動,,35.4312353,136.9422761,岐阜県,C,神社仏閣,
飛騨の匠文化館,,36.236006,137.185643,岐阜県,E,美術館博物館,
飛騨みやがわ考古民俗館,,36.391088,137.184303,岐阜県,D,美術館博物館,
飛騨位山文化交流館,,36.083252,137.238626,岐阜県,E,美術館博物館,
飛騨一宮水無神社,,36.0853732,137.2518072,岐阜県,B,神社仏閣,
飛騨高山茶の湯の森,,36.121159,137.249467,岐阜県,E,美術館博物館,
飛騨高山美術館,,36.1369364,137.2409367,岐阜県,C,美術館博物館,
飛騨国分寺,,36.1435011,137.2538422,岐阜県,C,神社仏閣,
美江寺,,35.4261454,136.7581651,岐阜県,C,神社仏閣,
美濃和紙あかりアート館,,35.5472032,136.9124572,岐阜県,D,美術館博物館,
美濃和紙の里会館,,35.5834403,136.8763714,岐阜県,D,美術館博物館,美濃和紙の里会館（みのわしのさとかいかん）は、岐阜県美濃市にある「美濃和紙」をテーマにした博物館である。
苗木城,,35.5131554,137.4852643,岐阜県,B,城,
不二羽島文化センター,,35.328713,136.6973084,岐阜県,D,その他,不二羽島文化センター（ふじはしまぶんかせんたー）は、岐阜県羽島市竹鼻町丸の内6丁目7番地にある羽島市の文化施設である。
不破関資料館,,35.359535,136.458059,岐阜県,D,美術館博物館,不破関資料館（ふわのせきしりょうかん）は、岐阜県不破郡関ケ原町にある博物館である。
富士見台高原,,35.4820418,137.6291925,岐阜県,C,その他,富士見台高原（ふじみだいこうげん）は、岐阜県中津川市と長野県下伊那郡阿智村に跨る木曽山脈（中央アルプス）の南端である恵那山系にある高原。
平湯大滝,,36.1770547,137.5596133,岐阜県,C,その他,
平湯民俗館,,36.1917452,137.5546707,岐阜県,D,美術館博物館,平湯民俗館（ひらゆみんぞくかん）は岐阜県高山市の平湯温泉郷にある博物館。
穂高岳,ほたかだけ,36.2891667,137.6480556,岐阜県,B,自然,北アルプスを代表する岩峰群、日本百名山。
宝勝院,,35.5473917,136.9137846,岐阜県,E,神社仏閣,
豊蔵資料館,,35.399793,137.136877,岐阜県,D,美術館博物館,
墨俣一夜城(大垣市墨俣歴史資料館),,35.3671609,136.6876864,岐阜県,D,美術館博物館,
名鉄資料館,,35.442128,137.050839,岐阜県,C,美術館博物館,
名和昆虫博物館,,35.4331792,136.7731422,岐阜県,C,その他,名和昆虫博物館（なわこんちゅうはくぶつかん、Nawa Insect Museum）は、岐阜県岐阜市の岐阜公園内にある、一般財団法人名和昆虫研究所が運営する日本最古の昆虫専門の博物館（昆虫館）である。
明宝歴史民俗資料館,,35.857079,137.02995,岐阜県,E,美術館博物館,
木曽三川輪中ミュージアム,,35.216369,136.640637,岐阜県,E,美術館博物館,
木曽川,,35.4724495,137.1585577,岐阜県,A,その他,木曽川（きそがわ）は、長野県から岐阜県・愛知県・三重県を経て伊勢湾に注ぐ木曽川水系の本流で一級河川、いわゆる木曽三川の一つ。
野麦峠,,36.0522448,137.6048896,岐阜県,B,自然,野麦峠（のむぎとうげ）は、飛騨山脈（北アルプス）南部の岐阜県高山市と長野県松本市の県境に位置し、飛騨国と信濃国を結ぶ鎌倉街道・江戸街道と呼ばれる街道の峠。
薬師寺,,35.4893316,136.8386148,岐阜県,E,神社仏閣,
揖斐川,,35.2700634,136.6138601,岐阜県,B,その他,揖斐川（いびがわ）は、岐阜県から三重県へと流れる木曽川水系の一級河川である。
養老の滝,,35.2803762,136.5342134,岐阜県,B,自然,養老の滝（ようろうのたき）は、岐阜県養老郡養老町にある木曽川水系に属する落差32m、幅4mの滝である。
養老ランド,,35.2848117,136.5490132,岐阜県,C,その他,養老ランド（ようろうランド）は、岐阜県養老郡養老町にある遊園地である。
養老公園,,35.2801417,136.5355344,岐阜県,C,その他,養老公園（ようろうこうえん）は、岐阜県養老郡養老町にある公園（岐阜県営都市公園）。
養老天命反転地,,35.2828119,136.5504553,岐阜県,B,その他,養老天命反転地（ようろうてんめいはんてんち）は、岐阜県養老郡養老町にある養老公園内の有料施設である。
来昌寺,,35.547768,136.9159441,岐阜県,E,神社仏閣,
龍福寺,,35.5306425,136.8365533,岐阜県,E,神社仏閣,
汾陽寺,,35.5625107,136.8234597,岐阜県,D,神社仏閣,
MOA美術館,,35.1092616,139.0753345,静岡県,A,美術館博物館,
アタミロープウェイ,,35.0886877,139.077722,静岡県,B,その他,アタミロープウェイは、静岡県熱海市にある索道。
あわしまマリンパーク,,35.0335761,138.8900153,静岡県,B,美術館博物館,あわしまマリンパークは、静岡県沼津市にある水族館。
ぐりんぱ,,35.2925973,138.7834846,静岡県,B,その他,ぐりんぱ（Grinpa）は、静岡県裾野市にある富士急行系列の遊園地である。
クレマチスの丘,,35.1711164,138.8757249,静岡県,B,その他,クレマチスの丘（クレマチスのおか）は、静岡県駿東郡長泉町の愛鷹山中腹にある文化複合施設。
ねこの博物館,,34.8975922,139.1071989,静岡県,B,美術館博物館,ねこの博物館（ねこのはくぶつかん）は、日本の博物館。
ヒリゾ浜,,34.6072583,138.8257723,静岡県,C,その他,ヒリゾ浜（ヒリゾはま、座標、英: Hirizo Beach もしくは Hirizohama Beach）は、静岡県の伊豆半島最南部にある海岸。
フォーレなかかわね茶茗舘,,35.0704476,138.1078135,静岡県,D,美術館博物館,
まかいの牧場,,35.3371385,138.584592,静岡県,B,その他,まかいの牧場（まかいのぼくじょう）は、静岡県富士宮市に所在するレジャー施設。
愛鷹運動公園,,35.156599,138.8518527,静岡県,D,その他,愛鷹運動公園（あしたかうんどうこうえん）は、静岡県沼津市にある運動公園。
愛鷹山,,35.1984863,138.807719,静岡県,B,自然,愛鷹山（あしたかやま）は静岡県の東部にある山。
鮎壺の滝,,35.1302362,138.892431,静岡県,C,自然,鮎壺の滝（あゆつぼのたき、あいつぼのたき）は、静岡県沼津市と駿東郡長泉町の境界を成す黄瀬川の滝。
伊河麻神社,,34.9665944,138.3898779,静岡県,C,神社仏閣,
伊古奈比咩命神社,,34.6935676,138.9729376,静岡県,B,神社仏閣,伊古奈比咩命神社（いこなひめのみことじんじゃ）は、静岡県下田市白浜にある神社。
伊豆・三津シーパラダイス,,35.0196583,138.8961819,静岡県,B,その他,
伊豆アニマルキングダム,,34.797145,139.039499,静岡県,C,その他,伊豆アニマルキングダム（いずアニマルキングダム）は、静岡県賀茂郡東伊豆町稲取にある動物園（動植物自然公園）。
伊豆オルゴール館,,34.877087,139.103661,静岡県,D,美術館博物館,
伊豆ぐらんぱる公園,,34.9062751,139.1212198,静岡県,C,その他,伊豆ぐらんぱる公園（いずぐらんぱるこうえん、英: Izu Granpal Amusement Park）は、静岡県伊東市富戸にある伊豆シャボテン動物公園グループの遊園地。
伊豆シャボテン動物公園,,34.907539,139.099517,静岡県,B,その他,伊豆シャボテン動物公園（いずシャボテンどうぶつこうえん、英: Izu Shaboten Zoo）は、静岡県伊東市富戸の大室山の北東脇（岩室山）にある、サボテンと動物を中心とした動植物公園である。
伊豆の長八美術館,,34.7487903,138.7765757,静岡県,C,美術館博物館,伊豆の長八美術館（いずのちょうはちびじゅつかん）は、静岡県賀茂郡松崎町にある、こてと漆喰の名人・入江長八の業績や、伝統の左官技術のすばらしさを伝えることを目的とした美術館である。
伊豆パノラマパーク,,35.0264105,138.9284876,静岡県,C,その他,伊豆パノラマパーク（いずパノラマパーク）は、静岡県伊豆の国市にある標高452mの葛城山の山頂と北麓を利用した観光リゾート施設である。
伊豆山神社,,35.1155083,139.0824723,静岡県,B,神社仏閣,伊豆山神社（いずさんじんじゃ又はいずやまじんじゃ）は、静岡県熱海市伊豆山にある神社。
井伊谷城,,34.8369517,137.6704555,静岡県,B,城,井伊谷城（いいのやじょう）は、遠江国の井伊谷（静岡県浜松市浜名区引佐町）にあった日本の城。
一碧湖,,34.9282859,139.1081681,静岡県,B,その他,一碧湖（いっぺきこ）は、伊豆半島東岸、静岡県伊東市にある湖で、火山の火口に水が溜まったもの。
稲取細野高原,,34.7957002,139.0118787,静岡県,D,その他,稲取細野高原（いなとりほそのこうげん）は、静岡県賀茂郡東伊豆町稲取地区の山間部に広がる高原である。
引手力命神社,,35.0281677,138.7864418,静岡県,C,神社仏閣,引手力命神社（ひきてちからのみことじんじゃ、ひきたぢからのみことじんじゃ）は、静岡県沼津市西浦江梨の大瀬崎（おせざき）にある神社。
雲見浅間神社,,34.7254803,138.7401683,静岡県,C,神社仏閣,雲見浅間神社（くもみせんげんじんじゃ）は、伊豆半島の南西部、静岡県賀茂郡松崎町雲見にある、標高162mの烏帽子山（えぼしやま）に鎮座する神社。
遠州灘海浜公園,,34.6653292,137.7423757,静岡県,D,その他,遠州灘海浜公園（えんしゅうなだ かいひん こうえん）は、静岡県浜松市中央区にある静岡県営の都市公園。
奥野ダム,,34.9364298,139.0700847,静岡県,C,その他,奥野ダム（おくのダム）は、静岡県伊東市鎌田、二級河川・伊東大川本川の河口から約6.0km上流に建設されたダムである。
応声教院,,34.7374174,138.0705807,静岡県,C,神社仏閣,応声教院（おうしょうきょういん）は、静岡県菊川市にある浄土宗の寺院。
黄金崎,,34.843802,138.761015,静岡県,D,自然,黄金崎（こがねざき）は、静岡県賀茂郡西伊豆町にある岬である。
音止めの滝,,35.3123823,138.5892235,静岡県,D,その他,
下田海中水族館,,34.6661667,138.9460634,静岡県,B,その他,
可睡斎,,34.7747985,137.9198959,静岡県,B,神社仏閣,
河津バガテル公園,,34.752885,138.9822498,静岡県,C,その他,河津バガテル公園（かわづバガテルこうえん）は、静岡県賀茂郡河津町に所在する公園。
河津八幡神社,,34.7442038,138.9941854,静岡県,E,神社仏閣,
花沢,,34.913251,138.329822,静岡県,D,その他,花沢（はなざわ）は静岡県焼津市北部にある地区。
怪しい少年少女博物館,,34.8915979,139.1168354,静岡県,B,その他,怪しい少年少女博物館（あやしいしょうねんしょうじょはくぶつかん）は、静岡県伊東市にある、レトロテーマパークの一つである。
海鮮なぶら市場,,34.6054192,138.2234262,静岡県,D,その他,海鮮なぶら市場（かいせんなぶらいちば）は、静岡県御前崎市の観光施設。
外浦海水浴場,,34.6752332,138.9728072,静岡県,D,自然,外浦海水浴場（そとうらかいすいよくじょう）は、静岡県下田市にある10か所（2023年時点）の海水浴場の一つ。
楽寿園,,35.125326,138.9110836,静岡県,B,その他,楽寿園（らくじゅえん）は、静岡県三島市にある市営の有料施設で、公園と動物園で構成される。
掛川花鳥園,,34.760564,138.0148317,静岡県,B,その他,掛川花鳥園（かけがわかちょうえん）は、静岡県掛川市南西郷にあるテーマパークの一つ。
掛川市二の丸美術館,,34.7757329,138.014462,静岡県,E,美術館博物館,
鴨江寺,,34.7052633,137.7199752,静岡県,C,神社仏閣,
舘山寺,,34.7682227,137.6130918,静岡県,C,その他,舘山寺（かんざんじ）は静岡県浜松市中央区にある曹洞宗の寺院及びその周辺の地名。
舘山寺温泉,,34.7656508,137.6145101,静岡県,B,その他,舘山寺温泉（かんざんじおんせん）は、静岡県浜松市中央区舘山寺町（旧国遠江国）にある温泉ならびに温泉街。
岩科学校,,34.7365087,138.7861388,静岡県,C,その他,岩科学校（いわしながっこう）とは、静岡県賀茂郡松崎町岩科に残る伊豆地域最古の小学校校舎である。
岩水寺,,34.8454006,137.7934272,静岡県,C,神社仏閣,岩水寺（がんすいじ）は、静岡県浜松市浜名区にある高野山真言宗別格本山の寺院。
願成就院,,35.045674,138.939896,静岡県,B,神社仏閣,
奇石博物館,,35.281846,138.639743,静岡県,C,美術館博物館,
起雲閣,,35.0927353,139.0714359,静岡県,B,美術館博物館,
久能山東照宮,,34.9647856,138.4675976,静岡県,E,神社仏閣,
駒門風穴,,35.2507713,138.9137218,静岡県,C,自然,駒門風穴（こまかどかざあな）は、静岡県御殿場市にある、富士山の火山活動で形成された風穴。
熊野の長フジ,,34.7378029,137.81498,静岡県,C,その他,熊野の長フジ（ゆやのながフジ）は、静岡県磐田市池田の行興寺（ぎょうこうじ）の境内に生育する、国の天然記念物に指定されたフジ（藤）の巨大な老樹である。
見付天神　矢奈比賣神社,,34.7298695,137.8640487,静岡県,E,神社仏閣,
顕光院,,34.9760978,138.3751242,静岡県,D,神社仏閣,
御前崎,,34.6004916,138.2205399,静岡県,B,自然,御前崎（おまえざき）は、静岡県御前崎市御前崎に属し、東に駿河湾を、南に遠州灘を望む岬。
御浜岬,,34.9775722,138.7673831,静岡県,E,その他,
御穂神社,,35.0000859,138.5208476,静岡県,B,神社仏閣,
庚申寺,,34.828508,137.770989,静岡県,D,神社仏閣,
高根城,,35.1499014,137.8673494,静岡県,C,城,
高草山,,34.905469,138.316953,静岡県,C,自然,高草山（たかくさやま）は、静岡県焼津市と藤枝市との境界にある標高501mの山である。
佐鳴湖,,34.7133575,137.6883892,静岡県,B,自然,佐鳴湖（さなるこ）は、静岡県浜松市中央区に所在する湖。
佐野美術館,,35.1149319,138.9159324,静岡県,B,美術館博物館,
薩埵峠,,35.0659221,138.5393089,静岡県,B,その他,薩埵峠（さったとうげ）は、静岡県静岡市清水区にある峠である。
三岳城跡,,34.8528081,137.6908894,静岡県,D,城,
三池平古墳,,35.0532031,138.4805148,静岡県,D,その他,
三嶋大社,,35.121854,138.9190723,静岡県,B,神社仏閣,三嶋大社（みしまたいしゃ、三島大社）は、静岡県三島市大宮町にある神社。式内社（名神大社）、伊豆国一宮、伊豆国総社。
三保の松原,みほのまつばら,34.9947415,138.5238018,静岡県,B,自然,富士山を望む白砂青松の景勝地。世界遺産構成資産。
三保松原,,35.0093173,138.5307729,静岡県,B,自然,三保松原（みほのまつばら）は、静岡県静岡市清水区の三保半島にある景勝地。
山宮浅間神社,,35.2711736,138.6369486,静岡県,B,神社仏閣,山宮浅間神社（やまみやせんげんじんじゃ）は、静岡県富士宮市山宮にある神社。
山住神社,,35.1351436,137.9141518,静岡県,C,神社仏閣,
山中城 (Yamanaka-jō),,35.1564091,138.9924006,静岡県,B,城,
志太郡衙跡,,34.8621826,138.2428268,静岡県,D,その他,
資生堂アートハウス,,34.7653193,137.9989403,静岡県,B,美術館博物館,資生堂アートハウス（しせいどうあーとはうす）は、静岡県掛川市下俣にある美術館。
事任八幡宮,,34.7984305,138.0746853,静岡県,B,神社仏閣,事任八幡宮（ことのままはちまんぐう）は、静岡県掛川市八坂にある神社。
修善寺温泉,しゅぜんじおんせん,34.970472,138.927528,静岡県,B,温泉,独鈷の湯と修禅寺門前で知られる伊豆最古の温泉地。
修善寺虹の郷,,34.9743345,138.9099213,静岡県,B,その他,修善寺虹の郷（しゅぜんじにじのさと）は静岡県伊豆市にあるテーマパークである。
秋葉山本宮秋葉神社上社,,34.9811091,137.8656319,静岡県,B,神社仏閣,
駿府城,,34.9776719,138.3852717,静岡県,A,城,駿府城（すんぷじょう）は、静岡県静岡市葵区にあった日本の城。
初島,,35.0388967,139.1669333,静岡県,B,自然,初島（はつしま）は、静岡県熱海市に属する島である。
渚園,,34.6975835,137.6073285,静岡県,B,自然,渚園（なぎさえん）は、静岡県浜松市中央区舞阪町弁天島にある公園である。
小笠山総合運動公園,,34.7489846,137.9739079,静岡県,C,その他,小笠山総合運動公園（おがさやまそうごううんどうこうえん）は、静岡県掛川市と袋井市の市境に跨がって位置する、スポーツ施設群を有する都市公園（広域公園）。
小室山,,34.9394965,139.1312239,静岡県,B,自然,小室山（こむろやま）は、静岡県伊東市にある標高321mの山。
沼津御用邸記念公園,,35.073229,138.871816,静岡県,C,その他,沼津御用邸記念公園（ぬまづごようていきねんこうえん、英称:Numazu Goyotei Memorial Park）は、静岡県沼津市下香貫島郷にある公園。
沼津港,,35.0835817,138.8515199,静岡県,C,その他,沼津港（ぬまづこう）は、静岡県沼津市にある駿河湾に面する港湾。
沼津港深海水族館,,35.0840444,138.8581548,静岡県,B,美術館博物館,沼津港深海水族館（ぬまづこう しんかい すいぞくかん）は、日本の東海地方東部、静岡県沼津市の沼津港近隣にある複合観光施設「港八十三番地」内に所在する民営の水族館である。
沼津市戸田造船郷土資料博物館,,34.9767711,138.7663971,静岡県,E,美術館博物館,
沼津市明治史料館・江原素六記念館,,35.1218534,138.8583389,静岡県,D,美術館博物館,
焼津さかなセンター,,34.8802419,138.3031466,静岡県,C,その他,焼津さかなセンター（やいづさかなセンター）は、静岡県焼津市八楠4丁目に所在する、第三セクター方式で運営される商業施設。
焼津漁業資料館,,34.871143,138.3239993,静岡県,E,美術館博物館,
焼津市歴史民俗資料館,,34.864528,138.305366,静岡県,D,美術館博物館,
焼津神社,,34.8650033,138.3136426,静岡県,C,神社仏閣,焼津神社（やいづじんじゃ）は、静岡県焼津市焼津にある神社。
上原近代美術館,,34.7285598,138.9255743,静岡県,E,美術館博物館,
城ヶ崎海岸,,34.8904234,139.138581,静岡県,B,その他,城ヶ崎海岸（じょうがさきかいがん）は、静岡県伊東市の南東に位置する海岸である。
浄蓮の滝,,34.8727772,138.9238619,静岡県,B,自然,浄蓮の滝（じょうれんのたき）は、静岡県伊豆市湯ヶ島にある滝。
新居関所,,34.6947047,137.5612713,静岡県,B,その他,新居関所（あらいせきしょ）は、江戸時代の東海道の関所のひとつ。
新橋浅間神社,,35.3005928,138.9305101,静岡県,D,神社仏閣,新橋浅間神社（にいはしせんげんじんじゃ）は、静岡県御殿場市新橋（にいはし）にある神社。
須山浅間神社,,35.2545395,138.8489577,静岡県,C,神社仏閣,須山浅間神社（すやませんげんじんじゃ）は、静岡県裾野市にある神社。
清水港湾博物館（フェルケール博物館）,,35.007571,138.49318,静岡県,C,美術館博物館,
清水柳北1号墳,,35.1536436,138.8609523,静岡県,D,その他,
西山本門寺,,35.2371936,138.5644815,静岡県,B,神社仏閣,
誓願寺,,34.9480693,138.32675,静岡県,D,神社仏閣,
静岡県コンベンションアーツセンター,,34.9858762,138.4172978,静岡県,B,その他,静岡県コンベンションアーツセンター（しずおかけんコンベンションアーツセンター）は、静岡市駿河区東静岡二丁目のJR東静岡駅南口にある、静岡県立のコンベンションセンター、劇場。
静岡県富士山世界遺産センター,,35.2237561,138.6089034,静岡県,C,美術館博物館,静岡県富士山世界遺産センター（しずおかけんふじさんせかいいさんセンター）は、静岡県富士宮市にある博物館。
静岡県立森林公園,,34.8417861,137.7668085,静岡県,D,その他,静岡県立森林公園（しずおかけんりつしんりんこうえん）は、静岡県浜松市浜名区に存在する、静岡県営の自然公園である。
静岡県立美術館,,34.991922,138.446311,静岡県,B,美術館博物館,
静岡市文化財資料館,,34.9826194,138.3762567,静岡県,D,美術館博物館,
静居寺,,34.8510937,138.1666865,静岡県,E,神社仏閣,
石廊崎,,34.6019509,138.8460475,静岡県,B,自然,石廊崎（いろうざき）は、静岡県伊豆半島最南端の賀茂郡南伊豆町にある岬。
赤石岳,あかいしだけ,35.4612203,138.1573535,静岡県,C,自然,南アルプスを代表する名峰、日本百名山。
千本浜,,35.1263076,138.755028,静岡県,D,その他,千本浜（せんぼんはま）は、静岡県沼津市の海岸。
草薙神社,,34.9944892,138.4528921,静岡県,C,神社仏閣,
村山浅間神社,,35.261217,138.6661331,静岡県,C,神社仏閣,
多々戸浜海水浴場,,34.6608709,138.9327534,静岡県,E,自然,多々戸浜海水浴場（たたどはまかいすいよくじょう）とは静岡県下田市吉佐美にある海水浴場。
大井川鐵道,おおいがわてつどう,34.8261833,138.137,静岡県,B,その他,国内で唯一、蒸気機関車(SL)が定期運行する私鉄。
大瀬崎,,35.030584,138.788388,静岡県,B,自然,大瀬崎（おせざき）は、静岡県沼津市西浦江梨にある伊豆半島の北西端から北へ駿河湾に突き出した岬。
大石寺,,35.2803961,138.5844896,静岡県,B,神社仏閣,大石寺（たいせきじ）は、日蓮正宗総本山の寺院である。宗祖は日蓮。
大楠,,35.1006878,139.0676277,静岡県,D,その他,
達磨山,,34.9550004,138.8392905,静岡県,C,自然,達磨山（だるまやま）は静岡県沼津市と伊豆市との境界にある982mの山である。
谷川浜,,34.6546068,138.7746881,静岡県,D,その他,谷川浜（やがわはま、座標）は、静岡県賀茂郡南伊豆町妻良にある海岸。
淡海国玉神社,,34.7278481,137.8571358,静岡県,E,神社仏閣,
池田20世紀美術館,,34.9215684,139.1054193,静岡県,C,美術館博物館,池田20世紀美術館（いけだ20せいきびじゅつかん、英語: Ikeda Museum of 20th Century Art）は、静岡県伊東市の美術館。
秩父宮記念公園,,35.2885661,138.9538294,静岡県,C,その他,秩父宮記念公園（ちちぶのみや きねんこうえん）は、秩父宮雍仁親王・勢津子妃が過ごした元別邸を整備、公開した公園。
中田島砂丘,,34.6639053,137.7412247,静岡県,B,その他,中田島砂丘（なかたじまさきゅう）は、静岡県浜松市南部の天竜川以西に位置し、遠州灘に面する砂丘。
長浜海浜公園,,35.0562517,139.0703996,静岡県,D,その他,長浜海浜公園（ながはま かいひんこうえん、英: Nagahama Beach Park）とは、静岡県熱海市上多賀に所在する、長浜海水浴場（ながはま かいすいよくじょう、英: Nagahama Beach）と一体化した公園。
長浜城跡,,35.0181979,138.8879476,静岡県,C,その他,
爪木崎,,34.6595115,138.9861533,静岡県,C,自然,爪木崎（つめきざき）は、静岡県下田市にある岬。
鉄舟寺,,34.9926884,138.4830443,静岡県,B,神社仏閣,
天城神社,,34.890413,138.9312778,静岡県,D,神社仏閣,天城神社（あまぎじんじゃ）は、静岡県伊豆市湯ヶ島にある神社。
田貫湖,,35.346882,138.5618922,静岡県,B,自然,田貫湖（たぬきこ）は、静岡県富士宮市にある湖。
登呂遺跡,,34.9565554,138.4079182,静岡県,B,その他,登呂遺跡（とろいせき）は、静岡県静岡市駿河区登呂五丁目にある水田遺構を伴う弥生時代の集落遺跡・低湿地遺跡。
土肥金山,,34.9079258,138.7933459,静岡県,B,自然,土肥金山（といきんざん）は、静岡県田方郡土肥町（現・伊豆市土肥）にあった鉱山。
島田市博物館,,34.831336,138.154382,静岡県,D,美術館博物館,
東海館,,34.9716633,139.0970189,静岡県,C,その他,東海館（とうかいかん）は、静岡県伊東市東松原町12-10にある文化施設。
東海大学海洋科学博物館,,35.019178,138.518238,静岡県,B,美術館博物館,
東口本宮冨士浅間神社,,35.362946,138.8638294,静岡県,B,神社仏閣,東口本宮冨士浅間神社（ひがしぐちほんぐうふじせんげんじんじゃ）は、静岡県駿東郡小山町須走にある神社。
堂ヶ島,,34.7841162,138.7684522,静岡県,B,その他,堂ヶ島（どうがしま）とは、静岡県賀茂郡西伊豆町にある景勝地。
堂ヶ島天窓洞,,34.782712,138.766088,静岡県,C,自然,堂ヶ島天窓洞（どうがしまてんそうどう）は、静岡県賀茂郡西伊豆町仁科にある、国の天然記念物に指定された海蝕洞である。
洞慶院,,34.9957239,138.3293687,静岡県,D,神社仏閣,
道の駅開国下田みなと,,34.6748064,138.9511655,静岡県,D,その他,道の駅開国下田みなと（みちのえき かいこくしもだみなと）は、静岡県下田市にある国道135号の道の駅である。
道の駅天城越え,,34.856161,138.9227241,静岡県,C,その他,道の駅天城越え（みちのえき あまぎごえ）は、静岡県伊豆市にある国道414号の道の駅である。
二俣城,,34.8622006,137.8091714,静岡県,B,城,
日本平,,34.9767319,138.4666186,静岡県,B,その他,日本平（にほんだいら）は、静岡県静岡市駿河区と清水区の境界にある丘陵地、および景勝地である。
日本平動物園,,34.9785714,138.4383634,静岡県,B,その他,日本平動物園（にほんだいらどうぶつえん、英: Shizuoka Municipal Nihondaira Zoo）は、静岡県静岡市駿河区池田にある静岡市が運営する動物園。
韮山反射炉,,35.039658,138.9620389,静岡県,B,その他,韮山反射炉（にらやまはんしゃろ、英：Nirayama Reverberatory Furnaces）は、静岡県伊豆の国市にある反射炉跡である。
熱海サンビーチ,,35.0982401,139.0768609,静岡県,C,自然,熱海サンビーチ（あたみサンビーチ、英: Atami Sun Beach）とは、静岡県熱海市の市街地北部にある人工海浜・海水浴場。
熱海トリックアート迷宮館,,35.0864673,139.0781803,静岡県,C,その他,熱海トリックアート迷宮館（あたみトリックアートめいきゅうかん）は、静岡県熱海市曽我山の熱海城の敷地内に2013年6月15日に開館した娯楽施設。
熱海温泉,あたみおんせん,35.103804,139.0789526,静岡県,B,温泉,首都圏近郊の代表的温泉リゾート。
熱海梅園,,35.0984139,139.0590917,静岡県,C,その他,熱海梅園（あたみばいえん）は、静岡県熱海市にある市営の庭園。
熱海秘宝館,,35.0869181,139.0801444,静岡県,B,その他,熱海秘宝館（あたみひほうかん）は、静岡県熱海市和田浜南町にある秘宝館。
熱川バナナワニ園,,34.8164143,139.0679944,静岡県,B,その他,
柏谷横穴群,,35.0828815,138.9592665,静岡県,C,その他,
白糸の滝,,35.312991,138.5872234,静岡県,B,その他,
白滝公園,,35.123266,138.9145103,静岡県,D,その他,白滝公園（しらたきこうえん）は、静岡県三島市一番町1-1にある公園。
箱根旧街道,,35.1535704,138.9940761,静岡県,C,その他,箱根旧街道（はこねきゅうかいどう）は、神奈川県足柄下郡箱根町、静岡県三島市および田方郡函南町にある旧東海道の一部であり、国指定の史跡である。
箱根西麓・三島大吊橋,,35.1518793,138.9806281,静岡県,B,その他,箱根西麓・三島大吊橋（はこねせいろく・みしまおおつりばし）は、静岡県三島市に所在する人道橋の吊橋。
磐田市香りの博物館,,34.715487,137.8195482,静岡県,D,美術館博物館,磐田市香りの博物館（いわたしかおりのはくぶつかん）は、静岡県磐田市に所在する、香りをテーマにした博物館である。
美濃輪稲荷神社,,35.0048528,138.4900858,静岡県,D,神社仏閣,
姫の沢公園,,35.1176783,139.0498928,静岡県,D,その他,姫の沢公園（ひめのさわこうえん）は、静岡県熱海市の北西部に位置する市営の総合公園である。
浜岡砂丘,,34.6302849,138.1216159,静岡県,C,その他,浜岡砂丘（はまおかさきゅう）は、静岡県御前崎市にある砂丘。
浜松市楽器博物館,,34.7066154,137.7382244,静岡県,D,美術館博物館,
浜松市秋野不矩美術館,,34.864877,137.8193,静岡県,C,美術館博物館,
浜松市動物園,,34.7661405,137.6330796,静岡県,C,その他,
浜松市美術館,,34.7118434,137.7237404,静岡県,D,美術館博物館,
浜松市姫街道と銅鐸の歴史民俗資料館,,34.810455,137.6520838,静岡県,D,美術館博物館,
浜名湖,,34.7347518,137.5902054,静岡県,A,自然,浜名湖（はまなこ）は、静岡県西部の浜松市と湖西市にまたがる湖。
浜名湖オルゴールミュージアム,,34.7700205,137.6204261,静岡県,D,美術館博物館,浜名湖オルゴールミュージアム（はまなこオルゴールミュージアム）は、静岡県浜松市中央区にあるオルゴール専門の博物館。
浜名湖ガーデンパーク,,34.7146255,137.6011186,静岡県,C,その他,浜名湖ガーデンパーク（はまなこガーデンパーク）は、静岡県浜松市中央区村櫛町5475-1に存在する、静岡県営の大規模公園である。
浜名湖パルパル,,34.7624354,137.6171174,静岡県,B,その他,浜名湖パルパル（はまなこパルパル）は、静岡県浜松市中央区舘山寺町1891の浜名湖畔にある遊園地。
富士スピードウェイ,,35.3683471,138.923614,静岡県,A,その他,富士スピードウェイ（ふじスピードウェイ、Fuji Speedway）は、静岡県駿東郡小山町にあるサーキットである。
富士ミルクランド,,35.3404594,138.5942772,静岡県,D,その他,富士ミルクランド（ふじミルクランド）は、静岡県富士宮市に所在するレジャー施設である。
富士山(富士宮口),ふじさん,35.3606,138.7274,静岡県,A,自然,日本最高峰にして信仰と芸術の源泉。世界文化遺産。
富士山こどもの国,,35.2549861,138.7710647,静岡県,C,自然,富士山こどもの国（ふじさんこどものくに）は、静岡県富士市桑崎にある都市公園（広域公園）である。
富士山本宮浅間大社,,35.2273066,138.6101708,静岡県,A,神社仏閣,富士山本宮浅間大社（ふじさんほんぐうせんげんたいしゃ）は、静岡県富士宮市にある神社。式内社（名神大社）、駿河国一宮。
富知六所浅間神社,,35.1669551,138.6758169,静岡県,D,神社仏閣,
府八幡宮,,34.7198672,137.8534369,静岡県,D,神社仏閣,
弁天島温泉,,34.6885307,137.6035371,静岡県,C,温泉,弁天島温泉（べんてんじまおんせん）は、静岡県浜松市中央区舞阪町弁天島に湧く温泉、またその温泉街である。
宝泰寺,,34.9743025,138.3892768,静岡県,D,神社仏閣,
法多山尊永寺 (Hattasan Soneiji),,34.7376754,137.9772843,静岡県,B,神社仏閣,
豊田佐吉記念館,,34.710442,137.528005,静岡県,C,美術館博物館,
牧之原台地,まきのはらだいち,34.6803088,138.190322,静岡県,C,自然,日本最大級の茶園が広がる台地、牧之原茶の産地。
本覚寺,,34.9788149,138.4292181,静岡県,D,神社仏閣,
妙海寺,,35.0913607,138.8567635,静岡県,D,神社仏閣,
油山寺,,34.7855186,137.9361726,静岡県,C,神社仏閣,
酪農王国オラッチェ,,35.1034648,139.0146991,静岡県,D,その他,酪農王国オラッチェ（らくのうおうこくオラッチェ）は、静岡県田方郡函南町丹那に存在するテーマパークである。
竜ヶ岩洞,,34.8451678,137.6490392,静岡県,C,自然,竜ヶ岩洞（りゅうがしどう）は、静岡県浜松市浜名区引佐町田畑にある鍾乳洞。
龍華寺,,34.9904911,138.4844679,静岡県,C,神社仏閣,
龍潭寺,,34.8286004,137.6679167,静岡県,B,神社仏閣,
了仙寺,,34.6721798,138.9416489,静岡県,E,神社仏閣,
林叟院,,34.8946244,138.3169182,静岡県,D,神社仏閣,
霊山寺,,35.0285966,138.4358694,静岡県,D,神社仏閣,
恋人岬,,34.86827,138.752813,静岡県,C,自然,恋人岬（こいびとみさき、英: Lover’s Cape）は、静岡県伊豆市にある岬である。
蓮華寺池公園,,34.874233,138.259014,静岡県,C,その他,蓮華寺池公園（れんげじいけこうえん）は、静岡県藤枝市若王子（にゃくおうじ）にある総合公園。
蜆塚遺跡,,34.713292,137.7031213,静岡県,E,その他,
賤機山古墳,,34.9828924,138.3749786,静岡県,C,その他,
靜岡縣護國神社,,34.9875346,138.4069687,静岡県,C,神社仏閣,
INAXライブミュージアム,,34.8816368,136.8487301,愛知県,C,その他,INAXライブミュージアム（いなっくすライブミュージアム、INAX MUSEUMS）は、愛知県常滑市奥栄町1-130にある文化施設。
JPタワー名古屋,,35.1727745,136.8826069,愛知県,B,その他,JPタワー名古屋（ジェイピータワーなごや）は、愛知県名古屋市中村区名駅一丁目（名古屋駅前）にある超高層ビル。
JRセントラルタワーズ,,35.171013,136.8828711,愛知県,B,その他,JRセントラルタワーズ（ジェイアール セントラルタワーズ、英語: JR CENTRAL TOWERS）は、愛知県名古屋市中村区のJR名古屋駅に併設されている超高層複合商業ビル（駅ビル）である。
あいち健康の森公園,,34.9964424,136.9462218,愛知県,C,その他,あいち健康の森公園（あいちけんこうのもりこうえん）は、愛知県大府市と東浦町の丘陵地にまたがる愛知県営の都市公園（広域公園）である。
あいち航空ミュージアム,,35.2473865,136.9250115,愛知県,B,その他,あいち航空ミュージアム（あいちこうくうミュージアム）は、愛知県西春日井郡豊山町にある県立の航空博物館で、名古屋飛行場内の南西側、旧国際線ターミナルを改装したエアポートウォーク名古屋に隣接して設けられた。
あま市七宝焼アートヴィレッジ,,35.1834297,136.7988379,愛知県,D,その他,あま市七宝焼アートヴィレッジ（あまししっぽうやきアートヴィレッジ）は、愛知県あま市にある七宝焼をテーマにした総合施設である。
あま市美和歴史民俗資料館,,35.200744,136.784566,愛知県,E,美術館博物館,
おかざき世界子ども美術博物館,,34.926908,137.213683,愛知県,C,美術館博物館,
お菓子の城,,35.3332621,136.9372084,愛知県,B,その他,お菓子の城（おかしのしろ）は、竹田本社（旧・竹田製菓）が運営する愛知県犬山市にあるフードテーマパークである。
ガスエネルギー館,,35.06222,136.897283,愛知県,D,美術館博物館,
かみや美術館,,34.935008,136.954268,愛知県,D,美術館博物館,
サンテパルクたはら,,34.6434587,137.2017822,愛知県,D,その他,サンテパルクたはらは愛知県田原市にある農業公園である。
ジブリパーク,,35.1751206,137.0887745,愛知県,B,その他,ジブリパーク（英語: Ghibli Park）は、愛知県長久手市の愛・地球博記念公園内にある「スタジオジブリ」（以降「ジブリ社」）の世界を表現した公園施設、テーマパーク。
すいとぴあ江南,,35.3709533,136.8786964,愛知県,C,その他,すいとぴあ江南（すいとぴあこうなん）は、愛知県江南市にある、高さ57メートルの展望タワーを中心とした複合施設である。
でんきの科学館,,35.1677213,136.899153,愛知県,C,その他,でんきの科学館（でんきのかがくかん）は、愛知県名古屋市中区栄二丁目にある中部電力が運営するPR展示施設で、電気に関する科学館（企業博物館）である。
トヨタ鞍ケ池記念館,,35.099991,137.215176,愛知県,C,美術館博物館,
トヨタ産業技術記念館,,35.1824596,136.876032,愛知県,B,美術館博物館,トヨタ産業技術記念館（とよたさんぎょうぎじゅつきねんかん、英語名：TOYOTA Commemorative Museum of Industry and Technology）は、愛知県名古屋市西区則武新町四丁目1番35号にあるトヨタグループ運営の企業博物館。
トヨタ博物館,,35.1729954,137.0576775,愛知県,B,美術館博物館,トヨタ博物館（トヨタはくぶつかん）は、愛知県長久手市にある自動車に関する博物館。
ナディアパーク,,35.165259,136.905987,愛知県,B,その他,ナディアパーク（アルファベット表記：NADYA PARK）は、愛知県名古屋市中区にある複合型商業施設である。
ノリタケの森,,35.1794095,136.8810448,愛知県,B,その他,ノリタケの森（ノリタケのもり）は、愛知県名古屋市西区則武新町三丁目1番36号にある複合施設。
フラワーパーク江南,,35.3634027,136.8611873,愛知県,D,その他,フラワーパーク江南（フラワーパークこうなん）は、国営木曽三川公園三派川地区の一角、愛知県江南市の木曽川沿いにある国営木曽三川公園11番目の拠点。
マスプロ美術館,,35.1276623,137.0317331,愛知県,D,その他,マスプロ美術館は、愛知県日進市にあるマスプロ電工の企業博物館（美術館）である。
ミッドランドスクエア,,35.169722,136.885512,愛知県,A,その他,ミッドランドスクエア（Midland Square）は、愛知県名古屋市中村区名駅にある、トヨタ不動産、トヨタ自動車、毎日新聞社の3社が共同所有する複合商業ビルである。
メナード美術館,,35.288835,136.9197076,愛知県,B,美術館博物館,メナード美術館（メナードびじゅつかん、英語表記：MENARD ART MUSEUM）は、愛知県小牧市にある美術館。
やきもの散歩道,,34.8907165,136.839464,愛知県,C,その他,やきもの散歩道（やきものさんぽみち）は愛知県常滑市の地場産業である陶磁器をテーマとする観光モデルコース。
ヤマザキマザック美術館,,35.1710573,136.9198961,愛知県,B,美術館博物館,ヤマザキマザック美術館（ヤマザキマザックびじゅつかん）は、愛知県名古屋市東区葵一丁目に2010年（平成22年）4月23日開館した美術館。
ラグーナテンボス,,34.807789,137.2722648,愛知県,B,その他,ラグーナテンボス（LAGUNA TEN BOSCH）は、愛知県蒲郡市海陽町にある複合リゾート施設。
リトルワールド,,35.3767046,137.0174687,愛知県,B,美術館博物館,リトルワールドは、愛知県犬山市と岐阜県可児市に跨ぐ、世界の家と暮らしをテーマとした野外民族学博物館。
リニア・鉄道館,,35.0491565,136.8510949,愛知県,B,その他,リニア・鉄道館〜夢と想い出のミュージアム〜（リニア・てつどうかん〜ゆめとおもいでのミュージアム〜 英語名：SCMAGLEV and Railway Park）は、東海旅客鉄道（JR東海）が2011年（平成23年）3月14日に愛知県名古屋市港区金城ふ頭に開館した、鉄道に関する事物を展示する博物館類似施設（鉄道保存展示施設）である。
レゴランド・ジャパン,,35.0502047,136.8432862,愛知県,B,その他,レゴランド・ジャパン（LEGOLAND Japan Resort）は、愛知県名古屋市港区金城ふ頭にあるレゴブロックのテーマパーク。
レトロでんしゃ館,,35.1229173,137.0220953,愛知県,C,その他,レトロでんしゃ館（レトロでんしゃかん、Nagoya City Tram & Subway Museum）は、愛知県日進市浅田町の名古屋市交通局日進工場の敷地内にある名古屋市交通局が運営する施設である。
愛・地球博記念公園,,35.1647679,137.0923954,愛知県,B,その他,愛・地球博記念公園（あい・ちきゅうはくきねんこうえん）は、愛知県長久手市にある愛知県営の都市公園（広域公園）。
愛知こどもの国,,34.7887211,137.1543888,愛知県,B,その他,愛知こどもの国（あいちこどものくに）は、愛知県西尾市東幡豆町南越田3番地にある愛知県立の児童遊園地。
愛知県森林公園,,35.2382209,137.0415274,愛知県,C,その他,愛知県森林公園（あいちけんしんりんこうえん）は、愛知県尾張旭市と同県名古屋市守山区にまたがる愛知県立のレクレーション施設。
愛知県陶磁美術館,,35.185816,137.097609,愛知県,C,美術館博物館,
愛知池,,35.1286999,137.0829253,愛知県,B,その他,愛知池（あいちいけ）は、愛知県の日進市・愛知郡東郷町・みよし市にまたがる、二級河川・境川水系前川に建設された愛知用水の調整池。
愛知牧場,,35.1289545,137.0872495,愛知県,C,その他,愛知牧場（あいちぼくじょう）は、愛知兄弟社が経営する愛知県日進市にある牧場。
葦毛湿原,,34.7454354,137.4513593,愛知県,C,自然,葦毛湿原（いもう しつげん、Imou bog）は、愛知県豊橋市岩崎町にある湿原。
鞍ケ池公園,,35.0952931,137.2162197,愛知県,B,その他,鞍ケ池公園（くらがいけこうえん）は、愛知県豊田市にある公園。
伊賀八幡宮,,34.9714723,137.164694,愛知県,C,神社仏閣,伊賀八幡宮（いがはちまんぐう）は、愛知県岡崎市伊賀町にある神社。
伊良湖岬,,34.5815065,137.0158717,愛知県,B,自然,伊良湖岬 （いらごみさき）は、愛知県田原市伊良湖町にあり、太平洋（遠州灘）と伊勢湾、三河湾を望む渥美半島先端の岬である。
一宮市三岸節子記念美術館,,35.308109,136.74589,愛知県,C,美術館博物館,
一宮市尾西歴史民俗資料館,,35.305708,136.7365,愛知県,D,美術館博物館,
稲沢市荻須記念美術館,,35.2465866,136.7892897,愛知県,C,美術館博物館,
羽豆岬,,34.6965579,136.973223,愛知県,C,自然,羽豆岬（はずみさき）は、愛知県知多郡南知多町にある岬。
羽布ダム,,35.0324382,137.4090517,愛知県,C,その他,羽布ダム（はぶダム）は、愛知県豊田市羽布町鬼の平、矢作川水系巴川に建設されたかんがい用の重力式コンクリートダム。
猿投山,,35.205867,137.1667591,愛知県,B,自然,猿投山（さなげやま）は、愛知県豊田市と瀬戸市にまたがる標高629mの山である。
猿投神社,,35.1750227,137.1774409,愛知県,B,神社仏閣,猿投神社（さなげじんじゃ）は、愛知県豊田市にある神社。
於大公園,,34.9783065,136.962649,愛知県,C,その他,於大公園（おだいこうえん）は、愛知県知多郡東浦町大字緒川にある公園。
奥三河郷土館,,35.092813,137.5721989,愛知県,D,美術館博物館,
岡崎市美術館,,34.9419763,137.1639404,愛知県,D,美術館博物館,
岡崎市美術博物館,,34.9475008,137.2172395,愛知県,C,美術館博物館,岡崎市美術博物館（おかざきしびじゅつはくぶつかん）は、愛知県岡崎市の岡崎中央総合公園内にある美術館・博物館である。
岡崎城,,34.9562959,137.1587752,愛知県,A,城,岡崎城（おかざきじょう）は、三河国岡崎藩（現在の愛知県岡崎市康生町）にあった日本の城。
岡崎信用金庫資料館,,34.957922,137.167937,愛知県,D,美術館博物館,
下水道科学館,,35.192116,136.902882,愛知県,E,美術館博物館,
花岳寺,,34.8433101,137.0822462,愛知県,D,神社仏閣,
花祭会館,,35.067688,137.7045334,愛知県,E,美術館博物館,
華蔵寺,,34.8428038,137.0815864,愛知県,C,神社仏閣,
賀茂しょうぶ園,,34.8375184,137.444056,愛知県,D,その他,賀茂しょうぶ園（かもしょうぶえん）は、愛知県豊橋市賀茂町にある花しょうぶのフラワーガーデンである。
海南こどもの国,,35.0966649,136.7559487,愛知県,C,その他,海南こどもの国（かいなんこどものくに）は、愛知県弥富市にある県立の児童遊園である。
海辺の文学記念館,,34.815,137.234851,愛知県,C,美術館博物館,
蟹江町歴史民俗資料館,,35.1369722,136.7908965,愛知県,E,美術館博物館,
覚王山日泰寺,,35.1715764,136.9550206,愛知県,B,神社仏閣,
楽只美術館,,35.1752396,136.9106803,愛知県,E,美術館博物館,
笠覆寺,,35.0993624,136.9365182,愛知県,B,神社仏閣,笠覆寺（りゅうふくじ）は、愛知県名古屋市南区笠寺町字上新町83番地にある十一面観音を本尊とする真言宗智山派の寺院。
蒲郡市博物館,,34.822441,137.219544,愛知県,D,美術館博物館,
萱津神社,,35.1937671,136.8399672,愛知県,C,神社仏閣,萱津神社（かやづじんじゃ）は、愛知県あま市上萱津にある神社。
乾坤院,,34.9768609,136.9606413,愛知県,C,神社仏閣,乾坤院（けんこんいん）は、愛知県知多郡東浦町緒川沙弥田4にある曹洞宗の寺院。
間々観音,,35.2949395,136.9092788,愛知県,C,神社仏閣,間々観音（ままかんのん）は、愛知県小牧市間々本町にある浄土宗の寺院。
岩崎城,,35.1450554,137.04255,愛知県,B,城,
岩津天満宮,,35.0051861,137.1767339,愛知県,C,神社仏閣,岩津天満宮（いわづてんまんぐう）は、愛知県岡崎市岩津町東山にある天満宮。
吉胡貝塚,,34.6814707,137.2808164,愛知県,C,自然,吉胡貝塚（よしごかいづか）は、愛知県田原市吉胡町矢崎にある遺跡。
久屋大通庭園フラリエ,,35.161633,136.908494,愛知県,C,その他,久屋大通庭園フラリエ（ひさやおおどおりていえんフラリエ）は愛知県名古屋市中区大須にある庭園で久屋大通公園のほぼ最南端に位置する。
金蓮寺,,34.8093781,137.0725854,愛知県,C,神社仏閣,
沓掛城,,35.0690322,137.0217896,愛知県,B,城,沓掛城（くつかけじょう）は、尾張国愛知郡沓掛、現在の愛知県豊明市沓掛町にあった日本の城。
犬山城,いぬやまじょう,35.3883304,136.9392776,愛知県,A,城,現存12天守の一つ。国宝。
御油の松並木,,34.8484879,137.3150356,愛知県,C,その他,御油の松並木（ごゆのまつなみき）は、愛知県豊川市御油町の東海道御油宿と同県同市赤坂町の赤坂宿の間にある松並木。
御油の松並木資料館,,34.8442003,137.3185338,愛知県,E,美術館博物館,
航空館boon,,35.2616921,136.9160287,愛知県,C,美術館博物館,航空館boon（こうくうかんブーン）とは、愛知県西春日井郡豊山町の神明公園内にある、豊山町立の航空機関係の資料館である。
荒子観音,,35.1367833,136.8586352,愛知県,B,神社仏閣,
荒子川公園,,35.0999362,136.8622483,愛知県,C,その他,荒子川公園（あらこがわこうえん）は、愛知県名古屋市港区にある荒子川両岸の南北約1kmに広がる総合公園。
香嵐渓,,35.1303397,137.3130919,愛知県,B,自然,香嵐渓（こうらんけい）は、愛知県豊田市足助町にある、矢作川支流の巴川がつくる渓谷。
高浜市やきものの里かわら美術館,,34.9232207,136.9817494,愛知県,D,美術館博物館,
高牟神社,,35.1692522,136.9324109,愛知県,C,神社仏閣,
佐久島,,34.7217263,137.0463618,愛知県,B,自然,佐久島（さくしま）は、三河湾に浮かぶ離島。
佐布里池,,34.9664415,136.8914224,愛知県,C,その他,佐布里池（そうりいけ）は、愛知県知多市佐布里にある愛知用水の調整池。
佐布里緑と花のふれあい公園,,34.9669474,136.8907261,愛知県,D,その他,佐布里緑と花のふれあい公園（そうり みどりとはなのふれあいこうえん）は愛知県知多市佐布里台にある公園。
桜天神社,,35.1727891,136.9011262,愛知県,D,神社仏閣,桜天神社（さくらてんじんしゃ）は、愛知県名古屋市中区錦二丁目、桜通沿いに鎮座する神社（天満宮）。
桜淵公園,,34.895428,137.5046564,愛知県,D,その他,桜淵公園（さくらぶちこうえん）は、愛知県新城市の市街地近く、豊川が深く谷を成す辺りを中心とした公園。
三ヶ根山,,34.8159143,137.1617516,愛知県,B,自然,三ヶ根山（さんがねさん）は、愛知県額田郡幸田町、西尾市、蒲郡市の境界にある山である。
三河武士のやかた家康館,,34.9577508,137.1590148,愛知県,C,美術館博物館,三河武士のやかた家康館（みかわぶしのやかたいえやすかん）は、愛知県岡崎市康生町にある歴史博物館。
三河臨海緑地,,34.7880513,137.3238734,愛知県,D,その他,三河臨海緑地（みかわりんかいりょくち）は愛知県豊川市の御津町安礼の崎及び御津町佐脇浜と、豊橋市新西浜町にかけて広がる県営の緑地で、1994年（平成6年）3月に供用開始。
山崎川,,35.0906744,136.890962,愛知県,B,その他,山崎川（やまざきがわ）は、愛知県名古屋市を流れる河川。
市民四季の森,,35.311891,137.0039211,愛知県,D,その他,市民四季の森（しみんしきのもり）は、愛知県小牧市にある公園である。
紫峰人形美術館,,34.9448701,136.9891964,愛知県,D,美術館博物館,
七里の渡し,,35.1187079,136.9051505,愛知県,B,その他,七里の渡し（しちりのわたし）は東海道五十三次で知られる宮宿（愛知県名古屋市熱田区）から桑名宿（三重県桑名市）までの海路で、かつての官道。
篠島,,34.6762608,137.0041761,愛知県,B,自然,篠島（しのじま）は、三河湾に浮かぶ離島。
煮え渕ポットホール,,35.0671457,137.7425651,愛知県,D,その他,煮え渕ポットホール（にえぶちポットホール）は、愛知県東栄町の大千瀬川上流にある甌穴群。
洲原公園,,35.0539498,137.0568622,愛知県,D,自然,洲原公園（すはらこうえん）は、愛知県刈谷市井ヶ谷町松ヶ崎にある公園。
春日井市道風記念館,,35.2203836,136.9680823,愛知県,D,美術館博物館,
小堤西池,,35.0630277,137.0573619,愛知県,D,その他,小堤西池（こづつみにしいけ）は、愛知県刈谷市井ヶ谷町小堤西1にある水田灌漑用の池である。
小幡緑地,,35.2170446,136.9887735,愛知県,C,その他,小幡緑地（おばたりょくち）は、愛知県名古屋市守山区および同県尾張旭市にある県営の都市公園（広域公園）である。
小牧山,,35.2924188,136.91205,愛知県,B,自然,小牧山（こまきやま）は、愛知県小牧市にある標高86mの山。
昭和日常博物館,,35.2502003,136.8854428,愛知県,C,美術館博物館,昭和日常博物館（しょうわにちじょうはくぶつかん）は、愛知県北名古屋市にある公立博物館。
常滑市陶磁器会館,,34.890627,136.8395016,愛知県,D,その他,常滑市陶磁器会館（とこなめしとうじきかいかん）は、愛知県常滑市にある常滑焼を中心とする焼き物の紹介や展示即売などを行う施設。
色金山歴史公園,,35.1861576,137.0546539,愛知県,C,その他,色金山歴史公園（いろがねやまれきしこうえん）は愛知県長久手市岩作色金にある公園。
新城市設楽原歴史資料館,,34.9187893,137.5282321,愛知県,E,美術館博物館,
新美南吉記念館,,34.9092116,136.9109896,愛知県,C,美術館博物館,新美南吉記念館（にいみなんきちきねんかん）は、愛知県半田市が設置する新美南吉の記念文学館である。
新舞子マリンパーク,,34.9542621,136.821562,愛知県,C,その他,新舞子マリンパーク（しんまいこマリンパーク）とは、愛知県知多市緑浜町にある人工島の公立の公園。
森村記念館,,35.172383,136.909558,愛知県,D,美術館博物館,
深川神社,,35.2280121,137.102691,愛知県,C,神社仏閣,
真宗大谷派名古屋別院,,35.1516309,136.901959,愛知県,B,神社仏閣,真宗大谷派名古屋別院（しんしゅうおおたにはなごやべついん）は、愛知県名古屋市中区にある真宗大谷派の寺院である。
真清田神社,,35.3075018,136.8019814,愛知県,B,神社仏閣,
甚目寺,,35.192728,136.8237811,愛知県,B,神社仏閣,甚目寺（じもくじ）は、愛知県あま市（旧・海部郡甚目寺町）にある真言宗智山派の寺院である。
諏訪南宮神社,,35.0684299,137.7033882,愛知県,E,神社仏閣,
杉本美術館,,34.801962,136.866254,愛知県,C,美術館博物館,
清洲城,,35.2166536,136.8434248,愛知県,A,城,清洲城（清須城、きよすじょう）は、尾張国春日井郡清須（現愛知県清須市）にあった日本の城。
生命の海科学館,,34.820249,137.225062,愛知県,D,美術館博物館,
西尾市岩瀬文庫,,34.8743614,137.0539236,愛知県,C,美術館博物館,
石巻山,,34.7894071,137.4596687,愛知県,C,自然,石巻山（いしまきやま、いしまきさん）は、愛知県豊橋市石巻町字南山にある標高358mの山。
赤塚山公園,,34.8468736,137.3597852,愛知県,C,その他,赤塚山公園（あかつかやまこうえん）は、愛知県豊川市にある総合公園。
泉龍院,,34.8974317,137.4704304,愛知県,D,神社仏閣,
善光寺東海別院,,35.2549151,136.7180112,愛知県,C,神社仏閣,善光寺東海別院（ぜんこうじとうかいべついん）は、愛知県稲沢市祖父江町祖父江南川原57-2にある単立の仏教寺院である。
足助中馬館,,35.1374163,137.3185457,愛知県,E,美術館博物館,足助中馬館（あすけちゅうまかん）は、愛知県豊田市足助町にある資料館。
足助八幡宮,,35.1342007,137.3107995,愛知県,C,神社仏閣,足助八幡宮（あすけはちまんぐう）は、愛知県豊田市にある神社である。
大一美術館,,35.1628124,136.8445401,愛知県,D,美術館博物館,大一美術館（だいいちびじゅつかん）は、愛知県名古屋市中村区鴨付町にあるガラス工芸美術館である。
大樹寺,,34.9843176,137.1652924,愛知県,B,神社仏閣,大樹寺（だいじゅじ / だいじゅうじ）は、愛知県岡崎市鴨田町にある浄土宗の寺院。徳川氏（松平氏）の菩提寺。
大須観音,,35.159761,136.898534,愛知県,B,神社仏閣,大須観音（おおすかんのん）は、愛知県名古屋市中区大須2丁目21-47にある真言宗智山派の別格本山の寺院。
大倉公園,,35.0130406,136.9657774,愛知県,D,その他,大倉公園（おおくらこうえん）は、愛知県大府市にある公園である。
大府みどり公園,,35.0393755,136.9868515,愛知県,E,その他,大府みどり公園（おおぶみどりこうえん）は、愛知県大府市にある公園である。
大縣神社,,35.330152,136.9669995,愛知県,B,神社仏閣,大縣神社（おおあがたじんじゃ）は、愛知県犬山市にある神社である。
滝山寺,,34.9881689,137.2055819,愛知県,C,神社仏閣,滝山寺（たきさんじ）は、愛知県岡崎市滝町にある天台宗の寺院。
知多市歴史民俗博物館,,34.999163,136.867943,愛知県,E,美術館博物館,
知立市歴史民俗資料館,,35.0014553,137.0387094,愛知県,E,美術館博物館,
知立神社,,35.1238317,136.8723701,愛知県,B,神社仏閣,知立神社（ちりゅうじんじゃ/ちりふじんじゃ）は、愛知県知立市西町にある神社。
茶臼山高原の美術館,,35.22095,137.6581898,愛知県,E,美術館博物館,
中京競馬場,,35.0635364,136.9915517,愛知県,A,その他,中京競馬場（ちゅうきょうけいばじょう 英: Chukyo Racecourse）は、愛知県豊明市にある競馬場。
朝宮公園,,35.2551199,136.9587989,愛知県,D,その他,朝宮公園（あさみやこうえん）は、愛知県春日井市朝宮町に位置する春日井市営の都市公園（運動公園）である。
長久手温泉ござらっせ,,35.184524,137.060998,愛知県,D,その他,長久手温泉ござらっせ（ながくておんせんござらっせ）は、愛知県長久手市前熊下田にある日帰り入浴施設。
長久手市郷土資料室,,35.1732378,137.0484666,愛知県,E,美術館博物館,
津具八幡宮,,35.1760474,137.6223824,愛知県,E,神社仏閣,
槻神社,,35.0808317,137.6622406,愛知県,C,神社仏閣,
鶴舞公園,,35.1544218,136.9193362,愛知県,B,その他,鶴舞公園（つるまこうえん）は、愛知県名古屋市昭和区鶴舞（つるまい）一丁目にある、名古屋市が管理する都市公園。
定光寺,,34.8152612,137.3846149,愛知県,B,神社仏閣,定光寺（じょうこうじ）は、愛知県瀬戸市定光寺町373にある臨済宗妙心寺派の寺院。
天王川公園,,35.1751547,136.7226045,愛知県,C,その他,天王川公園（てんのうがわこうえん）は、愛知県津島市にある都市公園。
田原市博物館,,34.673692,137.269092,愛知県,D,美術館博物館,
田縣神社,,35.3155975,136.9412669,愛知県,B,神社仏閣,田縣神社（たがたじんじゃ）は、愛知県小牧市にある神社である。
砥鹿神社,,34.7562031,137.3660544,愛知県,B,神社仏閣,砥鹿神社（とがじんじゃ）は、愛知県豊川市にある神社。
東栄町立博物館,,35.067643,137.703754,愛知県,E,美術館博物館,
東海市立平洲記念館・東海市立郷土資料館,,35.031476,136.917935,愛知県,D,美術館博物館,
東三河ふるさと公園,,34.8373922,137.3073022,愛知県,D,その他,東三河ふるさと公園（ひがしみかわふるさとこうえん）は、愛知県豊川市にある県営の都市公園（広域公園）である。
東山スカイタワー,,35.1567739,136.9788692,愛知県,B,その他,東山スカイタワー（ひがしやまスカイタワー）は、愛知県名古屋市千種区の東山公園の施設の一つである展望タワー。
東山動植物園,,35.1579875,136.9794453,愛知県,A,その他,東山動植物園（ひがしやまどうしょくぶつえん）は、愛知県名古屋市千種区東山元町の東山公園内にある市営動植物園。
東谷山フルーツパーク,,35.2525182,137.0484121,愛知県,C,その他,東谷山フルーツパーク（とうごくさんフルーツパーク）は、愛知県名古屋市守山区の東谷山麓にある農業公園である。
桃巌寺,,35.161062,136.9646536,愛知県,C,神社仏閣,
藤前干潟,,35.0793653,136.832892,愛知県,B,その他,藤前干潟（ふじまえひがた）とは、愛知県名古屋市港区と海部郡飛島村にまたがる、ラムサール条約登録地の干潟である。
道の駅もっくる新城,,34.917706,137.5337559,愛知県,C,その他,道の駅もっくる新城（みちのえき もっくるしんしろ）は、愛知県新城市八束穂字五反田にある国道151号の道の駅である。
徳川美術館,,35.1836864,136.9331025,愛知県,B,美術館博物館,
那古野神社,,35.1772467,136.8996439,愛知県,B,神社仏閣,那古野神社（なごやじんじゃ）は、愛知県名古屋市中区丸の内にある神社。
南山大学人類学博物館,,35.149844,136.962819,愛知県,D,美術館博物館,
南新宮社,,35.1234969,136.9095652,愛知県,D,神社仏閣,
南知多ビーチランド,,34.7866655,136.8550471,愛知県,B,その他,南知多ビーチランド（みなみちたビーチランド）は、愛知県知多郡美浜町の伊勢湾に面する奥田海岸沿いにある総合レジャー施設である。
二村山,,35.0718627,137.0069253,愛知県,C,自然,二村山（ふたむらやま）は、愛知県豊明市にある標高71.8メートルの山である。
日間賀島資料館,,34.706422,137.005971,愛知県,D,美術館博物館,
日出の石門,,34.5775031,137.0387294,愛知県,D,その他,日出の石門（ひいのせきもん）は、愛知県田原市日出町の太平洋上にある岩礁である。
日本モンキーセンター,,35.3896746,136.9578786,愛知県,B,その他,
乳岩峡,,35.0232373,137.6636763,愛知県,C,その他,乳岩峡（ちいわきょう）は愛知県新城市川合に位置する峡谷。
入鹿池,,35.3489277,136.9948333,愛知県,B,その他,入鹿池（いるかいけ）は、愛知県犬山市の入鹿、飛騨木曽川国定公園内にある人工の農業用ため池。
熱田神宮,あつたじんぐう,35.1254307,136.9092535,愛知県,A,神社仏閣,三種の神器の一つ草薙神剣を祀る古社。
熱田神宮公園,,35.1317874,136.9018533,愛知県,D,その他,熱田神宮公園（あつたじんぐうこうえん）は、愛知県名古屋市熱田区旗屋町にある愛知県営の都市公園（地区公園）である。
熱田神宮宝物館,,35.1249138,136.909453,愛知県,C,美術館博物館,
博物館明治村,はくぶつかんめいじむら,35.34175,136.98925,愛知県,B,その他,明治期の建造物を移築保存する野外博物館。
白鳥神社,,35.0577911,137.5313129,愛知県,E,神社仏閣,
白鳥庭園,,35.1257429,136.9011075,愛知県,C,その他,白鳥庭園（しろとりていえん）は、愛知県名古屋市熱田区熱田西町にある白鳥公園内にある庭園である。
八百富神社,,34.8105815,137.2316164,愛知県,C,神社仏閣,八百富神社（やおとみじんじゃ）は、愛知県蒲郡市竹島町にある神社。
半田市立博物館,,34.8915507,136.9136914,愛知県,D,美術館博物館,
半田赤レンガ建物,,34.9016621,136.9283466,愛知県,C,その他,半田赤レンガ建物（はんだあかレンガたてもの）は、愛知県半田市にある煉瓦造りの建築物（赤レンガ倉庫）である。
尾張戸神社,,35.2559774,137.0530299,愛知県,B,神社仏閣,
尾張広域緑道,,35.3459988,136.9296892,愛知県,C,その他,尾張広域緑道（おわりこういきりょくどう）は、愛知県尾張地方にある愛知県営の都市公園（緑道）。
富部神社,,35.1046188,136.9312605,愛知県,C,神社仏閣,富部神社（とべじんじゃ）は、愛知県名古屋市南区呼続にある神社。
冨吉建速神社・八劔社,,35.147455,136.7873739,愛知県,D,神社仏閣,冨吉建速神社・八劔社（とみよしたけはやじんじゃ・はちけんしゃ）は、愛知県海部郡蟹江町大字須成にある2つの神社。
武豊町歴史民俗資料館,,34.8557456,136.9147671,愛知県,E,美術館博物館,
文化のみち二葉館,,35.1803364,136.9186421,愛知県,C,その他,文化のみち二葉館（ぶんかのみちふたばかん）は、愛知県名古屋市東区橦木町にある展示施設。
碧南海浜水族館,,34.8801978,136.9818809,愛知県,C,美術館博物館,碧南海浜水族館（へきなんかいひんすいぞくかん）は、愛知県碧南市浜町の碧南市臨海公園内にある市立の水族館である。
碧南市臨海公園,,34.876066,136.9795229,愛知県,D,その他,碧南市臨海公園（へきなんしりんかいこうえん）は愛知県碧南市浜町にある都市公園（総合公園）である。
豊橋ハリストス正教会,,34.7680587,137.3940593,愛知県,C,その他,豊橋ハリストス正教会（とよはしハリストスせいきょうかい）は、日本ハリストス正教会に所属する正教会の教会である。
豊橋公園,,34.7688328,137.3950021,愛知県,C,その他,豊橋公園（とよはしこうえん）は、愛知県豊橋市中心部の今橋町にある城址公園である。
豊橋市二川宿本陣資料館,,34.7232613,137.4498905,愛知県,C,美術館博物館,
豊橋総合動植物公園,,34.7186393,137.4345744,愛知県,B,その他,豊橋総合動植物公園（とよはしそうごうどうしょくぶつこうえん）は、愛知県豊橋市大岩町にある動物園・植物園・自然史博物館・遊園地の4ゾーンで構成される複合施設。
豊川稲荷,,34.8257995,137.3927463,愛知県,B,神社仏閣,
豊田スタジアム,,35.0847024,137.1709105,愛知県,A,その他,豊田スタジアム（とよたスタジアム、英: TOYOTA Stadium）は、愛知県豊田市の豊田中央公園内にあるサッカー等球技専用スタジアム。
豊田市美術館,,35.080358,137.151802,愛知県,B,美術館博物館,
鳳来寺,,34.9787965,137.5862436,愛知県,B,神社仏閣,鳳来寺（ほうらいじ）は、愛知県新城市の鳳来寺山の山頂付近にある真言宗五智教団の寺院。
鳳来寺山,,34.9839984,137.582759,愛知県,B,自然,鳳来寺山（ほうらいじさん）は、愛知県新城市にある美濃三河高原の標高695 mの山。
牧野ヶ池緑地,,35.140413,137.0102754,愛知県,C,その他,牧野ヶ池緑地（まきのがいけりょくち）は愛知県名古屋市名東区（一部は天白区）にある愛知県営の都市公園（広域公園）である。
堀内公園,,34.9291569,137.0917357,愛知県,C,その他,堀内公園（ほりうちこうえん）は、愛知県安城市堀内町にある公園である。
名古屋海洋博物館・南極観測船ふじ,,35.0906642,136.8805282,愛知県,B,美術館博物館,
名古屋港,,35.0973085,136.8787112,愛知県,B,その他,名古屋港（なごやこう）は、愛知県名古屋市、東海市、知多市、弥富市、海部郡飛島村にまたがる港湾。
名古屋港シートレインランド,,35.0937292,136.8783002,愛知県,C,その他,名古屋港シートレインランド（なごやこうシートレインランド）は、愛知県名古屋市港区西倉町にある遊園地。
名古屋市科学館,,35.1648792,136.899362,愛知県,B,その他,名古屋市科学館（なごやしかがくかん）は、愛知県名古屋市中区の白川公園（芸術と科学の杜）内にある市立の科学館。
名古屋市市政資料館,,35.181226,136.910322,愛知県,B,美術館博物館,
名古屋市総合体育館,,35.0961375,136.9233347,愛知県,A,その他,名古屋市総合体育館（なごやしそうごうたいいくかん、Nagoya Civic General Gymnasium）は、愛知県名古屋市南区東又兵ヱ町にある屋内総合体育施設。
名古屋市農業文化園,,35.115398,136.8125,愛知県,E,美術館博物館,
名古屋市博物館,,35.1362632,136.9346022,愛知県,C,美術館博物館,名古屋市博物館（なごやしはくぶつかん）は、愛知県名古屋市瑞穂区にある歴史博物館。
名古屋市美術館,,35.1639392,136.9009813,愛知県,B,美術館博物館,名古屋市美術館（なごやしびじゅつかん、英語表記：Nagoya City Art Museum）は、愛知県名古屋市中区の白川公園（「芸術と科学の杜」）内にある美術館である。
名古屋市蓬左文庫,,35.183337,136.932571,愛知県,D,美術館博物館,
名古屋市民会館,,35.1456818,136.9020838,愛知県,B,その他,名古屋市民会館（なごやしみんかいかん）は、愛知県名古屋市中区にあるホールおよび会議室等による複合施設。
名古屋城,なごやじょう,35.1853191,136.899177,愛知県,A,城,金鯱で知られる徳川御三家筆頭尾張徳川家の居城。
名古屋東照宮,,35.1775431,136.899303,愛知県,B,神社仏閣,名古屋東照宮（なごやとうしょうぐう）は、愛知県名古屋市中区丸の内にある神社。
名古屋能楽堂,,35.1825054,136.8963488,愛知県,C,その他,名古屋能楽堂（なごやのうがくどう）は、愛知県名古屋市中区三の丸一丁目の名古屋城正門前にある能楽堂。
名城公園,,35.1891815,136.9018828,愛知県,C,その他,名城公園（めいじょうこうえん）は、愛知県名古屋市の名古屋城を中心とした城址公園。
名都美術館,,35.170843,137.038866,愛知県,C,美術館博物館,
明眼院,,35.1745216,136.8205037,愛知県,C,神社仏閣,明眼院（みょうげんいん）は、愛知県海部郡大治町にある天台宗の寺院である。
明治用水,,34.967528,137.0614922,愛知県,B,その他,明治用水（めいじようすい）は、愛知県の西三河地方南西部に農業用、工業用、上水道水の水を供給する用水である。
弥富市歴史民俗資料館,,35.1096821,136.7245703,愛知県,D,美術館博物館,
祐福寺,,35.0840346,137.0449813,愛知県,C,神社仏閣,祐福寺（ゆうふくじ）は、愛知県愛知郡東郷町にある浄土宗西山禅林寺派の寺院。
龍照院,,35.147488,136.7876259,愛知県,D,神社仏閣,龍照院（りゅうしょういん）は、愛知県海部郡蟹江町にある真言宗智山派の寺院。
龍洞院,,35.0708642,137.6990131,愛知県,E,神社仏閣,
蓮照寺,,35.2918106,136.7812026,愛知県,E,神社仏閣,
聚楽園公園,,35.0447132,136.9063508,愛知県,B,その他,聚楽園（しゅうらくえん）とは、実業家の山田才吉が営んでいた聚楽園旅館を中心とした敷地の名称、及びそこに端を発する愛知県東海市の聚楽園公園のこと。
聚楽園大仏,,35.043764,136.9040492,愛知県,B,その他,聚楽園大仏（しゅうらくえんだいぶつ）は、愛知県東海市荒尾町の聚楽園にある大仏である。
萬松寺,,35.1591189,136.904674,愛知県,B,神社仏閣,萬松寺（ばんしょうじ）は、愛知県名古屋市中区大須にある単立の寺院。
ナガシマスパーランド,,35.030999,136.7271874,三重県,A,その他,ナガシマスパーランド（英語: Nagashima Spa Land）は、三重県桑名市長島町浦安にある長島観光開発株式会社の運営する遊園地。
なばなの里,なばなのさと,35.0799063,136.7048647,三重県,B,その他,イルミネーションで知られる花のテーマパーク。
パラミタミュージアム,,35.012766,136.489875,三重県,B,美術館博物館,
マコンデ美術館,,34.490748,136.811637,三重県,C,美術館博物館,
ミキモト真珠島,,34.4831537,136.8469243,三重県,B,自然,ミキモト真珠島 （みきもとしんじゅしま、英: Mikimoto Pearl Island） は、三重県鳥羽市の鳥羽湾内に浮かぶ小島。
メナード青山リゾート,,34.5952098,136.2554502,三重県,C,その他,メナード青山リゾート（メナードあおやまリゾート）とは、日本メナード化粧品の関連施設のひとつで、同社が所有するリゾート施設である。
ルーブル彫刻美術館,,34.6764813,136.3492546,三重県,B,美術館博物館,ルーブル彫刻美術館（ルーブルちょうこくびじゅつかん）は、三重県津市白山町佐田にある美術館。
阿曽温泉,,34.3387218,136.4088648,三重県,C,温泉,阿曽温泉（あそおんせん）は、三重県度会郡大紀町阿曽にある温泉。
愛洲の館,,34.355392,136.702108,三重県,D,美術館博物館,
伊賀の里モクモク手づくりファーム,,34.856595,136.1845247,三重県,C,その他,伊賀の里モクモク手づくりファーム（いがのさとモクモクてづくりファーム）は三重県伊賀市にある、株式会社農業法人モクモクが運営する農業公園。
伊雑宮,,34.3801454,136.8099667,三重県,B,神社仏閣,伊雑宮（いざわのみや、正式名：伊雜宮）は、三重県志摩市磯部町上之郷にある神社。
伊勢河崎商人館,,34.4969394,136.7175261,三重県,D,美術館博物館,
伊勢現代美術館,,34.340491,136.6930334,三重県,D,美術館博物館,
伊勢志摩サミット記念館 サミエール,,34.3086789,136.818475,三重県,D,美術館博物館,
伊勢神宮(外宮・豊受大神宮),げくう,34.4873519,136.7036975,三重県,A,神社仏閣,衣食住の神・豊受大神を祀る、内宮とともに参拝される社。
伊勢神宮(内宮),いせじんぐう,34.4551,136.7256,三重県,A,神社仏閣,天照大御神を祀る日本の総氏神。
磯部の御神田,,34.3788338,136.8098309,三重県,C,その他,磯部の御神田（いそべのおみた）は、三重県志摩市の伊雑宮に伝わる民俗芸能の田楽。
英虞湾,あごわん,34.283792,136.789722,三重県,B,自然,真珠養殖発祥の地、リアス海岸の多島美。
猿田彦神社,,34.4673487,136.720861,三重県,B,神社仏閣,猿田彦神社（さるたひこじんじゃ）は、三重県伊勢市の伊勢神宮内宮の近くにある神社である。猿田彦大神と、その子孫の大田命を祭神とする。
横山展望台,,34.3222012,136.7864051,三重県,D,その他,横山展望台（よこやまてんぼうだい）は志摩半島南部の三重県志摩市阿児町鵜方にある標高203 mの横山に設置されている展望台。
加佐登神社,,34.9002177,136.527256,三重県,C,神社仏閣,
花の窟神社,,33.8798309,136.0933864,三重県,B,神社仏閣,
貨物鉄道博物館,,35.1234371,136.5189623,三重県,B,美術館博物館,
賀多神社,,34.4834073,136.8398608,三重県,D,神社仏閣,
海の博物館,,34.4493281,136.8995033,三重県,D,美術館博物館,
海山道神社,,34.943231,136.6217615,三重県,E,神社仏閣,
丸山千枚田,まるやませんまいだ,33.8753234,135.9538156,三重県,C,自然,約1300枚の田が連なる日本有数の規模を誇る棚田。
紀伊山地の霊場と参詣道,,33.7255829,135.9943078,三重県,B,自然,紀伊山地の霊場と参詣道（きいさんちのれいじょうとさんけいみち）は、和歌山県・奈良県・三重県にまたがる3つの霊場（吉野・大峰、熊野三山、高野山）と参詣道（熊野参詣道、大峯奥駈道、高野参詣道）を登録対象とする世界遺産（文化遺産）。
鬼ヶ城,,33.8902908,136.1163562,三重県,B,自然,
亀山パーキングエリア,,34.8682274,136.412627,三重県,C,その他,亀山パーキングエリア（かめやまパーキングエリア）は、三重県亀山市の東名阪自動車道上にあるパーキングエリアである。
亀山城,,34.8561202,136.4506127,三重県,B,城,
桐垣展望台,,34.2874687,136.8375924,三重県,D,自然,
金剛證寺,,34.4574108,136.7854963,三重県,B,神社仏閣,金剛證寺（こんごうしょうじ）は、三重県伊勢市朝熊町岳にある臨済宗南禅寺派の寺院。
熊野古道,くまのこどう,33.9365906,136.1535982,三重県,A,自然,世界遺産に登録された参詣道。
桑名宗社,,35.065445,136.6949612,三重県,C,神社仏閣,桑名宗社（くわなそうしゃ）は、三重県桑名市本町にある神社。
結城神社,,34.69759,136.5151695,三重県,C,神社仏閣,結城神社（ゆうきじんじゃ）は、三重県津市にある神社である。
月讀宮,,34.4732465,136.7284097,三重県,E,神社仏閣,
皇大神宮,,34.4590038,136.7229693,三重県,B,神社仏閣,皇大神宮（こうたいじんぐう）は、三重県伊勢市にある神社。
皇學館大学佐川記念神道博物館,,34.4841168,136.7260283,三重県,D,美術館博物館,
荒神山観音寺,,34.902721,136.5153906,三重県,D,神社仏閣,
香良洲神社,,34.6437734,136.5434141,三重県,C,神社仏閣,
佐美長神社,,34.3751822,136.8035844,三重県,C,神社仏閣,
斎宮歴史博物館,,34.5427346,136.6098221,三重県,C,美術館博物館,
三重県立美術館,,34.7345556,136.5025314,三重県,C,美術館博物館,三重県立美術館（みえけんりつびじゅつかん、英語: Mie Prefectural Art Museum）は三重県津市にある美術館である。
産田神社,,33.8807871,136.0796436,三重県,C,神社仏閣,
四日市市立博物館,,34.9679147,136.6156,三重県,C,美術館博物館,四日市市立博物館（よっかいちしりつはくぶつかん、英語: Yokkaichi Municipal Museum）は、三重県四日市市にある公立博物館。
志氐神社,,34.9907305,136.6328735,三重県,C,神社仏閣,
式年遷宮記念神宮美術館,,34.486637,136.723526,三重県,C,美術館博物館,
七里御浜,,33.7971383,136.0433279,三重県,C,その他,七里御浜（しちりみはま）は三重県の熊野市から紀宝町にかけてある、熊野灘に面した浜。
庄野宿資料館,,34.8845837,136.5256316,三重県,D,美術館博物館,
松阪農業公園ベルファーム,,34.580928,136.4805945,三重県,D,その他,松阪農業公園ベルファーム（まつさかのうぎょうこうえんベルファーム）は、三重県松阪市にある農業公園。
上野城,,34.7701912,136.1271284,三重県,B,城,
常聲寺,,34.0709618,136.1985709,三重県,E,神社仏閣,
新大仏寺,,34.7695723,136.2786674,三重県,C,神社仏閣,
澄懐堂美術館,,34.9652568,136.6180274,三重県,D,美術館博物館,
青山高原,,34.6897044,136.2760854,三重県,B,その他,青山高原（あおやまこうげん）は、布引山地の一部で三重県伊賀市東部から三重県津市西部にかけて広がる高原。
青蓮寺ダム,,34.5897378,136.1166881,三重県,C,その他,青蓮寺ダム（しょうれんじダム）は、三重県名張市青蓮寺地先、淀川水系木津川左支名張川の左支、青蓮寺川に位置するダムである。
積田神社,,34.6186482,136.1094307,三重県,E,神社仏閣,
川越電力館テラ46,,35.0117074,136.6898547,三重県,C,その他,川越電力館テラ46（かわごえでんりょくかんテラ46）は、三重県三重郡川越町にあるJERAが運営するPR展示施設。
村山龍平記念館,,34.4912284,136.6309173,三重県,D,美術館博物館,
多度大社,,35.1350353,136.6235934,三重県,B,神社仏閣,
太江寺,,34.5048364,136.7916793,三重県,D,神社仏閣,
大杉谷,おおすぎだに,34.253852,136.1916663,三重県,C,自然,日本三大渓谷の一つとされる宮川源流域の峡谷。
大内山動物園,,34.2751134,136.3693681,三重県,B,その他,
大仏山公園,,34.5191912,136.6521497,三重県,D,その他,大仏山公園（だいぶつやまこうえん）は、三重県伊勢市・多気郡明和町・度会郡玉城町にまたがる都市公園。
瀧原宮,,34.3669624,136.424161,三重県,B,神社仏閣,
丹生大師,,34.4782407,136.4922679,三重県,C,神社仏閣,
鳥羽マリンターミナル,,34.4903317,136.8449337,三重県,D,その他,鳥羽マリンターミナル（とばマリンターミナル）は、三重県鳥羽市鳥羽一丁目にある旅客船ターミナル。
鳥羽マルシェ,,34.4870877,136.8448389,三重県,D,その他,鳥羽マルシェ（とばマルシェ、Toba Marché）は、三重県鳥羽市鳥羽一丁目にある農水産物直売所と郷土料理を提供するレストランを併設した商業施設。
鳥羽水族館,,34.4819223,136.8453935,三重県,B,美術館博物館,鳥羽水族館（とばすいぞくかん、TOBA AQUARIUM）は、三重県鳥羽市に本拠地を置く、日本屈指の規模を誇る水族館である。
鳥居前町・門前町の伊勢,いせのおかげよこちょう,34.4624491,136.7229119,三重県,B,街並み,伊勢神宮参道に広がるおかげ横丁。
津なぎさまち,,34.7112027,136.5251459,三重県,C,その他,津なぎさまち（つなぎさまち）は、三重県津市の津松阪港にある港湾および商業施設である。
津観音,,34.720671,136.5131952,三重県,B,神社仏閣,
津城,,34.7173096,136.5072127,三重県,B,城,
椿大神社,,34.9630704,136.4530163,三重県,B,神社仏閣,椿大神社（つばきおおかみやしろ）は、三重県鈴鹿市にある神社。
田丸城跡,,34.4905956,136.6280537,三重県,B,城,
渡鹿野島,,34.3647048,136.8717243,三重県,A,その他,渡鹿野島（わたかのじま）は、三重県志摩市にある島で、伊勢志摩国立公園内に位置する。
都波岐神社・奈加等神社,,34.9014862,136.6012788,三重県,B,神社仏閣,
湯ノ口温泉,,33.8644006,135.8892602,三重県,C,温泉,湯ノ口温泉（ゆのくちおんせん）は、三重県熊野市（旧南牟婁郡紀和町、旧紀伊国）にある温泉。
道の駅 紀伊長島マンボウ,,34.2169516,136.3466673,三重県,C,自然,
道の駅パーク七里御浜,,33.804476,136.0434473,三重県,D,その他,道の駅パーク七里御浜（みちのえき パークしちりみはま）は、三重県南牟婁郡御浜町大字阿田和にある国道42号の道の駅である。
道の駅伊勢志摩,,34.3592791,136.7987608,三重県,D,その他,道の駅伊勢志摩（みちのえき いせしま）は、三重県志摩市磯部町穴川にある国道167号の道の駅である。
瀞峡,,33.913062,135.8948101,三重県,B,その他,瀞峡（どろきょう）は、和歌山県・三重県・奈良県を流れる熊野川水系北山川上流にある峡谷。
二見浦,,34.5091769,136.787739,三重県,B,その他,二見浦（ふたみがうら）は、三重県伊勢市二見町の今一色から立石崎に至る海岸。
二見興玉神社,,34.5083789,136.788353,三重県,B,神社仏閣,二見興玉神社（ふたみおきたまじんじゃ）は、三重県伊勢市二見町江にある神社である。
日向島,,34.505435,136.8353933,三重県,C,自然,日向島（ひなたじま）は、三重県鳥羽市小浜町の鳥羽湾にある無人島。
能褒野神社,,34.8855449,136.4833856,三重県,C,神社仏閣,
芭蕉翁記念館,,34.769935,136.129732,三重県,E,美術館博物館,
尾鷲神社,,34.0772838,136.1958256,三重県,D,神社仏閣,尾鷲神社（おわせじんじゃ）は、三重県尾鷲市北浦町12-5にある神社。
賓日館,,34.5080035,136.78425,三重県,C,その他,賓日館（ひんじつかん）は日本の三重県伊勢市二見町茶屋にある建築物。
福王神社,,35.0845429,136.4769576,三重県,D,神社仏閣,
北畠神社,,34.5189396,136.2990351,三重県,B,神社仏閣,北畠神社（きたばたけじんじゃ）は、三重県津市美杉町上多気にある神社。
本居宣長記念館,,34.5754349,136.5260625,三重県,C,美術館博物館,
霧山城,,34.5233031,136.2895689,三重県,B,城,
明合古墳,,34.7674169,136.4397326,三重県,C,その他,
木本神社,,33.89187,136.1066408,三重県,D,神社仏閣,
龍祥寺,,34.3326756,136.4119602,三重県,E,神社仏閣,
輪中の郷,,35.121618,136.688292,三重県,D,美術館博物館,
鈴鹿サーキット,,34.8461038,136.534256,三重県,A,その他,鈴鹿サーキット（すずかサーキット、Suzuka Circuit）は、三重県鈴鹿市にあるレーシングコースを中心としたレジャー施設。
鈴鹿青少年の森,,34.8500537,136.5348524,三重県,D,その他,鈴鹿青少年の森（すずかせいしょうねんのもり）は、三重県鈴鹿市住吉町南谷口にある三重県立の都市公園である。
六華苑,,35.0710229,136.6926525,三重県,B,その他,六華苑（ろっかえん）は、三重県桑名市大字桑名字鷹場663番の5にある名勝。
倭姬宮,,34.4852112,136.7233418,三重県,B,神社仏閣,
葭原神社,,34.4724955,136.7288446,三重県,C,神社仏閣,
ヴォーリズ記念館,,35.1398624,136.0946751,滋賀県,C,美術館博物館,ヴォーリズ記念館（ヴォーリズきねんかん）は、滋賀県近江八幡市慈恩寺町元11にある博物館。
びわこ大仏,,35.3677473,136.273824,滋賀県,C,その他,
びわこ文化公園,,34.9699607,135.9432161,滋賀県,C,その他,びわこ文化公園（びわこぶんかこうえん）は、滋賀県大津市の湖南丘陵（瀬田丘陵）に広がる滋賀県営の都市公園（総合公園）である。
びわ湖こどもの国,,35.3207018,136.076037,滋賀県,D,その他,びわ湖こどもの国（びわここどものくに）は、滋賀県高島市にある県立の児童厚生施設である。
びわ湖大津館,,35.0267149,135.8677429,滋賀県,B,その他,柳が崎湖畔公園 （やながさきこはんこうえん）は滋賀県大津市にある都市公園（総合公園）である。
ミホミュージアム,,34.9149,136.0161311,滋賀県,A,美術館博物館,
ヤンマーミュージアム,,35.3745626,136.2700826,滋賀県,C,美術館博物館,ヤンマーミュージアム（Yanmar Museum）は、滋賀県長浜市三和町に所在するヤンマーの博物館である。
ロクハ公園,,34.9973234,135.9690233,滋賀県,D,その他,ロクハ公園（ロクハこうえん）は、滋賀県草津市にある都市公園。
芦浦観音寺,,35.0594649,135.9549418,滋賀県,C,神社仏閣,芦浦観音寺（あしうらかんのんじ）は、滋賀県草津市にある天台宗の寺院。
安土城,,35.1542215,136.138625,滋賀県,A,その他,安土城（あづちじょう）は、琵琶湖東岸の、近江国蒲生郡安土山（現在の滋賀県近江八幡市安土町下豊浦）にあった日本の城（山城）。
伊吹山,,35.4177714,136.4062612,滋賀県,A,自然,"伊吹山（いぶきやま、いぶきさん）は、滋賀県と岐阜県の県境を南北に走る伊吹山地の主峰（最高峰）である、標高1,377 mの山。"
伊豆神社,,35.1110706,135.9207501,滋賀県,D,神社仏閣,
烏丸半島,,35.0730985,135.9392693,滋賀県,B,自然,烏丸半島（からすまはんとう）は、滋賀県草津市下物町（おろしもちょう）にある琵琶湖に突き出した半島である。
永源寺,,35.0805847,136.3199926,滋賀県,B,神社仏閣,
延暦寺,えんりゃくじ,35.095705,135.8468099,滋賀県,A,神社仏閣,比叡山にある天台宗の総本山。世界遺産。
海津大崎,,35.4490042,136.0875579,滋賀県,C,その他,海津大崎（かいづおおさき）は、滋賀県高島市マキノ町海津にある、琵琶湖にせり出した岩礁地帯。
海洋堂フィギュアミュージアム 黒壁,,35.3800079,136.2669039,滋賀県,D,美術館博物館,
楽々園,,35.2784673,136.252982,滋賀県,C,その他,楽々園（らくらくえん）は、滋賀県彦根市にある歴史的建造物と庭園および遺構。
観音正寺,,35.1521949,136.18259,滋賀県,B,神社仏閣,観音正寺（かんのんしょうじ）は、滋賀県近江八幡市安土町石寺にある天台宗系単立の寺院。
丸山古墳,,35.0741639,136.0412356,滋賀県,D,その他,
鬼室神社,,35.0299842,136.2844578,滋賀県,E,神社仏閣,
義仲寺,,35.0031657,135.8802883,滋賀県,B,神社仏閣,義仲寺（ぎちゅうじ）は、滋賀県大津市にある天台宗系単立の寺院。
旧今津郵便局,,35.4030211,136.0342206,滋賀県,D,その他,旧今津郵便局（きゅういまづゆうびんきょく）は、滋賀県高島市今津町今津1650-1にある歴史的建造物。
近江神宮,,35.0324396,135.8513091,滋賀県,B,神社仏閣,
近江聖人中江藤樹記念館,,35.3247237,136.031371,滋賀県,D,美術館博物館,
金剛輪寺,,35.1613064,136.2830122,滋賀県,B,神社仏閣,金剛輪寺（こんごうりんじ）は、滋賀県愛知郡愛荘町松尾寺にある天台宗の寺院。
栗東トレーニングセンター,,34.9951338,136.0076777,滋賀県,A,その他,栗東トレーニングセンター（りっとうトレーニングセンター）は、滋賀県栗東市にある、日本中央競馬会(JRA)の施設（トレーニングセンター）である。
栗東歴史民俗博物館,,35.017867,136.008833,滋賀県,E,美術館博物館,
建部大社,,34.9728257,135.9116949,滋賀県,B,神社仏閣,建部大社（たけべたいしゃ）は、滋賀県大津市神領にある神社。
幻案寺,,35.0027607,135.8608164,滋賀県,E,神社仏閣,
玄宮園,,35.2778501,136.2540987,滋賀県,C,その他,玄宮園（げんきゅうえん）は、滋賀県彦根市にある旧大名庭園。
己爾乃神社,,35.095075,135.9657207,滋賀県,D,神社仏閣,己爾乃神社（こじのじんじゃ）は滋賀県守山市洲本町に鎮座する神社である。
胡宮神社,,35.2152497,136.2866558,滋賀県,C,神社仏閣,胡宮神社（このみやじんじゃ）は、滋賀県犬上郡多賀町敏満寺にある神社。
御上神社,,35.049466,136.0268824,滋賀県,B,神社仏閣,
甲山古墳,,35.0746073,136.0401788,滋賀県,D,その他,
荒神山神社,,35.2335411,136.1978718,滋賀県,D,神社仏閣,
国友鉄砲の里資料館,,35.40896,136.282494,滋賀県,C,美術館博物館,
黒壁ガラス館,,35.3806834,136.2670771,滋賀県,D,その他,黒壁ガラス館（くろかべガラスかん）は、滋賀県長浜市の中心市街地黒壁スクエアにある、1900年（明治33年）に建てられた国立第百三十銀行長浜支店の跡を利用したガラスのアートギャラリーである。
今津ヴォーリズ資料館,,35.4020572,136.0356136,滋賀県,D,美術館博物館,今津ヴォーリズ資料館（いまづヴォーリズしりようかん）は、滋賀県高島市今津町にある博物館。
佐和山城,,35.2797906,136.2695383,滋賀県,A,城,
沙沙貴神社,,35.1369299,136.1344124,滋賀県,B,神社仏閣,沙沙貴神社（ささきじんじゃ）は、滋賀県近江八幡市安土町常楽寺にある神社。
三井寺（園城寺）,,35.0133901,135.8528467,滋賀県,A,神社仏閣,
三上山,,35.0505175,136.0375777,滋賀県,B,自然,三上山（みかみやま）は、滋賀県野洲市三上にある山。
三島池,,35.3735457,136.3581757,滋賀県,C,その他,三島池（みしまいけ）は、滋賀県米原市池下にある貯水池。
四番町スクエア,,35.2695939,136.2513229,滋賀県,C,その他,四番町スクエア（よんばんちょうスクエア）は、滋賀県彦根市本町にある商業施設。
姉川,,35.3946372,136.2231389,滋賀県,A,その他,姉川（あねがわ）は、日本の滋賀県北部を流れる淀川水系の一級河川。
滋賀サファリ博物館 (Shiga Safari Museum),,34.9182536,136.0875053,滋賀県,D,美術館博物館,
滋賀院,,35.0694651,135.8672138,滋賀県,C,神社仏閣,
滋賀県立安土城考古博物館,,35.1498771,136.1476387,滋賀県,C,美術館博物館,滋賀県立安土城考古博物館（しがけんりつあづちじょうこうこはくぶつかん）は滋賀県近江八幡市安土町下豊浦にある城郭と考古を主たるテーマとする登録博物館。
滋賀県立琵琶湖博物館,,35.0740346,135.9348308,滋賀県,B,美術館博物館,滋賀県立琵琶湖博物館（しがけんりつびわこはくぶつかん、英: Lake Biwa Museum）は、滋賀県草津市の琵琶湖湖岸烏丸半島にある県立の博物館。
滋賀県立美術館,,34.970511,135.942119,滋賀県,C,美術館博物館,
上坂神社,,35.4063871,136.3187001,滋賀県,E,神社仏閣,
神高槻神社,,35.4697339,136.2395966,滋賀県,E,神社仏閣,
須賀谷温泉,,35.454979,136.2817257,滋賀県,D,温泉,須賀谷温泉（すがたにおんせん）は、滋賀県長浜市須賀谷町にある温泉。
水口岡山城址,,34.9706804,136.1801297,滋賀県,B,その他,
水口城,,34.970464,136.164866,滋賀県,B,城,水口城（みなくちじょう）は、近江国甲賀郡水口村（現・滋賀県甲賀市水口町水口）にあった日本の城。
瑞龍寺,,35.1442784,136.0824889,滋賀県,B,神社仏閣,瑞龍寺（ずいりゅうじ）は、滋賀県近江八幡市宮内町にある日蓮宗の本山（由緒寺院）。山号はなく御所号「村雲御所」を冠する。
瀬田の唐橋,,34.9734202,135.9057056,滋賀県,B,その他,瀬田の唐橋（せたのからはし、瀬田唐橋〈せたからはし〉）は、滋賀県大津市瀬田-唐橋町の瀬田川に架かる橋である。
成田ふれあい牧場,,34.9076556,136.1601968,滋賀県,E,その他,成田ふれあい牧場（なりたふれあいぼくじょう）は、滋賀県甲賀市甲南町新治にある牧場である。
成田美術館,,35.374686,136.2688235,滋賀県,D,美術館博物館,
青土ダム,,34.9551222,136.3029227,滋賀県,B,その他,青土ダム（おおづちダム）は、 滋賀県甲賀市土山町青土の淀川水系野洲川に建設された洪水調節・上水道・工業用水を目的とした多目的ダムである。
石山寺,,34.9604102,135.9054905,滋賀県,B,神社仏閣,石山寺（いしやまでら）は、滋賀県大津市石山寺にある東寺真言宗の大本山の寺院。山号は石光山。
赤後寺,,35.4907982,136.2167659,滋賀県,D,神社仏閣,
総持寺,,35.3848216,136.2901212,滋賀県,D,神社仏閣,
草津市立水生植物公園みずの森,,35.073696,135.940407,滋賀県,C,自然,草津市立水生植物公園みずの森（くさつしりつすいせいしょくぶつこうえんみずのもり）は、滋賀県草津市の烏丸半島にある植物園である。
草津宿,,35.0220186,135.962108,滋賀県,B,その他,草津宿（くさつしゅく、くさつじゅく、くさつやど）は、近江国栗太郡にあった東海道五十三次の52番目の宿場で、中山道が合流する。
多賀大社,,35.2253067,136.2907722,滋賀県,B,神社仏閣,多賀大社（たがたいしゃ）は、滋賀県犬上郡多賀町多賀にある神社。
大笹原神社,,35.0765053,136.0658515,滋賀県,C,神社仏閣,大笹原神社（おおささはらじんじゃ）は、滋賀県野洲市大篠原にある神社。
大池寺,,34.9833909,136.1718834,滋賀県,C,神社仏閣,大池寺（だいちじ）は、滋賀県甲賀市水口町にある臨済宗妙心寺派の寺院。
大中の湖南遺跡,,35.1731034,136.131607,滋賀県,E,その他,
大津湖岸なぎさ公園,,34.9825902,135.9038173,滋賀県,C,その他,大津湖岸なぎさ公園（おおつこがんなぎさこうえん）は、滋賀県大津市の琵琶湖畔にある都市公園である。
大津市歴史博物館,,35.0154506,135.8527389,滋賀県,D,美術館博物館,大津市歴史博物館（おおつしれきしはくぶつかん）は、滋賀県大津市にある市立博物館である。
大洞弁財天,,35.2855952,136.2651636,滋賀県,C,神社仏閣,
竹生島,,35.4200558,136.1434507,滋賀県,A,その他,竹生島（ちくぶしま）は琵琶湖北部にある無人島で、全域が滋賀県長浜市早崎町に属する。
長等創作展示館・三橋節子美術館,,35.007309,135.857248,滋賀県,C,美術館博物館,
長浜旧開知学校,,35.3794553,136.2673518,滋賀県,D,自然,
長浜鉄道スクエア,,35.3767318,136.2658288,滋賀県,B,その他,長浜鉄道スクエア（ながはまてつどうスクエア）は、滋賀県長浜市にある長浜市立の鉄道保存展示施設。
長命寺,,35.1618037,136.0636665,滋賀県,B,神社仏閣,長命寺（ちょうめいじ）は、滋賀県近江八幡市長命寺町にある天台宗系単立の寺院。
天王山古墳,,35.0736107,136.0400421,滋賀県,E,その他,
都久夫須麻神社,,35.4205104,136.1442493,滋賀県,B,神社仏閣,
唐崎神社,,35.0473676,135.8743203,滋賀県,C,神社仏閣,
東海道石部宿歴史民俗資料館,,35.0048195,136.0454547,滋賀県,E,美術館博物館,
桃源寺,,35.001079,135.8874576,滋賀県,E,神社仏閣,
等波神社,,35.4962853,136.2366058,滋賀県,E,神社仏閣,
道の駅　あいとうマーガレットステーション,,35.1096665,136.2586997,滋賀県,D,自然,
道の駅草津,,35.0700349,135.9393437,滋賀県,D,その他,道の駅草津（みちのえき くさつ）は、滋賀県草津市下物町（おろしもちょう）にある滋賀県道559号近江八幡大津線の道の駅である。
道の駅藤樹の里あどがわ,,35.3263497,136.0297886,滋賀県,D,その他,道の駅藤樹の里あどがわ（みちのえき とうじゅのさと あどがわ）は、滋賀県高島市安曇川町青柳にある国道161号の道の駅である。
道の駅竜王かがみの里,,35.0858287,136.0788008,滋賀県,E,その他,道の駅竜王かがみの里（みちのえき りゅうおうかがみのさと）は、滋賀県蒲生郡竜王町大字鏡にある国道8号の道の駅である。
徳源院,,35.3453737,136.3881125,滋賀県,E,神社仏閣,
南郷水産センター,,34.9383616,135.9126504,滋賀県,C,その他,滋賀県南郷水産センター（しがけんなんごうすいさんセンター）は、滋賀県大津市にある魚のテーマパークである。
日吉大社,ひよしたいしゃ,35.0734444,135.8649722,滋賀県,C,神社仏閣,"全国3,800余りの日吉・日枝・山王神社の総本宮。"
日吉二宮神社,,35.3566499,136.0495436,滋賀県,E,神社仏閣,
日牟禮八幡宮,,35.1409512,136.0897235,滋賀県,B,神社仏閣,日牟禮八幡宮（ひむれはちまんぐう）は、滋賀県近江八幡市宮内町にある神社。旧社格は県社で、現在は神社本庁の別表神社。
白雲館,,35.1394566,136.0909047,滋賀県,D,その他,白雲館（はくうんかん）は、滋賀県近江八幡市為心町元9にある建築物。
白鬚神社,,35.2745838,136.0110627,滋賀県,B,神社仏閣,
八幡堀,,35.1396174,136.0880984,滋賀県,B,その他,八幡堀（はちまんぼり）は、滋賀県近江八幡市にある水路。
琵琶湖(近江舞子),びわこ,35.2358219,135.9590299,滋賀県,A,自然,日本最大の湖。
琵琶湖周航の歌資料館,,35.3975512,136.034474,滋賀県,D,美術館博物館,
琵琶湖疏水,,35.0120924,135.8574439,滋賀県,A,その他,琵琶湖疏水（びわこそすい）は、琵琶湖の湖水を滋賀県大津市から西隣の京都府京都市へ流すため、明治時代に作られた水路（疏水）である。
彦根城,ひこねじょう,35.2766,136.2518,滋賀県,A,城,国宝の天守が現存する井伊家の居城。
彦根城博物館,,35.2756622,136.2535276,滋賀県,C,美術館博物館,彦根城博物館（ひこねじょうはくぶつかん）は滋賀県彦根市金亀町にある彦根市立の歴史博物館。
百済寺,,35.1268551,136.2915151,滋賀県,B,神社仏閣,百済寺（ひゃくさいじ）は、滋賀県東近江市百済寺町にある天台宗の寺院。
苗村神社,,35.0680708,136.1377649,滋賀県,C,神社仏閣,苗村神社（なむらじんじゃ）は、滋賀県蒲生郡竜王町にある神社。
宝厳寺,,35.421126,136.1434975,滋賀県,B,神社仏閣,宝厳寺（ほうごんじ）は、滋賀県長浜市の竹生島にある真言宗豊山派の寺院。
本要寺,,35.0090491,135.8593332,滋賀県,E,神社仏閣,
埋木舎,,35.2756183,136.2565319,滋賀県,C,美術館博物館,
木之本地蔵院,,35.5061445,136.2260865,滋賀県,C,神社仏閣,木之本地蔵院 （きのもとじぞういん）は、滋賀県長浜市木之本町木之本にある時宗の寺院。
矢橋帰帆島,,35.0073592,135.9143164,滋賀県,B,自然,矢橋帰帆島（やばせきはんとう）は、滋賀県の琵琶湖にある島（人工島）である。
油日神社,,34.886703,136.2495738,滋賀県,C,神社仏閣,油日神社（あぶらひじんじゃ）は、滋賀県甲賀市甲賀町油日にある神社。
余呉湖,,35.529213,136.1995294,滋賀県,B,自然,余呉湖（よごこ、よごのうみ）は、滋賀県長浜市にある湖。
龍王寺,,35.0723334,136.1433969,滋賀県,D,神社仏閣,
龍遊館,,35.3811427,136.2684917,滋賀県,C,その他,龍遊館（かいようどうフィギュアミュージアムくろかべ りゅうゆうかん）は、滋賀県長浜市の黒壁スクエアにある株式会社海洋堂の商品をコンセプトにしたミュージアムである。
藁園神社,,35.351065,136.0525842,滋賀県,E,神社仏閣,
賤ヶ岳,,35.5060988,136.1931002,滋賀県,B,自然,賤ヶ岳（しずがたけ）は、滋賀県長浜市（旧伊香郡木之本町）にある標高421 mの山。
カトリック宮津教会,,35.535191,135.195096,京都府,D,その他,カトリック宮津教会（カトリックみやづきょうかい）は、京都府宮津市宮本にあるカトリックのキリスト教会。
きっづ光科学館ふぉとん (The Kids Science Museum of Photons),,34.7138345,135.8356644,京都府,D,美術館博物館,
けいはんな記念公園,,34.7453757,135.7748126,京都府,C,その他,けいはんな記念公園（けいはんなきねんこうえん）は、京都府相楽郡精華町にある都市公園（総合公園）である。
ちりめん街道,,35.5035949,135.0920876,京都府,C,その他,ちりめん街道（ちりめんかいどう）は、京都府与謝郡与謝野町加悦重要伝統的建造物群保存地区の通称。
ニンテンドーミュージアム,,34.8926461,135.7839979,京都府,B,その他,ニンテンドーミュージアム（英語: Nintendo Museum）は、京都府宇治市小倉町にある任天堂の資料館（企業博物館）。
るり渓温泉,,35.0329545,135.3980995,京都府,C,温泉,るり渓温泉（るりけいおんせん）は、京都府南丹市園部町大河内（旧国丹波国）にある温泉。
わち山野草の森,,35.2652432,135.3954784,京都府,E,その他,わち山野草の森（わちやまやそうのもり）は、京都府船井郡京丹波町にある公園。
わら天神宮,,35.0363354,135.7315296,京都府,C,神社仏閣,
愛宕神社,,35.0599954,135.6344724,京都府,B,神社仏閣,愛宕神社（あたごじんじゃ）は、京都市右京区嵯峨愛宕町にある神社。旧称は阿多古神社。
安祥寺,,34.9961834,135.8156823,京都府,C,神社仏閣,
安積親王陵墓,,34.7971861,135.8992682,京都府,D,その他,
鞍岡神社,,34.7766021,135.786268,京都府,D,神社仏閣,
鞍馬山,,35.123865,135.7715628,京都府,B,自然,鞍馬山（くらまやま）は、京都府京都市左京区にある山。
鞍馬寺,くらまでら,35.1180611,135.7707417,京都府,B,神社仏閣,牛若丸(源義経)修行の地と伝わる鞍馬山の山岳寺院。
伊根の舟屋群,いねのふなやぐん,35.6749398,135.2894367,京都府,C,街並み,1階が船着場になった舟屋が湾沿いに並ぶ漁村集落。
一休寺(酬恩庵),いっきゅうじ,34.8205859,135.7575733,京都府,C,神社仏閣,とんちで有名な一休宗純が晩年を過ごした禅寺。
稲植神社,,34.7542949,135.7861575,京都府,D,神社仏閣,
宇治市源氏物語ミュージアム,,34.894103,135.810169,京都府,B,美術館博物館,
宇治市植物公園,,34.8713575,135.7951582,京都府,C,その他,宇治市植物公園（うじししょくぶつこうえん）とは、京都府宇治市にある植物園である。
宇治上神社,,34.8920436,135.8114973,京都府,B,神社仏閣,宇治上神社（うじがみじんじゃ/うじかみじんじゃ）は、京都府宇治市宇治山田にある神社。式内社で、旧社格は村社。
浦嶋神社,,35.7289933,135.2578485,京都府,C,神社仏閣,
延仁寺,,34.9835033,135.783207,京都府,E,神社仏閣,
猿丸神社,,34.8798013,135.883402,京都府,D,神社仏閣,猿丸神社（さるまるじんじゃ）は、京都府綴喜郡宇治田原町にある神社。
岡崎別院,,35.0173095,135.7881352,京都府,E,神社仏閣,
岡田鴨神社,,34.7615288,135.8763831,京都府,C,神社仏閣,
下鴨神社,,35.0369731,135.7727345,京都府,A,神社仏閣,
化野念仏寺,,35.026916,135.664627,京都府,B,神社仏閣,
戒光寺,,34.9808593,135.7780756,京都府,C,神社仏閣,
海軍記念館,,35.475204,135.3720502,京都府,C,美術館博物館,
海住山寺,,34.7770479,135.862138,京都府,B,神社仏閣,海住山寺（かいじゅうせんじ）は、京都府木津川市加茂町例幣海住山にある真言宗智山派の寺院。
蟹満寺,,34.7862514,135.8162305,京都府,C,神社仏閣,
笠置寺,,34.7539952,135.9423424,京都府,C,神社仏閣,
関西電力宮津エネルギー研究所・丹後魚っ知館,,35.5564407,135.2549984,京都府,C,その他,
岩屋寺,,34.9689324,135.7960317,京都府,C,神社仏閣,
岩屋神社,,34.9699991,135.8263424,京都府,C,神社仏閣,
岩船寺,,34.7199045,135.886066,京都府,B,神社仏閣,岩船寺（がんせんじ）は、京都府木津川市加茂町岩船にある真言律宗の寺院。
貴船神社,,35.1218145,135.7629968,京都府,B,神社仏閣,
祇園,ぎおん,35.0046897,135.778403,京都府,A,街並み,花見小路や舞妓で知られる京都を代表する花街・繁華街。
吉田神社,,35.0243784,135.7845746,京都府,B,神社仏閣,吉田神社（よしだじんじゃ）は、京都市左京区吉田神楽岡町にある神社。吉田山に位置する。
久美浜湾,,35.6256394,134.908222,京都府,B,その他,久美浜湾（くみはまわん）は、京都府京丹後市の日本海沿いに広がる潟湖（せきこ）。
京都ギリシアローマ美術館,,35.0487963,135.7715007,京都府,D,美術館博物館,
京都タワー,,34.9875524,135.7593295,京都府,A,自然,
京都競馬場,,34.9060686,135.7213334,京都府,A,その他,京都競馬場（きょうとけいばじょう、英: Kyoto Racecourse）は、京都府京都市伏見区葭島渡場島町にある競馬場。
京都芸術センター,,35.005437,135.7582688,京都府,C,美術館博物館,
京都御所,きょうとごしょ,35.0252778,135.7622222,京都府,A,その他,明治まで天皇の住まいであった京都のシンボル的皇室施設。
京都市学校歴史博物館,,35.0007007,135.7657254,京都府,E,美術館博物館,
京都市考古資料館,,35.030006,135.749673,京都府,C,美術館博物館,
京都市動物園,,35.0124233,135.7874295,京都府,B,その他,京都市動物園（きょうとしどうぶつえん）は、京都府京都市左京区岡崎の岡崎公園にある動物園である。
京都市歴史資料館,,35.0191504,135.7676014,京都府,E,美術館博物館,
京都水族館,,34.9874543,135.7473918,京都府,B,美術館博物館,京都水族館（きょうとすいぞくかん、英語表記: Kyoto Aquarium）は、京都府京都市下京区の梅小路公園内にある水族館である。
京都鉄道博物館,,34.9864403,135.7429662,京都府,A,美術館博物館,京都鉄道博物館（きょうとてつどうはくぶつかん、英: Kyoto Railway Museum）は、京都府京都市下京区の梅小路公園内にある鉄道博物館である。
京都府立京都学・歴彩館,,35.048913,135.767382,京都府,C,美術館博物館,京都府立京都学・歴彩館（きょうとふりつきょうとがく・れきさいかん）は京都府京都市左京区にある図書館・文書館・博物館、また京都府立大学の付属図書館及び教室・講義室の機能を兼ね備えた総合文化施設である。
京都府立山城郷土資料館（ふるさとミュージアム山城）,,34.752137,135.833867,京都府,D,美術館博物館,
京都府立植物園,,35.0465822,135.7613977,京都府,B,その他,京都府立植物園（きょうとふりつしょくぶつえん、英語: Kyoto Botanical Gardens）は、京都市左京区にある植物園である。
京都府立丹波自然運動公園,,35.1652666,135.4161471,京都府,D,その他,京都府立丹波自然運動公園（きょうとふりつ たんばしぜんうんどうこうえん）は、京都府船井郡京丹波町（旧丹波町）の国道9号沿いに位置している都市公園（広域公園）である。
京都府立陶板名画の庭,,35.0507901,135.7654696,京都府,C,美術館博物館,京都府立陶板名画の庭（きょうとふりつとうばんめいがのにわ）は、京都市左京区下鴨にあり、古今の名画を陶器の板に転写して展示している、屋外美術館である。
興正寺,,34.9897313,135.7524615,京都府,E,神社仏閣,
興聖寺,,35.0364331,135.7502352,京都府,C,神社仏閣,
錦市場,,35.0050274,135.7654758,京都府,B,その他,錦市場（にしき いちば、英語: Nishiki Market）は、京都府京都市中京区のほぼ中央に位置する錦小路通のうち、「寺町通 - 高倉通」間に存在する食品販売中心の商店街である。
琴引浜,,35.7028057,135.0509838,京都府,C,その他,琴引浜（ことひきはま）は、丹後天橋立大江山国定公園の丹後半島海岸地区の一部で、京都府京丹後市網野町掛津地区および遊地区にまたがる海岸線の砂浜である。
琴引浜鳴き砂文化館,,35.6975246,135.0571412,京都府,D,美術館博物館,
金戒光明寺,,35.0194721,135.7884216,京都府,B,神社仏閣,
金閣寺(鹿苑寺),きんかくじ,35.0394,135.7292,京都府,A,神社仏閣,金箔に覆われた舎利殿が池に映える世界遺産。
金胎寺,,34.8300319,135.9091113,京都府,C,神社仏閣,
金地院,,35.0103662,135.7905,京都府,B,神社仏閣,
銀閣寺(慈照寺),ぎんかくじ,35.026875,135.79825,京都府,A,神社仏閣,足利義政が造営した侘び寂びを体現する世界遺産の寺院。
九手神社,,35.1777602,135.3956052,京都府,D,神社仏閣,
鍬山神社,,34.9976674,135.5783015,京都府,C,神社仏閣,鍬山神社（くわやまじんじゃ）は、京都府亀岡市上矢田町にある神社。
恵心院,,35.0948438,135.8515128,京都府,B,神社仏閣,恵心院（えしんいん）は、京都府宇治市にある真言宗智山派の寺院。
桂離宮,かつらりきゅう,34.9839439,135.7102737,京都府,B,その他,「桂離宮の美」で知られる江戸期の代表的な回遊式庭園。
経ヶ岬,,35.7788349,135.2229058,京都府,B,自然,経ヶ岬（きょうがみさき）は、京都府京丹後市丹後町袖志に属し、日本海（若狭湾西部）に面する岬。
穴太寺,,35.0062257,135.5493533,京都府,B,神社仏閣,穴太寺（あなおじ）は、京都府亀岡市曽我部町穴太東辻にある天台宗の寺院。
月読神社,,34.9965339,135.6860518,京都府,B,神社仏閣,月読神社（つきよみじんじゃ、月讀神社）は、京都市西京区にある神社。式内社（名神大社）で、現在は松尾大社摂社。
建仁寺,,35.0001782,135.7746022,京都府,B,神社仏閣,建仁寺（けんにんじ）は、京都市東山区にある臨済宗建仁寺派の大本山の寺院。山号は東山（とうざん）。
元慶寺,,34.9886162,135.8011578,京都府,B,神社仏閣,
五山送り火,,35.0431085,135.7313479,京都府,B,その他,五山送り火（ござんのおくりび）(京都五山送り火とも言う）は、毎年8月16日に京都府京都市左京区にある如意ヶ嶽（大文字山）などで行われるかがり火。
五智山蓮華寺,,35.030666,135.6988614,京都府,C,神社仏閣,
光悦寺,,35.0535234,135.7301872,京都府,E,神社仏閣,
向日神社,,34.9441809,135.7001897,京都府,B,神社仏閣,向日神社（むこうじんじゃ）は、京都府向日市向日町北山にある神社。
高山寺,,35.0604829,135.6777774,京都府,B,神社仏閣,高山寺（こうざんじ、こうさんじ）は、京都市右京区梅ヶ畑栂尾町（とがのおちょう）にある真言宗系単立の寺院。山号は栂尾山。
高台寺,,35.0003229,135.781354,京都府,B,神社仏閣,
高麗美術館,,35.0543369,135.7508317,京都府,D,美術館博物館,
国立京都国際会館,,35.0617374,135.7823273,京都府,B,その他,国立京都国際会館（こくりつきょうとこくさいかいかん、英語：Kyoto International Conference Center、略称：ICC Kyoto）は、日本の国際会議施設の一つ。
今宮神社,,35.0456879,135.7420947,京都府,B,神社仏閣,今宮神社（いまみやじんじゃ）は、京都市北区紫野今宮町にある神社。社格は旧府社。
細見美術館,,35.0137793,135.7796211,京都府,B,美術館博物館,
三鈷寺,,34.9402167,135.6450565,京都府,C,神社仏閣,
三室戸寺,,34.8997569,135.8183283,京都府,B,神社仏閣,三室戸寺（みむろとじ）は、京都府宇治市にある本山修験宗の別格本山の寺院。山号は明星山。
三十三間堂,,34.9879926,135.7717834,京都府,A,神社仏閣,三十三間堂（さんじゅうさんげんどう）は、京都市東山区三十三間堂廻町にある天台宗の寺院。本尊は千手観音。
三千院,,35.1195241,135.8350497,京都府,B,神社仏閣,三千院（さんぜんいん）は、京都市左京区大原来迎院町にある天台宗の寺院。山号は魚山（ぎょざん）。
三段池公園,,35.3170781,135.1374824,京都府,D,その他,三段池公園（さんだんいけこうえん）は、京都府福知山市にある都市公園（総合公園）である。
傘松公園,,35.5863367,135.1959354,京都府,C,その他,傘松公園（かさまつこうえん）は、京都府宮津市にある公園。
山科神社,,34.9685829,135.7955555,京都府,C,神社仏閣,
山科聖天,,35.0019207,135.8175864,京都府,D,神社仏閣,
山崎聖天(観音寺),,34.898062,135.6821534,京都府,C,神社仏閣,
私市円山古墳,,35.3147553,135.1967494,京都府,C,その他,
寺戸大塚古墳,,34.9558401,135.6888801,京都府,D,その他,
質志鍾乳洞,,35.2373776,135.3200583,京都府,C,自然,質志鍾乳洞（しづし しょうにゅうどう）は、京都府船井郡京丹波町質志（しづし）にある鍾乳洞。
篠村八幡宮,,35.0022707,135.6112775,京都府,B,神社仏閣,
若一神社,,34.9843858,135.7329078,京都府,C,神社仏閣,
寂光院,,35.12399,135.820763,京都府,B,神社仏閣,寂光院（じゃっこういん）は、京都市左京区大原にある天台宗の寺院（尼寺）。山号は清香山。
首途八幡宮,,35.0304068,135.7463148,京都府,C,神社仏閣,
宗林寺,,35.0022513,135.7816627,京都府,C,神社仏閣,
修学院離宮,しゅがくいんりきゅう,35.0536881,135.8015275,京都府,C,その他,比叡山麓に広がる後水尾上皇造営の雄大な借景庭園。
住吉大伴神社,,35.0316822,135.7170601,京都府,C,神社仏閣,
祝園神社,,34.7680891,135.8015312,京都府,C,神社仏閣,
出雲大神宮,,35.0582291,135.5782495,京都府,B,神社仏閣,出雲大神宮（いずもだいじんぐう）は、京都府亀岡市にある神社。
勝龍寺,,34.9361911,135.7634818,京都府,D,神社仏閣,勝龍寺（しょうりゅうじ）は、京都府長岡京市勝竜寺にある真言三宝宗の寺院。
小天橋,,35.5580408,135.1854989,京都府,C,その他,小天橋（しょうてんきょう）は、京都府京丹後市久美浜町湊宮にある長さ約3キロメートルの砂州。
松尾大社,,35.0001848,135.6852975,京都府,A,神社仏閣,
渉成園,,34.9913824,135.7625731,京都府,B,その他,渉成園（しょうせいえん）は、京都府京都市下京区にある真宗大谷派の本山・真宗本廟（東本願寺）の飛地境内地。
上賀茂神社,,35.0603405,135.7525539,京都府,A,神社仏閣,
上御霊神社,,35.0365172,135.7614034,京都府,B,神社仏閣,上御霊神社（かみごりょうじんじゃ）は、京都市上京区上御霊竪町にある神社。旧社格は府社。
上津屋橋,,34.8918669,135.7473493,京都府,B,その他,上津屋橋（こうづやばし）は、京都府久世郡久御山町と八幡市を結ぶ木津川に架けられた木橋。
常照皇寺,,35.2009218,135.6852656,京都府,C,神社仏閣,常照皇寺（じょうしょうこうじ）は、京都市右京区にある臨済宗天龍寺派の寺院。
常念寺,,34.7471584,135.8707385,京都府,D,神社仏閣,
常林寺,,35.0295083,135.7730241,京都府,D,神社仏閣,
浄瑠璃寺,じょうるりじ,34.7156634,135.8730739,京都府,C,神社仏閣,九体の阿弥陀如来像を安置する国宝本堂を持つ古寺。
新熊野神社 (Imakumano Shrine),,34.9846664,135.7736863,京都府,C,神社仏閣,
真正極楽寺,,35.0213287,135.7892854,京都府,B,神社仏閣,
神護寺,,35.0544255,135.6698692,京都府,B,神社仏閣,
神泉苑,,35.0114436,135.7481264,京都府,B,神社仏閣,神泉苑（しんせんえん）は、京都市中京区門前町にある東寺真言宗の寺院。本尊は聖観音。
仁和寺,,35.0297494,135.7140311,京都府,A,神社仏閣,仁和寺（にんなじ）は、京都市右京区御室大内にある真言宗御室派の総本山の寺院。山号は大内山。
壬生寺,,35.0018382,135.7435526,京都府,B,神社仏閣,壬生寺（みぶでら）は、京都市中京区壬生梛ノ宮町にある律宗の大本山の寺院。山号はなし。
崇道神社,,35.0656428,135.8006663,京都府,E,神社仏閣,
崇徳天皇御廟,,35.001378,135.7763475,京都府,D,神社仏閣,崇徳天皇（すとくてんのう、旧字体: 崇德天皇、1119年7月7日〈元永2年5月28日〉- 1164年9月14日〈長寛2年8月26日〉）は、日本の第75代天皇（在位: 1123...
成相寺,,35.5943039,135.1877359,京都府,B,神社仏閣,成相寺（なりあいじ）は、京都府宮津市成相寺にある橋立真言宗の寺院。
正道官衙遺跡,,34.8601641,135.7844761,京都府,C,その他,正道官衙遺跡（しょうどうかんがいせき）は、京都府城陽市寺田正道にある大規模な複合遺跡。
清水寺,きよみずでら,34.9949,135.785,京都府,A,神社仏閣,「清水の舞台」で有名な世界遺産の寺院。
清凉寺,,35.0235725,135.6744762,京都府,B,神社仏閣,清凉寺（せいりょうじ）は、京都市右京区嵯峨釈迦堂藤ノ木町にある浄土宗の寺院。山号は五台山（ごだいさん）。
聖護院門跡,,35.01908,135.7806399,京都府,B,神社仏閣,
西本願寺,,34.991585,135.7510539,京都府,A,神社仏閣,
西明寺,,35.0572308,135.6747987,京都府,C,神社仏閣,
青蓮院,,35.0074835,135.7833712,京都府,B,神社仏閣,
石清水八幡宮,,34.8797343,135.7000516,京都府,A,神社仏閣,
石峰寺,,34.9647195,135.774862,京都府,C,神社仏閣,
赤れんが博物館,,35.4760675,135.3874409,京都府,C,美術館博物館,赤れんが博物館（あかれんがはくぶつかん）は京都府舞鶴市にある、レンガについて様々な視点からの収集・展示を行っている博物館。
専修寺,,35.0652915,135.7730399,京都府,D,神社仏閣,
善峯寺,,34.9384086,135.64429,京都府,B,神社仏閣,善峯寺（よしみねでら）は、京都市西京区にある善峰観音宗の本山の寺院。山号は西山。
相国寺,,35.0325994,135.761858,京都府,B,神社仏閣,相国寺（しょうこくじ）は、京都市上京区相国寺門前町にある臨済宗相国寺派の大本山の寺院。山号は萬年山（まんねんざん）。
即成院,,34.9819286,135.7769499,京都府,C,神社仏閣,
苔寺(西芳寺),こけでら,34.9919611,135.6833139,京都府,A,神社仏閣,一面の苔庭で知られる世界遺産の枯山水・池泉回遊式庭園。
大雲院,,35.0021092,135.7800589,京都府,B,神社仏閣,大雲院（だいうんいん）は、京都市東山区祇園町にある浄土宗系単立の寺院。山号は龍池山。
大覚寺,,35.0286469,135.6794868,京都府,B,神社仏閣,大覚寺（だいかくじ）は、京都市右京区嵯峨大沢町にある真言宗大覚寺派の大本山の寺院。山号は嵯峨山。
大江山,,35.4535447,135.1067479,京都府,B,自然,大江山（おおえやま）は京都府丹後半島の付け根に位置し与謝野町、福知山市、宮津市にまたがる連山である。
大谷大学博物館,,35.041835,135.758486,京都府,E,美術館博物館,
大徳寺,だいとくじ,35.0427917,135.7465517,京都府,B,神社仏閣,千利休ゆかりの塔頭が集まる臨済宗大徳寺派の大本山。
大念寺,,34.8944128,135.6803556,京都府,D,神社仏閣,
大悲閣山 千光寺,,35.0157751,135.6655983,京都府,C,神社仏閣,
大妙寺,,34.9714528,135.6871774,京都府,E,神社仏閣,
醍醐寺,だいごじ,34.9515,135.8217778,京都府,A,神社仏閣,豊臣秀吉の「醍醐の花見」で知られる世界遺産の古刹。
丹後大仏,,35.7079119,135.2419554,京都府,D,その他,
知恩院,,35.0055155,135.78324,京都府,B,神社仏閣,知恩院（ちおんいん）は、京都市東山区林下町にある浄土宗の総本山の寺院。山号は華頂山（かちょうざん）。
智積院,,34.9879368,135.7768287,京都府,B,神社仏閣,智積院（ちしゃくいん）は、京都市東山区にある真言宗智山派の総本山の寺院。山号は五百佛山（いおぶさん）。
長岡天満宮,,34.9238997,135.6874555,京都府,B,神社仏閣,長岡天満宮（ながおかてんまんぐう）は、京都府長岡京市天神にある神社。
長建寺,,34.9282364,135.7608881,京都府,C,神社仏閣,
長源寺,,35.0807482,135.7881559,京都府,D,神社仏閣,
頂法寺,,35.0076246,135.7603754,京都府,B,神社仏閣,
直指庵,,35.0342319,135.6773957,京都府,C,神社仏閣,
天ヶ瀬ダム,,34.880175,135.8270323,京都府,B,その他,天ヶ瀬ダム（あまがせダム）は、京都府宇治市にある、一級河川・淀川本川中流部、通称宇治川に建設されたダムである。
天王山,,34.9018536,135.6763013,京都府,B,自然,天王山（てんのうざん）は、京都府乙訓郡大山崎町の山。
天橋立,あまのはしだて,35.5697,135.1907,京都府,A,自然,股のぞきで有名な日本三景の砂嘴。
天橋立ビューランド,,35.5531496,135.1819174,京都府,C,自然,
天橋立神社,,35.5634345,135.1878317,京都府,A,神社仏閣,
天龍寺,,35.0161665,135.6746179,京都府,A,神社仏閣,天龍寺（てんりゅうじ）は、京都市右京区嵯峨天龍寺芒ノ馬場町にある臨済宗天龍寺派の大本山の寺院。山号は霊亀山（れいぎざん）。
東映太秦映画村,とうえいうずまさえいがむら,35.0164642,135.7082061,京都府,C,その他,時代劇のオープンセットを公開する映画テーマパーク。
東寺(教王護国寺),とうじ,34.9803611,135.7476944,京都府,A,神社仏閣,京都のシンボル五重塔がそびえる世界遺産の古刹。
東福寺,とうふくじ,34.97705,135.7740944,京都府,B,神社仏閣,通天橋からの紅葉で名高い臨済宗の大本山。
東本願寺,,34.9913887,135.7583906,京都府,A,神社仏閣,東本願寺（ひがしほんがんじ）は、京都市下京区にある真宗大谷派の本山の寺院。山号はなし。
等持院,,35.0312675,135.7239839,京都府,B,神社仏閣,
藤井斉成会有鄰館,,35.0116305,135.7812083,京都府,C,美術館博物館,
藤森神社,,34.9503499,135.7714799,京都府,B,神社仏閣,藤森神社（ふじのもりじんじゃ）は、京都市伏見区深草にある神社。旧社格は府社。
堂本印象美術館,,35.035166,135.726055,京都府,C,美術館博物館,
道の駅スプリングスひよし,,35.1527837,135.5158304,京都府,C,その他,道の駅スプリングスひよし（みちのえき スプリングスひよし）は、京都府南丹市日吉町中宮ノ向にある京都府道19号園部平屋線の道の駅である。
南座,,35.0034915,135.7724206,京都府,B,その他,南座（みなみざ）は、京都府京都市東山区にある劇場。
南禅寺,なんぜんじ,35.0119833,135.7943889,京都府,A,神社仏閣,水路閣(レンガ造アーチ橋)で知られる臨済宗大本山の禅寺。
二条城,にじょうじょう,35.0141556,135.7475,京都府,A,城,徳川家康が築いた平城で、大政奉還の舞台となった世界遺産。
日本の鬼の交流博物館,,35.4589881,135.1445286,京都府,C,美術館博物館,日本の鬼の交流博物館（にほんのおにのこうりゅうはくぶつかん）は、京都府福知山市大江町仏性寺909にある鬼伝説をテーマとする博物館。
梅小路公園,,34.987542,135.746716,京都府,B,その他,梅小路公園（うめこうじこうえん）は、京都府京都市下京区観喜寺町、八条坊門町、梅小路頭町にまたがる市営の都市公園（総合公園）である。
白峯神宮,,35.0302768,135.753149,京都府,B,神社仏閣,
八坂神社,,35.0034854,135.778387,京都府,A,神社仏閣,八坂神社（やさかじんじゃ）は、京都府京都市東山区祇園町北側にある神社。二十二社（下八社）の一社。
八大神社,,35.0703702,135.9876838,京都府,C,神社仏閣,八大神社（はちだいじんじゃ）は、京都府京都市左京区一乗寺松原町にある神社。
隼上り瓦窯跡,,34.9063906,135.809648,京都府,E,その他,
悲田院,,34.9794638,135.7768514,京都府,E,神社仏閣,
飛行神社,,34.8838204,135.7033872,京都府,B,神社仏閣,飛行神社（ひこうじんじゃ）は京都府八幡市にある神社。
美山かやぶきの里,みやまかやぶきのさと,35.3122219,135.6230164,京都府,D,街並み,茅葺き屋根の民家が集まる山村、重要伝統的建造物群。
武埴安彦破斬旧跡,,34.7646868,135.8014889,京都府,D,その他,
舞鶴引揚記念館,,35.5094616,135.3966287,京都府,B,その他,舞鶴引揚記念館（まいづるひきあげきねんかん、英語：Maizuru Repatriation Memorial Museum）は、京都府舞鶴市にある博物館指定施設である。
舞鶴自然文化園,,35.5374835,135.3961837,京都府,D,その他,"舞鶴自然文化園（まいづるしぜんぶんかえん）は、約1,500種3万本のツバキ園や、100種10万本のアジサイ園が整備された都市公園（風致公園）である。"
舞鶴湾,,35.4929795,135.364244,京都府,B,その他,舞鶴湾（まいづるわん）は、京都府舞鶴市の海岸の地形を形成する湾。
風俗博物館,,34.993226,135.753275,京都府,C,美術館博物館,
伏見稲荷大社,ふしみいなりたいしゃ,34.9671,135.7727,京都府,A,神社仏閣,千本鳥居が連なる稲荷神社の総本宮。
福王子神社,,35.0288914,135.7090156,京都府,C,神社仏閣,
福知山市佐藤太清記念美術館,,35.2974715,135.1302325,京都府,D,美術館博物館,
福知山市動物園,,35.3105849,135.1386456,京都府,C,その他,福知山市動物園（ふくちやましどうぶつえん）は、京都府福知山市の三段池公園内にある動物園。
福知山城,,35.2968244,135.1295995,京都府,B,城,
平安神宮,,35.016171,135.7828996,京都府,A,神社仏閣,平安神宮（へいあんじんぐう）は、京都市左京区にある神社。
平等院,びょうどういん,34.8895001,135.8074525,京都府,A,神社仏閣,10円硬貨のデザインで有名な鳳凰堂を擁する世界遺産。
平等寺,,34.9994893,135.7602802,京都府,B,神社仏閣,
平野神社,,35.032364,135.7325114,京都府,B,神社仏閣,平野神社（ひらのじんじゃ）は、京都市北区平野宮本町にある神社。式内社（名神大社）で、二十二社（上七社）の一社。
保津峡,,35.0172495,135.5869251,京都府,B,自然,保津峡（ほづきょう）は、京都府亀岡市から京都市右京区嵐山の渡月橋に至る保津川（桂川） の渓谷である。
報恩寺,,35.0331258,135.7530118,京都府,C,神社仏閣,
宝が池公園,,35.0619382,135.7791114,京都府,B,その他,宝が池公園（たからがいけこうえん）は、京都府京都市左京区にある公園。
宝泉院,,35.1213608,135.8326856,京都府,B,神社仏閣,
宝塔寺,,34.9628274,135.7756336,京都府,C,神社仏閣,
宝筐院,,35.0224901,135.6735427,京都府,C,神社仏閣,
法音院,,34.9807783,135.777505,京都府,D,神社仏閣,
法観寺,,34.9985414,135.7793482,京都府,B,神社仏閣,法観寺（ほうかんじ）は、京都市東山区八坂上町にある臨済宗建仁寺派の寺院。山号は霊応山。
法然寺,,35.018265,135.675168,京都府,C,神社仏閣,
豊国神社,,34.9913418,135.7723519,京都府,B,神社仏閣,
豊受大神社,,35.4019918,135.1504727,京都府,C,神社仏閣,豊受大神社（とゆけだいじんじゃ）は、京都府福知山市大江町天田内にある神社。
北村美術館,,35.0280439,135.7703404,京都府,C,美術館博物館,
北野天満宮,,35.0302384,135.7348654,京都府,A,神社仏閣,北野天満宮（きたのてんまんぐう、英: Kitano-Tenmangu Shrine）は、京都市上京区にある神社（天満宮）。二十二社（下八社）の一社。
本法寺,,35.0350543,135.7522199,京都府,B,神社仏閣,
本隆寺,,35.0317811,135.7464664,京都府,E,神社仏閣,
本圀寺,,34.9992115,135.8073267,京都府,B,神社仏閣,本圀寺（ほんこくじ）は、京都市山科区御陵大岩にある日蓮宗の大本山（霊跡寺院）の寺院。山号は大光山。
幕末維新ミュージアム霊山歴史館,,34.999059,135.782717,京都府,C,美術館博物館,
妙円寺（松ヶ崎大黒天）,,35.053901,135.785704,京都府,D,神社仏閣,
妙喜庵,,34.8917079,135.680445,京都府,B,神社仏閣,妙喜庵（みょうきあん）は、京都府乙訓郡大山崎町にある仏教寺院。
妙心寺,みょうしんじ,35.0231639,135.7201861,京都府,B,神社仏閣,46の塔頭を擁する臨済宗最大の禅寺、雲龍図の法堂で有名。
木島坐天照御魂神社,,35.014456,135.7134253,京都府,B,神社仏閣,木嶋坐天照御魂神社（このしまにますあまてるみたまじんじゃ、木島坐天照御魂神社）は、京都市右京区太秦森ケ東町にある神社。式内社（名神大社）で、旧社格は郷社。
柳原銀行記念資料館,,34.9861652,135.7647494,京都府,B,美術館博物館,
涌泉寺,,35.0543998,135.7840622,京都府,C,神社仏閣,
由良川,,35.3013993,135.233046,京都府,B,その他,由良川（ゆらがわ）は、京都府北部を流れる一級水系の本流。
楊谷寺,,34.9142223,135.6530563,京都府,B,神社仏閣,楊谷寺（ようこくじ）は、京都府長岡京市浄土谷にある西山浄土宗の寺院。
養源院,,34.9879493,135.7731487,京都府,B,神社仏閣,
来迎院,,34.9786627,135.7809646,京都府,E,神社仏閣,
嵐山・渡月橋,あらしやまとげつきょう,35.0128713,135.6777623,京都府,A,自然,嵐山を代表する橋と竹林の小径。
立本寺,,35.024822,135.7385736,京都府,C,神社仏閣,
龍安寺,,35.0334933,135.7180571,京都府,A,神社仏閣,
龍光院,,35.0421148,135.7434513,京都府,B,神社仏閣,
瑠璃光院,,35.0635691,135.8086163,京都府,B,神社仏閣,瑠璃光院（るりこういん）は、京都市左京区上高野にある寺院。岐阜市に本坊を置く「浄土真宗無量寿山光明寺」の支院で、本尊は阿弥陀如来。
六道珍皇寺,,34.998384,135.7754064,京都府,B,神社仏閣,
六波羅蜜寺,,34.9970611,135.77333,京都府,A,神社仏閣,
和束町の茶畑,わづかちょうのちゃばたけ,34.7847879,135.8820083,京都府,C,自然,宇治茶の主産地として知られる山あいの茶畑景観。
佛光寺,,35.0007264,135.7622696,京都府,B,神社仏閣,佛光寺（ぶっこうじ）は、京都市下京区高倉通仏光寺下ル新開町にある真宗佛光寺派の本山の寺院。山号は渋谷山（汁谷山）。
戀志谷神社,,34.7688698,135.987784,京都府,D,神社仏閣,
籠神社,,35.5825856,135.1968627,京都府,B,神社仏閣,
萬福寺,,34.9140148,135.8068867,京都府,B,神社仏閣,
EXPOCITY,,34.8056337,135.5334785,大阪府,B,その他,EXPOCITY（エキスポシティ）は、大阪府吹田市千里万博公園の万博記念公園内にある三井不動産の複合商業施設。
あくあぴあ芥川,,34.8639939,135.5920877,大阪府,C,美術館博物館,あくあぴあ芥川（あくあぴああくたがわ）は大阪府高槻市南平台にある水族館、かつ鳥類・昆虫展示館。
アメリカ村,,34.6720061,135.4988014,大阪府,B,その他,
ウォーターワールド,,34.6667677,135.4297516,大阪府,E,その他,
キッズプラザ大阪,,34.7045253,135.5102709,大阪府,B,その他,
コンペイトウミュージアム,,34.5949649,135.5841053,大阪府,D,美術館博物館,コンペイトウミュージアムは、大阪糖菓株式会社が開いている金平糖の博物館。
サムハラ神社,,34.6789515,135.4909725,大阪府,B,神社仏閣,サムハラ神社（サムハラじんじゃ）は、大阪府大阪市西区立売堀（いたちぼり）にある神社である。
シマノ自転車博物館,,34.5789598,135.4845607,大阪府,C,美術館博物館,シマノ自転車博物館（しまの じてんしゃはくぶつかん）は、大阪府堺市堺区南向陽町にある自転車に関する博物館。
スペース・ファンタジー・ザ・ライド,,34.6652575,135.4355877,大阪府,B,その他,
せんなん里海公園,,34.3354184,135.1888152,大阪府,D,その他,せんなん里海公園（せんなんさとうみこうえん）は、大阪府阪南市箱作から泉南郡岬町淡輪にかけての海岸にある大阪府営の海浜公園。
でんでんタウン,,34.6592152,135.5058245,大阪府,B,その他,日本 > 近畿地方 > 大阪府 > 大阪市 > 浪速区 > でんでんタウン でんでんタウンは、大阪府大阪市浪速区日本橋3丁目から5丁目周辺にかけて広がる電気街。
ハリーポッター・アンド・ザ・フォービドゥン・ジャーニー,,34.6688375,135.4316302,大阪府,B,その他,
ハルカス300,,34.6459798,135.5135227,大阪府,C,自然,
ひらかたパーク,,34.808032,135.6407,大阪府,A,その他,ひらかたパークは、大阪府枚方市枚方公園町に所在する、京阪電気鉄道の子会社である京阪レジャーサービスが運営する遊園地である。
ミニオン・ハチャメチャ・ライド,,34.6629178,135.4323485,大阪府,B,その他,
りんくう公園,,34.4127535,135.2964652,大阪府,C,その他,りんくう公園（りんくうこうえん）は大阪府泉佐野市と田尻町にまたがる公園。
ワールド牧場,,34.475534,135.6417492,大阪府,B,その他,ワールド牧場（ワールドぼくじょう）は大阪府南河内郡河南町にある、動物たちとのふれあいがメインのテーマパーク・動物園である。
わんぱく王国,,34.3253177,135.2707673,大阪府,D,その他,わんぱく王国は大阪府阪南市山中渓にある市営の公園。
阿遅速遅神社,,34.6887895,135.5650147,大阪府,D,神社仏閣,
安居神社,,34.6544824,135.5109293,大阪府,B,神社仏閣,安居神社（やすいじんじゃ）は、大阪市天王寺区にある神社。旧社格は村社。
安満遺跡公園,,34.8559738,135.6336714,大阪府,C,その他,安満遺跡公園（あまいせきこうえん）は、大阪府高槻市八丁畷町12番3号にある都市公園（歴史公園）である。
安樂寺,,34.6885677,135.4496163,大阪府,E,神社仏閣,
暗峠,,34.6657626,135.6713047,大阪府,A,自然,暗峠（くらがりとうげ）は、奈良県生駒市西畑町と大阪府東大阪市東豊浦町との境にある国道308号及び大阪府道・奈良県道702号大阪枚岡奈良線（重複）の峠。
一心寺,,34.6527185,135.5106576,大阪府,B,神社仏閣,一心寺（いっしんじ）は、大阪市天王寺区にある浄土宗の寺院。山号は坂松山（ばんしょうざん）。
逸翁美術館,,34.8255356,135.4287372,大阪府,B,美術館博物館,逸翁美術館（いつおうびじゅつかん）は、大阪府池田市にある美術館である。
茨木市立川端康成文学館,,34.8233348,135.570851,大阪府,D,美術館博物館,
茨木春日丘教会,,34.8184997,135.5371127,大阪府,B,その他,茨木春日丘教会（いばらきかすがおかきょうかい）は、大阪府茨木市北春日丘にある、プロテスタント系の日本基督教団に所属する教会。
茨木神社,,34.8170965,135.5701203,大阪府,C,神社仏閣,茨木神社（いばらきじんじゃ）は、大阪府茨木市にある神社。
鵜殿のヨシ原,,34.8643492,135.6675947,大阪府,C,その他,鵜殿のヨシ原（うどののよしはら）とは、大阪府高槻市鵜殿から上牧に広がる淀川右岸河川敷のヨシ原（ヨシの群生地）のこと。
雲雷寺,,34.67007,135.514776,大阪府,D,神社仏閣,
叡福寺,,34.5187985,135.6391072,大阪府,B,神社仏閣,叡福寺（えいふくじ）は、大阪府南河内郡太子町太子にある太子宗の本山の寺院。山号は磯長山（しながさん）。
延羽の湯,,34.6658078,135.5359228,大阪府,C,温泉,延羽の湯（のべはのゆ）は、延田エンタープライズが運営する日帰り温泉施設（スーパー銭湯）。
岡松寺,,34.6948172,135.4827272,大阪府,E,神社仏閣,
恩智神社,,34.6065143,135.6386261,大阪府,B,神社仏閣,
加賀田神社,,34.4274146,135.5678206,大阪府,D,神社仏閣,
河合寺,,34.4460036,135.5804856,大阪府,C,神社仏閣,河合寺（かわいでら）は、大阪府河内長野市にある真言宗御室派の寺院。
花園中央公園,,34.6696442,135.6295204,大阪府,B,その他,花園中央公園（はなぞのちゅうおうこうえん）は、大阪府東大阪市に位置し、同市が所有・整備する都市公園（総合公園）である。
花博記念公園鶴見緑地,,34.7100445,135.5798845,大阪府,B,その他,花博記念公園鶴見緑地（はなはくきねんこうえんつるみりょくち）は、大阪府大阪市鶴見区と守口市にまたがって位置している大阪市立の都市公園（広域公園）である。
海遊館,,34.6551592,135.4293788,大阪府,A,美術館博物館,海遊館（かいゆうかん、Osaka Aquarium KAIYUKAN）は、大阪府大阪市港区海岸通1丁目にある水族館。
葛井寺(藤井寺),,34.5700444,135.5965987,大阪府,B,神社仏閣,
観心寺,,34.4369378,135.5985146,大阪府,B,神社仏閣,
関西サイクルスポーツセンター,,34.4131631,135.5314792,大阪府,B,その他,関西サイクルスポーツセンター（かんさいサイクルスポーツセンター）は、大阪府河内長野市天野町に存在する金剛生駒紀泉国定公園（奥河内）内のテーマパーク（観光地でもあり遊園地の一種でもある）である。
岸和田城,,34.4593925,135.3699913,大阪府,A,城,岸和田城（きしわだじょう）は、大阪府岸和田市岸城町にあった日本の城。
岩湧山,,34.3740897,135.5509713,大阪府,C,自然,岩湧山（いわわきさん）とは、大阪府河内長野市にある山。
岩湧寺,,34.3806262,135.556877,大阪府,D,神社仏閣,岩湧寺（いわわきじ）は、大阪府河内長野市加賀田にある融通念仏宗の寺院。
久修園院,,34.8781599,135.6822505,大阪府,D,神社仏閣,
久宝寺緑地,,34.6283188,135.5784754,大阪府,B,その他,久宝寺緑地（きゅうほうじりょくち）は、大阪府八尾市西久宝寺、東大阪市大蓮南三丁目、大阪市平野区加美東六丁目にひろがる都市公園（都市緑地）である。
旧杉山家住宅,,34.4998046,135.6013232,大阪府,C,その他,旧杉山家住宅（きゅうすぎやまけじゅうたく）は、大阪府富田林市にある古民家で重要文化財。
教行寺,,34.8285881,135.594512,大阪府,D,神社仏閣,
狭山神社,,34.494827,135.557119,大阪府,C,神社仏閣,
狭山池,,34.5030092,135.5486695,大阪府,D,その他,狭山池（さやまいけ）は、大阪府大阪狭山市にある日本最古のダム式ため池。
錦織神社,,34.4947709,135.5887235,大阪府,C,神社仏閣,錦織神社（にしこおりじんじゃ）は、大阪府富田林市宮甲田町にある神社。
郡山宿本陣,,34.8355178,135.5448941,大阪府,C,その他,
五風荘,,34.4579998,135.3710997,大阪府,C,その他,五風荘（ごふうそう）は、大阪府岸和田市にある近代和風建築と回遊式日本庭園。
五條宮,,34.6570768,135.518608,大阪府,C,神社仏閣,
呉服神社,,34.8229097,135.4227973,大阪府,C,神社仏閣,呉服神社（くれはじんじゃ）は、大阪府池田市室町にある神社。
孝恩寺,,34.3971592,135.3945693,大阪府,C,神社仏閣,孝恩寺（こうおんじ）は、大阪府貝塚市木積（こつみ）にある浄土宗の寺院。
杭全神社,,34.6286767,135.5548792,大阪府,B,神社仏閣,杭全神社（くまたじんじゃ）は大阪市平野区平野宮町にある神社。旧社格は府社。
高貴寺,,34.4993971,135.6644985,大阪府,C,神社仏閣,高貴寺（こうきじ）は、大阪府南河内郡河南町にある高野山真言宗の寺院。
高倉寺宝積院,,34.4925899,135.5210634,大阪府,D,神社仏閣,
高槻市立歴史民俗資料館,,34.842539,135.622528,大阪府,D,美術館博物館,
国立国際美術館,,34.6917195,135.4920651,大阪府,B,美術館博物館,国立国際美術館（こくりつこくさいびじゅつかん）は、大阪市北区中之島にある、独立行政法人国立美術館が管轄する美術館である。
国立文楽劇場,,34.6674715,135.5085857,大阪府,B,その他,国立文楽劇場（こくりつぶんらくげきじょう、英語: National Bunraku Theatre）は、大阪府大阪市中央区にある劇場。
国立民族学博物館,こくりつみんぞくがくはくぶつかん,34.8128611,135.5296833,大阪府,C,美術館博物館,万博記念公園内にある世界最大級の民族学博物館。
黒姫山古墳,,34.5457376,135.5576156,大阪府,C,自然,黒姫山古墳（くろひめやまこふん）は、大阪府堺市美原区黒山にある古墳。
黒門市場,,34.6653277,135.5069795,大阪府,B,その他,黒門市場（くろもん いちば）は、大阪府大阪市中央区日本橋1丁目・2丁目に所在する市場、商店街。
今城塚古墳,,34.8504713,135.5945366,大阪府,B,その他,今城塚古墳（いましろづかこふん）は、大阪府高槻市郡家新町（ぐんげしんまち）にある前方後円墳。
根本山神峰山寺,,34.8982418,135.6088417,大阪府,C,神社仏閣,
堺市博物館,,34.5588463,135.4838486,大阪府,C,美術館博物館,堺市博物館（さかいしはくぶつかん、英: Sakai City Museum）は、大阪府堺市堺区の大仙公園内にある人文科学系の博物館。
堺市立ビッグバン,,34.4949998,135.5135432,大阪府,B,その他,堺市立ビッグバン（さかいしりつビッグバン）は、大阪府堺市南区茶山台1丁にある大型児童館である。
堺伝統産業会館,,34.5828863,135.4774903,大阪府,D,美術館博物館,
山田池公園,,34.822314,135.690838,大阪府,C,その他,山田池公園（やまだいけこうえん）は、大阪府枚方市にある大阪府営の都市公園（広域公園）である。
司馬遼太郎記念館,,34.660438,135.586191,大阪府,B,美術館博物館,
四天王寺,してんのうじ,34.6547194,135.5167979,大阪府,A,神社仏閣,聖徳太子建立と伝わる日本仏法最初の官寺。
四條畷神社,,34.7319433,135.6478225,大阪府,B,神社仏閣,四條畷神社（しじょうなわてじんじゃ）は、大阪府四條畷市にある神社。
施福寺,,34.3954148,135.5082055,大阪府,B,神社仏閣,施福寺（せふくじ）は、大阪府和泉市槙尾山町にある天台宗の寺院。
若山神社,,34.8916193,135.6544811,大阪府,C,神社仏閣,
住吉公園,,34.7782949,135.4776621,大阪府,C,その他,住吉公園（すみよしこうえん、Sumiyoshi Park）は、大阪府大阪市住之江区浜口東一丁目にある大阪府営公園。
住吉大社,すみよしたいしゃ,34.6123889,135.4937778,大阪府,A,神社仏閣,全国二千社余りの住吉神社の総本社。
住之江公園,,34.6119952,135.4755686,大阪府,B,その他,住之江公園（すみのえこうえん）は、大阪府大阪市住之江区南加賀屋一丁目に設置されている都市公園。
住友生命いずみホール,,34.6907814,135.534215,大阪府,C,その他,住友生命いずみホール（すみともせいめいいずみホール）は、大阪府大阪市中央区城見の大阪ビジネスパーク（OBP）に所在する住友生命OBPプラザビルに併設されたホール。
小谷城郷土館,,34.493228,135.498417,大阪府,D,美術館博物館,
少彦名神社,,34.6888082,135.5060348,大阪府,B,神社仏閣,
寝屋川公園,,34.7622355,135.6535631,大阪府,C,その他,寝屋川公園（ねやがわこうえん）は大阪府寝屋川市寝屋川公園に位置する、大阪府営の広域公園。
心斎橋筋商店街,,34.6742186,135.5013722,大阪府,C,その他,日本 > 近畿地方 > 大阪府 > 大阪市 > 中央区 > 心斎橋筋商店街 心斎橋筋商店街 （しんさいばしすじしょうてんがい）は、大阪府大阪市中央区にあるアーケード商店街。
新幹線公園,,34.7744555,135.565852,大阪府,C,その他,新幹線公園（しんかんせんこうえん）は、大阪府摂津市にある公園。
新世界,,34.6520901,135.5061908,大阪府,A,その他,
新大阪駅,,34.7334854,135.4978876,大阪府,A,その他,新大阪駅（しんおおさかえき）は、大阪府大阪市淀川区西中島五丁目にある、西日本旅客鉄道（JR西日本）・東海旅客鉄道（JR東海）・大阪市高速電気軌道（Osaka Metro）の駅。
森ノ宮ピロティホール,,34.6807057,135.5318035,大阪府,B,その他,森ノ宮ピロティホール（もりのみやピロティホール）は、大阪府大阪市中央区森ノ宮中央にある多目的ホール。
真光院,,34.657386,135.513399,大阪府,E,神社仏閣,
水間観音,,34.3988311,135.3861089,大阪府,B,神社仏閣,水間寺（みずまでら）は、大阪府貝塚市水間にある天台宗の別格本山の寺院。山号は龍谷山。
水月公園,,34.8167339,135.441104,大阪府,C,その他,水月公園（すいげつこうえん）は、大阪府池田市鉢塚にある都市公園である。
水無瀬神宮,,34.8850406,135.6727538,大阪府,B,神社仏閣,水無瀬神宮（みなせじんぐう）は、大阪府三島郡島本町にある神社。旧社格は官幣大社で、現在は神社本庁の別表神社。
正木美術館,,34.4946556,135.3921354,大阪府,C,美術館博物館,正木美術館（まさきびじゅつかん）は、大阪府泉北郡忠岡町にある大阪府の登録博物館。
清学院,,34.5911474,135.4828137,大阪府,D,神社仏閣,清学院（せいがくいん）は、大阪府堺市堺区にある修験道当山派の寺院。
生駒山,,34.6784655,135.6789968,大阪府,B,自然,生駒山（いこまやま・いこまさん）は、奈良県生駒市と大阪府東大阪市との県境にある標高642メートルの山。
生國魂神社,,34.6651285,135.5133111,大阪府,A,神社仏閣,生國魂神社（いくくにたまじんじゃ、新字体：生国魂神社）は、大阪府大阪市天王寺区生玉町にある神社。
生國魂神社行宮,,34.6823424,135.5112403,大阪府,E,神社仏閣,
聖神社,,34.5010817,135.4469349,大阪府,C,神社仏閣,
西善寺,,34.6920402,135.484925,大阪府,E,神社仏閣,
石切劔箭神社,,34.6819825,135.646191,大阪府,B,神社仏閣,石切劔箭神社（いしきりつるぎやじんじゃ）は、大阪府東大阪市東石切町にある神道石切教の神社。
石川河川公園,,34.5458674,135.6191364,大阪府,D,その他,石川河川公園（いしかわかせんこうえん）は、大阪府柏原市から富田林市にある大阪府営の都市公園（広域公園）である。
千早城,,34.4169361,135.651466,大阪府,B,城,千早城（ちはやじょう）は、大阪府南河内郡千早赤阪村大字千早にあった日本の城。
千早赤阪村郷土資料館,,34.463566,135.625395,大阪府,D,美術館博物館,
千代田神社,,34.4697385,135.5775986,大阪府,D,神社仏閣,
泉穴師神社,,34.4964161,135.4196964,大阪府,C,神社仏閣,泉穴師神社（いずみあなしじんじゃ）は、大阪府泉大津市にある神社。
泉南市農業公園,,34.3399314,135.2705645,大阪府,D,その他,泉南市農業公園（せんなんしのうぎょうこうえん）は、大阪府泉南市幡代にある農業公園。
善兵衛ランド,,34.406509,135.3883549,大阪府,D,美術館博物館,
造幣博物館,,34.6958942,135.5216842,大阪府,C,美術館博物館,
多治速比売神社,,34.502639,135.4975522,大阪府,B,神社仏閣,多治速比売神社（たじはやひめじんじゃ）は、大阪府堺市南区宮山台にある神社。
太子町立竹内街道歴史資料館,,34.51711,135.656856,大阪府,D,美術館博物館,
太平寺,,34.659298,135.513845,大阪府,C,神社仏閣,
太陽の塔,たいようのとう,34.8096389,135.5323056,大阪府,B,その他,岡本太郎が制作した万博記念公園のシンボル。
大依羅神社,,34.5948685,135.5179394,大阪府,C,神社仏閣,
大阪くらしの今昔館,,34.7104664,135.5114334,大阪府,C,美術館博物館,
大阪ドーム,,34.6696105,135.4758288,大阪府,A,その他,大阪ドーム（おおさかドーム）は、大阪府大阪市西区にある多目的ドーム球場兼複合レジャー施設。
大阪駅,,34.702842,135.49422,大阪府,A,その他,大阪駅（おおさかえき）は、大阪府大阪市北区梅田にある、西日本旅客鉄道（JR西日本）の駅。
大阪科学技術館,,34.686495,135.4963025,大阪府,C,その他,大阪科学技術館（おおさかかがくぎじゅつかん）は、大阪府大阪市西区に存在する科学館。
大阪倶楽部,,34.6910244,135.4989807,大阪府,B,その他,大阪倶楽部（おおさかくらぶ）は大阪府大阪市中央区にある歴史的建造物。
大阪市下水道科学館,,34.693465,135.462465,大阪府,C,美術館博物館,
大阪市中央公会堂,おおさかしちゅうおうこうかいどう,34.6935278,135.504,大阪府,C,その他,ネオ・ルネサンス様式の重要文化財、中之島のランドマーク。
大阪市立自然史博物館,,34.6103727,135.5219851,大阪府,C,美術館博物館,大阪市立自然史博物館（おおさかしりつしぜんしはくぶつかん）は、大阪府大阪市東住吉区長居公園にある自然史系博物館。
大阪商業大学商業史博物館,,34.666829,135.585498,大阪府,E,美術館博物館,
大阪城,おおさかじょう,34.6873,135.5262,大阪府,A,城,豊臣秀吉が築いた天下の名城。
大阪大谷大学博物館,,34.4811635,135.5805203,大阪府,E,美術館博物館,
大阪天満宮,,34.6961478,135.5127788,大阪府,B,神社仏閣,大阪天満宮（おおさかてんまんぐう）は、大阪市北区天神橋にある神社。別名に天満天神・浪華菅廟・中島天満宮がある。
大阪府咲洲庁舎,,34.6384845,135.4146521,大阪府,B,その他,大阪府咲洲庁舎（おおさかふさきしまちょうしゃ）は、大阪市住之江区南港北（咲洲）にある高さ256.0メートル、地上55階・地下3階建ての超高層ビル。
大阪府立 上方演芸資料館,,34.6646523,135.5031573,大阪府,C,美術館博物館,
大阪府立花の文化園,,34.4352263,135.5534308,大阪府,D,その他,大阪府立花の文化園（おおさかふりつはなのぶんかえん、英:Osaka Prefectural Flower Garden）は、大阪府河内長野市にある植物園である。
大阪府立狭山池博物館,,34.5073921,135.5515239,大阪府,C,美術館博物館,大阪府立狭山池博物館（おおさかふりつさやまいけはくぶつかん）は大阪府大阪狭山市にある博物館。
大阪府立近つ飛鳥博物館,,34.5031105,135.6436125,大阪府,B,美術館博物館,
大阪府立現代美術センター,,34.6839942,135.5180899,大阪府,D,美術館博物館,
大阪府立門真スポーツセンター,,34.7159434,135.5941808,大阪府,B,その他,大阪府立門真スポーツセンター（おおさかふりつかどまスポーツセンター）は、大阪府門真市にある多目的アリーナである。
大阪歴史博物館,,34.6826183,135.5208131,大阪府,B,美術館博物館,
大仙陵古墳,,34.565828,135.4885332,大阪府,A,その他,大山古墳（だいせんこふん、大仙古墳）は、大阪府堺市堺区大仙町にある古墳。
大泉緑地,,34.5634523,135.5296761,大阪府,B,その他,大泉緑地（おおいずみりょくち）は、大阪府堺市北区と松原市にまたがっている大阪府営の緑地。
大鳥大社,,34.5364001,135.4604746,大阪府,B,神社仏閣,大鳥大社（おおとりたいしゃ）は、大阪府堺市西区鳳北町にある神社。和泉国大鳥郡の式内社（名神大社）で、和泉国一宮。
大念仏寺,,34.6271778,135.5512878,大阪府,B,神社仏閣,大念仏寺（だいねんぶつじ）は、大阪府大阪市平野区にある融通念仏宗の総本山の寺院。
滝畑ふるさと文化財の森センター,,34.387519,135.526207,大阪府,E,美術館博物館,
瀧谷不動明王寺,,34.4763501,135.5947906,大阪府,B,神社仏閣,瀧谷不動明王寺（たきだにふどうみょうおうじ）は、大阪府富田林市彼方（おちかた）にある真言宗智山派の寺院。
蛸地蔵駅,,34.4562571,135.3696174,大阪府,B,その他,蛸地蔵駅（たこじぞうえき）は、大阪府岸和田市岸城町にある、南海電気鉄道南海本線の駅。
淡輪海水浴場,,34.3367969,135.1874918,大阪府,D,自然,淡輪海水浴場（たんのわかいすいよくじょう）は、大阪府阪南市と岬町を跨ぐせんなん里海公園の淡輪側にある海水浴場。
池田市立五月山動物園,,34.8305798,135.4250317,大阪府,B,その他,
池田城跡公園,,34.8270687,135.4294373,大阪府,C,その他,池田城跡公園（いけだしろあとこうえん、英: Ikeda Castle Remains Park）は、大阪府池田市城山町にある公園である。
朝日寺,,34.562369,135.482021,大阪府,E,神社仏閣,
長居球技場,,34.6151556,135.516574,大阪府,A,その他,長居球技場（ながいきゅうぎじょう）は、大阪府大阪市東住吉区の長居公園内にある球技場。
長居公園,,34.6127779,135.5206056,大阪府,B,その他,長居公園（ながいこうえん）は、大阪府大阪市東住吉区にある都市公園（運動公園） 。
長居陸上競技場,,34.6140378,135.5179649,大阪府,A,その他,長居陸上競技場（ながいりくじょうきょうぎじょう）は、大阪府大阪市東住吉区の長居公園内にある陸上競技場。
長野公園,,34.4477381,135.5744946,大阪府,D,その他,長野公園（ながのこうえん）は、大阪府河内長野市にある大阪府営の都市公園（広域公園）である。
通天閣,つうてんかく,34.6525393,135.5063098,大阪府,A,その他,新世界のシンボルタワー。
天性寺,,34.4589527,135.3651665,大阪府,C,神社仏閣,
天湯川田神社,,34.5737512,135.6327283,大阪府,D,神社仏閣,
天保山,,34.6580717,135.4327095,大阪府,A,その他,天保山（てんぽうざん）は、大阪府大阪市港区の天保山公園にある、人工的に土を積み上げて造られた山（築山）。
天保山ハーバービレッジ,,34.6551472,135.4299216,大阪府,B,その他,天保山ハーバービレッジ（てんぽうざんハーバービレッジ）は、大阪府大阪市港区海岸通1丁目にある複合型アミューズメント施設。
東横堀川,,34.6775666,135.5104488,大阪府,B,その他,東横堀川（ひがしよこぼりがわ）は、大阪府大阪市を流れる運河。
東大阪市花園ラグビー場,,34.6689912,135.6263044,大阪府,B,その他,東大阪市花園ラグビー場（ひがしおおさかしはなぞのラグビーじょう）は、大阪府東大阪市の花園中央公園内にあるラグビー専用スタジアム。
湯木美術館,,34.6875435,135.5022517,大阪府,C,美術館博物館,
藤田美術館,,34.694763,135.5252213,大阪府,B,美術館博物館,藤田美術館（ふじたびじゅつかん） は、大阪市都島区網島町にある、東洋古美術を中心とした大阪府の登録博物館である。
道の駅とっとパーク小島,,34.3148715,135.1000484,大阪府,D,その他,道の駅とっとパーク小島（みちのえき とっとパークこしま）は、大阪府泉南郡岬町にある大阪府道65号岬加太港線の道の駅である。
道頓堀,どうとんぼり,34.6690306,135.5015715,大阪府,A,街並み,グリコの看板で知られる大阪随一の繁華街。
道頓堀グリコサイン,,34.668926,135.5010546,大阪府,B,その他,
道明寺,,34.5688393,135.6160097,大阪府,B,神社仏閣,
南宗寺,,34.5690524,135.4685659,大阪府,B,神社仏閣,南宗寺（なんしゅうじ）は、大阪府堺市堺区にある臨済宗大徳寺派の寺院。
南蛮文化館,,34.709457,135.4919,大阪府,C,美術館博物館,
楠永神社,,34.6842409,135.4925608,大阪府,C,神社仏閣,
二色の浜海水浴場,,34.4383439,135.3350544,大阪府,D,自然,二色の浜海水浴場（にしきのはまかいすいよくじょう）は、大阪府貝塚市澤にある海水浴場。
二色の浜公園,,34.4374283,135.3352535,大阪府,C,その他,二色の浜公園（にしきのはまこうえん）は、大阪府貝塚市にある大阪府営の都市公園（広域公園）である。
日本民家集落博物館,,34.7789115,135.4883059,大阪府,C,美術館博物館,日本民家集落博物館（にほんみんかしゅうらくはくぶつかん）は、大阪府豊中市の服部緑地内にある博物館。
乳岡古墳,,34.5554081,135.4653648,大阪府,D,その他,
忍頂寺スポーツ公園,,34.8959151,135.5370985,大阪府,E,その他,忍頂寺スポーツ公園（にんちょうじスポーツこうえん）は、大阪府茨木市大字忍頂寺にある公園および総合体育施設である。
梅田芸術劇場,,34.7084454,135.4990411,大阪府,B,その他,梅田芸術劇場（うめだげいじゅつげきじょう、英語: Umeda Arts Theater）は、1992年11月に大阪府大阪市北区茶屋町（梅田地区）の「ちゃやまちアプローズ」内に開場した劇場、並びにこれを運営する企業（株式会社梅田芸術劇場）である。
八王子神社,,34.6773013,135.5396327,大阪府,D,神社仏閣,
八軒家船着場,,34.690621,135.5160938,大阪府,C,その他,八軒家船着場（はちけんやふなつきば）は、現在の大阪府大阪市中央区天満橋京町・北浜東にあった係留施設。
八阪神社,,34.675427,135.5380377,大阪府,E,神社仏閣,
百済王神社,,34.815274,135.6602695,大阪府,B,神社仏閣,
百舌鳥・古市古墳群,もず・ふるいちこふんぐん,34.5651475,135.4839404,大阪府,A,その他,仁徳天皇陵古墳を含む世界遺産の古墳群。
百舌鳥八幡宮,,34.5541077,135.4946607,大阪府,C,神社仏閣,百舌鳥八幡宮（もずはちまんぐう）は、大阪府堺市北区にある神社。
浜寺公園,,34.5474171,135.4425279,大阪府,B,その他,浜寺公園（はまでらこうえん）は、大阪府堺市西区および高石市の沿岸部に広がる大阪府営の都市公園。
浜寺公園駅,,34.5409309,135.4440258,大阪府,B,その他,浜寺公園駅（はまでらこうえんえき）は、大阪府堺市西区浜寺公園町二丁にある、南海電気鉄道南海本線の駅。
富士正晴記念館,,34.827117,135.565533,大阪府,D,美術館博物館,
富田林市農業公園,,34.4539612,135.6068669,大阪府,D,その他,富田林市農業公園（とんだばやしのうぎょうこうえん）（愛称「サバーファーム」）は、大阪府富田林市にある市立の農業公園である。
服部緑地,,34.7754013,135.4865945,大阪府,B,その他,服部緑地（はっとりりょくち）は、大阪府豊中市服部緑地・寺内に位置する緑地。
方違神社,,34.5768275,135.4893977,大阪府,B,神社仏閣,方違神社（ほうちがいじんじゃ）は、大阪府堺市堺区にある神社。
豊国神社,,34.6843094,135.5264155,大阪府,B,神社仏閣,
北向地蔵尊,,34.704862,135.4979631,大阪府,D,神社仏閣,
牧野車塚古墳,,34.8335101,135.6690096,大阪府,C,その他,
本山寺,,34.9173382,135.6127308,大阪府,C,神社仏閣,
枚岡神社,,34.6698429,135.6505061,大阪府,B,神社仏閣,枚岡神社（ひらおかじんじゃ）は、大阪府東大阪市出雲井町（いずもいちょう）にある神社。式内社（名神大社）、河内国一宮。
万博記念競技場,,34.8104831,135.5423521,大阪府,B,その他,万博記念競技場（ばんぱくきねんきょうぎじょう、英語: Expo '70 Commemorative Stadium）は、大阪府吹田市の万博記念公園にある陸上競技場。
箕面公園昆虫館,,34.8411422,135.471624,大阪府,D,美術館博物館,箕面公園昆虫館（みのおこうえんこんちゅうかん）は、大阪府箕面市箕面公園内にある博物館。
箕面山,,34.8503325,135.468977,大阪府,C,その他,箕面山（みのおやま、みのおのやま）は、大阪府箕面市に位置する山である。
箕面大滝,,34.8538872,135.4719727,大阪府,B,その他,
妙楽寺,,34.7545869,135.5983114,大阪府,D,神社仏閣,
妙国寺,,34.5812051,135.4813784,大阪府,B,神社仏閣,妙国寺（みょうこくじ）は、大阪府堺市堺区にある日蓮宗の本山（由緒寺院）の寺院。
明治の森箕面国定公園,,34.846375,135.472672,大阪府,C,その他,明治の森箕面国定公園（めいじのもりみのおこくていこうえん）は、大阪府の箕面山周辺に位置する国定公園である。
薬樹山延命寺,,34.4263254,135.5944346,大阪府,E,神社仏閣,
誉田御廟山古墳,,34.5624298,135.6098267,大阪府,B,その他,誉田山古墳（こんだやまこふん）は、大阪府羽曳野市誉田にある古墳。
落語みゅーじあむ,,34.8258163,135.4250822,大阪府,D,美術館博物館,
露天神社,,34.6991011,135.5008272,大阪府,B,神社仏閣,
和泉市久保惣記念美術館,,34.445059,135.453338,大阪府,B,美術館博物館,
佛照寺,,34.710404,135.509408,大阪府,E,神社仏閣,
蹉跎神社,,34.7927414,135.6330126,大阪府,C,神社仏閣,
槇尾山施福寺（槇尾寺）,,34.3929129,135.5116081,大阪府,B,神社仏閣,施福寺（せふくじ）は、大阪府和泉市槙尾山町にある天台宗の寺院。山号は槇尾山。
UCCコーヒー博物館,,34.6651628,135.2168985,兵庫県,B,美術館博物館,UCCコーヒー博物館（ユーシーシーコーヒーはくぶつかん）は、兵庫県神戸市中央区のポートアイランドにある企業博物館である。
あいあいパーク,,34.8194899,135.386469,兵庫県,D,その他,あいあいパークは、兵庫県宝塚市山本にある花と緑の情報発信ステーション。
あずきミュージアム,,34.8239331,134.7016523,兵庫県,C,美術館博物館,
アトア,,34.683244,135.1936099,兵庫県,C,美術館博物館,アトア（átoa）は、兵庫県神戸市中央区の複合商業施設神戸ポートミュージアム内にある博物館。
ヴィーナスブリッジ,,34.6971828,135.1807669,兵庫県,C,自然,
うすくち龍野醤油資料館,,34.866677,134.5458785,兵庫県,C,美術館博物館,
キッザニア甲子園,,34.7170253,135.364052,兵庫県,B,その他,キッザニア甲子園（キッザニアこうしえん、Kidzania Koshien）は、兵庫県西宮市のららぽーと甲子園敷地内にある子どもを対象とした職業体験型テーマパーク。
たつの市立龍野歴史文化資料館,,34.868537,134.546256,兵庫県,D,美術館博物館,
はさかり岩,,35.6596841,134.7385915,兵庫県,D,その他,はさかり岩（はさかりいわ）は、兵庫県豊岡市の竹野海岸切浜にある岩。
ポートアイランド,,34.6653147,135.2227125,兵庫県,A,自然,ポートアイランド（英語: Port Island）は、神戸市中央区の神戸港内に作られた人工島である。
ワールド記念ホール,,34.6639989,135.2100477,兵庫県,B,その他,ワールド記念ホール（ワールドきねんホール、英語: World Hall）は、兵庫県神戸市中央区ポートアイランドにある多目的ホールである。
芦屋公園,,34.7202198,135.3053295,兵庫県,D,その他,芦屋公園（あしやこうえん）は、兵庫県芦屋市にある都市公園（地区公園）である。
芦屋市谷崎潤一郎記念館,,34.7221786,135.3112431,兵庫県,C,美術館博物館,芦屋市谷崎潤一郎記念館（あしやしたにざきじゅんいちろうきねんかん）は、兵庫県芦屋市にある文学館。
綾部山梅林,,34.7741236,134.5463256,兵庫県,D,自然,綾部山（あやべやま）は、兵庫県たつの市御津町にある山である。
伊丹スカイパーク,,34.7785895,135.4408686,兵庫県,C,その他,伊丹スカイパーク（いたみスカイパーク）は、兵庫県伊丹市の大阪国際空港（伊丹空港）の西側にある大型の公園。
伊丹スポーツセンター,,34.7969663,135.3932256,兵庫県,D,その他,伊丹市立伊丹スポーツセンター（いたみしりついたみスポーツセンター、 Itami Sports Center）は、日本の兵庫県伊丹市にある運動公園と敷地内に立地するスポーツ関連施設群である。
伊丹市昆虫館,,34.7913093,135.3949205,兵庫県,C,美術館博物館,
伊丹市立こども文化科学館,,34.7827735,135.4331336,兵庫県,E,その他,伊丹市立こども文化科学館（いたみしりつこどもぶんかかがくかん、英: Itami City Child Culture Science Museum）は、兵庫県伊丹市桑津にある科学館。
伊和神社,,35.0875846,134.5864874,兵庫県,B,神社仏閣,
伊弉諾神宮,,34.4596181,134.8516068,兵庫県,A,神社仏閣,伊弉諾神宮（いざなぎじんぐう）は、兵庫県淡路市多賀にある神社。
一乗寺,,34.8593676,134.818857,兵庫県,B,神社仏閣,一乗寺（いちじょうじ）は、兵庫県加西市にある天台宗の寺院。山号は法華山。
円山川,,35.2545061,134.8085522,兵庫県,B,その他,円山川（まるやまがわ）は、兵庫県の北東部を流れる一級水系の本流。
園田競馬場,,34.7671361,135.448494,兵庫県,B,その他,園田競馬場（そのだけいばじょう Sonoda Racecourse）は、兵庫県尼崎市田能にある地方競馬の競馬場である。
下荒洞門,,35.6600725,134.5086999,兵庫県,E,自然,下荒洞門（したあらどうもん）は、兵庫県新温泉町の但馬御火浦にある海食洞。
河原町妻入商家群,,35.071687,135.2264433,兵庫県,D,その他,河原町妻入商家群（かわらまちつまいりしょうかぐん）は、兵庫県丹波篠山市にある篠山市篠山伝統的建造物群保存地区のうち、河原町と小川町を中心とした商家を中心とした地区の名称。
花岳寺,,34.7526755,134.3906198,兵庫県,C,神社仏閣,花岳寺（かがくじ）は、兵庫県赤穂市にある曹洞宗の寺院。
霞城館,,34.8676912,134.5436627,兵庫県,D,美術館博物館,
海の駅しおさい市場,,34.768287,134.4463259,兵庫県,E,その他,しおさい市場（うみのえき しおさいいちば）は兵庫県赤穂市の坂越にある商業施設。
岩屋神社 (Iwaya-jinja Shrine),,34.6437152,134.9881276,兵庫県,C,神社仏閣,
掬星台,,34.7339496,135.2066961,兵庫県,B,その他,掬星台（きくせいだい）は、兵庫県神戸市の六甲山地に属する摩耶山の山頂近くにある展望広場である。
菊正宗酒造記念館,,34.70862,135.2678899,兵庫県,C,その他,菊正宗酒造記念館（きくまさむねしゅぞうきねんかん）は兵庫県神戸市東灘区にあり、菊正宗酒造の記念館で、国の重要有形民俗文化財に指定された酒造資料566点をはじめとする資料を展示している。
弓弦羽神社,,34.7237831,135.2550544,兵庫県,B,神社仏閣,弓弦羽神社（ゆづるはじんじゃ）は、兵庫県神戸市東灘区御影郡家にある神社である。
旧大岡寺庭園,,35.5080844,134.7206593,兵庫県,D,その他,旧大岡寺庭園（きゅうおおおかじていえん）は兵庫県豊岡市にある日本庭園。
金剛城寺,,34.9846968,134.7250357,兵庫県,D,神社仏閣,
慶野松原,,34.3459287,134.7397712,兵庫県,C,その他,慶野松原（けいのまつばら）は、淡路島の西側、播磨灘に面した兵庫県南あわじ市松帆古津路から松帆慶野にある松原である。
元浜緑地,,34.7124666,135.390451,兵庫県,D,その他,元浜緑地（もとはまりょくち）は、兵庫県尼崎市にある緑地。
五色塚古墳,,34.6297062,135.0457758,兵庫県,B,自然,五色塚古墳（ごしきづかこふん、千壺古墳（せんつぼこふん））は、兵庫県神戸市垂水区五色山にある古墳。
五斗長垣内遺跡,,34.5043653,134.9081676,兵庫県,C,その他,
御崎公園球技場,,34.6573139,135.1697516,兵庫県,A,その他,御崎公園球技場（みさきこうえんきゅうぎじょう、英: Misaki Park Stadium）は、兵庫県神戸市兵庫区の御崎公園内にある球技場。
御厨神社,,34.7009652,134.8835776,兵庫県,C,神社仏閣,
好古園,,34.8370027,134.6901888,兵庫県,C,その他,好古園（こうこえん）は兵庫県姫路市の姫路公園（姫路城）内にある日本庭園。
荒牧バラ公園,,34.8118155,135.3862452,兵庫県,C,その他,荒牧バラ公園（あらまきバラこうえん）は、兵庫県伊丹市荒牧にある日本の公立都市公園である。
香寺民俗資料館,,34.908386,134.741838,兵庫県,D,美術館博物館,
香住海岸,,35.6502076,134.62725,兵庫県,C,その他,香住海岸（かすみかいがん）は、兵庫県美方郡香美町にある岩礁海岸。
香美町海の文化館,,35.648326,134.638891,兵庫県,E,美術館博物館,
高御位山,,34.8130573,134.7930961,兵庫県,C,自然,高御位山（たかみくらやま）は、兵庫県加古川市と高砂市の市境に位置する標高304メートルの山である。
高砂神社,,34.7436755,134.8035845,兵庫県,B,神社仏閣,高砂神社（たかさごじんじゃ）は、兵庫県高砂市にある神社。
高田屋顕彰館・歴史文化資料館,,34.415573,134.792661,兵庫県,D,美術館博物館,
昆陽池公園,,34.7871326,135.3979765,兵庫県,B,その他,昆陽池公園（こやいけこうえん）は、日本の兵庫県伊丹市にある都市公園かつ野鳥公園。
坂越,,34.7506574,134.4277775,兵庫県,B,その他,坂越（さこし）は、兵庫県赤穂市東部の瀬戸内海坂越湾に面する港町。
阪神甲子園球場,,34.721905,135.3624587,兵庫県,A,その他,阪神甲子園球場（はんしんこうしえんきゅうじょう）は、兵庫県西宮市甲子園町にある野球場。
山陰海岸ユネスコ世界ジオパーク,,35.7414704,135.1107806,兵庫県,B,その他,山陰海岸ユネスコ世界ジオパーク（さんいんかいがんユネスコせかいジオパーク、英: San'in Kaigan UNESCO Global Geopark）は、鳥取県岩美町、鳥取市北部、兵庫県豊岡市、香美町、新温泉町、京都府京丹後市にまたがる、山陰海岸国立公園とその周辺からなるジオパークである。
自凝島神社,,34.3121432,134.7710533,兵庫県,B,神社仏閣,自凝島神社（おのころじまじんじゃ）は、兵庫県南あわじ市にある神社。
手柄山温室植物園,,34.8189133,134.6754557,兵庫県,D,その他,姫路市立手柄山温室植物園（ひめじしりつてがらやまおんしつしょくぶつえん）は、兵庫県姫路市の手柄山平和公園にある植物園。
手柄山交流ステーション,,34.8220653,134.6762024,兵庫県,C,美術館博物館,
周遍寺,,34.8472112,134.8690058,兵庫県,E,神社仏閣,
宗佐厄神八幡神社,,34.784447,134.9235082,兵庫県,C,神社仏閣,厄除八幡宮は、兵庫県加古川市八幡町野村にある神社である。
洲本市立淡路文化史料館,,34.3403566,134.9022227,兵庫県,D,美術館博物館,
洲本城,,34.3377114,134.9028804,兵庫県,B,城,
夙川河川敷緑地,,34.7312169,135.3291581,兵庫県,C,その他,夙川河川敷緑地（しゅくがわかせんじきりょくち）は、兵庫県西宮市にある公園である。
出石城,,35.4602166,134.8746617,兵庫県,B,城,出石城（いずしじょう）は、但馬国出石郡出石（兵庫県豊岡市出石町）にあった日本の城。
書写山,,34.8927615,134.6563686,兵庫県,B,自然,書写山（しょしゃざん、正字体：書寫）は、兵庫県姫路市にある山。
小金ヶ嶽,,35.1266362,135.2662047,兵庫県,D,自然,小金ヶ嶽（こがねがたけ）は兵庫県丹波篠山市にある標高725 mの山。
小戸神社,,34.8290358,135.418999,兵庫県,C,神社仏閣,
小赤壁,,34.7707353,134.7278678,兵庫県,D,その他,小赤壁（しょうせきへき）は、兵庫県姫路市木場の瀬戸内海木場港から海岸沿いに燈籠地山・姫御前山を経て東へ連なる高さ50m、長さ約1kmの絶壁。
小代神社,,35.4181767,134.5204481,兵庫県,E,神社仏閣,
小浜宿,,34.8074532,135.3643191,兵庫県,C,その他,小浜宿（こはまじゅく）は、有馬街道の宿場の一つ。
小野市立好古館,,34.842952,134.932626,兵庫県,D,美術館博物館,
上坂部西公園,,34.7486473,135.4223289,兵庫県,D,その他,上坂部西公園（かみさかべにしこうえん）は兵庫県尼崎市東塚口町にある都市緑化植物園。
城崎マリンワールド,,35.6559205,134.8243488,兵庫県,B,美術館博物館,城崎マリンワールド（きのさきマリンワールド、KINOSAKI MARINE WORLD）は、兵庫県豊岡市の日和山海岸に本拠地を置くアトラクションを備える水族館である。
城崎温泉,きのさきおんせん,35.623695,134.8137585,兵庫県,A,温泉,外湯めぐりで知られる情緒ある温泉街。
植村直己冒険館,,35.461285,134.73212,兵庫県,B,美術館博物館,
神戸どうぶつ王国,,34.6545679,135.2227693,兵庫県,B,その他,神戸どうぶつ王国（こうべどうぶつおうこく）は、兵庫県神戸市中央区のポートアイランドにある動植物園である。
神戸ハーバーランド,こうべはーばーらんど,34.6785119,135.1803111,兵庫県,B,街並み,港町神戸を象徴する商業エリア。
神戸ファッション美術館,,34.6878923,135.2703325,兵庫県,C,美術館博物館,
神戸らんぷミュージフム,,34.688221,135.194129,兵庫県,D,美術館博物館,
神戸映画資料館,,34.6543635,135.1463454,兵庫県,D,美術館博物館,
神戸華僑歴史博物館,,34.685991,135.187165,兵庫県,D,美術館博物館,
神戸海洋博物館,,34.6829503,135.1884501,兵庫県,B,美術館博物館,
神戸市立王子動物園,,34.7101623,135.214462,兵庫県,B,その他,神戸市立王子動物園（こうべしりつおうじどうぶつえん）は、兵庫県神戸市灘区の王子公園内にある動物園。
神戸市立小磯記念美術館,,34.6928224,135.2672258,兵庫県,C,美術館博物館,神戸市立小磯記念美術館（こうべしりつこいそきねんびじゅつかん）は、兵庫県神戸市東灘区の六甲アイランドにある美術館である。
神戸市立森林植物園,,34.7391921,135.1778317,兵庫県,C,その他,神戸市立森林植物園（こうべしりつしんりんしょくぶつえん）は、兵庫県神戸市北区にある植物園。
神戸市立青少年科学館,,34.6659451,135.218091,兵庫県,C,その他,神戸市立青少年科学館（こうべしりつせいしょうねんかがくかん）は、兵庫県神戸市中央区のポートアイランドにある科学館。
神戸須磨シーワールド,,34.6439738,135.1281103,兵庫県,B,美術館博物館,神戸須磨シーワールド（こうべすまシーワールド）は、兵庫県神戸市須磨区の須磨海浜公園内にある水族館。
神戸総合運動公園,,34.6777143,135.0768982,兵庫県,C,その他,神戸総合運動公園（こうべそうごううんどうこうえん、英: Kobe Sports Park）は、兵庫県神戸市須磨区緑台及びその近辺（一部垂水区）にある都市公園（運動公園）である。
神戸文化ホール,,34.6837873,135.172897,兵庫県,B,その他,神戸文化ホール（こうべぶんかホール）は兵庫県神戸市中央区の大倉山公園にある音楽・演劇用ホール。
神子畑精練所跡,,35.2446258,134.717267,兵庫県,B,その他,
神呪寺,,34.7731861,135.3298353,兵庫県,B,神社仏閣,神呪寺（かんのうじ、神咒寺）は、兵庫県西宮市甲山町にある真言宗御室派の別格本山の寺院。山号は甲山。
神出神社,,34.7584857,135.0001557,兵庫県,D,神社仏閣,
人と防災未来センター,,34.6982841,135.2150947,兵庫県,B,その他,人と防災未来センター（はんしん・あわじだいしんさいきねん ひととぼうさいみらいセンター）は、防災・減災の世界的拠点となることを目的に創設された機関。
須磨浦公園,,34.6386512,135.1022749,兵庫県,C,その他,須磨浦公園（すまうらこうえん）は、兵庫県神戸市須磨区一ノ谷町にある公園。
須磨浦山上遊園,,34.6419962,135.0943799,兵庫県,B,その他,須磨浦山上遊園（すまうらさんじょうゆうえん）は、兵庫県神戸市須磨区の鉢伏山と旗振山の山頂一帯に広がる須磨浦公園内の植物園・遊園地を含む緑ゆたかな公園である。
須磨海水浴場,,34.6429619,135.1260432,兵庫県,C,自然,須磨海水浴場（すまかいすいよくじょう）は、兵庫県神戸市須磨区にある阪神間で最大の海水浴場である。
須磨寺,,34.6491725,135.1114723,兵庫県,B,神社仏閣,
水尾神社,,34.841237,134.689408,兵庫県,D,神社仏閣,
瑞宝寺公園,,34.7950359,135.2559205,兵庫県,D,その他,瑞宝寺公園（ずいほうじこうえん）は、兵庫県神戸市北区の有馬温泉郷にある都市公園。
世界の貯金箱博物館,,34.7162548,135.4134125,兵庫県,D,美術館博物館,
成ヶ島,,34.2801714,134.9572452,兵庫県,C,自然,成ヶ島（なるがしま）は、兵庫県洲本市由良町由良の東側の紀淡海峡に、南北約2.5kmにわたって砂州が伸びる細長い島。
清荒神清澄寺,,34.8160569,135.3514133,兵庫県,B,神社仏閣,清荒神清澄寺（きよしこうじんせいちょうじ）は、兵庫県宝塚市にある真言三宝宗の大本山の寺院。
生石神社,,34.7824297,134.7950824,兵庫県,B,神社仏閣,生石神社（おうしこじんじゃ）は、兵庫県高砂市・宝殿山山腹にある神社である。
生田神社,,34.6947669,135.1904861,兵庫県,B,神社仏閣,生田神社（いくたじんじゃ）は、兵庫県神戸市中央区にある神社。式内社（名神大社）で、旧社格は官幣中社。
西宮市貝類館,,34.7120316,135.3279793,兵庫県,D,美術館博物館,
西宮市大谷記念美術館,,34.732484,135.32476,兵庫県,C,美術館博物館,西宮市大谷記念美術館（にしのみやしおおたにきねんびじゅつかん）は兵庫県西宮市にある美術館である。
西宮市立郷土資料館分館・名塩和紙学習館,,34.830437,135.298334,兵庫県,E,美術館博物館,
西宮神社,,34.7352092,135.3346532,兵庫県,B,神社仏閣,
西武庫公園,,34.7594598,135.3762504,兵庫県,C,その他,西武庫公園（にしむここうえん）は、兵庫県尼崎市武庫元町三丁目にある同市所有の都市公園（地区公園）である。
西脇市岡之山美術館,,35.002029,134.997932,兵庫県,C,美術館博物館,
赤穂海浜公園,,34.7308076,134.3986139,兵庫県,C,その他,兵庫県立赤穂海浜公園（ひょうごけんりつあこうかいひんこうえん）は、兵庫県赤穂市にある公園。
赤穂市立海洋科学館,,34.733958,134.398217,兵庫県,D,美術館博物館,
赤穂市立民俗資料館,,34.7498194,134.3822829,兵庫県,D,美術館博物館,
赤穂市立歴史博物館,,34.747287,134.390462,兵庫県,D,美術館博物館,
赤穂城,,34.7487968,134.3867377,兵庫県,B,城,赤穂城（あこうじょう）は、兵庫県赤穂市（旧・播磨国赤穂郡加里屋）にある日本の城。
切手文化博物館,,34.7987857,135.2511122,兵庫県,E,美術館博物館,
雪彦山,,35.0728141,134.6512111,兵庫県,B,自然,雪彦山（せっぴこさん）は、兵庫県姫路市北部に位置する山。
千姫天満宮,,34.841538,134.6889915,兵庫県,D,神社仏閣,
曽根天満宮,,34.7777243,134.7732496,兵庫県,C,その他,曽根天満宮（そねてんまんぐう）は、兵庫県高砂市曽根にある天満宮。
相楽園,,34.6927099,135.1819287,兵庫県,B,その他,"相楽園（そうらくえん）は兵庫県神戸市中央区にある広さ20,000m²の都市公園・日本庭園。"
多田神社,,34.8608963,135.402667,兵庫県,B,神社仏閣,多田神社（ただじんじゃ）は、兵庫県川西市多田院多田所町にある神社。旧社格は県社で、現在は神社本庁の別表神社。
太山寺,,34.6966355,135.0674475,兵庫県,B,神社仏閣,太山寺（たいさんじ）は、兵庫県神戸市西区にある天台宗の寺院。山号は三身山（さんしんざん）。
太陽公園,,34.8908191,134.6256619,兵庫県,B,その他,太陽公園（たいようこうえん）は、兵庫県姫路市の峰相山山麓にあるテーマパークである。
退耕山 玉田寺,,35.6109141,134.4766364,兵庫県,E,神社仏閣,
大屋町大杉,,35.3328827,134.6537514,兵庫県,D,その他,大屋町大杉（おおやちょうおおすぎ）は、兵庫県養父市にある伝統的建造物群保存地区である。
大宮八幡宮,,34.7952112,134.9850973,兵庫県,C,神社仏閣,
大蔵海岸,,34.6424796,135.0159706,兵庫県,C,その他,大蔵海岸（おおくらかいがん）は兵庫県明石市東部の大蔵海岸通1丁目、2丁目にある海浜公園。
但馬御火浦,,35.6609302,134.5133098,兵庫県,C,その他,但馬御火浦（たじまみほのうら）は、兵庫県美方郡香美町と新温泉町にまたがる、香住海岸西端の伊笹岬から浜坂海岸東端の観音山の約8キロメートルの岩礁海岸で御火浦という地名は、漁火にはじまるとされる。
辰鼓楼,,35.4622326,134.8743304,兵庫県,C,その他,辰鼓楼（しんころう）は、兵庫県豊岡市出石の出石総合支所敷地（旧出石町役場、旧弘道小学校敷地）にある、明治時代初期の時計台。
丹波市立植野記念美術館,,35.173267,135.039207,兵庫県,C,美術館博物館,
淡路ファームパークイングランドの丘,,34.306857,134.801611,兵庫県,C,その他,
淡路ワールドパークONOKORO,,34.4175343,134.89716,兵庫県,B,その他,淡路ワールドパークONOKORO （あわじワールドパーク オノコロ）は、兵庫県淡路市塩田新島8-5にあるミニチュアパーク。
淡路人形座,,34.2561111,134.7199846,兵庫県,D,その他,淡路人形座（あわじにんぎょうざ）は、兵庫県南あわじ市福良にある淡路人形浄瑠璃の上演施設であり、その保存・上演団体のことも指す。
淡路夢舞台,,34.5609763,135.0068809,兵庫県,B,その他,淡路夢舞台（あわじゆめぶたい）とは、兵庫県淡路市にある複合文化リゾート施設である。
竹中大工道具館,,34.7068981,135.197397,兵庫県,B,美術館博物館,竹中大工道具館（たけなかだいくどうぐかん）は、竹中工務店が、兵庫県神戸市中央区に1984年（昭和59年）に開設した企業博物館である。
竹田城跡,たけだじょうせき,35.3001,134.829,兵庫県,A,城,雲海に浮かぶ「天空の城」。
竹野浜,,35.6608403,134.7655856,兵庫県,C,その他,竹野浜（たけのはま）は、兵庫県豊岡市竹野町竹野にある白砂青松の砂浜で、日本海に面する竹野海岸の猫崎半島の東に位置する。
中山寺,,34.8212057,135.3678039,兵庫県,B,神社仏閣,中山寺（なかやまでら）は、兵庫県宝塚市中山寺にある真言宗中山寺派の大本山の寺院。山号は紫雲山。
長田神社,,34.67112,135.1470548,兵庫県,B,神社仏閣,長田神社（ながたじんじゃ）は、兵庫県神戸市長田区長田町に位置する神社。
鶴林寺,,34.7522463,134.8328727,兵庫県,B,神社仏閣,
的形潮干狩り場・海水浴場,,34.769043,134.7462384,兵庫県,E,自然,的形潮干狩り場・海水浴場（まとがたしおひがりじょう・かいすいよくじょう）は、兵庫県姫路市的形町的形1919にある海水浴場、潮干狩り場。
鉄斎美術館,,34.8227501,135.3532603,兵庫県,C,美術館博物館,
砥峰高原,,35.1527814,134.6905041,兵庫県,B,その他,砥峰高原（とのみねこうげん）は、兵庫県神崎郡神河町にある高原。
湯村温泉,ゆむらおんせん,35.55629,134.4910482,兵庫県,C,温泉,「夢千代日記」の舞台としても知られる山陰の名湯。
闘竜灘,,34.945368,134.9629526,兵庫県,C,その他,
道の駅あわじ,,34.6011617,135.0090839,兵庫県,D,その他,道の駅あわじ（みちのえき あわじ）は、兵庫県淡路市岩屋にある兵庫県道31号福良江井岩屋線の道の駅である。
灘黒岩水仙郷,,34.2298639,134.843773,兵庫県,D,その他,灘黒岩水仙郷（なだくろいわすいせんきょう）は、兵庫県南あわじ市（旧南淡町）灘黒岩に位置するスイセンの群生地である。
南あわじ市滝川記念美術館・玉青館,,34.316265,134.734117,兵庫県,D,美術館博物館,
尼崎スポーツの森,,34.698596,135.382606,兵庫県,C,その他,尼崎スポーツの森（あまがさきスポーツのもり）は、兵庫県尼崎市にある西日本最大の複合スポーツ施設。
日岡山公園,,34.7785762,134.8651736,兵庫県,C,その他,日岡山公園(ひおかやまこうえん)は、兵庫県加古川市にある公園である。
日岡神社,,34.780745,134.8606351,兵庫県,C,神社仏閣,日岡神社（ひおかじんじゃ）は、兵庫県加古川市加古川町大野にある神社。
日本玩具博物館,,34.907581,134.745255,兵庫県,C,美術館博物館,
猫崎,,35.6744489,134.7643052,兵庫県,D,自然,猫崎（ねこざき）は、兵庫県豊岡市の竹野海岸に属し、竹野浜の西端を基部として北の日本海に突き出した岬。
播磨国総社 射楯兵主神社,,34.8340079,134.6969366,兵庫県,B,神社仏閣,
播磨町郷土資料館,,34.726982,134.876286,兵庫県,D,美術館博物館,
柏原八幡宮,,35.1309253,135.0794184,兵庫県,C,神社仏閣,柏原八幡宮（かいばらはちまんぐう）は、兵庫県丹波市柏原町柏原（かいばら）にある神社。
白毫寺,,35.1961105,135.0939921,兵庫県,C,神社仏閣,
八浄寺,,34.467517,134.939221,兵庫県,D,神社仏閣,八浄寺（はちじょうじ）は、兵庫県淡路市にある高野山真言宗の寺院。
姫路セントラルパーク,,34.8687114,134.7581559,兵庫県,B,その他,姫路セントラルパーク（ひめじセントラルパーク）は、兵庫県姫路市にあるサファリパーク形式の動物園と遊園地を併設した複合型レジャー施設。
姫路科学館,,34.851724,134.626934,兵庫県,C,美術館博物館,
姫路市書写の里・美術工芸館,,34.880712,134.666608,兵庫県,D,美術館博物館,
姫路市立水族館,,34.8226563,134.6763377,兵庫県,C,その他,
姫路市立美術館,,34.8393756,134.6964763,兵庫県,C,美術館博物館,
姫路城,ひめじじょう,34.8394,134.6939,兵庫県,A,城,白鷺城の異名を持つ世界遺産の名城。
姫路神社,,34.8398687,134.6958237,兵庫県,C,神社仏閣,
姫路文学館,,34.841566,134.688401,兵庫県,C,美術館博物館,
百耕資料館,,34.6617273,135.1300047,兵庫県,D,美術館博物館,
俵美術館,,34.734912,135.30054,兵庫県,D,美術館博物館,
氷ノ山,,35.353946,134.5138502,兵庫県,B,自然,氷ノ山（ひょうのせん）は、兵庫県養父市と鳥取県八頭郡若桜町との県境にある山。
浜坂漁港,,35.6309692,134.4436755,兵庫県,D,その他,浜坂漁港（はまさかぎょこう）は、兵庫県美方郡新温泉町にある第3種漁港。
浜坂県民サンビーチ,,35.6286991,134.4477355,兵庫県,D,その他,浜坂県民サンビーチ（はまさかけんみんサンビーチ）は、兵庫県美方郡新温泉町にある白砂青松の砂浜。
舞子公園,,34.6317358,135.0372857,兵庫県,C,その他,兵庫県立舞子公園（ひょうごけんりつまいここうえん）は、兵庫県神戸市垂水区東舞子町にある都市公園。
兵庫県立コウノトリの郷公園,ひょうごけんりつこうのとりのさとこうえん,35.5453333,134.8601667,兵庫県,C,その他,特別天然記念物コウノトリの保護・野生復帰の拠点施設。
兵庫県立フラワーセンター,,34.907844,134.858674,兵庫県,C,その他,兵庫県立フラワーセンター（ひょうごけんりつフラワーセンター）は、兵庫県加西市に位置する植物園。
兵庫県立円山川公苑美術館,,35.633816,134.826061,兵庫県,D,美術館博物館,
兵庫県立芸術文化センター,,34.7435852,135.35573,兵庫県,B,その他,兵庫県立芸術文化センター（ひょうごけんりつげいじゅつぶんかセンター、Hyogo Performing Arts Center）は、兵庫県西宮市にあるホール・劇場。
兵庫県立公園あわじ花さじき,,34.5523678,134.981083,兵庫県,C,その他,兵庫県立公園あわじ花さじき（ひょうごけんりつこうえん あわじはなさじき）は兵庫県淡路市楠本に所在する公園である。
兵庫県立三木山森林公園,,34.7895153,134.9888804,兵庫県,C,その他,兵庫県立三木山森林公園（ひょうごけんりつみきやましんりんこうえん）は兵庫県三木市にある面積80haの広大な森林公園 。
兵庫県立人と自然の博物館,,34.8859237,135.1992765,兵庫県,B,美術館博物館,兵庫県立人と自然の博物館（ひょうごけんりつひととしぜんのはくぶつかん）は、兵庫県三田市にある自然史系博物館。
兵庫県立但馬牧場公園,,35.5183486,134.4868076,兵庫県,D,その他,但馬牧場公園（ひょうごけんりつ たじまぼくじょうこうえん）は兵庫県新温泉町丹土にある公立総合公園。
兵庫県立淡路島公園,,34.5750177,135.0020139,兵庫県,B,その他,兵庫県立淡路島公園（ひょうごけんりつあわじしまこうえん）は兵庫県淡路市にある公立都市公園である。
兵庫県立美術館,,34.6990694,135.2182316,兵庫県,B,美術館博物館,兵庫県立美術館（ひょうごけんりつびじゅつかん、HYOGO PREFECTURAL MUSEUM OF ART）は、兵庫県神戸市の「HAT神戸」にある、兵庫県立の美術館である。
兵庫県立木の殿堂,,35.4284714,134.5796431,兵庫県,D,美術館博物館,兵庫県立木の殿堂（ひょうごけんりつきのでんどう）は、「森と海と太陽」をテーマにした博物館である。
兵庫県立歴史博物館,,34.841115,134.696872,兵庫県,C,美術館博物館,
宝塚市立手塚治虫記念館,,34.8071815,135.3483085,兵庫県,B,その他,宝塚市立手塚治虫記念館（たからづかしりつてづかおさむきねんかん）は、兵庫県宝塚市にあるアニメ・マンガミュージアムである。
宝塚大劇場,,34.8073402,135.3462447,兵庫県,B,その他,宝塚大劇場（たからづかだいげきじょう）は、兵庫県宝塚市栄町にある劇場。
豊岡市立城崎文芸館,,35.6251871,134.8107087,兵庫県,E,美術館博物館,
北向地蔵,,34.6946414,135.1928475,兵庫県,E,神社仏閣,
北前館,,35.662338,134.7616955,兵庫県,D,その他,北前館（きたまえかん）は、兵庫県豊岡市の竹野浜にある北前船をテーマとする資料館と温泉入浴施設を核とする複合施設。
北野異人館街,きたのいじんかんがい,34.7012778,135.1897083,兵庫県,B,街並み,明治期の洋館が立ち並ぶ神戸を代表する観光地区。
摩耶山,,34.7329839,135.2048816,兵庫県,B,自然,摩耶山（まやさん）は、兵庫県神戸市灘区、六甲山地の中央に位置する標高702 mの山。
湊川公園,,34.6794944,135.1664955,兵庫県,C,その他,湊川公園（みなとがわこうえん）は兵庫県神戸市兵庫区にある都市公園。
湊川神社,,34.6807026,135.1761111,兵庫県,B,神社仏閣,湊川神社（みなとがわじんじゃ）は、兵庫県神戸市中央区多聞通にある神社。
夢千代館,,35.5563783,134.4873746,兵庫県,C,美術館博物館,夢千代館（ゆむらおんせんはくらんかん ゆめちよかん）は、兵庫県美方郡新温泉町の湯村温泉にある博物館。
明石海峡大橋,あかしかいきょうおおはし,34.6169444,135.0211111,兵庫県,A,その他,世界最長クラスの吊り橋、淡路島と神戸を結ぶ。
明石市立天文科学館,,34.64939,135.001511,兵庫県,B,美術館博物館,
明石城,,34.6525687,134.9910964,兵庫県,B,城,
鳴門の渦潮,,34.2366261,134.6510518,兵庫県,B,その他,鳴門の渦潮（なるとのうずしお）は、徳島県鳴門市と兵庫県南あわじ市の間の鳴門海峡で発生する渦潮である。
鳴門海峡,,34.2282303,134.6587453,兵庫県,B,自然,鳴門海峡（なると かいきょう、国際名称・英語名: Naruto Strait）は、日本の四国の北東端にある大毛島孫崎（徳島県鳴門市）と淡路島門崎（兵庫県南あわじ市）との間に位置する海峡。
野見宿祢神社,,34.870145,134.5394104,兵庫県,C,神社仏閣,
柳田國男・松岡家顕彰会記念館,,34.957744,134.7647,兵庫県,D,美術館博物館,
有年考古館,,34.835254,134.382581,兵庫県,E,美術館博物館,
有馬温泉,ありまおんせん,34.7975,135.2478,兵庫県,A,温泉,金泉・銀泉で知られる日本三古湯。
立川水仙郷,,34.2650495,134.9324546,兵庫県,C,その他,立川水仙郷（たちかわすいせんきょう）は、兵庫県洲本市由良町由良にあった観光名所である。
粒坐天照神社,,34.8635878,134.5402797,兵庫県,C,神社仏閣,
龍野公園,,34.8673327,134.5393967,兵庫県,C,その他,龍野公園（たつのこうえん）は兵庫県たつの市にある総合公園。
龍野神社,,34.8701154,134.540769,兵庫県,C,神社仏閣,
六甲ケーブル,,34.7521618,135.2368009,兵庫県,B,その他,六甲ケーブル線（ろっこうケーブルせん）は、兵庫県神戸市灘区の六甲ケーブル下駅から六甲山上駅に至る神戸六甲鉄道のケーブルカー路線である。
六甲高山植物園,,34.7623807,135.2415273,兵庫県,C,その他,六甲高山植物園（ろっこうこうざんしょくぶつえん）は、兵庫県神戸市の六甲山上にある植物園。
六甲山,,34.7779922,135.2637445,兵庫県,A,その他,六甲山（ろっこうさん）は、兵庫県南東部、神戸市街地の西から北にかけて位置する山塊である。
六甲比命神社,,34.7661647,135.2395453,兵庫県,B,神社仏閣,六甲比命大善神社（ろっこうひめだいぜんじんじゃ）は、兵庫県神戸市灘区六甲山町にある、荘厳な磐座をご神体とする神社である。
圓教寺,,34.8888373,134.6576603,兵庫県,A,神社仏閣,圓教寺（円教寺、えんぎょうじ）は、兵庫県姫路市書写にある天台宗の別格本山の寺院。山号は書寫山（書写山）。
廣田神社,,34.7529338,135.3400056,兵庫県,B,神社仏閣,廣田神社（ひろたじんじゃ、広田神社）は、兵庫県西宮市大社町にある神社。式内社（名神大社）、二十二社（下八社）の一社。
廣峯神社,,34.8739138,134.7003454,兵庫県,E,神社仏閣,
應聖寺,,34.9805136,134.7218257,兵庫県,D,神社仏閣,
かもきみの湯,,34.412685,135.7163716,奈良県,D,その他,かもきみの湯（かもきみのゆ）は、奈良県御所市葛城地区の水処理施設「アクアセンター」と隣接する天然温泉の日帰り入浴施設。
キトラ古墳,,34.4511511,135.8052325,奈良県,A,その他,キトラ古墳（キトラこふん）は、奈良県高市郡明日香村の南西部、阿部山に築かれた古墳。
ならまち,,34.6502305,135.7861876,奈良県,B,その他,ならまちは、奈良県奈良市の中心市街地南東部に位置する、歴史的町並みを有する地域。
みたらい渓谷,,34.234436,135.8749245,奈良県,D,自然,みたらい渓谷（みたらいけいこく）とは、奈良県吉野郡天川村北角にある渓谷。
阿紀神社,,34.4782984,135.9240353,奈良県,C,神社仏閣,
安堵町歴史民俗資料館,,34.604829,135.758396,奈良県,D,美術館博物館,
安倍文殊院,,34.5037932,135.8417544,奈良県,B,神社仏閣,
宇太水分神社,,34.5234621,135.9530291,奈良県,B,神社仏閣,宇太水分神社（うだのみくまりじんじゃ）は、奈良県宇陀市菟田野古市場にある神社。
栄山寺,,34.3559366,135.7208895,奈良県,B,神社仏閣,
益田岩船,,34.4711981,135.7886742,奈良県,B,その他,
猿石,,34.4336158,135.8249001,奈良県,B,その他,猿石（さるいし）は、奈良県高市郡明日香村の吉備姫王墓内にある奇石。
往馬大社,,34.6783097,135.7037568,奈良県,E,神社仏閣,
岡寺,,34.4717641,135.8273637,奈良県,B,神社仏閣,岡寺（おかでら）は、奈良県高市郡明日香村岡にある真言宗豊山派の寺院。
屋敷山古墳,,34.4866669,135.7140101,奈良県,D,その他,
戒長寺 (Kaichō-ji),,34.5637672,135.9833556,奈良県,D,神社仏閣,
皆天満宮,,34.6677172,135.786309,奈良県,E,神社仏閣,
柿本神社 (Kakinomoto Shrine),,34.4892605,135.7271135,奈良県,D,神社仏閣,
橿原市昆虫館,,34.491243,135.8271359,奈良県,D,美術館博物館,橿原市昆虫館（かしはらしこんちゅうかん、英: Kashihara City Museum of Insects または Kashihara-city Insectarium）は、奈良県橿原市の香久山公園に位置する自然博物館である。
橿原市立こども科学館,,34.5003963,135.7965623,奈良県,D,美術館博物館,
橿原神宮,,34.4878708,135.7871787,奈良県,A,神社仏閣,橿原神宮（かしはらじんぐう）は、奈良県橿原市久米町にある神社。旧社格は官幣大社、勅祭社。
葛城市相撲館「けはや座」,,34.515611,135.703187,奈良県,D,美術館博物館,
葛城市歴史博物館,,34.477121,135.730955,奈良県,D,美術館博物館,
葛木二上神社,,34.5256835,135.67799,奈良県,C,神社仏閣,
葛木倭文座天羽雷命神社,,34.530695,135.6890154,奈良県,C,神社仏閣,
鴨都波神社,,34.4601676,135.732835,奈良県,B,神社仏閣,
喜光寺,,34.6847812,135.7775873,奈良県,B,神社仏閣,喜光寺（きこうじ）は、奈良県奈良市菅原町にある法相宗の別格本山の寺院。
亀石,,34.4456162,135.712274,奈良県,B,その他,亀石（かめいし）とは、奈良県高市郡明日香村川原にある石造物。
吉野山,,34.3604611,135.867088,奈良県,B,その他,
吉野神宮,,34.3846405,135.8455513,奈良県,B,神社仏閣,吉野神宮（よしのじんぐう）は、奈良県吉野郡吉野町吉野山にある神社。
吉野水分神社,,34.3539252,135.8730345,奈良県,B,神社仏閣,吉野水分神社（よしのみくまりじんじゃ）は、奈良県吉野郡吉野町子守地区（吉野山上千本）にある神社。
橘寺,,34.469922,135.8179167,奈良県,B,神社仏閣,橘寺（たちばなでら）は、奈良県高市郡明日香村橘にある天台宗の寺院。山号は仏頭山。
京終地蔵院,,34.6719159,135.8279979,奈良県,E,神社仏閣,
興福寺,こうふくじ,34.68325,135.8311667,奈良県,A,神社仏閣,五重塔と阿修羅像で知られる世界遺産の古刹。
鏡作麻気神社,,34.5622171,135.7970075,奈良県,E,神社仏閣,
玉置神社 (Tamaki Jinja),,33.9248571,135.8300095,奈良県,B,神社仏閣,
金峯山寺,,34.3682805,135.85798,奈良県,A,神社仏閣,
金峯神社,,34.3427486,135.8818934,奈良県,B,神社仏閣,
櫛玉比女命神社,,34.5627703,135.7536731,奈良県,C,神社仏閣,
郡山城跡,,34.6518829,135.7790224,奈良県,A,城,
郡山八幡神社,,34.6445354,135.782509,奈良県,D,神社仏閣,
慶恩寺,,34.4848093,135.9328746,奈良県,D,神社仏閣,
月日神社,,34.6818867,135.8232023,奈良県,D,神社仏閣,
見初社,,34.6846048,135.8271045,奈良県,E,神社仏閣,
元興寺小塔院跡,,34.6761944,135.8290896,奈良県,E,城,
源九郎稲荷神社,,34.6456287,135.7855631,奈良県,C,神社仏閣,
玄賓庵,,34.536686,135.855063,奈良県,D,神社仏閣,
五劫院,,34.694545,135.8381476,奈良県,C,神社仏閣,
御杖神社,,34.4943188,136.1946235,奈良県,C,神社仏閣,
皇大神社,,34.6793378,135.7931705,奈良県,E,神社仏閣,
皇大神社 (Kōtai Shrine),,34.6791317,135.77919,奈良県,E,神社仏閣,
荒神社,,34.1575318,135.6563827,奈良県,B,神社仏閣,立里荒神社（たてりこうじんしゃ）は、奈良県吉野郡野迫川村大字池津川にある神社である。空海が高野山を開創する際に祀ったと伝わる。
高鴨神社,,34.4083657,135.7075966,奈良県,B,神社仏閣,
高見山,,34.428712,136.0884284,奈良県,C,自然,高見山（たかみさん、たかみやま）は、奈良県吉野郡東吉野村と三重県松阪市（旧飯南郡飯高町）との境界にある山。
高山八幡宮,,34.7450708,135.72226,奈良県,D,神社仏閣,
高取城,,34.4296375,135.8266904,奈良県,B,城,高取城（たかとりじょう）は、奈良県高市郡高取町高取にあった日本の城。
高松塚古墳,,34.4623012,135.8061881,奈良県,A,その他,高松塚古墳（たかまつづかこふん）は、奈良県高市郡明日香村の国営飛鳥歴史公園内にある古墳。
高天彦神社,,34.4181138,135.6959341,奈良県,B,神社仏閣,
桜本坊,,34.361173,135.8632842,奈良県,C,神社仏閣,
三輪山,,34.5350347,135.8667982,奈良県,B,自然,三輪山（みわやま）は、奈良県桜井市にあるなだらかな円錐形の山。
讃岐神社,,34.5545151,135.7393756,奈良県,C,神社仏閣,
市立五條文化博物館,,34.379541,135.685291,奈良県,D,美術館博物館,
慈光院,,34.7084481,135.5489662,奈良県,C,神社仏閣,慈光院（じこういん）は、奈良県大和郡山市小泉町にある臨済宗大徳寺派の寺院である。
耳成山,,34.5147899,135.8053458,奈良県,B,自然,耳成山（みみなしやま）は、奈良盆地の南部に位置する奈良県橿原市にある山。
室生寺,,34.5379679,136.0406198,奈良県,A,神社仏閣,
若草山,,34.691173,135.854265,奈良県,B,自然,若草山（わかくさやま）は、奈良県奈良市の奈良公園の東端に位置する標高342 m、面積33 haの山である。
手向山八幡宮,,34.6880837,135.8446899,奈良県,B,神社仏閣,手向山八幡宮（たむけやまはちまんぐう）は、奈良県奈良市にある神社。
宗像神社,,34.5113139,135.859957,奈良県,C,神社仏閣,
秋篠寺,,34.7034993,135.7763735,奈良県,B,神社仏閣,秋篠寺（あきしのでら）は、奈良県奈良市秋篠町にある単立の寺院。
春日大社,かすがたいしゃ,34.6805063,135.8460746,奈良県,A,神社仏閣,朱塗りの社殿と多数の灯籠で知られる古社。
順明寺,,34.5082093,135.7856115,奈良県,E,神社仏閣,
勝手神社,,34.3645908,135.8625968,奈良県,C,神社仏閣,
松伯美術館,,34.7102,135.747168,奈良県,E,美術館博物館,
松尾寺,,34.6354256,135.7272867,奈良県,C,神社仏閣,
菖蒲池神社,,34.6935676,135.7592927,奈良県,C,神社仏閣,
常陸神社,,34.6954846,135.8187529,奈良県,E,神社仏閣,
信貴山,,34.6127679,135.6683119,奈良県,B,自然,信貴山（しぎさん）は、奈良県生駒郡平群町に位置する山である。
新薬師寺,,34.6758346,135.8458855,奈良県,B,神社仏閣,新薬師寺（しんやくしじ）は、奈良県奈良市高畑町にある華厳宗の寺院。山号は日輪山。
真福寺,,34.7083901,136.0395352,奈良県,E,神社仏閣,
人麿神社,,34.5147366,135.7847137,奈良県,D,神社仏閣,
正倉院,,34.6918604,135.8385882,奈良県,A,その他,正倉院（しょうそういん）は、奈良県奈良市の東大寺大仏殿の北北西に位置する、校倉造（あぜくらづくり）の大規模な正倉（高床倉庫）。
正暦寺,,34.6446963,135.8685415,奈良県,B,神社仏閣,
生駒ふるさとミュージアム,,34.6906016,135.7043733,奈良県,D,美術館博物館,
生駒山,,34.6784655,135.6789968,奈良県,B,自然,生駒山（いこまやま・いこまさん）は、奈良県生駒市と大阪府東大阪市との県境にある標高642メートルの山。
生駒山上遊園地,,34.6803612,135.679848,奈良県,B,その他,生駒山上遊園地（いこまさんじょうゆうえんち）は、奈良県生駒市と大阪府東大阪市にまたがる生駒山の山上にある遊園地である。
西波天神社,,34.6682142,135.7808854,奈良県,E,神社仏閣,
石園坐多久虫玉神社,,34.5079686,135.7425712,奈良県,C,神社仏閣,
石上神宮,,34.5974406,135.850671,奈良県,A,神社仏閣,石上神宮（いそのかみじんぐう）は、奈良県天理市布留町にある神社。
石舞台古墳,,34.466911,135.8261224,奈良県,A,その他,石舞台古墳（いしぶたいこふん）は、奈良県明日香村にある古墳時代後期の古墳。
川原寺,,34.4722013,135.8173091,奈良県,E,神社仏閣,
大安寺,,34.6679364,135.8127455,奈良県,B,神社仏閣,大安寺（だいあんじ）は、奈良県奈良市大安寺二丁目にある高野山真言宗の寺院。山号はなし。
大将軍神社,,34.681135,135.7953215,奈良県,D,神社仏閣,
大台ヶ原山,おおだいがはらやま,34.1806498,136.0969884,奈良県,C,自然,年間降水量日本有数の多雨地帯として知られる日本百名山。
大塚山古墳,,34.5858609,135.7430336,奈良県,C,その他,
大峯山寺,,34.2534066,135.9400235,奈良県,B,神社仏閣,大峯山寺（おおみねさんじ）は、奈良県吉野郡天川村にある修験道の寺院である。大峯山山上ヶ岳の山頂に建つ。
大野寺,,34.5626852,136.015676,奈良県,C,神社仏閣,
大和葛城山,,34.4561473,135.6823122,奈良県,B,その他,大和葛城山（やまとかつらぎさん）は、奈良県御所市と大阪府南河内郡千早赤阪村との境に位置する山。
大和神社,,34.5703591,135.8412614,奈良県,B,神社仏閣,大和神社（おおやまとじんじゃ）は、奈良県天理市新泉町星山にある神社。
大和文華館,,34.695396,135.756723,奈良県,B,美術館博物館,
辰市神社,,34.6587496,135.8029056,奈良県,D,神社仏閣,
谷瀬の吊り橋,,34.1016162,135.7628931,奈良県,B,その他,谷瀬の吊り橋（たにぜのつりばし）は、奈良県吉野郡十津川村に架かる日本最長の生活用鉄線の吊橋である。
丹生川上神社中社,,34.3901696,135.9864034,奈良県,B,神社仏閣,
談山神社,,34.465189,135.861634,奈良県,B,神社仏閣,談山神社（たんざんじんじゃ）は、奈良県桜井市多武峰（とうのみね）にある神社。
竹林寺,,34.6724932,135.7031476,奈良県,C,神社仏閣,
竹林寺古墳,,34.671957,135.7039689,奈良県,E,その他,
中宮寺,,34.6149294,135.739858,奈良県,B,神社仏閣,中宮寺（ちゅうぐうじ）は、奈良県生駒郡斑鳩町法隆寺北にある聖徳宗の寺院。山号は法興山。
中川寺跡,,34.7094702,135.868368,奈良県,D,その他,
中野美術館,,34.694202,135.755751,奈良県,D,美術館博物館,
朝護孫子寺,,34.6090885,135.6703389,奈良県,B,神社仏閣,朝護孫子寺（ちょうごそんしじ）は、奈良県生駒郡平群町信貴山にある信貴山真言宗の総本山の寺院。山号は信貴山。
長岳寺,,34.5609693,135.8520599,奈良県,C,神社仏閣,
長弓寺,,34.7185634,135.7273021,奈良県,C,神社仏閣,
長谷寺,はせでら,34.5358889,135.9068333,奈良県,B,神社仏閣,「花の御寺」と称される真言宗豊山派の総本山。
鎮宅霊符神社,,34.6773866,135.8282148,奈良県,E,神社仏閣,
津島神社,,34.5527508,135.7922384,奈良県,D,神社仏閣,
津風呂ダム,,34.3969294,135.8953798,奈良県,B,その他,津風呂ダム（つぶろダム）は、奈良県吉野郡吉野町大字河原屋地先、一級河川・紀の川水系津風呂川に建設されたダムである。
帝塚山大学 附属博物館,,34.6860913,135.7239175,奈良県,E,美術館博物館,
天河大弁財天社,,34.2234827,135.8417126,奈良県,A,神社仏閣,
天満神社,,34.6752671,135.7978641,奈良県,E,神社仏閣,
天理大学附属天理参考館,,34.5973524,135.8424831,奈良県,C,美術館博物館,
添御県坐 神社,,34.6875457,135.7394746,奈良県,B,神社仏閣,
登弥神社,,34.6609833,135.7659638,奈良県,C,神社仏閣,
都祁山口神社,,34.5921439,135.8481406,奈良県,E,神社仏閣,
唐招提寺,とうしょうだいじ,34.6755833,135.7848333,奈良県,A,神社仏閣,鑑真が創建した世界遺産の古刹、金堂は天平建築の傑作。
島の山古墳,,34.5835976,135.7658592,奈良県,B,その他,
東大寺,とうだいじ,34.689,135.8398,奈良県,A,神社仏閣,奈良の大仏(盧舎那仏)を祀る世界遺産。
東大寺山古墳,,34.6212495,135.8381183,奈良県,C,その他,
東南院,,34.365741,135.861452,奈良県,D,神社仏閣,
等彌神社,,34.5062035,135.8540974,奈良県,B,神社仏閣,
頭塔 (Zuto Tower),,34.6772342,135.8388603,奈良県,C,その他,
瀞峡,,33.913062,135.8948101,奈良県,B,その他,瀞峡（どろきょう）は、和歌山県・三重県・奈良県を流れる熊野川水系北山川上流にある峡谷。
屯鶴峯,,34.5436631,135.6626015,奈良県,B,その他,屯鶴峯（どんづるぼう、どんづる峯）は、奈良県香芝市の穴虫峠付近にある奇岩群・奇勝。
奈良学園セミナーハウス志賀直哉旧居,,34.6778782,135.8436538,奈良県,C,美術館博物館,
奈良県立橿原考古学研究所附属博物館,,34.492169,135.791362,奈良県,B,美術館博物館,
奈良県立美術館,,34.6859143,135.8325041,奈良県,C,美術館博物館,奈良県立美術館（ならけんりつびじゅつかん）は、奈良県奈良市にある美術館。
奈良県立万葉文化館,,34.47723,135.822312,奈良県,C,美術館博物館,
奈良県立民俗博物館,,34.652983,135.754113,奈良県,B,美術館博物館,
奈良公園(鹿),ならこうえん,34.6829008,135.8545975,奈良県,B,自然,野生の鹿が暮らす広大な都市公園。
奈良国立博物館,ならこくりつはくぶつかん,34.6837,135.8364,奈良県,B,美術館博物館,仏教美術専門の国立博物館、正倉院展の会場としても知られる。
奈良町資料館,,34.6769119,135.8301546,奈良県,D,美術館博物館,
楢神社,,34.6233039,135.8297702,奈良県,D,神社仏閣,
馬見丘陵公園,,34.5574432,135.7398524,奈良県,C,その他,馬見丘陵公園（うまみきゅうりょうこうえん）は、奈良県北葛城郡広陵町から河合町にかけて広がる馬見丘陵内にある奈良県営の都市公園。
白毫寺 (Byakugō-ji),,34.6709963,135.8512437,奈良県,B,神社仏閣,
箸中山古墳,,34.538994,135.8408074,奈良県,A,その他,箸中山古墳（はしなかやまこふん）は、奈良県桜井市箸中にある古墳。
斑鳩神社 (Ikaruga Shrine),,34.6178197,135.7369932,奈良県,C,神社仏閣,
飛鳥資料館,,34.4842923,135.8251027,奈良県,C,美術館博物館,
飛鳥寺,,34.478654,135.8201676,奈良県,A,神社仏閣,
富本憲吉記念館,,34.604193,135.757481,奈良県,C,美術館博物館,
富雄丸山古墳,,34.6665301,135.7522947,奈良県,E,その他,
仏隆寺,,34.5151975,136.0096692,奈良県,C,神社仏閣,
平城宮跡,へいじょうきゅうせき,34.6911,135.7956,奈良県,A,その他,奈良時代の宮跡、世界遺産「古都奈良の文化財」の構成資産。
平城京左京三条二坊宮跡庭園,,34.6838609,135.8024213,奈良県,C,その他,平城京左京三条二坊宮跡庭園（へいじょうきょうさきょうさんじょうにぼうみやあとていえん）は、奈良県奈良市三条大路にある庭園遺構。
平城天皇陵,,34.6964372,135.7971476,奈良県,C,その他,
片岡神社,,34.5895738,135.7049812,奈良県,D,神社仏閣,
法華寺,,34.6921886,135.8044572,奈良県,B,神社仏閣,法華寺（ほっけじ）は、奈良県奈良市法華寺町にある光明宗の本山の寺院。山号はなし。
法起寺,,34.6227775,135.7460229,奈良県,B,神社仏閣,法起寺（ほっきじ、ほうきじ）は、奈良県生駒郡斑鳩町岡本にある聖徳宗の寺院。山号は岡本山。
法徳寺,,34.6763575,135.8328512,奈良県,D,神社仏閣,
法隆寺,ほうりゅうじ,34.614013,135.7360432,奈良県,A,神社仏閣,世界最古の木造建築群を誇る世界遺産。
万法寺,,34.4807989,135.9319171,奈良県,D,神社仏閣,
夜都伎神社,,34.5836597,135.8483406,奈良県,C,神社仏閣,
矢田坐久志玉比古神社,,34.6518292,135.7480565,奈良県,C,神社仏閣,
矢田寺 (Yata-dera),,34.6494922,135.7364881,奈良県,B,神社仏閣,
薬師寺,,34.6687298,135.7845238,奈良県,A,神社仏閣,
雷丘,,34.4836259,135.8156549,奈良県,C,その他,
率川神社,,34.6762956,135.8300554,奈良県,E,神社仏閣,
龍象寺,,34.6428758,135.827459,奈良県,D,神社仏閣,
龍田大社,,34.5930203,135.688507,奈良県,B,神社仏閣,龍田大社（たつたたいしゃ）は、奈良県生駒郡三郷町立野南にある神社。
蓮長寺,,34.6851989,135.8233077,奈良県,D,神社仏閣,
倭恩智神社,,34.5618766,135.8208317,奈良県,E,神社仏閣,
倭文神社,,34.6568016,135.8045824,奈良県,E,神社仏閣,
圓照寺,,34.6439119,135.8453895,奈良県,B,神社仏閣,
寶山寺,,34.6843892,135.6864001,奈良県,B,神社仏閣,寳山寺（ほうざんじ）は、奈良県生駒市門前町にある真言律宗の大本山の寺院。山号は生駒山。
椚神社,,34.6706892,135.8305486,奈良県,E,神社仏閣,
當麻寺,,34.5159946,135.6944964,奈良県,B,神社仏閣,當麻寺（たいまでら、常用漢字体：当麻寺）は、奈良県葛城市當麻にある真言宗・浄土宗二宗の寺院。法号は禅林寺。
稱念寺,,34.5060757,135.7856068,奈良県,D,神社仏閣,
稱名寺,,34.6870111,135.8247042,奈良県,D,神社仏閣,
Tafuke-Oji,,33.6714601,135.8984443,和歌山県,E,その他,
アドベンチャーワールド,,33.6684733,135.3708802,和歌山県,B,美術館博物館,アドベンチャーワールド（英語: ADVENTURE WORLD）は、和歌山県西牟婁郡白浜町で動物園、水族館、遊園地を併設するテーマパークである。
あらぎ島,,34.0924613,135.4209634,和歌山県,C,その他,あらぎ島（あらぎじま）は、和歌山県有田郡有田川町清水にある水田（棚田）の通称名。
ごまさんスカイタワー,,34.0609113,135.5644447,和歌山県,C,自然,
トルコ記念館,,33.4692077,135.8584504,和歌山県,C,美術館博物館,トルコ記念館（トルコきねんかん、トルコ語: Türk Müzesi）は、和歌山県串本町の紀伊大島にある町立の博物館。
フォルテワジマ,,34.2343243,135.1741217,和歌山県,B,その他,フォルテワジマ（英称：FORTE WAJIMA）は、和歌山県和歌山市ぶらくり丁にある和島興産が運営する大規模複合商業施設である。
ポルトヨーロッパ,,34.1537317,135.1771344,和歌山県,B,自然,ポルトヨーロッパは、和歌山県和歌山市毛見の人工島、和歌山マリーナシティ内にあるテーマパーク。
伊太祁󠄀曽神社,,34.2017081,135.2500369,和歌山県,B,その他,伊太祁󠄀曽神社（いたきそじんじゃ）は、和歌山県和歌山市伊太祈曽にある神社。
稲むらの火の館,,34.0259085,135.1733679,和歌山県,C,その他,稲むらの火の館は、和歌山県広川町にある防災教育博物館施設であり、濱口梧陵記念館と同敷地内に隣接する津波防災教育センターで構成される。
稲葉根王子,,33.7129122,135.4540747,和歌山県,D,神社仏閣,
応其寺,,34.3166212,135.6133048,和歌山県,D,神社仏閣,
王子神社,,33.7171347,136.002073,和歌山県,D,神社仏閣,
下里古墳,,33.5846556,135.922558,和歌山県,D,その他,
海金剛,,33.4618685,135.8537307,和歌山県,D,その他,海金剛（うみこんごう）は和歌山県東牟婁郡串本町にある自然景勝地。
岩出市民俗資料館,,34.2858141,135.3177638,和歌山県,E,美術館博物館,
奇絶峡,,33.7813765,135.4125549,和歌山県,D,その他,奇絶峡（きぜつきょう）は、和歌山県田辺市にある景勝地。
紀の松島,,33.6153777,135.9519163,和歌山県,C,その他,紀の松島（きのまつしま）は、和歌山県東牟婁郡那智勝浦町にある勝浦湾の湾口周囲約17kmに点在する大小130余りの島々の総称である。
紀三井寺,,34.1844881,135.1889323,和歌山県,B,神社仏閣,紀三井寺（きみいでら）は、和歌山県和歌山市紀三井寺にある救世観音宗（ぐぜかんのんしゅう）の総本山の寺院。
紀三井寺公園,,34.1667679,135.1910354,和歌山県,D,その他,紀三井寺公園（きみいでらこうえん）は、和歌山県和歌山市紀三井寺にある和歌山県立の都市公園（運動公園）である。
紀州東照宮,,34.1924773,135.1657236,和歌山県,B,神社仏閣,紀州東照宮（きしゅうとうしょうぐう）は、和歌山県和歌山市和歌浦西にある神社。
紀州博物館,,33.670592,135.34722,和歌山県,D,美術館博物館,
橘本神社,,34.1243055,135.1957817,和歌山県,D,神社仏閣,
宮原神社,,34.0843919,135.1775958,和歌山県,E,神社仏閣,
旧名手宿本陣,,34.2758108,135.4357946,和歌山県,D,その他,旧名手宿本陣（きゅうなてじゅくほんじん）は和歌山県紀の川市にある歴史的建造物。
京都大学フィールド科学教育研究センター瀬戸臨海実験所水族館（京都大学白浜水族館）,,33.6927802,135.3375243,和歌山県,C,その他,
橋杭岩,,33.4879871,135.7943886,和歌山県,B,その他,橋杭岩（はしぐいいわ）は、和歌山県東牟婁郡串本町にある奇岩群。
金剛三昧院,,34.2101236,135.5869835,和歌山県,B,神社仏閣,
金剛峯寺,,34.213977,135.5836533,和歌山県,A,神社仏閣,
串本応挙芦雪館,,33.470489,135.778241,和歌山県,C,美術館博物館,串本応挙芦雪館（くしもとおうきょろせつかん）は和歌山県東牟婁郡串本町にある美術館。
熊野古道,,34.0769354,135.1755479,和歌山県,B,神社仏閣,熊野古道（くまのこどう）は、熊野三山（熊野本宮大社、熊野速玉大社、熊野那智大社）へと通じる参詣道の総称。
熊野速玉大社,くまのはやたまたいしゃ,33.7321667,135.9835278,和歌山県,A,神社仏閣,熊野三山の一社、世界遺産「紀伊山地の霊場と参詣道」の構成資産。
熊野那智大社,くまのなちたいしゃ,33.6687222,135.8901667,和歌山県,A,神社仏閣,那智滝を御神体とする熊野三山の一社、世界遺産の構成資産。
熊野本宮大社,くまのほんぐうたいしゃ,33.8404,135.7739,和歌山県,A,神社仏閣,熊野三山の中心。熊野古道の終着点。
継桜王子,,33.8279941,135.6342971,和歌山県,D,神社仏閣,継桜王子（つぎざくらおうじ、次桜王子・続桜王子とも）は、和歌山県田辺市中辺路町にある神社。
古座川の一枚岩,,33.5457791,135.7203213,和歌山県,B,その他,古座川の一枚岩（こざがわのいちまいいわ）とは、和歌山県東牟婁郡古座川町の古座川左岸にある、高さ約150m・幅約800mの一枚の巨岩。
護摩壇山,,34.057421,135.5671363,和歌山県,B,自然,護摩壇山（ごまだんざん、ごまだんやま）は、和歌山県田辺市と奈良県吉野郡十津川村との県境にある山である。
高山寺,,33.740286,135.3788928,和歌山県,C,神社仏閣,
高積神社,,34.2349094,135.2615502,和歌山県,D,神社仏閣,
高野山,こうやさん,34.212105,135.582004,和歌山県,A,神社仏閣,弘法大師空海が開いた真言宗の聖地。世界遺産。
高野山 熊谷寺,,34.2125601,135.5947639,和歌山県,E,神社仏閣,
高野山町石道,,34.2151292,135.5977008,和歌山県,C,その他,町石道（ちょういしみち）は、慈尊院（和歌山県伊都郡九度山町）から高野山（和歌山県伊都郡高野町）へ通じる高野山の表参道である。
黒江,,34.167174,135.206536,和歌山県,C,その他,黒江（くろえ）とは、和歌山県海南市の地名。
根来寺,,34.2872227,135.3165793,和歌山県,E,神社仏閣,
雑賀崎,,34.1897962,135.1429215,和歌山県,B,その他,雑賀崎（さいかざき）は、和歌山県和歌山市にある岬。
雑賀埼灯台,,34.1882671,135.1410004,和歌山県,D,自然,または雑賀崎灯台（さいかざきとうだい）は和歌山県和歌山市和歌浦の雑賀崎にある灯台。
三段壁,,33.6654412,135.3352178,和歌山県,B,その他,三段壁（さんだんべき）は和歌山県西牟婁郡白浜町三段にある自然景勝地（崖）。
子安地蔵寺,,34.3375657,135.5823611,和歌山県,D,神社仏閣,子安地蔵寺（こやすじぞうじ）は、和歌山県橋本市にある高野山真言宗の寺院。
慈尊院,,34.2951647,135.5499064,和歌山県,B,神社仏閣,
徐福公園,,33.7259539,135.9955127,和歌山県,C,その他,徐福公園（じょふくこうえん）は、和歌山県新宮市新宮7178番地にある、徐福を記念する公園である。
新宮城跡,,33.7301974,135.9928219,和歌山県,B,城,
神倉神社,,33.7278248,135.9798175,和歌山県,B,神社仏閣,神倉神社（かみくらじんじゃ、かんのくらじんじゃ）は和歌山県新宮市の神社。
神通温泉,,34.3226137,135.3766928,和歌山県,D,温泉,神通温泉（じんづうおんせん）は、和歌山県紀の川市神通（旧国紀伊国）にある温泉。
甚風呂,,34.0364603,135.1747178,和歌山県,E,美術館博物館,
清浄心院,,34.2136829,135.594637,和歌山県,C,神社仏閣,
西村記念館,,33.7279036,135.9926771,和歌山県,C,美術館博物館,
切目神社,,33.8028104,135.2316302,和歌山県,C,神社仏閣,
善名称院（真田庵）,,34.2908013,135.5597811,和歌山県,C,神社仏閣,
相賀八幡神社,,34.335413,135.6099396,和歌山県,D,神社仏閣,
太地町立石垣記念館,,33.601663,135.942812,和歌山県,E,美術館博物館,
大円院,,34.2129917,135.5894185,和歌山県,C,神社仏閣,
滝の拝,,33.6025098,135.7659374,和歌山県,C,自然,滝の拝（たきのはい）は、和歌山県東牟婁郡古座川町を流れる小川（こがわ）にある、滝と多数の甌穴（おうけつ、ポットホール）群からなる渓谷。
滝尻王子,,33.7755327,135.5036869,和歌山県,C,神社仏閣,滝尻王子（たきじりおうじ）は和歌山県田辺市にある神社。
丹生官省符神社,,34.2585692,135.5150043,和歌山県,C,神社仏閣,
丹生都比売神社,,34.2630761,135.5214845,和歌山県,B,神社仏閣,丹生都比売神社（にうつひめじんじゃ、にぶつひめじんじゃ、丹生都比賣神社）は、和歌山県伊都郡かつらぎ町上天野にある神社。式内社（名神大社）、紀伊国一宮。
淡嶋神社,,34.273696,135.0666881,和歌山県,B,神社仏閣,淡嶋神社（あわしまじんじゃ）は、和歌山県和歌山市加太にある神社。式内社論社で、旧社格は郷社。
潮岬,,33.4377085,135.7549926,和歌山県,B,自然,潮岬（しおのみさき）は、和歌山県東牟婁郡串本町に属し、太平洋（フィリピン海）に面する本州最南端の岬。
潮岬観光タワー,,33.4378006,135.7614733,和歌山県,D,その他,潮岬観光タワー（しおのみさきかんこうタワー）は、和歌山県東牟婁郡串本町潮岬2706ｰ26に所在する塔（タワー）である。
長保寺,,34.1084234,135.1655519,和歌山県,B,神社仏閣,
天神崎,,33.7266972,135.3536781,和歌山県,C,自然,天神崎（てんじんざき）は、和歌山県田辺市にある田辺湾北岸から突き出た岬。
田辺市立美術館,,33.6974225,135.4007249,和歌山県,E,美術館博物館,
渡瀬温泉,,33.8183831,135.766254,和歌山県,C,温泉,渡瀬温泉（わたぜおんせん）は、和歌山県田辺市本宮町（旧国紀伊国牟婁郡）にある温泉。
東家渡場大常夜燈籠,,34.3144279,135.6114549,和歌山県,E,その他,
湯の峰温泉,ゆのみねおんせん,33.82892,135.75744,和歌山県,B,温泉,日本最古とされる名湯、世界遺産の壺湯「つぼ湯」で知られる。
藤白神社,,34.1445019,135.2093063,和歌山県,B,神社仏閣,藤白神社（ふじしろじんじゃ）は、和歌山県海南市藤白にある神社。
闘鶏神社,,33.7296943,135.3839502,和歌山県,B,神社仏閣,
道の駅おくとろ,,33.9392433,135.9463622,和歌山県,C,その他,道の駅おくとろ（みちのえき おくとろ）は、和歌山県東牟婁郡北山村下尾井にある国道169号の道の駅である。
道の駅紀の川万葉の里,,34.2845811,135.464861,和歌山県,D,その他,道の駅紀の川万葉の里（みちのえき きのかわまんようのさと）は、和歌山県伊都郡かつらぎ町窪にある国道24号の道の駅である。
道の駅根来さくらの里,,34.3120093,135.3072958,和歌山県,D,その他,道の駅根来さくらの里（みちのえき ねごろさくらのさと）は、和歌山県岩出市押川にある和歌山県道63号泉佐野岩出線の道の駅である。
道の駅志原海岸,,33.5703958,135.43138,和歌山県,D,その他,道の駅志原海岸（みちのえき しはらかいがん）は、和歌山県西牟婁郡白浜町日置（ひき）にある国道42号の道の駅である。
道成寺,,33.9143356,135.1741628,和歌山県,B,神社仏閣,道成寺 （どうじょうじ）は、和歌山県日高郡日高川町鐘巻にある天台宗の寺院。
徳川家霊台,,34.2174543,135.5830379,和歌山県,C,その他,
瀞峡,どろきょう,33.913062,135.8948101,和歌山県,C,自然,熊野川支流に刻まれた深い峡谷、ウォータージェット船で巡る。
那智の滝,なちのたき,33.6693139,135.889923,和歌山県,D,自然,落差133mの日本三名瀑の一つ。
那智滝,なちのたき,33.6752778,135.8875,和歌山県,A,自然,落差133m、日本三大滝の一つで世界遺産の構成資産。
南院,,34.2167737,135.5830203,和歌山県,E,神社仏閣,
南方熊楠記念館,,33.6936902,135.3361146,和歌山県,C,美術館博物館,
南方熊楠顕彰館,,33.7310664,135.3778167,和歌山県,D,その他,南方熊楠顕彰館（みなかたくまぐすけんしょうかん、Minakata Kumagusu Archives）は、和歌山県田辺市中屋敷町にある博物館類似施設。
日前神宮・國懸神宮,,34.2285399,135.2024083,和歌山県,B,神社仏閣,日前神宮・國懸神宮（ひのくまじんぐう・くにかかすじんぐう）は、和歌山県和歌山市にある神社。
白崎海洋公園,,33.9776508,135.0710342,和歌山県,C,その他,白崎海洋公園（しらさきかいようこうえん）は、和歌山県日高郡由良町大引にある海辺の公園である。
白浜温泉,しらはまおんせん,33.654519,135.3849566,和歌山県,B,温泉,南紀を代表するリゾート温泉地。
白良浜,,33.6809632,135.3438494,和歌山県,B,その他,白良浜（しららはま）は、和歌山県西牟婁郡白浜町の鉛山湾沿岸に位置する砂浜である。
番所庭園,,34.190396,135.138666,和歌山県,D,自然,番所庭園（ばんどこていえん）は和歌山県和歌山市の雑賀崎にある庭園。
不老橋,,34.1867676,135.1727313,和歌山県,C,その他,
粉河寺,,34.2802486,135.4047048,和歌山県,B,神社仏閣,粉河寺（こかわでら）は、和歌山県紀の川市粉河にある粉河観音宗の総本山の寺院。
片男波海水浴場,,34.1821157,135.1710006,和歌山県,D,自然,片男波海水浴場（かたおなみかいすいよくじょう）は、和歌山県和歌山市の和歌浦にある海水浴場。
補陀洛山寺,,33.6447221,135.9344273,和歌山県,B,神社仏閣,補陀洛山寺（ふだらくさんじ）は和歌山県東牟婁郡那智勝浦町にある、天台宗の寺院。
本願寺鷺森別院,,34.2361939,135.1709505,和歌山県,C,神社仏閣,
本願寺日高別院,,33.8881165,135.1578855,和歌山県,C,神社仏閣,
本廣寺,,33.72774,135.9853814,和歌山県,E,神社仏閣,
鳴神神社,,34.2278607,135.2114096,和歌山県,C,神社仏閣,
矢宮神社,,34.1988878,135.1669735,和歌山県,D,神社仏閣,
友ヶ島,,34.2844306,135.0158887,和歌山県,B,その他,友ヶ島（ともがしま）は、和歌山県和歌山市深山に属し、紀淡海峡（友ヶ島水道）に浮かぶ無人島群。
養源寺,,34.0289615,135.1744255,和歌山県,E,神社仏閣,
養翠園,,34.1938917,135.1522211,和歌山県,C,その他,養翠園（ようすいえん）は、和歌山県和歌山市にある池泉回遊式の日本庭園。
龍光院,,34.2142731,135.5810201,和歌山県,E,神社仏閣,
龍神温泉,,33.9563228,135.5620582,和歌山県,B,温泉,龍神温泉（りゅうじんおんせん）は、和歌山県田辺市龍神村（旧紀伊国日高郡）にある温泉。
鈴木屋敷,,34.1447969,135.2099928,和歌山県,C,その他,鈴木屋敷（すずきやしき）は、和歌山県海南市の藤白神社境内に所在する、藤白鈴木氏の旧宅である。
和歌浦天満宮,,34.1906417,135.1645455,和歌山県,C,神社仏閣,和歌浦天満宮（わかうらてんまんぐう）は、和歌山県和歌山市和歌浦西にある神社。
和歌山県植物公園緑花センター,,34.2860959,135.3271683,和歌山県,D,その他,和歌山県植物公園緑花センター（わかやまけんしょくぶつこうえんりょっかセンター）とは、和歌山県岩出市にある公園である。
和歌山県立紀伊風土記の丘,,34.227911,135.2295617,和歌山県,C,美術館博物館,
和歌山県立自然博物館,,34.1588149,135.1921076,和歌山県,C,美術館博物館,和歌山県立自然博物館（わかやまけんりつしぜんはくぶつかん）は和歌山県海南市にある自然をテーマにした博物館。
和歌山市立こども科学館,,34.2328778,135.1690774,和歌山県,D,美術館博物館,
和歌山市立博物館,,34.2332361,135.1631589,和歌山県,D,美術館博物館,
和歌山城,,34.2276472,135.1715062,和歌山県,A,城,
和歌山城公園動物園,,34.2269429,135.1730082,和歌山県,C,その他,
はわい温泉,,35.4773886,133.8787365,鳥取県,B,温泉,はわい温泉（はわいおんせん、羽合温泉）は、鳥取県東伯郡湯梨浜町にある温泉。
ムーンライトはやぶさ,,35.3887642,134.2696825,鳥取県,B,その他,
わらべ館,,35.5039012,134.2334555,鳥取県,C,その他,わらべ館（わらべかん、英 : Warabekan Toy Museum）は鳥取県鳥取市に所在する童謡・唱歌とおもちゃがテーマのミュージアム。
宇倍神社,,35.480927,134.2687594,鳥取県,B,神社仏閣,宇倍神社（うべじんじゃ）は、鳥取県鳥取市国府町宮下にある神社。
雨滝,,35.4848412,134.3828576,鳥取県,D,自然,雨滝（あめだき）は、鳥取県鳥取市国府町にある滝。
浦富海岸,,35.5871295,134.2901883,鳥取県,B,その他,浦富海岸（うらどめかいがん）は、鳥取県岩美郡岩美町にある約15キロメートルにわたるリアス式海岸。
岡益石堂,,35.4541146,134.2917702,鳥取県,E,その他,
河原城,,35.4038528,134.1995262,鳥取県,B,城,河原城（かわはらじょう）は、鳥取県鳥取市河原町谷一木にあった日本の城。
海とくらしの史料館,,35.5472299,133.241731,鳥取県,D,美術館博物館,海とくらしの史料館（うみとくらしのしりょうかん）は鳥取県境港市花町にある博物館。
皆生温泉,かいけおんせん,35.4546531,133.3683926,鳥取県,B,温泉,山陰屈指の海辺の温泉地。
梶山古墳,,35.4512484,134.2945426,鳥取県,D,その他,
久松公園,,35.5083977,134.2373961,鳥取県,D,その他,久松公園（きゅうしょうこうえん）は、鳥取県鳥取市東町にある都市公園（歴史公園）である。
鍵掛峠,,35.3458761,133.5494067,鳥取県,C,自然,鍵掛峠（かぎかけとうげ）は、鳥取県日野郡江府町・西伯郡大山町にある峠である。
湖山池,,35.5074402,134.1345521,鳥取県,B,自然,湖山池（こやまいけ）は、鳥取県鳥取市北部にある汽水湖。
砂の美術館,,35.5400934,134.2377854,鳥取県,B,美術館博物館,砂の美術館（すなのびじゅつかん）は、2006年より鳥取県鳥取市の鳥取砂丘で定期的に開催されている砂の彫刻（砂像）展示イベント・美術館。
妻木晩田遺跡,,35.4645796,133.4463186,鳥取県,C,その他,妻木晩田遺跡（むきばんだいせき）は、鳥取県西伯郡大山町富岡・妻木・長田および米子市淀江町福岡にある弥生時代の集落遺跡。
妻木晩田遺跡展示施設,,35.4625257,133.452722,鳥取県,C,美術館博物館,
斎尾廃寺跡,,35.4814715,133.7114785,鳥取県,C,その他,斎尾廃寺跡（さいのおはいじあと）は、鳥取県東伯郡琴浦町槻下にある飛鳥時代後期から奈良時代の寺院跡。
三徳山,,35.3859585,133.9634848,鳥取県,B,自然,三徳山（みとくさん）は、鳥取県東伯郡三朝町にある山である。
三徳山三佛寺(投入堂),みとくさんさんぶつじ,35.3963963,133.9599397,鳥取県,B,神社仏閣,断崖に建つ「日本一危険な国宝」投入堂。
山陰海岸ユネスコ世界ジオパーク,,35.5565057,134.4878818,鳥取県,B,その他,山陰海岸ユネスコ世界ジオパーク（さんいんかいがんユネスコせかいジオパーク、英: San'in Kaigan UNESCO Global Geopark）は、鳥取県岩美町、鳥取市北部、兵庫県豊岡市、香美町、新温泉町、京都府京丹後市にまたがる、山陰海岸国立公園とその周辺からなるジオパークである。
若桜神社,,35.3430416,134.3918097,鳥取県,C,神社仏閣,
上淀廃寺跡,,35.4541215,133.4463721,鳥取県,C,その他,上淀廃寺跡（かみよどはいじあと）は、鳥取県米子市淀江町福岡字櫻田・法行・垣サゴに所在する古代寺院の遺跡。
常住山 感應寺,,35.4225051,133.3278249,鳥取県,D,神社仏閣,
植田正治写真美術館,,35.3897931,133.435691,鳥取県,C,美術館博物館,植田正治写真美術館（うえだしょうじしゃしんびじゅつかん）は、鳥取県西伯郡伯耆町にある写真家植田正治の個人美術館である。
仁風閣,,35.5071732,134.2375138,鳥取県,C,その他,仁風閣（じんぷうかく）は、鳥取県鳥取市にある西洋館。
水木しげる記念館,,35.5463959,133.2312715,鳥取県,C,その他,水木しげる記念館（みずきしげるきねんかん）は、鳥取県境港市にあるマンガ・アニメミュージアム。
青山剛昌ふるさと館,,35.4983131,133.7612267,鳥取県,B,その他,青山剛昌ふるさと館（あおやまごうしょう ふるさとかん）は、鳥取県東伯郡北栄町にあるマンガ・アニメミュージアム。
石霞渓,,35.1630165,133.3242672,鳥取県,D,自然,石霞渓（せっかけい）は、鳥取県日野郡日南町に位置する渓谷。
石谷家住宅,,35.2700033,134.2300219,鳥取県,C,その他,石谷家住宅（いしたにけじゅうたく）は、鳥取県八頭郡智頭町智頭396にある邸宅。
倉吉博物館,,35.428926,133.82538,鳥取県,D,美術館博物館,
大山,だいせん,35.3711876,133.5431666,鳥取県,B,自然,「伯耆富士」と称される中国地方最高峰、日本百名山。
大神山神社,,35.3890966,133.5383226,鳥取県,B,神社仏閣,大神山神社（おおがみやまじんじゃ）は、鳥取県にある神社である。
樗谿公園,,35.4999554,134.24428,鳥取県,D,その他,樗谿公園（おおちだにこうえん、おうちだにこうえん）は鳥取県鳥取市にある都市公園（風致公園）である。
鳥取県立鳥取二十世紀梨記念館,,35.431251,133.835552,鳥取県,C,美術館博物館,
鳥取県立博物館,,35.5082468,134.2363609,鳥取県,C,美術館博物館,鳥取県立博物館（とっとりけんりつはくぶつかん）は、鳥取県鳥取市にある総合博物館。
鳥取県立氷ノ山自然ふれあい館響の森,,35.357497,134.491105,鳥取県,E,美術館博物館,
鳥取砂丘,とっとりさきゅう,35.5406,134.2280,鳥取県,A,自然,日本最大級の起伏を持つ海岸砂丘。
鳥取砂丘こどもの国,,35.5340513,134.2238652,鳥取県,D,その他,鳥取砂丘こどもの国（とっとりさきゅうこどものくに）は、鳥取県鳥取市の鳥取砂丘近くにある施設。
鳥取城,,35.5100121,134.2411743,鳥取県,A,城,鳥取城（とっとりじょう）は、鳥取県鳥取市（因幡国邑美郡）にあった戦国時代から江戸時代の日本の城。
道の駅大栄,,35.499058,133.7617457,鳥取県,C,その他,道の駅大栄（みちのえき だいえい）は、鳥取県東伯郡北栄町由良宿にある国道9号の道の駅である。
那岐山,,35.1716731,134.1802724,鳥取県,C,自然,那岐山（なぎさん）は鳥取県八頭郡智頭町と岡山県勝田郡奈義町の境界にある山。
日香寺,,35.5018556,134.2414399,鳥取県,D,神社仏閣,
白兎神社,,35.4144554,134.2482197,鳥取県,D,神社仏閣,
不動院岩屋堂,,35.3008693,134.4304181,鳥取県,C,その他,不動院岩屋堂（ふどういんいわやどう）は鳥取県八頭郡若桜町にある修験道寺院の建築である。
布勢古墳,,35.5050069,134.1765499,鳥取県,E,その他,
米子市美術館,,35.428733,133.3310344,鳥取県,D,美術館博物館,
米子市立山陰歴史館,,35.4292598,133.3303955,鳥取県,D,美術館博物館,
米子城跡,,35.425009,133.3244542,鳥取県,B,城,
米子水鳥公園,,35.4422458,133.2884232,鳥取県,D,その他,米子水鳥公園（よなごみずどりこうえん）は、鳥取県米子市彦名町にある湿地公園である。
湊山公園,,35.429229,133.322265,鳥取県,D,その他,湊山公園（みなとやまこうえん）は、鳥取県米子市西町にある都市計画公園。
茂宇気神社,,35.4265703,134.0147209,鳥取県,D,神社仏閣,
門脇家住宅,,35.4835254,133.465867,鳥取県,D,その他,門脇家住宅（かどわきけじゅうたく）は鳥取県西伯郡大山町にある歴史的建造物。
妖怪神社,,35.5458594,133.2257888,鳥取県,D,神社仏閣,
流しびなの館,,35.3430958,134.2019473,鳥取県,D,その他,流しびなの館（ながしびなのやかた）は、鳥取県鳥取市用瀬町にあるひな人形の展示施設。
ローソク島,,36.2981703,133.3621818,島根県,C,自然,ローソク島（ローソクじま）は、日本の中国地方、隠岐諸島の島後島北西部・代地区沖の海面上に高さ20mほど突き出した、火成岩でできた小さな無人島。
安蔵寺山,,34.4771834,131.9672222,島根県,D,自然,"安蔵寺山（あぞうじさん・あぞうじやま）は、島根県益田市、鹿足郡津和野町および同郡吉賀町の境に位置する標高1,263.2メートルの山である。"
一畑寺,,35.4967534,132.8741275,島根県,B,神社仏閣,一畑寺（いちばたじ）は、島根県出雲市小境町にある仏教寺院。
稲佐の浜,,35.394395,132.6734091,島根県,B,その他,稲佐の浜（いなさのはま）は、島根県出雲市大社町にある砂浜。
隠岐神社,,36.0957445,133.1012356,島根県,C,神社仏閣,
宇受賀命神社,,36.11622,133.1089647,島根県,D,神社仏閣,
益田市立雪舟の郷記念館,,34.685022,131.847458,島根県,D,美術館博物館,
加茂岩倉遺跡,,35.3597853,132.8834923,島根県,B,その他,
海士町後鳥羽院資料館,,36.0974334,133.098855,島根県,D,美術館博物館,
岩屋後古墳,,35.4266574,133.093098,島根県,D,その他,
岩舟古墳,,35.4000758,133.1901627,島根県,E,その他,
旧大社駅,,35.3867129,132.6902544,島根県,B,その他,
興雲閣,,35.4735827,133.0504641,島根県,C,美術館博物館,
玉作湯神社,,35.4136968,133.0117739,島根県,C,神社仏閣,玉作湯神社（たまつくりゆじんじゃ、玉造湯神社）は、島根県松江市玉湯町玉造にある神社。
玉若酢命神社,,36.2070807,133.3127824,島根県,B,神社仏閣,玉若酢命神社（たまわかすみことじんじゃ/たまわかすのみことじんじゃ）は、島根県隠岐郡隠岐の島町下西にある神社。
金崎古墳群,,35.4897908,133.0699911,島根県,D,その他,
櫛代賀姫神社,,34.701253,131.840023,島根県,D,神社仏閣,
熊野大社,,35.3732128,133.0705728,島根県,B,神社仏閣,熊野大社（くまのたいしゃ）は、島根県松江市八雲町熊野にある神社。式内社（名神大社）、出雲国一宮。
月山富田城,,35.3608474,133.1852653,島根県,A,城,
荒神谷遺跡,,35.3764952,132.8524094,島根県,E,その他,
国賀海岸,くにがかいがん,36.1033333,132.9677778,島根県,C,自然,隠岐ユネスコ世界ジオパークの断崖絶壁が続く海岸。
国府海水浴場,,34.9354945,132.1068424,島根県,E,自然,国府海水浴場（こくふかいすいよくじょう）は、島根県浜田市にある海水浴場である。
佐太神社,,35.508921,133.0064391,島根県,B,神社仏閣,佐太神社（さだじんじゃ）は、島根県松江市鹿島町佐陀宮内にある神社。
佐毘賣山神社,,35.0991275,132.4316738,島根県,C,神社仏閣,
三瓶山,,35.1346562,132.6254971,島根県,B,自然,三瓶山（さんべさん : Mt. Sanbe）は、島根県のほぼ中央部、大田市と飯石郡飯南町にまたがりそびえる火山。
山代方墳,,35.4392926,133.0890566,島根県,D,その他,
宍道湖,しんじこ,35.45,132.97,島根県,B,自然,シジミ漁とともに日本一美しいと称される夕日の名所。
宍道湖自然館ゴビウス,,35.4475181,132.8636988,島根県,D,美術館博物館,宍道湖自然館ゴビウス（しんじこしぜんかんゴビウス）は、島根県出雲市にある淡水・汽水生物を展示する体験学習型水族館である。
出雲ドーム,,35.3831907,132.740477,島根県,B,その他,出雲ドーム（いずもドーム）は、島根県出雲市の出雲健康公園内にある多目的ドーム施設。
出雲科学館,,35.361965,132.7659592,島根県,E,美術館博物館,
出雲大社,いずもたいしゃ,35.4017,132.6854,島根県,A,神社仏閣,縁結びの神様として名高い古社。
出雲大社前駅,,35.393227,132.687136,島根県,B,その他,出雲大社前駅（いずもたいしゃまええき）は、島根県出雲市大社町杵築南にある、一畑電車大社線の駅で、同線の終着駅である。
出雲日御碕灯台,,35.433774,132.6294959,島根県,B,その他,出雲日御碕灯台（いずもひのみさきとうだい）は、島根県出雲市にある日御碕の突端に立つ灯台。
小泉八雲記念館,,35.479296,133.049142,島根県,C,美術館博物館,
小泉八雲旧居,,35.4792247,133.0493744,島根県,C,美術館博物館,
松江しんじ湖温泉,,35.4669408,133.0465205,島根県,C,温泉,松江しんじ湖温泉（まつえしんじこおんせん）は、島根県松江市（旧国出雲国）にある温泉。
松江フォーゲルパーク,,35.4789431,132.9451278,島根県,B,その他,松江フォーゲルパーク（まつえフォーゲルパーク、Matsue Vogel Park）は、島根県松江市大垣町にある全天候型テーマパーク。
松江城,まつえじょう,35.4751405,133.0507625,島根県,A,城,国宝天守が現存する城。
松江歴史館,,35.4752236,133.0535061,島根県,E,美術館博物館,
焼火神社,,36.0732483,133.0289011,島根県,C,神社仏閣,
上島古墳,,35.4233285,132.7995249,島根県,E,その他,
神魂神社,かもすじんじゃ,35.4255278,133.0843056,島根県,C,神社仏閣,現存最古の大社造とされる国宝の本殿を持つ古社。
仁摩サンドミュージアム,,35.146385,132.404667,島根県,B,美術館博物館,
須我神社,,35.3541488,133.0315387,島根県,B,神社仏閣,須我神社（すがじんじゃ）は、島根県雲南市大東町須賀にある神社である。
水若酢神社,,36.2801207,133.2488172,島根県,B,神社仏閣,水若酢神社（みずわかすじんじゃ）は、島根県隠岐郡隠岐の島町郡（こおり）にある神社。
瑞穂ハイランド,,34.8158209,132.3999177,島根県,D,その他,瑞穂ハイランド（みずほハイランド）は、島根県邑智郡邑南町のスキー場である。
菅田菴,,35.4881009,133.0624166,島根県,C,その他,菅田菴（かんでんあん）は、島根県松江市の旧松江藩家老有沢家の山荘にある松平不昧治郷ゆかりの茶室。
石屋古墳,,35.4509202,133.1018137,島根県,E,その他,
石見銀山,いわみぎんざん,34.898099,132.071529,島根県,A,その他,世界遺産に登録された銀鉱山遺跡。
石見銀山遺跡,,35.113757,132.445335,島根県,A,その他,
石見銀山資料館,,35.122164,132.448042,島根県,D,美術館博物館,
石見銀山世界遺産センター,,35.1057708,132.4514876,島根県,C,美術館博物館,
赤尾展望所,,36.087878,132.9593446,島根県,E,その他,
潜戸,,35.5781722,133.0486958,島根県,C,その他,加賀の潜戸（かかのくけど）は島根県松江市北部（旧島根町）、日本海に面する潜戸鼻にある海岸景勝地。
造山古墳群,,35.4297549,133.1995515,島根県,D,その他,
足立美術館,あだちびじゅつかん,35.3781,133.2456,島根県,A,美術館博物館,庭園日本一の評価で知られる美術館。
大成古墳,,35.4301943,133.206528,島根県,E,その他,
丹花庵古墳,,35.4826885,132.9948861,島根県,D,その他,
中海,,35.5068372,133.1646945,島根県,B,自然,中海（なかうみ、なかのうみ）は、島根県松江市・安来市と鳥取県境港市・米子市にまたがる湖。
中村元記念館,,35.4946932,133.1723009,島根県,D,美術館博物館,
朝山神社,,35.3192453,132.7727844,島根県,D,神社仏閣,
長浜神社,,35.3459483,132.6810368,島根県,E,神社仏閣,
津和野城,,34.4600199,131.7641695,島根県,B,城,
津和野町郷土館,,34.465597,131.773357,島根県,E,美術館博物館,
島根県立しまね海洋館（アクアス）,,34.959579,132.144636,島根県,B,その他,
島根県立古代出雲歴史博物館,,35.3987549,132.6885927,島根県,C,美術館博物館,
島根県立三瓶自然館,,35.152832,132.620988,島根県,E,美術館博物館,
島根県立美術館,,35.4597457,133.0526886,島根県,C,美術館博物館,
島根大学総合博物館アシカル,,35.4857556,133.06927,島根県,D,美術館博物館,
道の駅大社ご縁広場,,35.3891788,132.6874084,島根県,D,その他,道の駅大社ご縁広場（みちのえき たいしゃごえんひろば）は、島根県出雲市大社町修理免にある島根県道161号斐川出雲大社線の道の駅である。
日御碕神社,,35.4295631,132.6297468,島根県,B,神社仏閣,日御碕神社（ひのみさきじんじゃ）は島根県出雲市の日御碕に鎮座する神社。通称、みさきさん。
藩校　養老館,,34.466585,131.773257,島根県,C,美術館博物館,
斐乃上温泉,,35.1866426,133.1773009,島根県,C,温泉,斐乃上温泉（ひのかみおんせん）は、島根県仁多郡奥出雲町（旧国出雲国）にある温泉。
美保神社,,35.5622806,133.3066667,島根県,B,神社仏閣,
武家屋敷,,35.4785933,133.0506901,島根県,E,美術館博物館,
平田城,,35.4398271,132.8188322,島根県,D,城,
摩天崖,,36.1066244,132.9717712,島根県,C,その他,摩天崖（まてんがい）は、島根県隠岐郡西ノ島町浦郷に位置する海崖。
万九千神社,,35.3746655,132.787113,島根県,C,神社仏閣,通称・万九千神社（まんくせんじんじゃ）は島根県出雲市斐川町にある神社。
揖夜神社,,35.4312505,133.153501,島根県,B,神社仏閣,揖夜神社（いやじんじゃ、いふやじんじゃ）は島根県松江市東出雲町揖屋に鎮座する神社である。
由志園,,35.4906371,133.1750715,島根県,C,自然,由志園（ゆうしえん）は、島根県松江市八束町の大根島にある日本庭園。
和鋼博物館,,35.4352813,133.253625,島根県,E,美術館博物館,
鰐淵寺,,35.4240094,132.7488313,島根県,B,神社仏閣,
絲原記念館,,35.175107,133.035204,島根県,C,美術館博物館,
あわくら温泉,,35.1895773,134.3240457,岡山県,C,その他,あわくら温泉（あわくらおんせん）は、岡山県英田郡西粟倉村影石にある温泉。
こうもり塚古墳,,34.6672633,133.7861087,岡山県,C,その他,
つやま自然のふしぎ館（津山科学教育博物館）,,35.061108,134.005265,岡山県,C,美術館博物館,
ベンガラ館,,34.8531834,133.4683567,岡山県,D,美術館博物館,
まきび公園,,34.6292612,133.6842176,岡山県,D,その他,まきび公園（まきびこうえん）は、岡山県倉敷市真備町にある公園である。
井山宝福寺,,34.6913933,133.7343085,岡山県,E,神社仏閣,
宇野港,,34.5104102,133.9659377,岡山県,C,その他,宇野港（うのこう）は、岡山県玉野市にある港湾である。
浦間茶臼山古墳,,34.7100582,134.0666904,岡山県,C,その他,
延寿山 本行寺,,35.0597809,133.991001,岡山県,E,神社仏閣,
延命山 地蔵院 道仙寺,,35.1676382,134.3824552,岡山県,D,神社仏閣,
塩釜の冷泉,,35.3019717,133.6790894,岡山県,C,その他,塩釜の冷泉（しおがまのれいせん）は、岡山県真庭市蒜山下福田塩釜に湧出する泉である。
奥津温泉,,35.2239221,133.9224491,岡山県,B,温泉,奥津温泉（おくつおんせん）は、岡山県苫田郡鏡野町に湧出する温泉である。
奥津渓,,35.214591,133.9113868,岡山県,D,その他,奥津渓（おくつけい）は、岡山県鏡野町にある景勝地。
王子が岳,,34.4640286,133.8794665,岡山県,D,その他,王子が岳（おうじがたけ、おうじがだけ）は、岡山県南部、児島半島の玉野市と倉敷市児島の境に位置する山稜。
黄島貝塚,,34.5982839,134.1903017,岡山県,E,その他,
岡山シティミュージアム,,34.66631,133.9158203,岡山県,C,美術館博物館,
岡山県自然保護センター,,34.852671,134.049909,岡山県,D,その他,
岡山県総合グラウンド,,34.67817,133.92018,岡山県,C,その他,岡山県総合グラウンド（おかやまけんそうごうグラウンド、Okayama Prefectural Multipurpose Grounds）は岡山県岡山市北区にある総合運動公園である。
岡山県立美術館,,34.6676691,133.9298108,岡山県,C,美術館博物館,
岡山国際サーキット,,34.9159224,134.2211485,岡山県,B,その他,岡山国際サーキット（おかやまこくさいサーキット、Okayama International Circuit）は、岡山県美作市にあるFIA公認国際サーキット。
岡山市半田山植物園,,34.693227,133.930478,岡山県,D,その他,岡山市半田山植物園（おかやましはんだやましょくぶつえん、英: Handayama Botanical Garden）は、岡山県岡山市北区にある植物園。
岡山市立オリエント美術館,,34.6663706,133.9301513,岡山県,C,美術館博物館,
岡山天文博物館,,34.5763511,133.5955068,岡山県,D,その他,岡山天文博物館（おかやまてんもんはくぶつかん、Okayama Astronomical Museum）は、岡山県浅口市にある科学館。
加計美術館,,34.595721,133.7714865,岡山県,D,美術館博物館,
海遊文化館,,34.615808,134.164017,岡山県,D,美術館博物館,
笠岡市立カブトガニ博物館,,34.4776011,133.5214513,岡山県,C,美術館博物館,笠岡市立カブトガニ博物館（かさおかしりつかぶとがにはくぶつかん）とは、岡山県笠岡市に存在する博物館である。
寒風古窯跡群,,34.6539508,134.1367644,岡山県,D,その他,寒風古窯跡群（さぶかぜこようせきぐん）は、岡山県瀬戸内市牛窓町長浜にある古代窯業遺跡。
閑谷学校,しずたにがっこう,34.7963889,134.2195,岡山県,C,その他,江戸時代創建の日本最古の庶民のための学校、国宝の講堂。
鬼ノ城,,34.7275739,133.7678973,岡山県,B,城,
吉備津神社,きびつじんじゃ,34.6706667,133.8506111,岡山県,B,神社仏閣,桃太郎伝説ゆかりの古社、独特の比翼入母屋造の本殿。
吉備津彦神社,,34.6765715,133.8635129,岡山県,B,神社仏閣,吉備津彦神社（きびつひこじんじゃ）は、岡山県岡山市北区一宮にある神社。備前国一宮。
旧片山家住宅,,34.8617827,133.4688304,岡山県,D,美術館博物館,
旧野﨑家住宅・野﨑家塩業歴史館,,34.4718184,133.8029802,岡山県,C,美術館博物館,旧野﨑家住宅・野﨑家塩業歴史館（きゅうのざきけじゅうたく のざきけえんぎょうれきしかん）は、岡山県倉敷市児島味野にある住宅および博物館である。
牛窓オリーブ園,,34.6259087,134.1562819,岡山県,D,その他,牛窓オリーブ園（うしまどオリーブえん）は岡山県瀬戸内市牛窓町にある植物園。
牛窓神社,,34.622819,134.1725264,岡山県,C,神社仏閣,
熊山遺跡,,34.7539977,134.1203823,岡山県,C,その他,熊山遺跡（くまやまいせき）は、岡山県赤磐市の熊山山上にある仏教遺跡である。
犬養木堂記念館,,34.652112,133.842783,岡山県,C,美術館博物館,
現代玩具博物館・オルゴール夢館,,34.9937526,134.1372339,岡山県,D,美術館博物館,
後楽園,こうらくえん,34.66633,133.9373948,岡山県,A,自然,日本三名園の一つとされる大名庭園。
広兼邸,,34.838986,133.4671805,岡山県,B,その他,広兼邸（ひろかねてい）は岡山県高梁市にある歴史的建造物である。
江崎古墳,,34.6683619,133.7771408,岡山県,E,その他,
高松城址公園,,34.6910316,133.8221533,岡山県,E,城,
高梁基督教会堂,,34.7962455,133.6177805,岡山県,D,その他,高梁基督教会堂（たかはしきりすときょうかいどう）は、岡山県高梁市の紺屋川美観地区にある旧組合教会系の日本基督教団の教会堂である。
高梁市吉備川上ふれあい漫画美術館,,34.736577,133.483494,岡山県,D,美術館博物館,
高梁川,,34.6462578,133.7262561,岡山県,B,その他,高梁川（たかはしがわ）は、岡山県西部を流れる一級河川。
鴻八幡宮,,34.4772148,133.8277635,岡山県,C,神社仏閣,
国指定史跡 箕作阮甫旧宅,,35.0629984,134.0162795,岡山県,D,美術館博物館,
黒島古墳,,34.5981474,134.1593313,岡山県,E,その他,
最上稲荷,,34.7099921,133.8321428,岡山県,B,神社仏閣,最上稲荷（さいじょういなり）は、岡山県岡山市北区にある日蓮宗の寺である。正式名称は最上稲荷山妙教寺。
坂野記念館,,34.718941,133.9076313,岡山県,D,美術館博物館,
作山古墳,,34.6643559,133.7685887,岡山県,C,その他,
作州城東屋敷,,35.0621994,134.0126772,岡山県,E,美術館博物館,
柵原ふれあい鉱山公園,,34.9435723,134.0804945,岡山県,B,その他,柵原ふれあい鉱山公園（やなはらふれあいこうざんこうえん、Yanahara Mine Park）は、岡山県久米郡美咲町吉ケ原にある鉄道・鉱山公園である。
市立玉野海洋博物館,,34.454952,133.905395,岡山県,C,その他,
志戸部八幡神社,,35.0779019,134.0161711,岡山県,E,神社仏閣,
柴岡山 光珍寺,,34.6648575,133.9244302,岡山県,D,神社仏閣,
衆楽園,,35.0698733,134.0057822,岡山県,C,その他,衆楽園（しゅうらくえん）は岡山県津山市山北にある日本庭園。
渋川動物公園,,34.4684202,133.8943892,岡山県,D,その他,渋川動物公園（しぶかわどうぶつこうえん、Shibukawa Zoo）は、岡山県玉野市渋川にある個人経営の動物園。
城東むかし町家,,35.0632119,134.0168992,岡山県,E,美術館博物館,
浄福寺,,34.7968045,133.4374407,岡山県,E,神社仏閣,
吹屋ふるさと村郷土館,,34.8618552,133.4693549,岡山県,D,美術館博物館,
瀬戸大橋,せとおおはし,34.3983333,133.81,岡山県,B,その他,本州と四国を結ぶ世界最大級の道路・鉄道併用橋。
成羽町美術館,,34.780714,133.536896,岡山県,C,美術館博物館,
西江邸,,34.8691032,133.4497466,岡山県,C,その他,
青龍寺,,34.9953966,133.4880938,岡山県,E,神社仏閣,
箭田大塚古墳,,34.6354899,133.6814475,岡山県,D,その他,
倉敷美観地区,くらしきびかんちく,34.5952,133.772,岡山県,B,街並み,白壁の蔵屋敷と柳並木の運河が残る街。
相原公園,,34.5758509,133.4540909,岡山県,E,その他,相原公園 （あいばらこうえん）は、岡山県井原市大江町の相原池の池畔にある都市公園（風致公園）で、桜の名所である。
総社市まちかど郷土館,,34.675535,133.754453,岡山県,E,美術館博物館,
造山古墳,,34.6734617,133.8037499,岡山県,E,その他,
足高神社,,34.5773287,133.7644529,岡山県,D,神社仏閣,
大橋家住宅,,34.5969253,133.768408,岡山県,D,その他,大橋家住宅（おおはしけじゅうたく）は、岡山県倉敷市阿知にある、町屋建築。
醍醐桜,,35.0241048,133.6471875,岡山県,C,その他,
誕生寺,,34.9556004,133.9529541,岡山県,C,神社仏閣,
池田動物園,,34.6748239,133.9062361,岡山県,B,その他,
津山まなびの鉄道館,,35.0535922,134.0001499,岡山県,B,その他,津山まなびの鉄道館（つやままなびのてつどうかん、英語：Tsuyama Railroad Educational Museum）は、岡山県津山市にある鉄道に関する事物を展示する博物館（鉄道保存展示施設）である。
津山城跡,,35.0627653,134.0048125,岡山県,B,城,
津島遺跡,,34.680344,133.9161831,岡山県,E,その他,
東海山 本源寺,,35.0622444,133.9939552,岡山県,D,神社仏閣,
藤原啓記念館,,34.7333055,134.2018719,岡山県,D,美術館博物館,
道の駅かよう,,34.8165035,133.7051328,岡山県,D,その他,道の駅かよう（みちのえき かよう）は、岡山県加賀郡吉備中央町北にある国道484号の道の駅である。
道の駅みやま公園,,34.51955,133.9274391,岡山県,C,その他,みやま公園（深山公園、みやまこうえん）は岡山県玉野市にある風致公園である。
道の駅笠岡ベイファーム,,34.4731866,133.4997436,岡山県,D,その他,道の駅笠岡ベイファーム（みちのえき かさおかベイファーム）は、岡山県笠岡市にある国道2号の道の駅である。
那岐山,,35.1716731,134.1802724,岡山県,C,自然,那岐山（なぎさん）は鳥取県八頭郡智頭町と岡山県勝田郡奈義町の境界にある山。
白石島,,34.4057696,133.5149895,岡山県,B,その他,白石島（しらいしじま）は、岡山県笠岡市にある笠岡諸島に属する、面積2.86km2、最高点169m（立石山）、人口346人（令和2年）の島で全島が国の名勝に指定されている。
八塔寺ふるさと村,,34.9174331,134.2539921,岡山県,D,その他,
備前市歴史民俗資料館,,34.746938,134.193765,岡山県,E,美術館博物館,
備前長船刀剣博物館,,34.721634,134.106905,岡山県,B,美術館博物館,
備中国分寺,,34.6665369,133.7818173,岡山県,B,神社仏閣,
尾針神社,,34.6747778,133.908582,岡山県,D,神社仏閣,
美星天文台,,34.6720317,133.5453921,岡山県,C,美術館博物館,
蒜山高原,,35.3032698,133.6638589,岡山県,B,その他,蒜山高原（ひるぜんこうげん）は、岡山県真庭市北部の蒜山地方に位置する高原である。
箆取神社,,34.5519591,133.7182987,岡山県,D,神社仏閣,
法光山 妙勝寺,,35.0593132,133.9910493,岡山県,E,神社仏閣,
豊楽寺,,34.8806794,133.9139895,岡山県,D,神社仏閣,
妙見山 常福寺,,34.6701084,133.8989659,岡山県,D,神社仏閣,
夢二郷土美術館本館,,34.6707119,133.9346426,岡山県,C,美術館博物館,
牟佐大塚古墳,,34.7252186,133.9768055,岡山県,D,その他,
弥高山,,34.737266,133.409407,岡山県,C,自然,弥高山（やたかやま）は、岡山県高梁市川上町高山にある山。
矢掛,,34.6286556,133.5914543,岡山県,C,その他,矢掛（やかげ）は、岡山県小田郡矢掛町にある大字である。
雄町アクアガーデン,,34.6861826,133.9725054,岡山県,D,その他,
両宮山古墳,,34.7397868,134.0024868,岡山県,C,その他,
林原美術館,,34.6636717,133.933446,岡山県,B,美術館博物館,林原美術館（はやしばらびじゅつかん、Hayashibara Museum of Art）は、岡山県岡山市北区の岡山城址にある岡山県の登録博物館。
蓮休寺,,34.6732106,133.8255088,岡山県,D,神社仏閣,
和気町歴史民俗資料館,,34.819575,134.175599,岡山県,E,美術館博物館,
鷲羽山,わしゅうざん,34.4354877,133.8124716,岡山県,B,自然,瀬戸内海国立公園を代表する景勝地。
Zoom-Zoomスタジアム広島,,34.3917668,132.4845492,広島県,A,その他,Zoom-Zoomスタジアム広島（マツダ ズーム・ズーム スタジアムひろしま）は、広島県広島市南区南蟹屋にある野球場。
アレイからすこじま,,34.225532,132.5489999,広島県,C,その他,アレイからすこじまは、広島県呉市にある公園。
いろは丸展示館,,34.3826727,133.3807801,広島県,D,美術館博物館,いろは丸展示館（いろはまるてんじかん）は、広島県福山市鞆町にある、備後灘で1867年5月26日に起こったいろは丸と明光丸の衝突事件の概要を展示する博物館である。
ウッドワン美術館,,34.4987417,132.143756,広島県,C,美術館博物館,ウッドワン美術館（ウッドワンびじゅつかん、WOOD ONE MUSEUM OF ART）は、広島県廿日市市吉和にある広島県の登録博物館。
おのみち映画資料館,,34.4095901,133.2053164,広島県,D,美術館博物館,おのみち映画資料館（おのみちえいがしりょうかん）は、広島県尾道市にある、尾道ゆかりの映画資料等を展示する博物館。
おのみち歴史博物館,,34.4097846,133.2049428,広島県,E,美術館博物館,
おりづるタワー,,34.395681,132.4546685,広島県,B,その他,おりづるタワー（HIROSHIMA ORIZURU TOWER）は、広島県広島市中区大手町にある複合商業施設。
せら夢公園,,34.6230977,132.9841567,広島県,D,その他,せら夢公園（せらゆめこうえん）は、広島県世羅郡世羅町にある「せら県民公園」と「せらワイナリー」からなる施設の総称である。
ヌマジ交通ミュージアム（広島市交通科学館｝,,34.4708894,132.428619,広島県,B,美術館博物館,
ひろしま美術館,,34.3986642,132.4581054,広島県,B,美術館博物館,ひろしま美術館（ひろしまびじゅつかん）は、広島県広島市中区の広島市中央公園内にある広島県の登録博物館。
ふくやま書道美術館,,34.487915,133.358082,広島県,E,美術館博物館,
ふくやま美術館,,34.4909763,133.3591106,広島県,C,美術館博物館,ふくやま美術館（ふくやまびじゅつかん）は広島県福山市西町二丁目にある美術館。
ベイサイドビーチ坂,,34.3189199,132.4975285,広島県,D,自然,ベイサイドビーチ坂（ベイサイドビーチさか）は、広島県安芸郡坂町にある広島市内から一番近い海水浴場。
みろくの里,,34.420827,133.3025813,広島県,A,その他,みろくの里（みろくのさと）は、広島県福山市藤江町（旧沼隈郡沼隈町）にある遊園地やレトロテーマパークを含む総合レジャー施設。
ユートピアサイオト,,34.7860642,132.3168183,広島県,D,その他,ユートピアサイオトは広島県山県郡北広島町にあるスキー場。
井仁の棚田,,34.5611395,132.2830045,広島県,D,その他,井仁の棚田（いにのたなだ）は、広島県山県郡安芸太田町中筒賀井仁にある棚田。
因島水軍城,,34.327973,133.166409,広島県,B,美術館博物館,
永徳寺 観音院,,34.3913851,132.4407041,広島県,D,神社仏閣,
円通寺,,34.8523569,132.9546497,広島県,D,神社仏閣,
音戸の瀬戸,,34.1973802,132.5384738,広島県,B,自然,音戸の瀬戸（おんどのせと）は、広島県の呉市にある本州と倉橋島の間に存在する海峡。
海の見える杜美術館,,34.326863,132.280645,広島県,B,美術館博物館,
海上自衛隊呉史料館,,34.2421001,132.5552584,広島県,B,その他,海上自衛隊呉史料館（かいじょうじえいたいくれしりょうかん JMSDF Kure Museum）は、広島県呉市にある海上自衛隊の広報を目的とした施設で、愛称は「てつのくじら館」。
海田総合公園,,34.3708546,132.5662018,広島県,E,その他,海田総合公園（かいたそうごうこうえん）は、広島県安芸郡海田町東海田にある総合公園。
灰ヶ峰,,34.2703953,132.5933784,広島県,C,その他,灰ヶ峰（灰が峰、はいがみね）は、広島県呉市の市街地北部にある独立峰である。
絵下山,,34.3190866,132.5397005,広島県,C,自然,絵下山（えげさん）は、広島市安芸区矢野町にある標高593mの山である。
吉田郡山城,,34.6736204,132.7095652,広島県,A,城,吉田郡山城（よしだこおりやまじょう）は、広島県安芸高田市吉田町吉田にあった日本の城。
宮島水族館,,34.2954755,132.3156513,広島県,B,その他,
宮浜温泉,,34.2710992,132.254985,広島県,C,温泉,宮浜温泉（みやはまおんせん）は、広島県廿日市市（旧佐伯郡大野町、旧国安芸国）にある温泉。
恐羅漢山,,34.5954777,132.1296478,広島県,C,自然,"恐羅漢山（おそらかんざん）は、広島県山県郡安芸太田町と島根県益田市との境にある標高1,346.4mの山。"
芸北高原大佐スキー場,,34.7473327,132.2203989,広島県,D,その他,芸北高原大佐スキー場（げいほくこうげんおおさスキーじょう）は、広島県北広島町荒神原にあるスキー場。
芸予諸島,,34.2360799,132.8893409,広島県,B,自然,芸予諸島（げいよしょとう）は、日本の瀬戸内海西部に位置する諸島。
元安川,,34.3698142,132.4530185,広島県,C,その他,元安川（もとやすがわ）は、太田川水系の分流で、広島県広島市を流れ広島湾に注ぐ一級河川。
原爆ドーム,げんばくどーむ,34.3954661,132.4535245,広島県,A,その他,平和記念公園に残る世界遺産の被爆建造物。
厳島,,34.2766638,132.3217748,広島県,A,自然,厳島（いつくしま）は、広島県廿日市市宮島町にある島。
厳島神社,いつくしまじんじゃ,34.2959,132.3197,広島県,A,神社仏閣,海に浮かぶ大鳥居で知られる世界遺産。日本三景・宮島。
呉ポートピアパーク,,34.2906572,132.5129048,広島県,B,その他,呉ポートピアパーク（くれポートピアパーク）は、広島県呉市天応にある市民公園である。
呉市海事歴史科学館,,34.2412026,132.5558549,広島県,B,その他,呉市海事歴史科学館（くれし かいじれきしかがくかん）は、広島県呉市にある市立の海事博物館・科学館。
呉市立美術館,,34.239958,132.563863,広島県,D,美術館博物館,
向上寺,,34.3064642,133.0867393,広島県,C,神社仏閣,向上寺（こうじょうじ）は、広島県尾道市にある曹洞宗の寺院。
向島洋らんセンター,,34.3759087,133.2061493,広島県,D,自然,向島洋らんセンター（むかいしまようらんセンター）は、広島県尾道市の向島にある洋ランの農業公園。
広島バスセンター,,34.3963375,132.4560678,広島県,B,その他,広島バスセンター（ひろしまバスセンター）は、広島県広島市中区基町6番27号にあるバスターミナル。
広島県総合グランド,,34.376439,132.4219715,広島県,C,その他,広島県総合グランド（ひろしまけん そうごうグランド）は、広島県広島市西区にある運動公園。
広島県立びんご運動公園,,34.4291276,133.1752136,広島県,C,その他,広島県立びんご運動公園（ひろしまけんりつ びんごうんどうこうえん）は、広島県尾道市にある運動公園。
広島県立みよし公園,,34.7971441,132.9003267,広島県,D,その他,広島県立みよし公園（ひろしまけんりつみよしこうえん）は、広島県三次市四拾貫町にある都市公園（広域公園）である。
広島県立総合体育館,,34.399371,132.4551481,広島県,B,その他,広島県立総合体育館（ひろしまけんりつそうごうたいいくかん）は、広島県広島市中区基町の広島市中央公園内にある体育館。
広島県立美術館,,34.399696,132.466332,広島県,C,美術館博物館,広島県立美術館（ひろしまけんりつびじゅつかん）は、広島県広島市中区にある美術館。
広島県立歴史博物館,,34.4895795,133.3589998,広島県,D,美術館博物館,広島県立歴史博物館（ひろしまけんりつれきしはくぶつかん）は、広島県福山市の福山城公園文化ゾーンにある歴史博物館。
広島広域公園,,34.4426805,132.3918255,広島県,C,その他,広島広域公園（ひろしまこういきこうえん）は、広島県広島市安佐南区の西風新都内にある都市公園（広域公園）である。
広島市まんが図書館,,34.3876911,132.4744661,広島県,C,その他,広島市まんが図書館（ひろしましまんがとしょかん）とは広島県広島市にある広島市立の図書館である。
広島市安佐動物公園,,34.4984801,132.4401661,広島県,B,その他,広島市安佐動物公園（ひろしましあさどうぶつこうえん）は、広島県広島市安佐北区安佐町動物園にある動物園。
広島市郷土資料館,,34.3660185,132.4618557,広島県,C,その他,広島市郷土資料館（ひろしましきょうどしりょうかん）は、広島県広島市南区宇品にある歴史系博物館（登録博物館）である。
広島市現代美術館,,34.386388,132.4733314,広島県,C,美術館博物館,広島市現代美術館（ひろしましげんだいびじゅつかん）は、広島県広島市南区にある美術館。
広島市植物公園,,34.390897,132.347412,広島県,D,その他,広島市植物公園（ひろしまししょくぶつこうえん）とは広島県広島市佐伯区倉重にある都市公園（植物園）である。
広島市森林公園,,34.4406046,132.5508936,広島県,D,その他,広島市森林公園（ひろしまししんりんこうえん）は、広島県広島市東区にある森林公園。
広島市中央公園,,34.3991232,132.4559735,広島県,C,その他,広島市中央公園（ひろしましちゅうおうこうえん）は、広島県広島市中区基町にある都市公園（総合公園）。
広島城,,34.4007386,132.4599206,広島県,A,その他,広島城（ひろしまじょう 旧字体: 廣島城）は、安芸国佐東郡広島（広島県広島市中区基町）にあった安土桃山時代から江戸時代の日本の城。
広島平和記念公園,,34.3956435,132.4529076,広島県,A,その他,平和記念公園（へいわきねんこうえん、英語: Peace Memorial Park）は、広島県広島市中区の中島町と大手町に跨る市民公園。
広島平和記念資料館,,34.3913256,132.4529503,広島県,B,その他,広島平和記念資料館（ひろしまへいわきねんしりょうかん、英: Hiroshima Peace Memorial Museum）は、広島県広島市中区に所在する博物館（平和博物館）。
江の川,,35.0620371,132.5982474,広島県,B,その他,江の川（ごうのかわ）は、島根県および広島県を流れる一級水系の本流。
江波山気象館,,34.3661986,132.4350056,広島県,C,美術館博物館,
紅葉谷公園,,34.2938092,132.3250384,広島県,D,その他,紅葉谷公園（もみじだにこうえん、英語: Momijidani Park）は、日本で最も有名なカエデを主体とした公園の1つであり、広島県廿日市市の厳島神社の背後、紅葉谷川沿いの弥山のふもとに位置する。
耕三寺,,34.3039622,133.0898242,広島県,B,神社仏閣,
国立広島原爆死没者追悼平和祈念館,,34.3930589,132.4533745,広島県,C,その他,国立広島原爆死没者追悼平和祈念館（こくりつひろしまげんばくしぼつしゃついとうへいわきねんかん）は、広島県広島市中区中島町の平和記念公園内にある、被爆者を追悼する国立の施設である。
三瀧寺,,34.4201091,132.4382844,広島県,C,神社仏閣,三瀧寺（みたきでら）は広島県広島市西区の三滝山（宗箇山）の中腹にある高野山真言宗の寺院。
三段峡,さんだんきょう,34.5995903,132.2085173,広島県,C,自然,断崖と滝が連続する国の特別名勝の渓谷。
似島,,34.302997,132.4323847,広島県,B,自然,似島（にのしま）とは、瀬戸内海の広島湾に浮かぶ島。
持明院,,34.4353298,132.4797848,広島県,E,神社仏閣,
縮景園,,34.3945665,132.4730776,広島県,B,その他,縮景園（しゅっけいえん）は、広島県広島市中区上幟町にある庭園。
心行寺,,34.4085894,132.4661783,広島県,E,神社仏閣,
世羅高原農場,,34.656201,133.0433596,広島県,D,その他,世羅高原農場（せらこうげんのうじょう） は、広島県世羅郡世羅町にある花の観光農園である。
瀬戸田サンセットビーチ,,34.280066,133.0731067,広島県,D,自然,瀬戸田サンセットビーチ（せとだサンセットビーチ、英: SETODA SUNSET BEACH）は、広島県尾道市（旧豊田郡瀬戸田町）の生口島にある海水浴場。
棲真寺,,34.459052,132.9420714,広島県,D,神社仏閣,
西國寺,,34.415567,133.202969,広島県,C,神社仏閣,西國寺（さいこくじ）は広島県尾道市にある寺院。
仙酔島,,34.386209,133.3905807,広島県,B,自然,仙酔島（せんすいじま）は、広島県福山市の鞆の浦に浮かぶ島。
千光寺公園,,34.4101311,133.1967786,広島県,C,その他,千光寺公園（せんこうじこうえん）は、広島県尾道市にある千光寺山の山頂から中腹にかけて広がる公園。
千畳閣,,34.2972682,132.3205607,広島県,B,その他,千畳閣（せんじょうかく）は、広島県廿日市市の厳島（宮島）にある神社建築であり、厳島神社末社豊国神社（「とよくにじんじゃ」または「ほうこくじんじゃ」と読む。
専教寺,,34.1775644,132.5006463,広島県,E,神社仏閣,
草戸稲荷神社,,34.4795166,133.3464788,広島県,C,神社仏閣,草戸稲荷神社（くさどいなりじんじゃ）は広島県福山市草戸町に鎮座している稲荷神社である。
速谷神社,,34.359046,132.3085665,広島県,C,神社仏閣,速谷神社（はやたにじんじゃ）は、広島県廿日市市上平良にある神社。
多家神社,,34.3959163,132.5102409,広島県,B,神社仏閣,
多聞院,,34.3867954,132.4715944,広島県,C,神社仏閣,
太田川,,34.5789934,132.2095239,広島県,B,その他,太田川（おおたがわ）は、広島県を流れる一級河川太田川水系の本流。
大願寺,,34.2954699,132.318232,広島県,B,神社仏閣,
大久野島,,34.3096813,132.9933641,広島県,A,自然,大久野島（おおくのしま、おおくのじま）は、瀬戸内海芸予諸島の一つであり、広島県竹原市に属する無人島（定住者なし、居住者あり）。
大芝公園交通ランド,,34.41901,132.46052,広島県,D,その他,大芝公園交通ランド（おおしばこうえんこうつうらんど）は、広島県広島市西区大芝公園にある交通安全教育を目的とした施設（交通公園）である。
大聖院,,34.2917429,132.3185618,広島県,B,神社仏閣,大聖院（だいしょういん）は広島県廿日市市宮島町にある真言宗御室派の大本山の寺院。山号は多喜山（たきざん、「滝山」とも）、多喜山大聖院水精寺（すいしょうじ）と号する。
竹原市歴史民俗資料館,,34.347532,132.910081,広島県,E,美術館博物館,
中川美術館,,34.398052,133.368763,広島県,E,美術館博物館,
中村憲吉旧居,,34.4103194,133.1992893,広島県,C,美術館博物館,
東広島市立美術館,,34.439689,132.693263,広島県,D,美術館博物館,
湯来温泉,,34.4741432,132.241725,広島県,B,温泉,湯来温泉（ゆきおんせん）は、広島県広島市佐伯区湯来町大字多田（旧国安芸国）にある温泉。
道の駅アリストぬまくま,,34.394977,133.3173755,広島県,D,その他,道の駅アリストぬまくま（みちのえき アリストぬまくま）は、広島県福山市沼隈町にある広島県道47号鞆松永線の道の駅である。
道の駅たかの,,35.0243299,132.8813219,広島県,D,その他,道の駅たかの（みちのえき たかの）は、広島県庄原市高野町下門田にある広島県道39号三次高野線の道の駅である。
道の駅みはら神明の里,,34.3970317,133.1044585,広島県,D,その他,道の駅みはら神明の里（みちのえき みはらしんめいのさと）は、広島県三原市にある国道2号の道の駅である。
道の駅世羅,,34.5961161,133.0840655,広島県,D,その他,道の駅世羅（みちのえき せら）は、広島県世羅郡世羅町にある国道432号の道の駅である。
入船山公園,,34.2392773,132.5630472,広島県,D,その他,入船山公園（いりふねやまこうえん）は、広島県呉市にある都市公園（地区公園）である。
比治山,,34.3830503,132.4731477,広島県,B,その他,比治山（ひじやま）は、広島県広島市南区に位置する標高71.1mの小高い丘である。
尾関山公園,,34.8151548,132.8393559,広島県,D,その他,尾関山公園（おぜきやまこうえん）は、広島県三次市にある都市公園（総合公園）である。
尾長天満宮,,34.4043646,132.4800107,広島県,C,神社仏閣,
尾道,おのみち,34.4048206,133.1931084,広島県,A,街並み,坂と猫と寺町の風情ある港町。
尾道市因島フラワーセンター,,34.3451142,133.1522344,広島県,D,その他,尾道市因島フラワーセンター（おのみちしいんのしまフラワーセンター）は、広島県尾道市因島に位置する植物園。
尾道市立美術館,,34.4100106,133.195723,広島県,C,美術館博物館,尾道市立美術館（おのみちしりつびじゅつかん）は、広島県尾道市の千光寺公園（千光寺山）にある市立の美術館。
筆の里工房,,34.342881,132.575398,広島県,E,美術館博物館,
筆影山,,34.3758827,133.0814347,広島県,D,自然,筆影山（ふでかげやま）は広島県三原市に位置する標高311ｍの山である。
瓢箪島,,34.2845467,133.0503219,広島県,B,自然,瓢箪島（ひょうたんじま）は瀬戸内海に浮かぶ無人島。
不動院,,34.4270315,132.4711145,広島県,B,神社仏閣,
府中家具木工資料館,,34.563497,133.263213,広島県,E,美術館博物館,
府中市歴史民俗資料館,,34.562214,133.229768,広島県,E,美術館博物館,
福山市立動物園,,34.5237443,133.2792657,広島県,B,その他,福山市立動物園（ふくやましりつどうぶつえん）は、広島県福山市にある公立動物園である。
福山自動車時計博物館,,34.497828,133.363143,広島県,E,美術館博物館,
平山郁夫美術館,,34.3057152,133.0905232,広島県,C,美術館博物館,平山郁夫美術館（ひらやまいくおびじゅつかん）は、広島県尾道市瀬戸田町にある美術館。
平和の鐘,,34.3954092,132.4523684,広島県,C,その他,平和の鐘（へいわのかね、英: Hiroshima Peace Bell）は、広島県広島市にある鐘。
平和の門,,34.390631,132.4517154,広島県,D,その他,平和の門（英：The Gates of Peace; 仏：Les Portes de la Paix）は、広島県・広島市の平和大通り沿いに立つパブリックアート。
平和記念公園,へいわきねんこうえん,34.3927222,132.4523611,広島県,A,その他,原爆死没者慰霊碑や資料館が並ぶ祈りの公園。
妹背の滝,,34.2960093,132.266367,広島県,D,自然,妹背の滝（いもせのたき）は広島県廿日市市大野（旧大野町）にある滝である。
妙風寺,,34.4047302,132.4667238,広島県,E,神社仏閣,
野呂山,,34.2642881,132.6749057,広島県,C,その他,野呂山（のろさん）は、広島県呉市に位置する標高839mの山で、膳棚山と弘法寺山を結ぶ東西2kmの高原の総称である。
矢谷古墳,,34.7862193,132.8809153,広島県,D,その他,
湧永満之記念庭園,,34.7212873,132.746099,広島県,D,その他,湧永満之記念庭園（わくながまんじきねんていえん）は、広島県安芸高田市にある植物園。
雄橋,,34.8621913,133.2062415,広島県,C,自然,雄橋（おんばし）は広島県庄原市東城町の帝釈峡にある天然橋。
頼山陽史跡資料館,,34.3913824,132.4572436,広島県,C,美術館博物館,
蘭島閣美術館,,34.188269,132.684042,広島県,D,美術館博物館,
龍蔵院,,34.4101877,132.4825627,広島県,D,神社仏閣,
歴史の見える丘,,34.2327843,132.5609725,広島県,D,その他,歴史の見える丘（れきしのみえるおか）は、広島県呉市宮原にある公園。
國前寺,,34.403117,132.4811553,広島県,C,神社仏閣,
圓隆寺,,34.389227,132.4625932,広島県,B,神社仏閣,とうかさん（稲荷さん・稲荷山・稲荷参）は、広島県広島市中区三川町にある日蓮宗の寺院、福昌山 慈善院 圓隆寺（ふくしょうざん じぜんいん えんりゅうじ）のこと。
廣島護國神社,,34.4010196,132.4589196,広島県,B,その他,廣島護國神社（ひろしまごこくじんじゃ）は、広島県広島市中区にある護国神社。
邇保姫神社,,34.3760845,132.4872858,広島県,C,神社仏閣,
鞆の浦,,34.3808768,133.3803274,広島県,A,その他,鞆の浦（とものうら）は、広島県福山市鞆地区の沼隈半島南端にある港湾およびその周辺海域（備後灘）である。
饒津神社,,34.4046537,132.4695876,広島県,C,神社仏閣,饒津神社（にぎつじんじゃ）は、広島県広島市東区にある神社である。
くだまつ健康パーク,,34.0156908,131.8433502,山口県,C,その他,くだまつ健康パーク（くだまつけんこうパーク）は、山口県下松市平田にある健康ランドである。
はい!からっと横丁,,33.9531618,130.9410802,山口県,C,その他,はい!からっと横丁（はい!からっとよこちょう）は、山口県下関市にある遊園地。
みもすそ川公園,,33.9658767,130.9570913,山口県,C,その他,みもすそ川公園（みもすそがわこうえん）は、山口県下関市にある都市公園（街区公園）。
維新百年記念公園,,34.1555067,131.4347718,山口県,C,その他,維新百年記念公園（いしんひゃくねんきねんこうえん）は、山口県山口市維新公園四丁目にある都市公園（広域公園）。
永源山公園,,34.0773139,131.7682457,山口県,C,その他,永源山公園（えいげんざんこうえん）は、山口県周南市富田にある都市公園（総合公園）。
円政寺,,34.4113587,131.3940402,山口県,D,神社仏閣,
下関市立考古博物館,,34.011478,130.926201,山口県,D,美術館博物館,
下関市立美術館,,33.9897452,130.9908214,山口県,D,美術館博物館,下関市立美術館（しものせきしりつびじゅつかん/Shimonoseki City Art Museum）は山口県下関市長府に存在する公立美術館。
下関市立歴史博物館,,33.995934,130.9839245,山口県,D,美術館博物館,下関市立歴史博物館（しものせきしりつれきしはくぶつかん）は、山口県下関市にある市立博物館である。
花岡八幡宮,,34.039415,131.8722788,山口県,D,神社仏閣,
回天記念館,,33.9933391,131.7174195,山口県,B,美術館博物館,
海峡ゆめタワー,,33.9497968,130.929736,山口県,C,自然,
角島,,34.3478421,130.8954502,山口県,B,自然,角島（つのしま）は、山口県下関市豊北町大字角島の日本海（響灘）上にある島。
角島大橋,,34.3553776,130.8773535,山口県,B,その他,角島大橋（つのしまおおはし）は、山口県下関市豊北町神田と同市豊北町角島間の海士ヶ瀬戸に架かる橋。
笠戸島,,33.9708768,131.850355,山口県,B,自然,笠戸島（かさどしま）は、山口県沖の瀬戸内海（周防灘）に浮かぶ三日月形の離島。
笠山,,34.4495137,131.4019584,山口県,B,自然,笠山（かさやま）は、山口県萩市に属する標高 112 m の火山。
関門海峡,,33.9353641,130.9302957,山口県,A,自然,関門海峡（かんもんかいきょう）は、日本の本州（山口県下関市）と九州（福岡県北九州市）を隔てる海峡。
関門橋,,33.961446,130.9591534,山口県,A,その他,関門橋（かんもんきょう）は、山口県下関市と福岡県北九州市門司区の間の関門海峡を跨ぐ道路橋である。
岩国学校教育資料館,,34.164151,132.184045,山口県,D,美術館博物館,
忌宮神社,,33.9990008,130.9876241,山口県,B,神社仏閣,忌宮神社（いみのみやじんじゃ）は、山口県下関市にある神社。
亀山八幡宮,,33.9574909,130.9450059,山口県,C,神社仏閣,
菊ヶ浜海水浴場,,34.4179044,131.3919865,山口県,D,自然,菊ヶ浜海水浴場（きくがはまかいすいよくじょう）は、山口県の萩市にある海水浴場。
菊川温泉,,34.1304156,131.0348886,山口県,D,温泉,菊川温泉 菊川温泉（きくがわおんせん）は、山口県下関市菊川町大字下岡枝にある温泉。
吉香公園,,34.1709169,132.1763016,山口県,C,その他,吉香公園（きっこうこうえん）は、山口県岩国市横山地区にある都市公園（総合公園）である。
旧下関英国領事館,,33.9569379,130.9431845,山口県,C,その他,旧下関英国領事館（きゅうしものせきえいこくりょうじかん）は山口県下関市唐戸町に現存する国内最古の領事館用途の建築である。
旧秋田商会ビル,,33.9568731,130.9420813,山口県,C,その他,旧秋田商会ビル（きゅうあきたしょうかいビル）は、山口県下関市南部町にある建築物。
玉祖神社,,34.0576772,131.5336557,山口県,E,神社仏閣,
錦帯橋,きんたいきょう,34.1676435,132.1783208,山口県,A,街並み,5連のアーチが美しい木造橋。
恵美須ヶ鼻造船所跡,,34.430493,131.4121753,山口県,C,その他,恵美須ヶ鼻造船所跡（えびすがはなぞうせんじょあと、英:Ebisugahana Shipyard）は、山口県萩市にある長州藩が洋式帆船を建造した造船所跡。
元乃隅神社,もとのすみじんじゃ,34.4200826,131.0631692,山口県,B,神社仏閣,123基の鳥居が海岸線に並ぶ景勝地。
古熊神社,,34.1786852,131.4886827,山口県,D,神社仏閣,
功山寺,,33.9960565,130.9819891,山口県,B,神社仏閣,功山寺（こうざんじ）は、山口県下関市長府にある曹洞宗の寺。
佐波神社,,34.0612128,131.5825968,山口県,D,神社仏閣,
三田尻塩田記念産業公園,,34.0176225,131.5597982,山口県,C,その他,三田尻塩田記念産業公園（みたじりえんでんきねんさんぎょうこうえん）は、山口県防府市大字浜方鶴浜にある展示館。
山口きらら博記念公園,,34.0035169,131.3716931,山口県,C,その他,山口きらら博記念公園（やまぐちきららはくきねんこうえん）は、山口県山口市阿知須にある山口県立の都市公園（広域公園）である。
山口サビエル記念聖堂,,34.1790417,131.4731172,山口県,B,その他,20世紀の日本の設立 > 1952年開業の施設 > 山口サビエル記念聖堂 山口サビエル記念聖堂（やまぐちサビエルきねんせいどう）は、山口県山口市にあるキリスト教カトリック広島教区の聖堂。
山口県国際総合センター,,33.9499315,130.9294152,山口県,B,その他,山口県国際総合センター（やまぐちけんこくさいそうごうセンター）は、山口県下関市豊前田町3丁目3番1号にある、山口県と一般財団法人山口県国際総合センターが設置し、同財団法人が管理・運営する会議・展示施設。
山口県立萩美術館・浦上記念館,,34.4094186,131.394167,山口県,C,美術館博物館,山口県立萩美術館・浦上記念館（やまぐちけんりつはぎびじゅつかん・うらがみきねんかん）は山口県萩市にある美術館。
山口県立美術館,,34.179521,131.474457,山口県,C,美術館博物館,山口県立美術館（やまぐちけんりつびじゅつかん）は、山口県山口市にある公立美術館。
山口大神宮,,34.1843928,131.4680103,山口県,C,神社仏閣,
室積海岸,,33.9477135,131.9596443,山口県,C,その他,室積海岸（むろづみかいがん）は、山口県光市に位置する海岸で、瀬戸内海国立公園の指定地の一つである。
寂地峡,,34.4294697,132.0550814,山口県,C,その他,寂地峡（じゃくちきょう）は、山口県岩国市錦町にある峡谷。
周南市美術博物館,,34.06019,131.812206,山口県,D,美術館博物館,
周防国分寺,,34.0611414,131.5794211,山口県,C,神社仏閣,周防国分寺（すおうこくぶんじ）は、山口県防府市国分寺町にある寺院。
秋吉台,あきよしだい,34.2422222,131.2983333,山口県,B,自然,日本最大級のカルスト台地、地下には秋芳洞が広がる。
秋吉台サファリランド,,34.2834295,131.3310769,山口県,B,その他,秋吉台サファリランド（あきよしだいサファリランド）は、山口県美祢市美東町にあるサファリパーク形式の動物園および遊園地。
秋吉台自然動物公園サファリランド,,34.284696,131.331477,山口県,C,その他,
秋芳洞,あきよしどう,34.2280614,131.3034105,山口県,A,自然,日本最大級の鍾乳洞。
春帆楼,,33.9591185,130.9480653,山口県,B,その他,春帆楼（しゅんぱんろう）は、山口県下関市阿弥陀寺町4-2にある割烹旅館である。
松下村塾,,34.4121428,131.4173146,山口県,A,その他,松下村塾（しょうかそんじゅく）は、江戸時代末期（幕末）に、長州萩城下の松本村（現在の山口県萩市）に存在した私塾である。
常盤池,,33.9615708,131.285684,山口県,C,自然,常盤池（ときわいけ）は、山口県宇部市にある淡水湖。
須佐湾,,34.6264721,131.5945852,山口県,D,その他,須佐湾（すさわん）は山口県萩市（旧須佐町）にある、日本海に面する小湾。
星野哲郎記念館,,33.9077543,132.3546004,山口県,D,美術館博物館,
青海島,,34.4195599,131.2167073,山口県,B,自然,青海島（おおみじま、おうみじま）は、山口県長門市の北の日本海にある島である。
石城神社,,33.9874424,132.0356608,山口県,D,神社仏閣,
赤間神宮,,33.9598824,130.9487793,山口県,B,神社仏閣,赤間神宮（あかまじんぐう）は、山口県下関市にある神社。
川棚温泉,,34.1381483,130.9388094,山口県,B,温泉,川棚温泉（かわたなおんせん）は、山口県下関市豊浦町川棚（旧国長門国）にある温泉。
大楽寺,,34.0466457,131.5686528,山口県,C,神社仏閣,
大歳神社,,33.9514539,130.9255134,山口県,D,神社仏閣,
大正洞,,34.2891619,131.3248331,山口県,C,自然,大正洞（たいしょうどう）は、山口県美祢市美東町にある鍾乳洞。
大板山たたら製鉄遺跡,,34.5059979,131.5384366,山口県,C,その他,大板山たたら製鉄遺跡（おおいたやまたたらせいてついせき、英語：Ohitayama-tatara Iron Works）は、山口県萩市にある江戸時代の製鉄所跡である。
中原中也記念館,,34.164779,131.457879,山口県,C,美術館博物館,
潮風公園みなとオアシスゆう,,34.0321918,132.2178201,山口県,D,その他,潮風公園みなとオアシスゆう（しおかぜこうえんみなとオアシスゆう）は、山口県岩国市由宇町8500-6にある海水浴場などを有するみなとオアシス指定の公園。
土井ケ浜遺跡人類学ミュージアム,,34.294411,130.885635,山口県,B,美術館博物館,
唐戸市場,,33.9566262,130.94583,山口県,B,その他,唐戸市場（からといちば）は、山口県下関市唐戸町にある地方卸売市場。
東行記念館,,34.085972,131.071271,山口県,D,美術館博物館,
湯田温泉,,34.1649472,131.4572339,山口県,B,温泉,湯田温泉 湯田温泉（ゆだおんせん）は、山口県山口市（旧国周防国）にある温泉。
湯野温泉,,34.0932101,131.6748421,山口県,C,温泉,湯野温泉（ゆのおんせん）は、山口県周南市（旧国周防国）にある温泉。
道の駅あいお,,34.0288536,131.4573006,山口県,D,その他,道の駅あいお（みちのえき あいお）は、山口県山口市秋穂東にある山口県道338号大海秋穂二島線の道の駅である。
道の駅サザンセトとうわ,,33.9040201,132.3415815,山口県,D,その他,道の駅サザンセトとうわ（みちのえき サザンセトとうわ）は、山口県大島郡周防大島町にある国道437号の道の駅である。
道の駅みとう,,34.218223,131.3443482,山口県,D,その他,道の駅みとう（みちのえき みとう）は、山口県美祢市美東町大田にある国道435号の道の駅である。
道の駅願成就温泉,,34.4342982,131.7698243,山口県,D,その他,道の駅願成就温泉（みちのえき がんじょうじゅおんせん）は、山口県山口市阿東徳佐上にある国道9号の道の駅である。
道の駅仁保の郷,,34.2106325,131.5591797,山口県,D,その他,道の駅仁保の郷（みちのえき にほのさと）は、山口県山口市仁保中郷井開田西にある国道376号の道の駅である。
道の駅長門峡,,34.3038989,131.5768179,山口県,D,その他,道の駅長門峡（みちのえき ちょうもんきょう）は、山口県山口市阿東生雲東分にある国道9号の道の駅である。
道の駅萩しーまーと,,34.4262374,131.4145241,山口県,D,その他,道の駅萩しーまーと（みちのえき はぎしーまーと）は、山口県萩市にある山口県道67号萩川上線の道の駅である。
二所山田神社,,34.2341254,131.8167305,山口県,C,神社仏閣,
虹ヶ浜海水浴場,,33.9615856,131.9227521,山口県,D,自然,虹ヶ浜海水浴場（にじがはまかいすいよくじょう）は、山口県光市にある瀬戸内海（周防灘）に面する海水浴場である。
日本ハワイ移民資料館,,33.921282,132.20014,山口県,C,美術館博物館,
萩城,,34.4175201,131.3837761,山口県,B,城,萩城（はぎじょう）は、山口県萩市にあった日本の城。
萩博物館,,34.4133632,131.3904365,山口県,D,美術館博物館,萩博物館（はぎはくぶつかん）は山口県萩市にある総合博物館である。
萩反射炉,,34.4282032,131.4182792,山口県,E,その他,
柏原美術館,,34.1713904,132.1748425,山口県,C,美術館博物館,柏原美術館（かしわばらびじゅつかん）は、山口県岩国市にある古美術・陶芸品を中心とした博物館。
白崎八幡宮,,34.1606006,132.2089796,山口県,C,神社仏閣,
毘沙ノ鼻,,34.1100905,130.8623593,山口県,C,自然,
俵山温泉,,34.2912965,131.1014252,山口県,B,温泉,俵山温泉（たわらやまおんせん）は、山口県長門市（旧長門国）にある温泉。
氷見神社,,34.2499305,131.8809863,山口県,D,神社仏閣,
普賢寺,,33.9216221,131.9681576,山口県,D,神社仏閣,
別府弁天池,,34.2550869,131.244876,山口県,C,その他,別府弁天池（べっぷべんてんいけ）は、山口県美祢市秋芳町大字別府水上、別府厳島神社の境内にある池。
蜂ヶ峯総合公園,,34.1947015,132.2205608,山口県,D,その他,蜂ヶ峯総合公園（はちがみねそうごうこうえん）は、山口県玖珂郡和木町にある都市公園（総合公園）である。
防府市青少年科学館,,34.04929,131.562037,山口県,D,美術館博物館,
防府天満宮,,34.062268,131.5741546,山口県,B,神社仏閣,防府天満宮（ほうふてんまんぐう）は、山口県防府市松崎町にある神社。
本願寺山口別院,,34.0880647,131.3949658,山口県,D,神社仏閣,
麻羅観音,,34.2961598,131.0967345,山口県,B,神社仏閣,
祐綏神社,,34.0616142,131.8145262,山口県,D,神社仏閣,
瑠璃光寺,,34.1898401,131.4717766,山口県,B,神社仏閣,
瑠璃光寺五重塔,るりこうじごじゅうのとう,34.1901755,131.4729196,山口県,B,神社仏閣,日本三名塔の一つとされる五重塔。
巖流島,,33.9360114,130.9289994,山口県,A,その他,巖流島（がんりゅうじま）は、山口県下関市・関門海峡に在る島（無人島）。
あすたむらんど徳島,,34.1509276,134.4412471,徳島県,C,その他,あすたむらんど徳島（あすたむらんどとくしま）は、徳島県板野郡板野町にある、子ども向けの科学教育をテーマとした徳島県立の科学館及び公園である。
イルローザの森,,34.0207085,134.4251214,徳島県,D,その他,イルローザの森（とくしまけんりつ かみやましんりんこうえん いるろーざのもり）は、徳島県名西郡神山町の西竜王山にある公園。
とくしま ファミリーランド,,34.0133219,134.5187836,徳島県,C,その他,
とくしま動物園,,34.0148305,134.521315,徳島県,C,その他,
モラエス館,,34.067114,134.5377515,徳島県,E,美術館博物館,
阿南市立阿波公方・民俗資料館,,33.952023,134.655229,徳島県,C,美術館博物館,
阿波おどり会館・阿波おどりミュージアム,,34.0701077,134.5449026,徳島県,C,美術館博物館,
阿波市立市場歴史民俗資料館,,34.094273,134.284953,徳島県,E,美術館博物館,
阿波十郎兵衛屋敷,,34.0914976,134.5840471,徳島県,C,美術館博物館,
阿波池田うだつの家・阿波池田たばこ資料館,,34.0294665,133.8089918,徳島県,D,美術館博物館,
宇佐八幡神社,,33.9620858,134.3107291,徳島県,D,神社仏閣,
渦の道 展望室,,34.2374977,134.6469766,徳島県,C,自然,
雲辺寺山,,34.0351293,133.7229222,徳島県,D,自然,雲辺寺山（うんぺんじさん）は、徳島県 三好市（旧；池田町）と香川県 観音寺市（旧；大野原町）の境界に位置し、「讃岐山脈」に属する、標高；927ｍの山である。
奥祖谷二重かずら橋,,33.8535806,134.0458633,徳島県,C,その他,奥祖谷二重かずら橋（おくいやにじゅうかずらばし）は、徳島県三好市東祖谷菅生の奥祖谷地区を流れる祖谷川に架かるかずら橋である。
貝の資料館「モラスコむぎ」,,33.6668886,134.4433894,徳島県,D,美術館博物館,
蒲生田岬,,33.8343054,134.7500235,徳島県,C,自然,蒲生田岬（かもだみさき、がもうだみさき、かもうだみさき）は、瀬戸内海紀伊水道に突き出た形の四国最東端の岬である。
玉林寺,,34.051796,134.3714499,徳島県,E,神社仏閣,
金磯弁才天,,33.9962091,134.6075484,徳島県,D,神社仏閣,
金丸八幡神社,,34.0361387,133.9489053,徳島県,E,神社仏閣,
金泉寺,,34.1529667,134.4902033,徳島県,C,神社仏閣,金泉寺（こんせんじ）は、徳島県板野郡板野町にある高野山真言宗の寺院。
剣山,,33.8535794,134.0942858,徳島県,B,自然,"剣山（つるぎさん）は、徳島県三好市東祖谷、美馬市木屋平、那賀郡那賀町木沢の間に位置する標高1,955mの山。"
剣山神社,,34.0683542,134.5374644,徳島県,C,神社仏閣,
皇子神社,,33.9184381,134.678717,徳島県,D,神社仏閣,
宍喰八幡神社,,33.5698183,134.3029415,徳島県,E,神社仏閣,
渋野丸山古墳,,34.0093574,134.5291054,徳島県,D,その他,
出羽島,,33.6363945,134.4243816,徳島県,B,自然,出羽島（てばじま）は、徳島県海部郡牟岐町にある島。
松茂町歴史民俗資料館・人形浄瑠璃芝居資料館,,34.1368121,134.5824605,徳島県,E,美術館博物館,
丈六寺,,34.0051791,134.5509673,徳島県,C,神社仏閣,
新町川水際公園,,34.0700864,134.5501254,徳島県,D,その他,新町川水際公園（しんまちがわみずぎわこうえん）は、徳島県徳島市の新町川沿いにある公園。
神山温泉,,33.9718759,134.3702239,徳島県,D,温泉,神山温泉（かみやまおんせん）は、徳島県名西郡神山町にある温泉である。
正観寺,,33.6716868,134.4080459,徳島県,D,神社仏閣,
西麻植八幡神社,,34.0618987,134.3359986,徳島県,E,神社仏閣,
千福寺,,33.9032923,134.6719581,徳島県,E,神社仏閣,
川島城,,34.0660553,134.320352,徳島県,C,その他,
祖谷のかずら橋,いやのかずらばし,33.871,133.86,徳島県,D,自然,秘境・祖谷渓に架かる植物の吊り橋。
相生森林美術館,,33.7977021,134.4521909,徳島県,E,美術館博物館,
大釜の滝,,33.8816551,134.283111,徳島県,D,自然,大釜の滝（おおがまのたき）は、徳島県那賀郡那賀町にある滝。
大塚国際美術館,おおつかこくさいびじゅつかん,34.2325795,134.6375369,徳島県,A,美術館博物館,陶板名画で世界の名画を原寸大展示。
大麻比古神社,,34.1620562,134.502404,徳島県,B,神社仏閣,大麻比古神社（おおあさひこじんじゃ）は、徳島県鳴門市大麻町板東にある神社。
大里松原海岸,,33.6067921,134.3664783,徳島県,D,その他,
第02番札所 極楽寺,,34.1561604,134.4902123,徳島県,C,神社仏閣,
第03番札所 金泉寺 (Konsen-ji),,34.147453,134.4685024,徳島県,C,神社仏閣,
第05番札所 地蔵寺,,34.1371936,134.4319428,徳島県,C,神社仏閣,
第06番札所 安楽寺(Anraku-ji),,34.1181096,134.3884768,徳島県,C,神社仏閣,
第07番札所 十楽寺(Juraku-ji),,34.1206876,134.3780307,徳島県,C,神社仏閣,
第08番札所 熊谷寺 (Kumadani-ji),,34.1227308,134.3400517,徳島県,C,神社仏閣,
第09番札所 法輪寺 (Horin-ji),,34.1040985,134.3336021,徳島県,C,神社仏閣,
第10番札所 切幡寺 (Kirihata-ji),,34.1077257,134.3043032,徳島県,C,神社仏閣,
第11番札所 藤井寺 (Fujii-dera),,34.0516692,134.3485336,徳島県,C,神社仏閣,
第12番札所 焼山寺(Shosan-ji),,33.985057,134.310411,徳島県,B,神社仏閣,
第14番札所 常楽寺 (Joraku-ji),,34.0503581,134.4759521,徳島県,C,神社仏閣,
第17番札所 井戸寺 (Ido-ji),,34.0851717,134.4854986,徳島県,C,神社仏閣,
第18番札所 恩山寺 (Onzan-ji),,33.9860981,134.5778614,徳島県,C,神社仏閣,
第19番札所 立江寺 (Tatsue-ji),,33.9678148,134.6058371,徳島県,C,神社仏閣,
第20番札所 鶴林寺 (Kakurin-ji),,33.9141272,134.505258,徳島県,C,神社仏閣,
第21番札所 太龍寺 (Tairyu-ji),,33.8825075,134.5217889,徳島県,B,神社仏閣,
第22番札所 平等寺 (Byodo-ji),,33.8521418,134.5823363,徳島県,C,神社仏閣,
第23番札所 薬王寺 (Yakuo-ji),,33.7322973,134.5275924,徳島県,B,神社仏閣,
滝薬師,,34.0725422,134.5425565,徳島県,E,神社仏閣,
丹田古墳,,34.0239857,133.936,徳島県,D,その他,
津峯神社,,33.8947325,134.6436111,徳島県,C,神社仏閣,
天椅立神社,,34.0390654,133.8695013,徳島県,D,神社仏閣,
天岩戸別神社,,33.9741119,134.4206079,徳島県,C,神社仏閣,
天石門別八倉比売神社,,34.0557802,134.4649416,徳島県,B,神社仏閣,
天津神社,,33.9623441,134.5095513,徳島県,D,神社仏閣,
東林院,,34.161389,134.5361193,徳島県,D,神社仏閣,
道の駅大歩危,,33.8807417,133.7601821,徳島県,D,その他,道の駅大歩危（みちのえき おおぼけ）は、徳島県三好市山城町上名にある国道32号の道の駅である。
徳島県南部健康運動公園,,33.8670061,134.6044961,徳島県,D,その他,徳島県南部健康運動公園（とくしまけんなんぶけんこううんどうこうえん）は、徳島県南部の阿南市桑野町・山口町に位置する運動公園。
徳島県鳴門総合運動公園,,34.1673869,134.6158012,徳島県,C,その他,徳島県鳴門総合運動公園（とくしまけんなるとそうごううんどうこうえん）は、徳島県鳴門市撫養町立岩にある総合公園である。
徳島県立近代美術館,,34.039814,134.52671,徳島県,C,美術館博物館,
徳島県立鳥居龍蔵記念博物館,,34.0399267,134.5262343,徳島県,D,美術館博物館,
徳島県立博物館,,34.039859,134.5260421,徳島県,D,美術館博物館,
徳島県立文学書道館,,34.0801006,134.5539865,徳島県,D,美術館博物館,
徳島市天狗久資料館,,34.0722672,134.492794,徳島県,E,美術館博物館,
徳島市立考古資料館,,34.060711,134.469186,徳島県,E,美術館博物館,
徳島城跡,,34.0750636,134.5545709,徳島県,E,城,
二層うだつの町並み,,34.0343741,134.0626416,徳島県,D,その他,二層うだつの町並み（にそううただつのまちなみ）は、徳島県美馬郡つるぎ町にある名勝。
日峰神社,,34.0222443,134.5817496,徳島県,C,神社仏閣,
日和佐城跡,,33.7295345,134.536107,徳島県,E,城,
日和佐八幡神社,,33.7349021,134.5403324,徳島県,D,神社仏閣,
板東俘虜収容所跡,,34.1596687,134.496749,徳島県,B,その他,
悲願寺,,33.947167,134.327993,徳島県,D,神社仏閣,
美郷ほたる館,,34.0223453,134.2622564,徳島県,E,その他,
表御殿庭園,,34.0737535,134.5562324,徳島県,C,自然,
瓶浦神社,,34.2320189,134.6354096,徳島県,E,神社仏閣,
敷島神社,,34.0579023,134.3386736,徳島県,D,神社仏閣,
平家屋敷民俗資料館,,33.8827888,133.7808864,徳島県,C,美術館博物館,
別格01 大山寺 (Taizan-ji),,34.1592474,134.3995553,徳島県,C,神社仏閣,
別格03 慈眼寺 (Jigen-ji),,33.9402321,134.4307338,徳島県,E,神社仏閣,
弁慶の岩屋,,33.9911529,134.5802948,徳島県,E,その他,
北島チューリップ公園,,34.1293533,134.5547755,徳島県,D,その他,北島チューリップ公園（きたじまチューリップこうえん）は、徳島県板野郡北島町にあるチューリップをテーマとした公園。
妙見神社,,34.1783442,134.6182298,徳島県,E,神社仏閣,
牟岐城跡,,33.6692922,134.4243523,徳島県,E,城,
鳴門ウチノ海総合公園,,34.2099511,134.5977517,徳島県,D,その他,鳴門ウチノ海総合公園（なるとウチノうみそうごうこうえん、英語：Naruto Uchinoumi Park）は、徳島県鳴門市の高島にある公園。
鳴門の渦潮,なるとのうずしお,34.2366261,134.6510518,徳島県,B,自然,世界最大級ともされる渦潮。
鳴門海峡,,34.2282303,134.6587453,徳島県,B,自然,鳴門海峡（なると かいきょう、国際名称・英語名: Naruto Strait）は、日本の四国の北東端にある大毛島孫崎（徳島県鳴門市）と淡路島門崎（兵庫県南あわじ市）との間に位置する海峡。
鳴門公園,,34.2363442,134.6402232,徳島県,C,その他,鳴門公園（なるとこうえん、Naruto Park）は、徳島県鳴門市鳴門町土佐泊浦（大毛島の北東端・鳴門山）に位置する公園である。
鳴門市ドイツ館,,34.1646355,134.4990662,徳島県,C,美術館博物館,鳴門市ドイツ館（なるとしドイツかん、ドイツ語: Das Deutsche Haus Naruto、英語: Naruto German House） は、徳島県鳴門市大麻町桧にある博物館。
藍住町歴史館・藍の館,,34.1151134,134.4825017,徳島県,E,美術館博物館,
林下寺,,34.0317138,133.9660081,徳島県,C,神社仏閣,
六社神社,,33.9651562,134.4610337,徳島県,E,神社仏閣,
劔神社,,33.8684303,134.0903278,徳島県,C,神社仏閣,
ANDO MUSEUM,,34.4594028,133.997021,香川県,E,美術館博物館,
イサム・ノグチ庭園美術館 (Isamu Noguchi Garden Museum),,34.3549874,134.1250669,香川県,C,美術館博物館,
エンジェルロード,,34.4776107,134.1886468,香川県,B,その他,エンジェルロードは、香川県小豆郡土庄町にある砂洲である。
さぬきこどもの国,,34.212009,134.016871,香川県,C,その他,さぬきこどもの国（さぬきこどものくに）は、香川県高松市にある香川県唯一の大型児童館。
さぬき空港公園,,34.216248,134.0065636,香川県,D,その他,さぬき空港公園（さぬきくうこうこうえん）は、香川県高松市と綾川町に位置する香川県営の都市公園（広域公園）である。
さぬき市野外音楽広場テアトロン,,34.3673636,134.2068717,香川県,C,その他,さぬき市野外音楽広場テアトロン（ - しやがいおんがくひろば - ）は、香川県さぬき市の大串自然公園内にある多目的野外劇場である。
しろとり動物園,,34.2493561,134.3845987,香川県,C,その他,しろとり動物園（しろとりどうぶつえん）は、香川県東かがわ市にある動物園。
とらまる公園,,34.2405894,134.3166294,香川県,D,その他,とらまる公園（とらまるこうえん）は、香川県東かがわ市にある総合運動公園。
ニューレオマワールド,,34.2097492,133.8760204,香川県,A,その他,ニューレオマワールド（NEW REOMA WORLD）は、香川県丸亀市綾歌町にあるテーマパーク。
綾川,,34.2486808,133.9176366,香川県,C,その他,綾川（あやがわ）は、香川県中部を流れる綾川水系の本流で、二級河川。
伊吹島,,34.1252074,133.534324,香川県,B,自然,伊吹島（いぶきじま）は、香川県観音寺市に属する島。
一の宮公園,,34.0858274,133.6370719,香川県,D,その他,一の宮公園（いちのみやこうえん）は、香川県観音寺市の都市公園。
一宮寺,,34.2864386,134.0268791,香川県,C,神社仏閣,一宮寺（いちのみやじ）は、香川県高松市一宮町にある真言宗御室派の寺院。
宇多津臨海公園,,34.3130183,133.8083792,香川県,D,その他,宇多津臨海公園（うたづりんかいこうえん）は、香川県の宇多津町に所在する都市公園（総合公園）である。
屋島寺,,34.3573289,134.1019348,香川県,B,神社仏閣,屋島寺（やしまじ）は、屋島の南嶺山上（香川県高松市屋島東町）にある真言宗御室派の寺院。
鎌田共済会郷土博物館,,34.3133234,133.852038,香川県,D,美術館博物館,
寒霞渓,,34.5156451,134.3003601,香川県,B,自然,寒霞渓（かんかけい）は、香川県の小豆島にある渓谷。
丸亀市猪熊弦一郎現代美術館,,34.2912754,133.7923195,香川県,B,美術館博物館,
丸亀市立資料館,,34.285742,133.7983297,香川県,D,美術館博物館,
丸亀城,,34.2860216,133.8001009,香川県,A,城,
旧金毘羅大芝居,,34.184647,133.8180408,香川県,B,その他,旧金毘羅大芝居（きゅうこんぴらおおしばい）は、香川県仲多度郡琴平町の金刀比羅宮・門前町にある、現存する中では日本最古の芝居小屋。
琴林公園,,34.2864635,134.2549194,香川県,D,その他,琴林公園（きんりんこうえん）は、香川県さぬき市津田町津田に位置する面積約9.5haの香川県営の都市公園（風致公園）。
金倉寺,,34.2495723,133.7809675,香川県,C,神社仏閣,
金刀比羅宮,ことひらぐう,34.1839885,133.8093897,香川県,A,神社仏閣,「こんぴらさん」で親しまれる古社。
栗林公園,りつりんこうえん,34.3294971,134.0439264,香川県,B,自然,特別名勝に指定された回遊式大名庭園。
五色台,,34.309665,133.911926,香川県,B,その他,五色台（ごしきだい）は、香川県の高松市と坂出市にまたがる瀬戸内海に張り出した山塊の総称で、ほぼ県の中央に位置する。
五智院,,34.2236531,133.7728228,香川県,E,神社仏閣,
甲山寺 (Kōyama-ji),,34.2330662,133.7657237,香川県,C,神社仏閣,
香川県総合運動公園,,34.3625865,133.9640927,香川県,D,その他,香川県総合運動公園（かがわけんそうごううんどうこうえん）は、香川県高松市生島町にある運動公園。
香川県立ミュージアム,,34.349722,134.05329,香川県,C,美術館博物館,
香川県立丸亀競技場,,34.2617173,133.7858565,香川県,B,その他,丸亀市総合運動公園 > 香川県立丸亀競技場 香川県立丸亀競技場（かがわけんりつまるがめきょうぎじょう、英: Kagawa Pref. Marugame Stadium）は、香川県丸亀市の丸亀市総合運動公園内にある陸上競技場兼球技場。
香川県立亀鶴公園,,34.2503302,134.1816233,香川県,D,その他,香川県立亀鶴公園（かがわけんりつきかくこうえん）は香川県さぬき市長尾名（みょう）にある香川県立の都市公園（風致公園）である。
香川県立東山魁夷せとうち美術館,,34.349462,133.824143,香川県,C,その他,
高松市美術館,,34.3441109,134.0491703,香川県,C,美術館博物館,高松市美術館（たかまつしびじゅつかん）は、香川県高松市にある市立の美術館。
高松城,,34.350028,134.050386,香川県,A,城,
国営讃岐まんのう公園,,34.1731708,133.8861756,香川県,C,その他,国営讃岐まんのう公園（こくえいさぬきまんのうこうえん）は、香川県仲多度郡まんのう町にある四国で唯一の国営公園。
国分八幡宮,,34.3078886,133.9504809,香川県,D,神社仏閣,
佐柳島,,34.3465004,133.626137,香川県,B,自然,佐柳島（さなぎしま）は香川県仲多度郡多度津町にある島で、瀬戸内海に浮かぶ塩飽諸島の一つ。
沙弥島,,34.3498494,133.8210189,香川県,C,その他,沙弥島（しゃみじま）は香川県坂出市にある町。
四国水族館,,34.3121997,133.8082784,香川県,B,美術館博物館,四国水族館（しこくすいぞくかん）は、香川県綾歌郡宇多津町にある水族館。
四国村ギャラリー,,34.3455646,134.1088369,香川県,D,美術館博物館,
紫雲出山,,34.243653,133.5957631,香川県,C,自然,紫雲出山（しうでやま）は、香川県西部の荘内半島（しょうないはんとう）に所在する、標高352.1メートルの山である。
女木島,,34.394489,134.0467121,香川県,B,自然,女木島（めぎじま）は、瀬戸内海にある島。
鞘橋,,34.1856427,133.8216501,香川県,D,その他,鞘橋（さやばし）は、香川県仲多度郡琴平町を流れる金倉川に架かる橋。
新屋島水族館,,34.3582314,134.0997016,香川県,B,美術館博物館,新屋島水族館（しんやしますいぞくかん、英称：New Yashima Aquarium）は、香川県高松市屋島東町にある水族館。
神谷神社,,34.3250375,133.9130986,香川県,C,神社仏閣,神谷神社（かんだにじんじゃ）は、香川県坂出市にある神社。
神野神社,,34.1659015,133.86574,香川県,D,神社仏閣,
瀬戸大橋,,34.4359573,133.8080155,香川県,A,その他,瀬戸大橋（せとおおはし）は、本州の岡山県倉敷市と四国の香川県坂出市を結ぶ10の橋の総称である。
瀬戸大橋記念公園,,34.3522464,133.8265273,香川県,C,その他,瀬戸大橋記念公園（せとおおはしきねんこうえん）は、香川県坂出市にある香川県営の都市公園（総合公園）である。
瀬戸内海歴史民俗資料館,,34.378347,133.931263,香川県,C,美術館博物館,
聖通寺山,,34.319773,133.8316715,香川県,D,その他,聖通寺山（しょうつうじやま）は、香川県綾歌郡宇多津町と坂出市の境界に座する標高約120mの山で、三角点は標高118.3m地点にある。
西光寺 58,,34.4830691,134.1872718,香川県,C,神社仏閣,
銭形砂絵,,34.1340035,133.6428244,香川県,B,その他,銭形砂絵（ぜにがたすなえ）は、香川県観音寺市の有明浜にある、江戸時代に造られた寛永通宝を模した巨大な砂絵である。
第71番札所 弥谷寺,,34.230281,133.7241876,香川県,C,神社仏閣,
第72番札所 曼荼羅寺,,34.2233323,133.7503177,香川県,C,神社仏閣,
第73番札所 出釈迦寺,,34.2191392,133.7502513,香川県,E,神社仏閣,
第80番札所 国分寺,,34.3030901,133.9441627,香川県,C,神社仏閣,
第81番札所 白峯寺,,34.3344627,133.9270371,香川県,B,神社仏閣,
第86番札所 志度寺,,34.3242502,134.1796409,香川県,B,神社仏閣,
第87番札所 長尾寺 (Nagao-ji),,34.2666753,134.1717088,香川県,C,神社仏閣,
第88番札所 大窪寺 (Okubo-ji),,34.1913639,134.2068728,香川県,B,神社仏閣,
滝宮天満宮,,34.2490412,133.9203341,香川県,C,その他,滝宮天満宮（たきのみやてんまんぐう）は、香川県綾歌郡綾川町にある神社（天満宮）。
男木島,,34.4163276,134.0552281,香川県,B,自然,男木島（おぎじま/おぎしま）は瀬戸内海中部の備讃瀬戸に位置する、面積1.34 km2の島である。
地中美術館,,34.4476924,133.9847568,香川県,B,美術館博物館,地中美術館（ちちゅうびじゅつかん、Chichu Art Museum）は、香川県香川郡直島町にある登録博物館である。
中津万象園,,34.2854793,133.76817,香川県,C,その他,中津万象園（なかづばんしょうえん）は、香川県丸亀市中津町に在る日本庭園。
中野天満神社,,34.3382029,134.0436558,香川県,D,神社仏閣,
朝日山森林公園,,34.180557,133.761171,香川県,D,その他,朝日山森林公園（あさひやましんりんこうえん）は、香川県三豊市高瀬町の東側の麻盆地に聳える朝日山（標高238.2メートル）の山頂一帯にある森林公園である。
直島,なおしま,34.46,133.9827778,香川県,B,美術館博物館,地中美術館やベネッセハウスが集まる「アートの島」。
直島銭湯 (Naoshima Bath),,34.4579858,133.9751323,香川県,C,その他,
土渕海峡,,34.4864104,134.1863107,香川県,B,自然,
桃陵公園,,34.266706,133.7462553,香川県,D,その他,桃陵公園（とうりょうこうえん）は、香川県仲多度郡多度津町にある県立公園。
道の駅しおのえ,,34.1701741,134.08208,香川県,D,その他,道の駅しおのえ（みちのえき しおのえ）は、香川県高松市にある国道193号の道の駅である。
道隆寺,,34.2765659,133.7630014,香川県,C,神社仏閣,道隆寺（どうりゅうじ）は、香川県多度津町にある真言宗醍醐派大本山の寺院。
萩原寺,,34.0711003,133.6884286,香川県,C,神社仏閣,
飯野山,,34.2724745,133.8465399,香川県,B,自然,飯野山（いいのやま）は、香川県の丸亀市と坂出市との境に位置する、標高422ｍの山である。
父母ヶ浜,ちちぶがはま,34.228,133.586,香川県,B,自然,干潮時に「日本のウユニ塩湖」と呼ばれる鏡面の浜。
別格18番札所 屏風ヶ浦 海岸寺,,34.2559798,133.7281057,香川県,C,神社仏閣,
別格19 寶幢山 香西寺,,34.347619,133.9939302,香川県,D,神社仏閣,
豊島横尾館,,34.4869088,134.0596607,香川県,C,美術館博物館,
満濃池,,34.1609595,133.8727992,香川県,B,その他,満濃池（まんのういけ）は、香川県仲多度郡まんのう町にある日本最大の灌漑用のため池である。
満濃池森林公園,,34.1612762,133.8642845,香川県,D,その他,満濃池森林公園（まんのういけしんりんこうえん）は、香川県仲多度郡まんのう町（旧仲南町）に所在する香川県立の森林公園である。
李禹煥美術館,,34.4491431,133.9886987,香川県,C,美術館博物館,李禹煥美術館（リ・ウーファンびじゅつかん、Lee Ufan Museum）は、香川県香川郡直島町にある美術館である。
鷲峰寺,,34.2853658,133.9447689,香川県,D,神社仏閣,
えひめこどもの城,,33.761155,132.798711,愛媛県,C,その他,えひめこどもの城（えひめこどものしろ）は、愛媛県松山市西野町乙108番地1にある愛媛県立の児童厚生施設。
おおず赤煉瓦館,,33.5078159,132.5469291,愛媛県,D,その他,
サンライズ糸山,,34.1102204,132.9773584,愛媛県,D,その他,サンライズ糸山（サンライズいとやま）は、愛媛県今治市にあるサイクリングターミナル。
しまなみ海道,しまなみかいどう,34.2586365,133.0582173,愛媛県,C,自然,瀬戸内海を横断するサイクリングロード。
テクスポート今治,,34.0612681,133.0161415,愛媛県,D,その他,テクスポート今治（テクスポートいまばり）は、愛媛県今治市東門町にあるタオル産業の支援・振興施設。
ところミュージアム大三島,,34.2151376,132.9519509,愛媛県,D,美術館博物館,ところミュージアム大三島（ところミュージアムおおみしま）は、愛媛県今治市大三島にある現代彫刻の美術館である。
ふたみシーサイド公園,,33.6856248,132.6345342,愛媛県,D,その他,ふたみシーサイド公園（ふたみシーサイドこうえん）は、愛媛県伊予市双海町にある海浜公園。
マーレ・グラッシア大三島,,34.2416453,132.9938778,愛媛県,E,その他,マーレ・グラッシア大三島（マーレ・グラッシアおおみしま）は、愛媛県今治市大三島町にある温浴施設。
マイントピア別子,,33.9008883,133.3097699,愛媛県,B,その他,マイントピア別子（マイントピアべっし）は、愛媛県新居浜市にある別子銅山の施設跡などを利用した観光施設である。
よしうみバラ公園,,34.1540698,133.0415381,愛媛県,E,その他,よしうみバラ公園（よしうみばらこうえん）は、愛媛県今治市吉海町にあるバラ公園。
愛媛県総合運動公園,,33.7679838,132.7970982,愛媛県,C,その他,愛媛県総合運動公園（えひめけん そうごううんどうこうえん）は、愛媛県松山市にある運動公園。
愛媛県総合科学博物館,,33.9102662,133.2447543,愛媛県,C,美術館博物館,愛媛県総合科学博物館（えひめけんそうごうかがくはくぶつかん）は、愛媛県新居浜市にある県立の博物館。
愛媛県美術館,,33.8405722,132.7619914,愛媛県,C,美術館博物館,愛媛県美術館（えひめけんびじゅつかん）は、愛媛県松山市堀之内にある美術館。
愛媛県立とべ動物園,,33.7617026,132.7917328,愛媛県,B,その他,愛媛県立とべ動物園（えひめけんりつとべどうぶつえん）は、愛媛県伊予郡砥部町にある愛媛県立の動物園。
愛媛県歴史文化博物館,,33.363945,132.518216,愛媛県,C,美術館博物館,
愛媛大学ミュージアム,,33.8499023,132.7714711,愛媛県,D,美術館博物館,
愛媛文華館,,34.0643507,133.0051139,愛媛県,E,美術館博物館,
伊丹十三記念館,,33.8182165,132.7780364,愛媛県,B,美術館博物館,伊丹十三記念館（いたみじゅうぞうきねんかん）は、1997年12月に亡くなった映画監督・俳優・エッセイスト等として活躍した伊丹十三のゆかりの品などを展示する愛媛県の登録博物館。
伊豫豆比古命神社,,33.8092853,132.7707522,愛媛県,B,神社仏閣,
宇和島市立伊達博物館,,33.2159805,132.562659,愛媛県,C,美術館博物館,宇和島市立伊達博物館（うわじましりつだてはくぶつかん）は、愛媛県宇和島市にある博物館である。
宇和島市立歴史資料館,,33.226452,132.554664,愛媛県,D,美術館博物館,
宇和島城,,33.2197307,132.5646624,愛媛県,B,その他,宇和島城（うわじまじょう）は、四国の伊予国宇和郡宇和島（現在の愛媛県宇和島市丸之内）にあった日本の城。
臥龍山荘,,33.5063105,132.5500875,愛媛県,C,その他,
開明学校,,33.36446,132.513825,愛媛県,C,美術館博物館,
外泊,,32.9367857,132.4769193,愛媛県,D,その他,外泊（そとどまり）は、愛媛県南宇和郡愛南町にある大字。
亀老山,,34.1197787,133.0336201,愛媛県,C,自然,亀老山（きろうさん、きろうざん）は、瀬戸内海のほぼ中部にある大島 (愛媛県今治市)南部に位置する山である。
久万美術館,,33.662004,132.906867,愛媛県,E,美術館博物館,
休暇村瀬戸内東予,,33.9822089,133.0616226,愛媛県,D,その他,休暇村瀬戸内東予（きゅうかむらせとうちとうよ）は、愛媛県西条市河原津にある休暇村である。
興居島,,33.9211106,132.6922883,愛媛県,B,自然,興居島（ごごしま）は、瀬戸内海西部にある忽那諸島で二番目に大きい島。
具定展望台,,33.957968,133.5252482,愛媛県,D,その他,具定展望台（ぐじょうてんぼうだい）は、愛媛県四国中央市寒川町にある展望台。
犬尾城跡,,33.2743167,132.5383192,愛媛県,E,その他,
五十崎凧博物館,,33.539742,132.656661,愛媛県,E,美術館博物館,
五色浜公園,,33.7558751,132.6959688,愛媛県,C,その他,五色浜公園（ごしきはまこうえん）は、愛媛県伊予市にある都市公園（地区公園）である。
御三戸獄,,33.6133341,132.9771391,愛媛県,D,その他,
今治市河野美術館,,34.062772,132.998931,愛媛県,D,美術館博物館,
今治市玉川近代美術館（徳生記念館）,,34.0220106,132.9445575,愛媛県,D,美術館博物館,
今治城,,34.0633765,133.0068513,愛媛県,B,美術館博物館,
佐田岬,,33.342459,132.01474,愛媛県,B,自然,佐田岬（さだみさき）は、愛媛県の佐田岬半島先端にある、四国最西端の岬。
坂の上の雲ミュージアム,,33.8417307,132.7692503,愛媛県,B,その他,坂の上の雲ミュージアム（さかのうえのくもミュージアム）は、愛媛県松山市にある博物館で、同市が取り組んでいる司馬遼太郎の小説『坂の上の雲』を軸とした21世紀のまちづくりの中核施設である。
四国カルスト,,33.466859,132.956701,愛媛県,B,その他,四国カルスト（しこくかるすと）は、「四国山地」の南西部、愛媛県と高知県との県境部に位置し、標高；約1100～1400ｍの、石灰岩からなる高原状のカルスト台地である。
四国鉄道文化館,,33.9128628,133.188343,愛媛県,B,その他,四国鉄道文化館（しこくてつどうぶんかかん、英語: Shikoku Railway Cultural Center）は、愛媛県西条市に所在する鉄道保存展示施設である。
四十島,,33.8787319,132.6967775,愛媛県,C,自然,四十島（しじゅうしま）は瀬戸内海、松山市の高浜港の南約700m、黒岩と呼ばれる四国本島の岬から目と鼻の先、興居島の黒崎から四十島瀬戸と呼ばれる海峡を挟んだ位置にある、面積約0.0002km2（2006年の愛媛県の資料では1199平米）の小島。
子規堂,,33.8345685,132.7634002,愛媛県,D,その他,子規堂（しきどう）は、愛媛県松山市にある、松山出身の俳聖正岡子規にちなむ観光施設である。
紙のまち資料館,,34.008005,133.57353,愛媛県,D,美術館博物館,四国中央市紙のまち資料館（しこくちゅうおうしかみのまちしりょうかん）は、愛媛県四国中央市川之江町にある紙に関する博物館。
勝岡神社,,33.8965586,132.7242931,愛媛県,D,神社仏閣,
松山市総合コミュニティセンター,,33.8355303,132.7548129,愛媛県,C,その他,松山市総合コミュニティセンター（まつやましそうごうコミュニティセンター）は愛媛県松山市にあるコンベンションセンターである。
松山市立子規記念博物館,,33.849701,132.787045,愛媛県,C,美術館博物館,
松山城,まつやまじょう,33.845651,132.7657463,愛媛県,C,城,現存12天守の一つ。
松山総合公園,,33.845956,132.7423661,愛媛県,C,その他,松山総合公園（まつやまそうごうこうえん）は、愛媛県松山市の大峰ヶ台にある都市公園（総合公園）。
松山中央公園,,33.809022,132.748883,愛媛県,C,その他,松山中央公園（まつやまちゅうおうこうえん、英語: Matsuyama Central Park）は、愛媛県松山市にあるスポーツ施設群等を有する都市基幹公園（運動公園）。
新居浜マリーナ,,33.9911206,133.3311287,愛媛県,D,その他,新居浜マリーナ（にいはまマリーナ）は、愛媛県新居浜市の北東部にある新居浜東港に整備された海浜リゾート公園である。
翠波高原,,33.9403249,133.5375804,愛媛県,D,その他,翠波高原（すいはこうげん）は愛媛県四国中央市翠波峰の牧場跡地に開発された花の名所。
西予市立ギャラリーしろかわ,,33.379411,132.751639,愛媛県,E,美術館博物館,
石城跡,,33.2864793,132.5383561,愛媛県,D,その他,
石鎚山,,33.7677799,133.1151038,愛媛県,A,その他,"石鎚山（いしづちさん／いしづちやま）は、四国山地西部に位置する標高1,982 mの山で、愛媛県西条市と久万高原町の境界に位置し、近畿以西を「西日本」とした場合の西日本最高峰である。"
石鎚神社,,33.8894087,133.1545435,愛媛県,B,神社仏閣,
積善山,,34.2567282,133.1473393,愛媛県,D,自然,
村上三島記念館,,34.2556423,133.0535947,愛媛県,D,美術館博物館,
村上水軍博物館,,34.1688899,133.0876143,愛媛県,C,美術館博物館,
大三島,,34.2903307,132.9959645,愛媛県,B,その他,大三島（おおみしま）は、愛媛県今治市に属する芸予諸島の中の1つの有人島。
大山祇神社,,34.2481099,133.0051084,愛媛県,A,神社仏閣,大山祇神社（おおやまづみじんじゃ）は、愛媛県今治市大三島町宮浦にある神社。式内社（名神大社）、伊予国一宮。
大洲城,,33.5093246,132.5414335,愛媛県,B,その他,大洲城（おおずじょう）は、四国の伊予国喜多郡大洲（現・愛媛県大洲市大洲）にあった日本の城。
大西藤山歴史資料館,,34.059988,132.929182,愛媛県,E,美術館博物館,
大寶寺,,34.2825704,133.1830366,愛媛県,B,神社仏閣,大寶寺（だいほうじ）は、愛媛県上浮穴郡久万高原町にある真言宗豊山派の寺院。
第41番札所 龍光寺 (Ryuko-ji),,33.2952023,132.5986435,愛媛県,C,神社仏閣,
第42番札所 佛木寺 仏木寺 (Butsumoku-ji),,33.3105599,132.5814592,愛媛県,C,神社仏閣,
第43番札所 明石寺 (Meiseki-ji),,33.3692339,132.5190216,愛媛県,C,神社仏閣,
第44番札所 大宝寺 (Daihō-ji),,33.6612356,132.9115866,愛媛県,C,神社仏閣,
第45番札所 岩屋寺 (Iwaya-ji),,33.6587706,132.9808992,愛媛県,C,神社仏閣,
第46番札所 浄瑠璃寺 (Joruri-ji),,33.7536525,132.8191575,愛媛県,C,神社仏閣,
第47番札所 八坂寺 (Yasaka-ji),,33.757975,132.8128077,愛媛県,C,神社仏閣,
第48番札所 清滝山 西林寺 (Sairin-ji),,33.7935638,132.8138601,愛媛県,C,神社仏閣,
第49番札所 浄土寺,,33.8166202,132.8083106,愛媛県,C,神社仏閣,
第50番札所 繁多寺 (Hanta-ji),,33.827983,132.8042637,愛媛県,C,神社仏閣,
第52番札所 太山寺 (Taisan-ji),,33.8850044,132.715021,愛媛県,C,神社仏閣,
第53番札所 円明寺 (Enmyo-ji),,33.8916797,132.7397885,愛媛県,C,神社仏閣,
第54番札所 延命寺,,34.0668412,132.9639973,愛媛県,C,神社仏閣,
第55番札所 南光坊,,34.0682265,132.9953058,愛媛県,C,神社仏閣,
第57番札所 栄福寺 (Eifuku-ji),,34.0297812,132.9781846,愛媛県,C,神社仏閣,
第58番札所 仙遊寺 (Senyū-ji),,34.0132837,132.9773496,愛媛県,E,神社仏閣,
第59番札所 伊予国分寺 (Iyo Kokubun-ji),,34.0261394,133.0255592,愛媛県,C,神社仏閣,
第60番札所 横峰寺,,33.8376181,133.1110909,愛媛県,B,神社仏閣,
第61番札所 香園寺,,33.893603,133.1034109,愛媛県,C,神社仏閣,
第62番札所 宝寿寺,,33.8973011,133.1151159,愛媛県,C,神社仏閣,
第63番札所 吉祥寺,,33.8957732,133.1291511,愛媛県,C,神社仏閣,
第64番札所 前神寺,,33.8903607,133.1605615,愛媛県,C,神社仏閣,
第65番札所 三角寺,,33.9673725,133.5866363,愛媛県,C,神社仏閣,
滝の宮公園,,33.9436888,133.2795125,愛媛県,D,その他,滝の宮公園（たきのみやこうえん）は、愛媛県新居浜市の都市公園（風致公園）である。
池田池公園,,33.9374145,133.341074,愛媛県,D,その他,池田池公園（いけだいけこうえん）は、愛媛県の新居浜市船木の池田池周辺に作られた都市公園（風致公園）である。
中津渓谷,なかつけいこく,33.5609988,133.1297313,愛媛県,C,自然,「仁淀ブルー」と称される清流・仁淀川水系の渓谷美。
朝日八幡神社,,33.8421269,132.7431501,愛媛県,D,神社仏閣,
天赦園,,33.215516,132.5606199,愛媛県,C,その他,天赦園（てんしゃえん）は、愛媛県宇和島市にある日本庭園。
砥部焼伝統産業会館,,33.7390459,132.7919115,愛媛県,D,美術館博物館,砥部焼伝統産業会館（とべやきでんとうさんぎょうかいかん）は、愛媛県伊予郡砥部町にある博物館である。
東雲神社,,33.8449143,132.7707693,愛媛県,C,神社仏閣,
東台神社,,33.944652,133.3172581,愛媛県,D,神社仏閣,
湯築城,,33.8480881,132.7867746,愛媛県,B,城,
道の駅よしうみいきいき館,,34.12746,133.0220593,愛媛県,D,その他,道の駅よしうみいきいき館（みちのえき よしうみいきいきかん）は、愛媛県今治市吉海町名にある国道317号の道の駅である。
道の駅今治湯ノ浦温泉,,33.9928207,133.0488367,愛媛県,D,その他,道の駅今治湯ノ浦温泉（みちのえき いまばりゆのうらおんせん）は、愛媛県今治市にある国道196号の沿いにある道の駅。
道後温泉,どうごおんせん,33.852,132.7864,愛媛県,A,温泉,日本最古級の温泉。道後温泉本館は重要文化財。
内子座,,33.5514128,132.6500751,愛媛県,C,その他,内子座（うちこざ）は、愛媛県喜多郡内子町内子2102にある芝居小屋。
楢原山,,33.9402488,132.9444353,愛媛県,D,自然,楢原山（ならばらさん）は、愛媛県の中部、瀬戸内海に突き出した高縄山地（高縄半島）の東部に位置する、標高；1041ｍの山である。
南楽園,,33.1324068,132.504487,愛媛県,B,その他,南楽園（なんらくえん）は、愛媛県宇和島市にある日本庭園である。
虹の森公園四万十川学習センターおさかな館,,33.2293438,132.7104239,愛媛県,D,その他,
日招八幡大神社,,33.817371,132.7456353,愛媛県,D,神社仏閣,
日暮別邸記念館,,33.9524256,133.2659446,愛媛県,C,美術館博物館,日暮別邸記念館（ひぐらしべっていきねんかん）は、愛媛県新居浜市王子町の通称・星越山にある洋館型の記念館。
伯方ビーチ,,34.201386,133.0754004,愛媛県,E,自然,伯方ビーチ（はかたビーチ）は、愛媛県今治市伯方町（伯方島）叶浦にある海水浴場である。
媛彦温泉,,33.8271404,132.8010523,愛媛県,D,温泉,媛彦温泉（ひめひこおんせん）は、愛媛県松山市（旧国伊予国）に湧出する温泉。
瓢箪島,,34.2845467,133.0503219,愛媛県,B,自然,瓢箪島（ひょうたんじま）は瀬戸内海に浮かぶ無人島。
瓶ヶ森,,33.7946123,133.1932512,愛媛県,C,自然,"瓶ヶ森（かめがもり）は、四国山地西部の石鎚山脈に属する、標高1,897 m の山である。"
別格10 西山興隆寺 (Nishiyama Koryu-ji),,33.9056749,133.0253632,愛媛県,C,神社仏閣,
別格11 生木地蔵 (Ikiki Jizo),,33.8955962,133.0535803,愛媛県,D,神社仏閣,
別格12 延命寺 (Enmei-ji),,33.9565499,133.4203938,愛媛県,D,神社仏閣,
別格14 常福寺椿堂 (Tsubaki-do),,33.9897032,133.6351332,愛媛県,D,神社仏閣,
別格6番 臨海山龍光院,,33.2249875,132.5692336,愛媛県,E,神社仏閣,
別格7番 出石寺 (Shusseki-ji),,33.5354998,132.4657994,愛媛県,C,神社仏閣,
別格8番 永徳寺十夜ヶ橋,,33.5318441,132.5747077,愛媛県,E,神社仏閣,
別格9番 文殊院 (Monju-in),,33.764466,132.8108093,愛媛県,C,神社仏閣,
別子銅山記念館,,33.92131,133.3093248,愛媛県,E,美術館博物館,
宝厳寺,,33.8516618,132.7899764,愛媛県,C,神社仏閣,
坊っちゃん劇場,,33.7896758,132.880198,愛媛県,C,その他,坊っちゃん劇場（ぼっちゃんげきじょう）は、愛媛県東温市の複合商業施設「レスパスシティ」内に所在する劇場。
北条鹿島,,33.9755794,132.7642512,愛媛県,C,自然,北条鹿島（ほうじょうかしま）は、愛媛県松山市北条地区（旧・北条市）の沖合いにある島。
妙見山古墳,,34.0587004,132.930782,愛媛県,D,その他,
柳瀬ダム,,33.936629,133.5689226,愛媛県,C,その他,柳瀬ダム（やなせダム）は、愛媛県四国中央市金砂町小川山地先、吉野川水系銅山川に建設されたダムである。
来島,,34.125389,132.979247,愛媛県,B,自然,来島（くるしま）は、愛媛県今治市の来島海峡の西側、波止浜湾の入り口、四国から沖合い240mに位置する有人島である。
萬翠荘,,33.8424384,132.7681946,愛媛県,C,その他,萬翠荘（ばんすいそう）は、愛媛県の県庁所在地である松山市中心部に建つフランス風の館である。
Sugi no Osugi 杉の大スギ,,33.7546963,133.6623556,高知県,C,その他,
いの町紙の博物館,,33.5478243,133.4232423,高知県,D,美術館博物館,いの町紙の博物館（いのちょうかみのはくぶつかん）は、高知県吾川郡いの町にある和紙の博物館である。
ジョン万次郎資料館,,32.7814147,132.9326635,高知県,C,美術館博物館,ジョン万次郎資料館（ジョンまんじろうしりょうかん）は、高知県土佐清水市にある博物館である。
むろと廃校水族館,,33.3258165,134.1950077,高知県,C,その他,むろと廃校水族館（むろとはいこうすいぞくかん）は、高知県室戸市室戸岬町にあった旧室戸市立椎名小学校（1874年創設。
ゆとりすとパークおおとよ,,33.7491852,133.684434,高知県,D,その他,ゆとりすとパークおおとよは、高知県長岡郡大豊町にあるキャンプ場で、標高777mのところにある。
わんぱーくこうちアニマルランド,,33.5417894,133.5578628,高知県,C,その他,わんぱーくこうちアニマルランドは、高知県高知市桟橋通六丁目9番1号（旧・高知競馬場跡）のわんぱーくこうちに併設する高知市立の動物園である。
安芸駅,,33.5043488,133.9070824,高知県,B,その他,安芸駅（あきえき）は、高知県安芸市東浜にある、土佐くろしお鉄道ごめん・なはり線の駅である。
安芸市土居廓中伝統的建造物群保存地区,,33.5191544,133.9117232,高知県,D,その他,
伊尾木洞,,33.4908326,133.9331595,高知県,C,その他,
稲叢山,,33.7470185,133.3592933,高知県,D,自然,稲叢山（いなむらやま）は、四国山地の中央部にある、標高　1506ｍの山である。
海洋堂かっぱ館,,33.1625581,133.0380991,高知県,D,美術館博物館,
海洋堂ホビー館四万十,,33.1530096,133.0449105,高知県,C,美術館博物館,
久礼,,33.3301233,133.2288292,高知県,C,その他,久礼（くれ）は、高知県高岡郡中土佐町の大字。
旧都築半平邸,,33.2086704,133.1360471,高知県,E,その他,
鏡野公園,,33.6186686,133.7196897,高知県,E,その他,高知県立鏡野公園（かがみのこうえん）は、高知県香美市（合併前は香美郡土佐山田町）に位置する県立の都市公園（地区公園）である。
桑田山温泉,,33.4312495,133.2800586,高知県,D,温泉,桑田山温泉（そうだやまおんせん）は、高知県須崎市桑田山乙にある温泉。
桂浜,かつらはま,33.4971075,133.5744564,高知県,B,自然,坂本龍馬像で知られる名勝海岸。
桂浜水族館,,33.4973404,133.5737303,高知県,C,美術館博物館,桂浜水族館（かつらはますいぞくかん）は、高知県高知市にある水族館。
香美市立やなせたかし記念館・アンパンマンミュージアム,,33.64756,133.783432,高知県,B,美術館博物館,
高岡神社,,33.2210213,133.1244037,高知県,D,神社仏閣,
高知県立のいち動物公園,,33.570268,133.7067586,高知県,C,その他,高知県立のいち動物公園（こうちけんりつのいちどうぶつこうえん、英: Noichi Zoological Park of Kochi Prefecture）は、高知県香南市（旧香美郡野市町）にある動物園。
高知県立坂本龍馬記念館,,33.4963816,133.5718889,高知県,C,美術館博物館,高知県立坂本龍馬記念館（こうちけんりつさかもとりょうまきねんかん）は、高知県高知市にある博物館。
高知県立美術館,,33.5612285,133.5730722,高知県,C,美術館博物館,高知県立美術館（こうちけんりつびじゅつかん）は、高知県高知市にある美術館。
高知県立文学館,,33.561779,133.533501,高知県,D,美術館博物館,高知県立文学館（こうちけんりつぶんがくかん、Kochi Literary Museum）は高知県高知市にある文学館。
高知県立歴史民俗資料館,,33.5960448,133.6234897,高知県,D,美術館博物館,
高知市立自由民権記念館,,33.5429878,133.5502158,高知県,C,美術館博物館,高知市立自由民権記念館（こうちしりつじゆうみんけんきねんかん、Kochi Liberty and People's Museum）は、高知県高知市にある博物館。
高知市立龍馬の生まれたまち記念館,,33.556407,133.524589,高知県,D,美術館博物館,
高知城,こうちじょう,33.560691,133.5314588,高知県,A,城,現存12天守の一つ。天守と本丸御殿が共に現存。
佐川町立青山文庫,,33.4977846,133.2887416,高知県,D,美術館博物館,
四国カルスト,,33.466859,132.956701,高知県,B,その他,四国カルスト（しこくかるすと）は、「四国山地」の南西部、愛媛県と高知県との県境部に位置し、標高；約1100～1400ｍの、石灰岩からなる高原状のカルスト台地である。
四万十川,しまんとがわ,33.1930362,132.9695409,高知県,A,自然,「日本最後の清流」と呼ばれる一級河川。
室戸岬,,33.2435799,134.1768342,高知県,B,自然,ポータル 日本の地理 室戸岬（むろとざき、むろとみさき）は、高知県室戸市に属し、太平洋（フィリピン海）に突き出る室戸半島の先端の岬。
手結港可動橋,,33.5284173,133.7564201,高知県,C,その他,手結港可動橋（ていこうかどうきょう）は、高知県香南市夜須町手結の跳開式可動橋で正式には高知県手結港臨港道路可動橋。
宿毛湾,,32.8610657,132.5943779,高知県,C,その他,Clip 宿毛湾周辺 宿毛湾（すくもわん）は、高知県の西部の西側にある湾。
新宮神社,,33.5317387,133.6203944,高知県,D,神社仏閣,
神峯神社,,33.4686967,133.9752755,高知県,D,神社仏閣,
仁淀川,,33.4894783,133.4540975,高知県,B,その他,仁淀川（によどがわ）は、四国の愛媛県・高知県を流れる一級河川で、愛媛県内では面河川（おもごがわ）と呼ばれる。
足摺海底館,,32.785949,132.8601351,高知県,C,その他,
足摺岬,あしずりみさき,32.7233333,133.02,高知県,B,自然,断崖に白亜の灯台が立つ四国最南端の岬。
第24番札所 最御崎寺,,33.2490846,134.1759439,高知県,B,神社仏閣,
第25番札所 津照寺 (Shinsho-ji),,33.2882369,134.1482763,高知県,C,神社仏閣,
第26番札所 金剛頂寺 (Kongōchōji),,33.3070734,134.1228508,高知県,C,神社仏閣,
第27番札所 神峯寺 (Konomine-ji),,33.4675303,133.9749882,高知県,C,神社仏閣,
第28番札所 大日寺 (Dainichi-ji),,33.5776597,133.7051958,高知県,C,神社仏閣,
第29番札所 土佐国分寺 (Tosa Kokubun-ji),,33.5987846,133.6404629,高知県,C,神社仏閣,
第32番札所 禅師峰寺(Zenjibu-ji),,33.5267092,133.6113941,高知県,C,神社仏閣,
第33番札所 雪渓寺 (Sekkei-ji),,33.5008563,133.5431302,高知県,C,神社仏閣,
第34番札所 種間寺 (Tanema-ji),,33.4917044,133.4876666,高知県,C,神社仏閣,
第35番札所 清滝寺 (Kiyotaki-ji),,33.5124748,133.409532,高知県,C,神社仏閣,
第36番札所 青龍寺 (Seiryu-ji),,33.4260649,133.45095,高知県,C,神社仏閣,
第37番札所 岩本寺 (Iwamoto-ji),,33.2080031,133.1346448,高知県,C,神社仏閣,
第39番札所 延光寺,,32.9613141,132.7740727,高知県,E,神社仏閣,
中岡慎太郎館,,33.456357,134.057308,高知県,D,美術館博物館,
定福寺,,33.7930811,133.7692502,高知県,D,神社仏閣,
土佐神社,,33.5894581,133.5771317,高知県,B,神社仏閣,土佐神社（とさじんじゃ）は、高知県高知市一宮（いっく）しなねにある神社。
道の駅かわうその里すさき,,33.3871477,133.274456,高知県,D,その他,道の駅かわうその里すさき（みちのえき かわうそのさとすさき）は、高知県須崎市にある国道56号の道の駅である。
道の駅キラメッセ室戸,,33.3071721,134.1101094,高知県,D,その他,道の駅キラメッセ室戸（みちのえき キラメッセむろと）は、高知県室戸市吉良川町にある国道55号の道の駅である。
道の駅すくも,,32.9160618,132.7129882,高知県,D,その他,道の駅すくも（みちのえき すくも）は、高知県宿毛市にある国道321号の道の駅である。
道の駅やす,,33.5338149,133.7542668,高知県,D,その他,道の駅やす（みちのえき やす）は、高知県香南市夜須町にある国道55号の道の駅である。
道の駅ゆすはら,,33.3882422,132.9451612,高知県,D,自然,
道の駅大月,,32.8285176,132.7091885,高知県,D,その他,道の駅大月（みちのえき おおつき）は、高知県幡多郡大月町大字弘見にある国道321号の道の駅である。
道の駅大山,,33.4708248,133.9446049,高知県,E,その他,道の駅大山（みちのえき おおやま）は、高知県安芸市にある道の駅である。
道の駅田野駅屋,,33.4300252,134.0078033,高知県,D,その他,道の駅田野駅屋（みちのえき たのえきーや）は、高知県安芸郡田野町にある国道55号の道の駅である。
入野海岸,,33.029256,133.0237302,高知県,D,その他,入野海岸（いりのかいがん）は、高知県幡多郡黒潮町入野にある土佐湾に臨む海岸。
播磨屋橋,,33.5599425,133.5426477,高知県,B,その他,播磨屋橋（はりまやばし）は、高知県高知市はりまや町一丁目にある道路橋で、長さ約20mの桁橋である。
柏島,,32.7706053,132.6200607,高知県,B,自然,柏島（かしわじま）は、高知県幡多郡大月町にある島である。
白山洞門,,32.7234497,133.01386,高知県,D,自然,白山洞門（はくさんどうもん）は、高知県土佐清水市足摺岬にある海蝕洞である。
筆山公園,,33.549941,133.5358978,高知県,C,その他,日本 > 四国地方 > 高知県 > 高知市 > 筆山公園 筆山公園 高知駅 筆山公園（ひつざんこうえん）は高知県高知市にある公園。
別格05 大善寺 (Daizen-ji),,33.3881758,133.2815632,高知県,D,神社仏閣,
牧野植物園,,33.5475344,133.5800784,高知県,C,その他,高知県立牧野植物園 （こうちけんりつまきのしょくぶつえん）は、高知県高知市五台山4200番地6にある植物園。
野良時計,,33.5157497,133.9117008,高知県,C,その他,野良時計（のらどけい）は、高知県安芸市にある時計台である。
竜串,,32.7895581,132.8657205,高知県,C,その他,竜串（たつくし）は高知県西部の足摺岬近辺にある奇勝。
龍河洞,,33.603136,133.745216,高知県,E,その他,
檮原町立歴史民俗資料館,,33.391313,132.927127,高知県,E,美術館博物館,
グローバルアリーナ,,33.793595,130.6364736,福岡県,C,その他,グローバルアリーナは、福岡県宗像市吉武地区にある多目的宿泊スポーツ研修施設である。
シーサイドももち海浜公園,,33.5942419,130.3491874,福岡県,C,その他,シーサイドももち海浜公園（しーさいどももちかいひんこうえん）は、福岡県福岡市中央区地行浜二丁目及びその地先並びに福岡市早良区百道浜二丁目及び百道浜四丁目並びにその地先にある市営の海浜公園（港湾施設）である。
だざいふ遊園地,,33.5218894,130.5381693,福岡県,B,その他,だざいふ遊園地（だざいふゆうえんち）は、福岡県太宰府市宰府4丁目7番8号に位置する遊園地。
チャチャタウン小倉,,33.8829787,130.8896875,福岡県,B,その他,チャチャタウン小倉（チャチャタウンこくら、CHaCHa TOWN KOKURA）は、福岡県北九州市小倉北区砂津にある西日本鉄道経営の複合商業施設。
のこのしまアイランドパーク,,33.6329385,130.3022581,福岡県,D,自然,のこのしまアイランドパークは、福岡県福岡市西区・能古島にある公園。
マリンメッセ福岡,,33.6071452,130.4023456,福岡県,B,その他,マリンメッセ福岡（マリンメッセふくおか）は、福岡県福岡市博多区沖浜町にある福岡市立のコンサートホール・コンベンションセンター。
もち吉,,33.7393463,130.7436301,福岡県,B,その他,株式会社もち吉（もちきち）は、福岡県直方市に本社を置く、米菓の製造・販売を行っている食品会社。
芦屋海水浴場,,33.8934044,130.6531906,福岡県,D,自然,芦屋海水浴場（あしやかいすいよくじょう）は、福岡県遠賀郡芦屋町の海水浴場。
伊都国歴史博物館,,33.536327,130.251445,福岡県,C,美術館博物館,
宇美八幡宮,,33.5701677,130.5087354,福岡県,C,神社仏閣,宇美八幡宮（うみはちまんぐう）は、福岡県糟屋郡宇美町宇美二丁目1番1号にある神社。
英彦山,,33.4762531,130.9259595,福岡県,B,自然,"英彦山（ひこさん）は、福岡県田川郡添田町と大分県中津市山国町にまたがる標高1,199mの山である。"
英彦山神宮,,33.4837845,130.9103927,福岡県,B,神社仏閣,英彦山神宮（ひこさんじんぐう）は、福岡県田川郡添田町の英彦山にある神社。
遠賀川水源地ポンプ室,,33.8110743,130.7069021,福岡県,C,その他,遠賀川水源地ポンプ室（おんががわすいげんちポンプしつ）は、福岡県中間市土手ノ内1-3-1にある八幡製鐵所のポンプ室である。
王塚古墳,,33.5887102,130.6637382,福岡県,B,その他,王塚古墳（おうづかこふん、寿命王塚古墳）は、福岡県嘉穂郡桂川町寿命（じゅめい）にある古墳。
岡田宮,,33.8618389,130.7673412,福岡県,C,神社仏閣,岡田宮（おかだぐう）は、福岡県北九州市八幡西区黒崎地区にある神社で、正式には岡田神社。
可也山,,33.5722681,130.1610528,福岡県,C,自然,可也山（かやさん）とは、福岡県糸島市にある標高365.0mの山である。
嘉穂劇場,,33.6364675,130.6869717,福岡県,B,その他,嘉穂劇場（かほげきじょう）は、福岡県飯塚市飯塚にある劇場。
河内貯水池,,33.8296028,130.8022726,福岡県,C,自然,河内貯水池（かわちちょすいち）は、福岡県北九州市八幡東区の二級河川・板櫃川本流上流部に建設された、河内ダムによって形成された人造湖。
河内藤園,,33.8320588,130.7923937,福岡県,D,その他,河内藤園（かわちふじえん）は福岡県北九州市八幡東区にある私営の藤園である。
駕与丁公園,,33.6083364,130.4836882,福岡県,C,その他,駕与丁公園（かよいちょうこうえん）は、福岡県糟屋郡粕屋町にある都市公園。
戒壇院,,33.5147917,130.5208196,福岡県,C,神社仏閣,戒壇院（かいだんいん）は、福岡県太宰府市にある臨済宗の寺院。
海の中道,,33.687164,130.408158,福岡県,B,その他,海の中道（うみのなかみち）は、福岡県福岡市東区にある志賀島と九州本土とを繋ぐ陸繋砂州である。
海の中道海浜公園,,33.6712393,130.3798717,福岡県,B,その他,国営海の中道海浜公園（こくえいうみのなかみちかいひんこうえん）は福岡県福岡市東区にある公園。
芥屋の大門,,33.5964532,130.107597,福岡県,B,自然,芥屋の大門（けやのおおと）とは、福岡県糸島市志摩芥屋の海岸にある海食洞である。
芥屋海水浴場,,33.5854969,130.1079077,福岡県,D,自然,芥屋海水浴場（けやかいすいよくじょう）は、福岡県糸島市志摩芥屋の海水浴場。
垣生公園,,33.816714,130.6997993,福岡県,D,その他,垣生公園（はぶこうえん）は、福岡県中間市にある公園である。
甘木公園,,33.6522002,130.6930566,福岡県,D,その他,甘木公園（あまぎこうえん）は、福岡県朝倉市にある公園である。
甘木歴史資料館,,33.41423,130.659904,福岡県,D,美術館博物館,
関門海峡,,33.9353641,130.9302957,福岡県,A,自然,関門海峡（かんもんかいきょう）は、日本の本州（山口県下関市）と九州（福岡県北九州市）を隔てる海峡。
関門海峡ミュージアム,,33.9438147,130.9567042,福岡県,C,その他,関門海峡ミュージアム（かんもんかいきょうミュージアム）は福岡県北九州市門司区西海岸にある、福岡県と北九州市により開設された屋内型観光施設。
岩戸山古墳,,33.2303038,130.5533407,福岡県,B,その他,岩戸山古墳（いわとやまこふん）は、福岡県八女市吉田にある古墳。
祇園山古墳,,33.3032962,130.5544843,福岡県,E,その他,
久留米市鳥類センター,,33.3197532,130.5281571,福岡県,C,その他,久留米市鳥類センター（くるめしちょうるいセンター）は、福岡県久留米市東櫛原町の中央公園にある鳥類園（動物園）。
久留米城,,33.3281542,130.5078037,福岡県,B,その他,久留米城（くるめじょう）は、福岡県久留米市篠山町（筑後国御井郡）にあった日本の城 。
宮地嶽神社,,33.1706962,130.4138132,福岡県,B,神社仏閣,宮地嶽神社（みやじだけじんじゃ）は、福岡県福津市にある神社。
求菩提山,,33.5402967,131.0114543,福岡県,C,自然,求菩提山（くぼてさん）は、福岡県豊前市求菩提と築上郡築上町寒田の境界に位置する筑紫山地に属する標高782メートルの山である。
旧伊藤伝右衛門邸,,33.6619228,130.6864365,福岡県,C,その他,旧伊藤伝右衛門邸（きゅういとうでんえもんてい）は、福岡県飯塚市幸袋にある伝統的建造物。
旧戸島家住宅,,33.160671,130.3958062,福岡県,D,その他,旧戸島家住宅（きゅうとしまけじゅうたく）は福岡県柳川市にある江戸時代後期建築の侍屋敷。
響灘ビオトープ,,33.9391057,130.799023,福岡県,D,その他,響灘ビオトープ（ひびきなだビオトープ）は、福岡県北九州市にあるビオトープである。
九州国立博物館,きゅうしゅうこくりつはくぶつかん,33.5183556,130.5382972,福岡県,B,美術館博物館,「日本文化の形成をアジア史的観点から捉える」がテーマの国立博物館。
九州産業大学美術館,,33.671909,130.4433319,福岡県,E,美術館博物館,
九州鉄道記念館,,33.943333,130.9620751,福岡県,B,美術館博物館,九州鉄道記念館（きゅうしゅうてつどうきねんかん）は、福岡県北九州市門司区清滝二丁目3番29号にある鉄道に関する博物館である。
九州歴史資料館,,33.4390047,130.5579113,福岡県,C,美術館博物館,九州歴史資料館（きゅうしゅう れきし しりょうかん）は、福岡県小郡市に所在する歴史系博物館である。
櫛原天満宮,,33.3229244,130.5220903,福岡県,D,神社仏閣,
警固公園,,33.5883176,130.3990612,福岡県,B,その他,警固公園（けごこうえん）は、福岡県福岡市中央区天神2-2にある公園である。
警固神社,,33.5280762,130.3285114,福岡県,C,その他,警固神社（けごじんじゃ）は、福岡県福岡市中央区にある神社である。
穴観音 (興宗寺),,33.557391,130.4017232,福岡県,C,神社仏閣,
原鶴温泉,,33.3517315,130.7812551,福岡県,C,温泉,原鶴温泉（はらづるおんせん）は、福岡県朝倉市（旧筑前国）にある温泉。
現人神社,,33.5063633,130.424512,福岡県,E,神社仏閣,
古賀グリーンパーク,,33.7106246,130.48637,福岡県,D,その他,古賀グリーンパーク（こがグリーンパーク）は、福岡県古賀市にある公園。
古処山,,33.483751,130.725464,福岡県,C,自然,古処山（こしょさん）は、福岡県朝倉市と嘉麻市にまたがる標高859.5メートルの山。
五穀神社,,33.3160505,130.5258951,福岡県,C,神社仏閣,
御祖神社,,33.7936873,130.9571694,福岡県,C,その他,御祖神社（みおやじんじゃ）は、福岡県北九州市小倉北区にある神社で、旧社格は県社。
光雲神社,,33.597374,130.3765236,福岡県,B,神社仏閣,光雲神社（てるもじんじゃ）は、福岡県福岡市中央区西公園にある神社。
香椎宮,,33.6534954,130.4515944,福岡県,B,神社仏閣,香椎宮（かしいぐう）は、福岡県福岡市東区香椎にある神社。
高祖山,,33.5481045,130.2686054,福岡県,C,自然,高祖山（たかすやま）は、福岡県福岡市と糸島市の境に位置する標高416mの山である。
高良山,,33.2980161,130.5742746,福岡県,B,自然,高良山（こうらさん）は福岡県久留米市の山。
高良大社,,33.3020121,130.5650572,福岡県,B,神社仏閣,高良大社（こうらたいしゃ）は、福岡県久留米市の高良山にある神社。
黒木のフジ,,33.21304,130.6730799,福岡県,D,その他,黒木のフジ（くろぎのフジ）は、福岡県八女市黒木町黒木に鎮座する素盞嗚（すさのお）神社の境内に生育する、国の天然記念物に指定されたフジ（藤）の老樹である。
坂本八幡宮,,33.5167742,130.5134753,福岡県,C,神社仏閣,
皿倉山,,33.8464566,130.7964599,福岡県,B,自然,皿倉山（さらくらやま）は、福岡県北九州市八幡東区にある標高622mの山である。
三柱神社,,33.1703115,130.4151859,福岡県,C,神社仏閣,
志賀海神社,,33.6680772,130.3131562,福岡県,B,神社仏閣,志賀海神社（しかうみじんじゃ）は、福岡県福岡市東区志賀島にある神社。
志賀島,,33.6616912,130.3137582,福岡県,A,その他,志賀島（しかのしま）は、福岡県福岡市東区に所属する島（半島）である。
篠栗九大の森,,33.6333001,130.5033353,福岡県,C,その他,篠栗九大の森（ささぐりきゅうだいのもり）は、日本の北部九州地方、福岡県糟屋郡篠栗町和田に所在する森。
篠崎八幡神社,,33.8649256,130.8697112,福岡県,D,神社仏閣,篠崎八幡神社（しのざきはちまんじんじゃ）は、福岡県北九州市小倉北区にある神社。
若戸大橋,,33.9030214,130.8160909,福岡県,B,その他,若戸大橋（わかとおおはし）は、福岡県北九州市洞海湾にかかる戸畑区と若松区を結ぶ橋。
出光美術館,,33.94891,130.965276,福岡県,B,美術館博物館,出光美術館（いでみつびじゅつかん）は、東京都千代田区丸の内及び福岡県北九州市門司区の門司港レトロ地区にある、東洋古美術を中心とした美術館である。
勝盛公園,,33.6434386,130.6798807,福岡県,D,その他,勝盛公園（かつもりこうえん）は、福岡県飯塚市にある公園。
勝立寺,,33.593461,130.4008729,福岡県,D,神社仏閣,
小倉城,,33.8845133,130.8741734,福岡県,A,城,小倉城（こくらじょう）は、福岡県北九州市小倉北区にある日本の城。
深江海水浴場,,33.5160074,130.1315074,福岡県,E,自然,深江海水浴場（ふかえかいすいよくじょう）は、福岡県糸島市二丈深江の海水浴場。
人丸神社,,33.7047091,130.4367119,福岡県,D,神社仏閣,
水天宮,,33.1587698,130.3950806,福岡県,D,神社仏閣,
水田天満宮,,33.1986101,130.4856992,福岡県,C,その他,水田天満宮（みずたてんまんぐう）は、福岡県筑後市にある菅原道真を祭神とする神社（天満宮）。
崇久寺,,33.1852773,130.4053194,福岡県,E,神社仏閣,
崇福寺,,33.6055059,130.4139533,福岡県,B,神社仏閣,崇福寺（そうふくじ）は、福岡県福岡市博多区にある臨済宗大徳寺派の寺院。同派三道場の一つ。
石橋文化センター,,33.313271,130.53023,福岡県,C,その他,石橋文化センター（いしばしぶんかセンター）は、福岡県久留米市野中町にある総合文化施設。
石人山古墳,,33.2373345,130.5177076,福岡県,C,その他,
石炭記念公園,,33.640927,130.8153714,福岡県,D,その他,石炭記念公園（せきたんきねんこうえん）は、福岡県田川市にある公園。
脊振山,,33.4363722,130.3686585,福岡県,B,自然,"脊振山（せふりさん）は、佐賀県神埼市と福岡県福岡市早良区との境に位置する標高1,054.6m、筑紫山地に含まれ脊振山系最高峰の山である。"
千仏鍾乳洞,,33.7544511,130.9045249,福岡県,C,自然,千仏鍾乳洞（せんぶつしょうにゅうどう）は福岡県北九州市小倉南区平尾台にある鍾乳洞。
太宰府天満宮,だざいふてんまんぐう,33.5211,130.535,福岡県,A,神社仏閣,学問の神様・菅原道真公を祀る総本宮。
大濠公園,,33.5861263,130.3763271,福岡県,B,その他,大濠公園（おおほりこうえん、（ローマ字表記: Ōhori Kōen）は、福岡市中央区にある福岡県営の都市公園（総合公園）である。
大宰府政庁跡,,33.5148984,130.5152734,福岡県,A,その他,大宰府（だざいふ）は、7世紀後半に、九州の筑前国に設置された地方行政機関。
大将陣公園,,33.6028741,130.6805022,福岡県,C,その他,大将陣公園（たいしょうじんこうえん）は、福岡県飯塚市にある公園である。
大牟田市石炭産業科学館,,33.031073,130.424355,福岡県,C,美術館博物館,
大牟田市動物園,,33.020306,130.444022,福岡県,C,その他,大牟田市動物園（おおむたしどうぶつえん）は、福岡県大牟田市にある動物園である。
大牟田市立三池カルタ記念館;大牟田市立図書館,,33.023391,130.443671,福岡県,E,美術館博物館,
旦過市場,,33.8814465,130.8796546,福岡県,B,その他,旦過市場（たんがいちば）は、福岡県北九州市小倉北区魚町にある市場、商店街。
筑後広域公園,,33.1761943,130.4915872,福岡県,C,その他,筑後広域公園（ちくごこういきこうえん）は、福岡県営の都市公園（広域公園）である。
筑紫野市総合公園,,33.4729781,130.5028017,福岡県,D,その他,筑紫野市総合公園（ちくしのしそうごうこうえん）は、福岡県筑紫野市にある公園で、分類は総合公園。
筑前町立大刀洗平和記念館,,33.4124909,130.6194625,福岡県,B,美術館博物館,筑前町立大刀洗平和記念館（ちくぜんちょうりつたちあらいへいわきねんかん）は、福岡県朝倉郡筑前町にある歴史資料館である。
筑豊緑地,,33.6542133,130.743441,福岡県,D,その他,筑豊緑地（ちくほうりょくち）は、福岡県飯塚市にある公園。
中洲,,33.5934757,130.4056216,福岡県,B,その他,中洲（なかす、（ローマ字表記: Nakasu）は、福岡県福岡市博多区の町名で、那珂川と博多川に挟まれた中州に位置する歓楽街。
天神中央公園,,33.59094,130.4025637,福岡県,D,その他,天神中央公園（てんじんちゅうおうこうえん）は、福岡県福岡市中央区天神一丁目及び西中洲にある福岡県営の公園である。
天拝山,,33.4817814,130.5062051,福岡県,C,自然,天拝山（てんぱいざん）は、福岡県筑紫野市にある標高257.4mの山。
田川市美術館,,33.6439554,130.806318,福岡県,D,美術館博物館,
東長寺,,33.5951327,130.4140973,福岡県,B,神社仏閣,東長寺（とうちょうじ）は、福岡県福岡市博多区にある真言宗の寺院。
東田第一高炉史跡広場,,33.8698123,130.8056772,福岡県,C,その他,東田第一高炉史跡広場（ひがしだだいいちこうろしせきひろば）は、福岡県北九州市八幡東区にある公園。
東平尾公園,,33.5828818,130.461636,福岡県,C,その他,東平尾公園（ひがしひらおこうえん）は、福岡県福岡市博多区にある総合運動公園および地名。
到津の森公園,,33.874253,130.846413,福岡県,B,その他,
道の駅いとだ,,33.6420785,130.7651726,福岡県,D,その他,道の駅いとだ（みちのえき いとだ）は、福岡県田川郡糸田町にある国道201号の道の駅である。
道の駅むなかた,,33.8481608,130.5032636,福岡県,D,その他,道の駅むなかた（みちのえき むなかた）は、福岡県宗像市にある国道495号の道の駅である。
道の駅香春,,33.6768967,130.8603497,福岡県,D,その他,道の駅香春（みちのえき かわら）は、福岡県田川郡香春町にある国道201号の道の駅である。
道の駅小石原,,33.4652403,130.8260777,福岡県,D,その他,道の駅小石原（みちのえき こいしわら）は、福岡県朝倉郡東峰村にある国道211号の道の駅である。
内田三連橋梁,,33.628645,130.8669756,福岡県,C,その他,内田三連橋梁（うちださんれんきょうりょう）は、福岡県田川郡赤村大字内田にある平成筑豊鉄道田川線の鉄道橋である。
能古島,,33.6119852,130.3106972,福岡県,B,自然,能古島（のこのしま）は、福岡県福岡市西区に属する、博多湾の島である。
博多祇園山笠(櫛田神社),くしだじんじゃ,33.59307,130.4106837,福岡県,C,神社仏閣,博多の総鎮守。博多祇園山笠発祥の社。
博多千年門,,33.5944136,130.4171117,福岡県,D,その他,博多千年門（はかたせんねんのもん）は、福岡県福岡市博多区博多駅前の承天寺通りにある門。
博多町家鄉土館,,33.5936544,130.4115066,福岡県,D,美術館博物館,
白野江植物公園,,33.9366857,131.001506,福岡県,D,その他,白野江植物公園（しらのえしょくぶつこうえん）は、福岡県北九州市門司区白野江にある北九州市立の公園である。
八剣神社,,33.1226663,130.4391889,福岡県,E,神社仏閣,
板付遺跡,,33.5654822,130.4528401,福岡県,B,その他,
飛梅,,33.5213562,130.534896,福岡県,B,その他,
武蔵寺,,33.4894069,130.5077494,福岡県,C,神社仏閣,武蔵寺（ぶぞうじ）は、福岡県筑紫野市武蔵、菅原道真公ゆかりの天拝山の登山口にある、天台宗の寺院。
福岡アジア美術館,,33.594969,130.405817,福岡県,C,美術館博物館,
福岡タワー,,33.5933319,130.3515118,福岡県,B,その他,福岡タワー（ふくおかタワー）は、福岡県福岡市早良区のシーサイドももち地区にあるランドマークタワー（電波塔）。
福岡県青少年科学館,,33.3181172,130.5287093,福岡県,D,その他,福岡県青少年科学館（ふくおかけん・せいしょうねん・かがくかん、英語表記：FUKUOKA SCIENCE MUSEUM）は、福岡県久留米市東櫛原町の中央公園にある県立の科学館。
福岡県立美術館,,33.597265,130.398732,福岡県,C,美術館博物館,
福岡国際会議場,,33.6044951,130.4035726,福岡県,C,その他,福岡国際会議場（ふくおかこくさいかいぎじょう）は、福岡県福岡市博多区石城町2番1号に所在する福岡市立の国際会議場。
福岡市赤煉瓦文化館,,33.5931823,130.4018385,福岡県,C,その他,福岡市赤煉瓦文化館（ふくおかしあかれんがぶんかかん）は福岡県福岡市中央区にある建築物。
福岡市動植物園,,33.5721734,130.3883783,福岡県,B,その他,福岡市動植物園（ふくおかしどうしょくぶつえん）は、福岡県福岡市中央区南公園にある、福岡市営の動物園・植物園。
福岡市博物館,,33.5898247,130.3530975,福岡県,B,美術館博物館,福岡市博物館（ふくおかしはくぶつかん）は、福岡県福岡市早良区に位置する市立博物館。
福岡市美術館,,33.584389,130.3792861,福岡県,A,美術館博物館,福岡市美術館（ふくおかしびじゅつかん）は、福岡県福岡市中央区にある市立の美術館。
福岡市埋蔵文化財センター,,33.555478,130.462501,福岡県,D,美術館博物館,
福岡東洋陶磁美術館,,33.552331,130.3632734,福岡県,D,美術館博物館,福岡東洋陶磁美術館（ふくおかとうようとうじびじゅつかん、英語名称：FUKUOKA ORIENTAL CERAMICS MUSEUM）は、福岡県福岡市城南区七隈8丁目7番42号にある美術館。
福厳寺,,33.1586924,130.4054639,福岡県,E,神社仏閣,
福智山,,33.7423131,130.8038447,福岡県,B,自然,福智山（ふくちやま、ふくちさん）は福岡県北九州市小倉南区、直方市、田川郡福智町に跨る標高900.6mの山である。
宝満山,,33.5398087,130.5691988,福岡県,B,その他,宝満山（ほうまんざん）（標高829.6m）は福岡県筑紫野市と太宰府市にまたがる山であり、別名を御笠山（みかさやま）、竈門山（かまどやま）とも言う。
豊前国分寺跡,,33.6789629,130.9806291,福岡県,D,その他,豊前国分寺跡（ぶぜんこくぶんじあと）は、福岡県京都郡みやこ町にある寺院跡。
北九州メディアドーム,,33.8722272,130.8875857,福岡県,B,その他,北九州メディアドーム（きたきゅうしゅうメディアドーム）は、福岡県北九州市小倉北区三萩野にある多目的ドームである。
北九州市漫画ミュージアム,,33.8875431,130.884731,福岡県,C,美術館博物館,北九州市漫画ミュージアム（きたきゅうしゅうしマンガミュージアム、英: Kitakyushu City Manga Museum ）は、福岡県北九州市小倉北区浅野二丁目にある、あるあるCityという商業施設の5階・6階にある漫画博物館。
北九州市立自然史・歴史博物館（いのちのたび博物館）,,33.8692056,130.8085052,福岡県,B,美術館博物館,
北原白秋記念館,,33.1587652,130.3941341,福岡県,C,美術館博物館,北原白秋記念館（きたはらはくしゅうきねんかん）は福岡県柳川市にある博物館・文学館。
名島運動公園,,33.6444012,130.4257855,福岡県,D,その他,名島運動公園（なじまうんどうこうえん）は福岡県福岡市東区にある運動公園。
名島水上飛行場跡,,33.6480032,130.4245895,福岡県,C,その他,
門司港レトロ,もじこうれとろ,33.9437404,130.9635074,福岡県,B,街並み,明治大正期の洋館が残るレトロな港町。
門司港駅,,33.945132,130.961474,福岡県,A,その他,門司港駅（もじこうえき）は、福岡県北九州市門司区西海岸一丁目にある、九州旅客鉄道（JR九州）鹿児島本線の駅。
門司電気通信レトロ館,,33.9497531,130.9668644,福岡県,C,美術館博物館,
夜宮公園,,33.8874187,130.8351805,福岡県,C,その他,夜宮公園（よみやこうえん）は、福岡県北九州市戸畑区にある公園である。
矢留大神宮,,33.1576221,130.3945553,福岡県,D,神社仏閣,
柳橋連合市場,,33.5827522,130.4080371,福岡県,C,その他,柳橋連合市場（やなぎばしれんごういちば）は、福岡県福岡市中央区春吉にある市場。
柳川城天守台阯,,33.1609793,130.4011825,福岡県,B,城,
雷山,,33.478717,130.2234767,福岡県,C,自然,雷山（らいざん）は、福岡県糸島市と佐賀県佐賀市との境にある山。
立花氏庭園,,33.1582742,130.3981683,福岡県,B,その他,立花氏庭園（たちばなしていえん）は福岡県柳川市にある旧柳川藩主立花家の御屋敷と庭園。
龍宮寺,,33.5945042,130.4134048,福岡県,D,神社仏閣,
良清寺,,33.1677472,130.4050969,福岡県,C,神社仏閣,
和布刈公園,,33.9573027,130.9618891,福岡県,C,その他,和布刈公園（めかり こうえん）は、福岡県北九州市門司区和布刈地区（大字門司、および、旧門司二丁目 ）にある都市公園 。
和布刈神社,,33.960207,130.9623018,福岡県,B,神社仏閣,和布刈神社（めかりじんじゃ）は、福岡県北九州市門司区門司3492（和布刈地区）に所在する神社。
樂水園,,33.5865548,130.4132676,福岡県,D,その他,
竈門神社,,33.5288481,130.5524449,福岡県,B,神社仏閣,竈門神社（かまどじんじゃ）は、福岡県太宰府市にある神社。
筥崎宮,,33.6148591,130.4224915,福岡県,A,神社仏閣,筥崎宮（はこざきぐう）は福岡県福岡市東区箱崎に在る神社。
萬行寺,,33.5925365,130.4117886,福岡県,C,神社仏閣,
おつぼ山神籠石,,33.1781208,130.0564633,佐賀県,E,その他,
宇木汲田遺跡,,33.4068196,130.0113434,佐賀県,D,その他,
鵜殿石仏群,,33.3482193,130.0023526,佐賀県,D,その他,鵜殿石仏群（うどのせきぶつぐん）は、佐賀県唐津市相知町天徳に存在する、県指定史跡である。
加部島,,33.5548515,129.8799032,佐賀県,C,自然,加部島（かべしま）は、東松浦半島北部、唐津市呼子町の呼子港の沖約500mの玄界灘に位置する島。
梶峰城跡,,33.2532638,130.0931454,佐賀県,D,城,
干潟よか公園,,33.1742967,130.2712002,佐賀県,D,その他,干潟よか公園（ひがたよかこうえん）とは、佐賀県佐賀市東与賀町に所在する公園である。
岸岳城跡,,33.3567376,129.9785748,佐賀県,B,城,
基肄城跡,,33.4449826,130.5136221,佐賀県,B,城,
嬉野の大チャノキ,,33.0985563,129.9337357,佐賀県,D,その他,
吉野ヶ里遺跡,,33.3254209,130.3843811,佐賀県,A,その他,
吉野ヶ里歴史公園,よしのがりれきしこうえん,33.3270916,130.3842637,佐賀県,A,その他,弥生時代最大級の環濠集落を復元した史跡公園。
旧高取家住宅,,33.4542584,129.9720467,佐賀県,D,その他,旧高取家住宅（きゅうたかとりけじゅうたく）は、佐賀県唐津市にある伝統的建築物。
旧唐津銀行本店,,33.4487415,129.9710898,佐賀県,C,その他,旧唐津銀行本店（きゅうからつぎんこうほんてん）は、佐賀県唐津市にある伝統的建築物。
牛嶋天満宮,,33.2566074,130.3108642,佐賀県,D,神社仏閣,
見帰りの滝,,33.367664,130.0395305,佐賀県,C,自然,見帰りの滝（みかえりのたき）は、佐賀県唐津市相知町の天山県立自然公園内にある滝。
御船山楽園,,33.1820839,130.0178335,佐賀県,C,その他,御船山楽園（みふねやまらくえん）は、佐賀県武雄市にある池泉回遊式庭園であり、ツツジと紅葉の名所である。
佐嘉神社 拝殿,,33.2518209,130.3025552,佐賀県,C,神社仏閣,
佐賀バルーンミュージアム,,33.2524694,130.3003905,佐賀県,D,美術館博物館,
佐賀県立宇宙科学館,,33.1790718,130.0354184,佐賀県,C,その他,佐賀県立宇宙科学館（さがけんりつうちゅうかがくかん）は、佐賀県武雄市にある宇宙に関する展示を主とした科学館。
佐賀県立九州陶磁文化館,,33.179011,129.880574,佐賀県,C,美術館博物館,
佐賀県立森林公園,,33.240413,130.2511817,佐賀県,D,その他,佐賀県立森林公園（さがけんりつしんりんこうえん）は、佐賀県佐賀市久保田町にある佐賀県立の都市公園（広域公園）である。
佐賀県立博物館,,33.2449759,130.3005535,佐賀県,C,美術館博物館,佐賀県立博物館（さがけんりつはくぶつかん）は、佐賀県佐賀市城内にある県立の総合博物館である。
佐賀県立美術館,,33.2446722,130.3000277,佐賀県,D,美術館博物館,佐賀県立美術館（さがけんりつびじゅつかん）は、佐賀県佐賀市城内にある県立美術館である。
佐賀県立名護屋城博物館,,33.5276739,129.8702292,佐賀県,C,美術館博物館,
佐賀市歴史民俗館,,33.2540698,130.3066197,佐賀県,D,その他,佐賀市歴史民俗館（さがしれきしみんぞくかん）は佐賀県佐賀市柳町にある、歴史的建物群の総称。
佐賀城,,33.2453451,130.3028388,佐賀県,B,城,
佐賀城公園,,33.2452032,130.2967693,佐賀県,D,その他,佐賀城公園（さがじょうこうえん）は、佐賀県佐賀市城内にある佐賀城跡を中心とした県立の都市公園（総合公園）である。
佐賀城本丸歴史館,,33.2456467,130.3021684,佐賀県,B,城,佐賀城（さがじょう）は、佐賀県佐賀市城内（肥前国佐賀郡）にあった日本の城。
三重津海軍所跡,,33.2077325,130.3401156,佐賀県,B,その他,
山ン寺遺跡,,33.2967451,129.78014,佐賀県,D,その他,
獅子ケ城跡,,33.3116819,130.0416293,佐賀県,D,城,
七ツ釜,,33.5489629,129.9319578,佐賀県,C,その他,
勝尾城跡,,33.4015487,130.4654494,佐賀県,C,城,
小城公園,,33.2894141,130.1963909,佐賀県,D,その他,小城公園（おぎこうえん）は、佐賀県小城市小城町に所在する都市公園（総合公園）である。
松浦河畔公園,,33.4192023,129.9904018,佐賀県,E,その他,松浦河畔公園（まつうらかはんこうえん）は、佐賀県唐津市原1774番地1にある公園である。
西渓公園,,33.2573745,130.089081,佐賀県,E,その他,西渓公園（せいけいこうえん）は、佐賀県多久市多久町に所在する都市公園（近隣公園）である。
千栗八幡宮,,33.3314201,130.4786568,佐賀県,B,神社仏閣,
川上峡,,33.33055,130.2672704,佐賀県,C,自然,川上峡（かわかみきょう）は佐賀県佐賀市大和町（旧佐賀郡大和町）にある渓谷。
多久聖廟,,33.2600031,130.0977892,佐賀県,C,その他,多久聖廟（たくせいびょう）は、佐賀県多久市に設けられた孔子廟。
多良岳,,32.9756133,130.0927689,佐賀県,B,自然,多良岳（たらだけ）は、九州の山。
帯隈山神籠石,,33.3316437,130.3350735,佐賀県,E,その他,
大魚神社,,33.0301676,130.1757727,佐賀県,C,神社仏閣,大魚神社（おおうおじんじゃ）は、佐賀県藤津郡太良町多良にある神社。
中冨記念くすり博物館,,33.397805,130.510751,佐賀県,C,美術館博物館,
直鳥城跡,,33.2727265,130.3699869,佐賀県,D,城,
田代太田古墳,,33.3949067,130.5153941,佐賀県,D,その他,
田島神社,,33.5961442,129.8986917,佐賀県,B,神社仏閣,田島神社（たしまじんじゃ）は、佐賀県唐津市呼子町（旧肥前国松浦郡呼子）の加部島にある神社。
土生遺跡,,33.2760868,130.2004109,佐賀県,D,その他,
唐津城,からつじょう,33.4535132,129.9781934,佐賀県,B,城,虹の松原を望む舞鶴城の異名を持つ城。
唐津神社,,33.4519512,129.9694836,佐賀県,C,神社仏閣,唐津神社（からつじんじゃ）は、佐賀県唐津市南城内にある神社である。
唐津湾,,33.5299466,130.0567782,佐賀県,C,その他,唐津湾（からつわん）は、玄界灘の南、佐賀県唐津市と福岡県糸島市に囲まれた湾である。
陶山神社,,33.1889412,129.8992894,佐賀県,C,神社仏閣,
道の駅伊万里,,33.3131396,129.9288665,佐賀県,D,その他,道の駅伊万里（みちのえき いまり）は、佐賀県伊万里市にある国道202号の道の駅である。
道の駅太良,,33.0469764,130.168946,佐賀県,D,その他,道の駅太良（みちのえき たら）は、佐賀県藤津郡太良町にある国道207号の道の駅である。
鍋島焼,,33.2344345,129.893603,佐賀県,B,その他,鍋島焼（なべしまやき）は、17世紀から19世紀にかけて、佐賀藩（鍋島藩）において藩直営の窯で製造された高級磁器である。
波戸岬,,33.5552756,129.8465907,佐賀県,C,その他,
武雄市図書館・歴史資料館,,33.1891919,130.0237021,佐賀県,B,その他,武雄市図書館・歴史資料館（たけおしとしょかん・れきししりょうかん）は、佐賀県武雄市が条例で設置を定めた、図書館と歴史資料館などで構成される市立の複合施設である。
武雄神社,,33.1883645,130.0210652,佐賀県,B,神社仏閣,武雄神社（たけおじんじゃ）は、佐賀県武雄市武雄町の御船山の山麓にある神社。
名護屋城跡,,33.5270662,129.8759583,佐賀県,A,城,
有田(陶磁器の町並み),ありた,33.192301,129.8669613,佐賀県,B,街並み,日本磁器発祥の地として知られる焼き物の町。
有田ポーセリンパーク,,33.164637,129.908242,佐賀県,E,美術館博物館,
有田町,ありたちょう,33.21064,129.84903,佐賀県,C,街並み,400年の歴史を持つ有田焼の窯元が集まる焼き物の町。
有田陶磁美術館,,33.1904701,129.8987623,佐賀県,D,美術館博物館,
祐徳稲荷神社,ゆうとくいなりじんじゃ,33.0736111,130.1083333,佐賀県,C,神社仏閣,「鎮西日光」と称される極彩色の社殿を持つ稲荷神社。
与賀神社,,33.2488679,130.2948509,佐賀県,C,神社仏閣,
葉山尻支石墓群,,33.4102312,130.0214959,佐賀県,E,その他,
立神岩,,33.5303524,129.9516025,佐賀県,D,その他,
與止日女神社,,33.326159,130.2681676,佐賀県,B,神社仏閣,與止日女神社（よどひめじんじゃ、与止日女神社）は、佐賀県佐賀市にある神社。
Sanno Shrine,,32.7674001,129.8685425,長崎県,B,神社仏閣,
Twenty-Six Martyrs Museum,,32.75451,129.8716288,長崎県,B,美術館博物館,
オランダ坂,,32.7382438,129.8731006,長崎県,B,その他,オランダ坂（オランダざか）は、長崎県長崎市東山手の旧居留地時代につくられた石畳の坂道・石段。
カトリック浦上教会,,32.7761692,129.8684451,長崎県,B,その他,カトリック浦上教会（カトリックうらかみきょうかい）は、長崎県長崎市にあるキリスト教（カトリック）の教会およびその聖堂である。
グラバー園,ぐらばーえん,32.7339,129.8687,長崎県,A,街並み,長崎港を見下ろす洋館群。
シーボルト記念館,,32.755863,129.892228,長崎県,E,美術館博物館,
ちゃんぽんミュージアム,,32.7363721,129.8697138,長崎県,B,美術館博物館,
ハウステンボス,はうすてんぼす,33.0862043,129.7883148,長崎県,A,その他,オランダの街並みを再現したテーマパーク。
ハウステンボス美術館・博物館,,33.0795856,129.7835755,長崎県,A,美術館博物館,
ポートホールン長崎,,32.9944997,129.7583145,長崎県,A,その他,
伊王島,,32.7032828,129.7800588,長崎県,B,自然,伊王島（いおうじま）は長崎県長崎市にある島。
壱岐神社,,33.8110902,129.7626475,長崎県,D,神社仏閣,
稲佐山,,32.753426,129.8493382,長崎県,B,自然,稲佐山（いなさやま）は、長崎県長崎市にある標高333メートルの山。
雲仙岳,うんぜんだけ,32.7613889,130.2988889,長崎県,B,自然,平成噴火で知られる活火山、雲仙天草国立公園の中心。
遠藤周作文学館,,32.8359493,129.7026618,長崎県,C,美術館博物館,遠藤周作文学館（えんどうしゅうさくぶんがくかん）は、長崎県長崎市東出津町にある長崎市立の文学館である。
海上自衛隊佐世保史料館,,33.1738249,129.7135187,長崎県,C,美術館博物館,
海童神社,,32.9868339,129.1142557,長崎県,D,神社仏閣,
眼鏡橋,,32.7472925,129.8799892,長崎県,B,その他,
祈りの丘絵本美術館,,32.73522,129.869742,長崎県,D,美術館博物館,
鬼岳,,32.6568613,128.8456991,長崎県,C,自然,鬼岳（おんだけ）は、長崎県五島市上大津町にある標高315メートルの火山である。
亀山社中資料館,,32.7490842,129.8876599,長崎県,B,美術館博物館,
久賀島,,32.7993533,128.8676765,長崎県,B,自然,久賀島（ひさかじま）は、長崎県の西に浮かぶ五島列島の一つの島である。
弓張岳,,33.1807262,129.7016394,長崎県,C,自然,弓張岳（ゆみはりだけ）は、長崎県佐世保市にある山。
旧野首教会,,33.1872528,129.1295253,長崎県,C,その他,旧野首教会（きゅうのくびきょうかい）は、長崎県の五島列島の野崎島（北松浦郡小値賀町）にあるキリスト教（カトリック）の聖堂である。
興神社,,33.7696826,129.7318176,長崎県,C,神社仏閣,
金田城,,34.3001562,129.2753866,長崎県,B,城,
九十九島,くじゅうくしま,33.1414245,129.5334635,長崎県,B,自然,大小208の島々が連なるリアス海岸の景勝地。
九十九島パールシーリゾート,,33.1624548,129.6789408,長崎県,C,その他,九十九島パールシーリゾート（くじゅうくしま Pearl sea resort）は、長崎県佐世保市にある、佐世保市立の水族館・遊覧船・飲食店・土産物店などの複合施設である。
軍艦島(端島),ぐんかんじま,32.6275001,129.7381393,長崎県,A,その他,かつての海底炭鉱跡。世界遺産の構成資産。
軍艦島デジタルミュージアム,,32.7360195,129.8691132,長崎県,D,美術館博物館,軍艦島デジタルミュージアム（ぐんかんじまデジタルミュージアム）とは長崎県長崎市松が枝町5-6に存在する博物館。
県立長崎式見高等学校,,32.792996,129.787686,長崎県,D,その他,
五島観光歴史資料館,,32.693938,128.846937,長崎県,D,美術館博物館,
悟真寺,,32.7521806,129.8619965,長崎県,D,神社仏閣,
黒島天主堂,,33.1391524,129.5370256,長崎県,C,自然,黒島天主堂（くろしまてんしゅどう）は、長崎県佐世保市の黒島にあるキリスト教 カトリック長崎教区の教会およびその聖堂である。
佐世保市博物館島瀬美術センター,,33.172722,129.720668,長崎県,D,美術館博物館,
志自岐羽黒神社,,32.884135,129.0862522,長崎県,E,神社仏閣,
小串神社,,33.0490467,129.1016129,長崎県,E,神社仏閣,
小値賀島,,33.2026837,129.0654879,長崎県,B,その他,小値賀島（おぢかじま）は、九州本土から西へ約50キロメートル離れた五島列島の北部にある島（有人島）である。
小田平集落,,32.843732,129.7000472,長崎県,C,その他,
松浦史料博物館,,33.3729597,129.5522704,長崎県,C,美術館博物館,
松浦市立鷹島歴史民俗資料館,,33.436424,129.762361,長崎県,D,美術館博物館,
新城神社,,33.8332351,129.7180789,長崎県,D,神社仏閣,
崇福寺,,32.7424935,129.8833921,長崎県,B,神社仏閣,
西海橋公園,,33.0491277,129.7595213,長崎県,D,その他,西海橋公園（さいかいばしこうえん）は、日本の長崎県佐世保市と西海市に跨がる長崎県が設置する県立の公園である。
浅茅湾,あそうわん,34.332787,129.2506934,長崎県,D,自然,対馬中央部に深く入り組んだ多島美のリアス海岸。
対馬野生生物保護センター,,34.6437919,129.3230579,長崎県,D,その他,対馬野生生物保護センター（つしまやせいせいぶつほごセンター、Tsushima Wildlife Conservation Center）は、日本の環境省により長崎県対馬市上県町佐護西里に設置されている機関。
大浦天主堂,おおうらてんしゅどう,32.7341667,129.8701389,長崎県,A,神社仏閣,現存する日本最古の教会建築、世界遺産の構成資産。
大音寺,,32.7443005,129.8823847,長崎県,E,神社仏閣,
大光寺,,32.7434255,129.8827806,長崎県,D,神社仏閣,
大乗院 満明寺,,32.7410777,130.2606189,長崎県,E,神社仏閣,
大瀬崎灯台,,32.6127291,128.5999791,長崎県,C,自然,
大村公園,,32.8982583,129.95886,長崎県,D,自然,大村公園（おおむらこうえん）は、日本の長崎県大村市玖島にある大村市立の都市公園（総合公園）である。
大島村神浦,,33.477983,129.557285,長崎県,D,その他,大島村神浦（おおしまむらこうのうら）は、長崎県平戸市大島村にある重要伝統的建造物群保存地区として選定されている地域の名称。
池島炭鉱,,32.8858015,129.6016257,長崎県,B,その他,池島炭鉱（いけしまたんこう）は、西彼杵半島の西沖合約7 kmにある周囲約4 kmの池島（長崎県長崎市池島町）周辺の海底に広がる炭鉱で、九州最後の炭坑の島であった。
長崎と天草地方の潜伏キリシタン関連遺産,,32.6292861,130.2542791,長崎県,B,その他,長崎と天草地方の潜伏キリシタン関連遺産（ながさきとあまくさちほうのせんぷくキリシタンかんれんいさん）は、長崎県と熊本県に残る12件の構成資産からなる、UNESCOの世界遺産リスト登録物件。
長崎バイオパーク,,32.988442,129.78648,長崎県,B,その他,長崎バイオパーク（ながさきバイオパーク）は、長崎県西海市にある動物園である。
長崎ペンギン水族館,,32.758177,129.946765,長崎県,B,その他,
長崎県美術館,,32.7417323,129.8704873,長崎県,C,美術館博物館,
長崎県立総合運動公園,,32.8384927,130.0402797,長崎県,D,その他,長崎県立総合運動公園（ながさきけんりつ そうごううんどうこうえん）は、日本の長崎県諫早市宇都町に位置する総合運動施設である。
長崎原爆資料館,,32.7726945,129.8645018,長崎県,B,美術館博物館,長崎原爆資料館（ながさきげんばくしりょうかん）は、長崎市への原子爆弾投下に関する資料を取り扱った長崎市立の資料館である。
長崎市科学館,,32.778855,129.853488,長崎県,D,美術館博物館,
長崎市野口彌太郎記念美術館,,32.738526,129.871522,長崎県,D,美術館博物館,
長崎新地中華街,,32.741627,129.8755228,長崎県,B,その他,長崎新地中華街（ながさきしんちちゅうかがい）は、長崎県長崎市新地町に形成された中華街である。
長崎水辺の森公園,,32.7401938,129.8693037,長崎県,D,その他,長崎水辺の森公園（ながさきみずべのもりこうえん）は、日本の長崎県長崎市にある海浜公園である。
長崎歴史文化博物館,,32.7528514,129.8795508,長崎県,C,美術館博物館,長崎歴史文化博物館（ながさきれきしぶんかはくぶつかん、Nagasaki Museum of History and Culture）は、長崎県長崎市立山にある長崎県立および長崎市立の博物館である。
展海峰,,33.1323347,129.692917,長崎県,C,自然,
田平天主堂,,33.3396975,129.5771216,長崎県,C,その他,田平天主堂（たびらてんしゅどう）は、長崎県平戸市田平町小手田免にあるカトリック長崎教区の教会ならびにその聖堂である。
土石流被災家屋保存公園,,32.738863,130.3679219,長崎県,C,その他,土石流被災家屋保存公園（どせきりゅうひさいかおくほぞんこうえん）は、日本の長崎県南島原市にある、雲仙・普賢岳の噴火による土石流災害の災害遺構を保存する公園である。
島原半島ジオパーク,,32.7277845,130.2087921,長崎県,C,自然,島原半島ジオパーク（しまばらはんとうジオパーク、英: Unzen Volcanic Area Geopark）は、日本の長崎県島原半島にある雲仙火山を中心とした島原市、雲仙市、南島原市の行政区域をもって構成する日本のジオパークである。
頭ヶ島,,33.2086996,129.3504919,長崎県,C,自然,頭ヶ島（かしらがしま）は、長崎県五島列島の中通島の東にある島である。
堂崎天主堂,,32.7558816,128.8372328,長崎県,C,自然,堂崎天主堂（どうざきてんしゅどう）は、長崎県五島市の福江島にあるキリスト教（カトリック教会）の聖堂である。
道の駅さいかい,,33.0429842,129.6959981,長崎県,E,その他,道の駅さいかい（みちのえき さいかい）は、長崎県西海市にある長崎県道43号西彼太田和港線の道の駅である。
奈留島,,32.8635945,128.8942705,長崎県,B,自然,奈留島（なるしま）は、長崎県の西に浮かぶ五島列島を構成する島の一つである。
日本二十六聖人記念館,,32.754463,129.8720938,長崎県,B,美術館博物館,日本二十六聖人記念館（にほんにじゅうろくせいじんきねんかん）は、長崎県長崎市にある、日本二十六聖人の顕彰を目的としてカトリック教会によって設立された博物館。
波佐見温泉,,33.1149134,129.8685743,長崎県,D,温泉,波佐見温泉（はさみおんせん）は、長崎県東彼杵郡波佐見町にある温泉。
平戸ザビエル記念教会,,33.3696038,129.5495691,長崎県,C,その他,平戸ザビエル記念教会（ひらどザビエルきねんきょうかい）は、長崎県平戸市鏡川町にあるカトリックの教会および聖堂である。
平戸の聖地と集落 (春日集落),,33.3412219,129.443182,長崎県,C,その他,
平戸城,,33.3687097,129.5559492,長崎県,B,城,平戸城（ひらどじょう）は、長崎県平戸市（肥前国松浦郡平戸）にあった日本の城。
平戸島,,33.3081751,129.5136625,長崎県,B,自然,平戸島（ひらどじま）は、長崎県北部、北松浦半島の西海上にある島。
平和祈念像,,32.7769421,129.8639597,長崎県,A,その他,平和祈念像（へいわきねんぞう）は、長崎県長崎市松山町の平和公園にある像。
平和公園,へいわこうえん,32.775194,129.863056,長崎県,B,その他,原爆投下の地に建つ平和祈念像を中心とした祈りの公園。
万松院,,34.2044353,129.2841511,長崎県,C,神社仏閣,万松院（ばんしょういん）は、長崎県対馬市厳原町にある、天台宗の寺院。
野崎島,,33.1830064,129.1308046,長崎県,B,自然,野崎島（のざきじま）は、長崎県五島列島の北東部に位置する島である。
和多都美神社,,34.3790993,129.311911,長崎県,B,神社仏閣,和多都美神社（わたづみじんじゃ）は、長崎県対馬市にある神社。
諫早公園,,32.8451592,130.0477509,長崎県,D,その他,諫早公園（いさはやこうえん）は、日本の長崎県諫早市高城町にある公園で、上山公園の一部である。
諫早神社,,32.8483985,130.0432636,長崎県,C,神社仏閣,
エコパーク水俣,,32.2007879,130.3831719,熊本県,C,その他,エコパーク水俣（エコパークみなまた）は、熊本県水俣市にある公園。
チブサン古墳,,33.02969,130.669647,熊本県,C,その他,
つなぎ美術館,,32.2316097,130.4577223,熊本県,C,美術館博物館,つなぎ美術館（つなぎびじゅつかん）は、熊本県葦北郡津奈木町にある公立の美術館。
トンカラリン,,32.968213,130.603469,熊本県,B,その他,
わくわく海中水族館シードーナツ,,32.5298573,130.4283611,熊本県,C,その他,
阿蘇カドリー・ドミニオン,,32.9313644,131.0672908,熊本県,B,その他,阿蘇カドリー・ドミニオン（あそカドリー・ドミニオン、英：Cuddly Dominion）は、熊本県阿蘇市にあるクマを中心とした動物園である。
阿蘇ファームランド,,32.8967353,131.0055496,熊本県,C,その他,阿蘇ファームランド（あそファームランド）は株式会社健康の森が運営する、熊本県阿蘇郡南阿蘇村にある公園。
阿蘇火山博物館,,32.8855264,131.0521478,熊本県,C,美術館博物館,
阿蘇山,あそさん,32.8843,131.104,熊本県,A,自然,世界最大級のカルデラを持つ活火山。
阿蘇神社,,32.9476916,131.1160299,熊本県,B,神社仏閣,
宇城市不知火美術館,,32.646941,130.66914,熊本県,D,美術館博物館,
雲巌禅寺,,32.8195532,130.622824,熊本県,B,神社仏閣,雲巌禅寺（うんがんぜんじ）は、熊本県熊本市西区松尾町平山にある曹洞宗の寺院。
塩屋八幡宮,,32.5048027,130.5934886,熊本県,D,神社仏閣,
加藤神社,,32.6372893,130.6575153,熊本県,C,神社仏閣,加藤神社（かとうじんじゃ）は、熊本県熊本市の熊本城内にある神社である。
監物台樹木園,,32.8088272,130.7046251,熊本県,D,自然,
祇園橋,,32.4563969,130.1880878,熊本県,D,その他,祇園橋（ぎおんばし）は、熊本県天草市の町山口川に架かる石橋。
菊池渓谷,きくちけいこく,33.0008595,130.9512773,熊本県,C,自然,阿蘇の伏流水が流れ落ちる新緑・紅葉の名所。
菊池神社,,32.987829,130.8160512,熊本県,C,神社仏閣,
菊池川,,33.0106614,130.6872453,熊本県,C,その他,菊池川（きくちがわ）は、熊本県北部を流れる菊池川水系の本流で、一級河川である。
鞠智城,,33.0020729,130.7881432,熊本県,B,城,
弓削神社,,32.846781,130.7855608,熊本県,D,神社仏閣,
旧細川刑部邸 (Hosokawa Gyōbutei),,32.8094416,130.6996423,熊本県,C,その他,
熊本空港,,32.8358089,130.8646274,熊本県,A,その他,"熊本空港（くまもとくうこう、英: Kumamoto Airport、IATA: KMJ, ICAO: RJFT）は、熊本県上益城郡益城町にある空港。"
熊本県物産館,,32.8013131,130.7042223,熊本県,E,その他,熊本県物産館（くまもとけんぶっさんかん）は、熊本県熊本市にある県の物産施設。
熊本県民総合運動公園,,32.8423558,130.7896992,熊本県,C,その他,熊本県民総合運動公園（くまもとけんみんそうごううんどうこうえん）は、熊本県熊本市東区平山町にある都市公園。
熊本県立装飾古墳館,,32.993694,130.6698099,熊本県,C,美術館博物館,
熊本県立美術館,,32.807451,130.7004739,熊本県,C,美術館博物館,
熊本国際民藝館,,32.83001,130.756443,熊本県,E,美術館博物館,
熊本市動植物園,,32.7737807,130.7486235,熊本県,B,その他,熊本市動植物園 市役所 熊本駅 熊本市動植物園 （くまもとしどうしょくぶつえん）は、熊本県熊本市東区健軍にある、熊本市営の動物園兼植物園。
熊本市立熊本博物館,,32.808624,130.6993427,熊本県,D,美術館博物館,
熊本城,くまもとじょう,32.8062,130.7058,熊本県,A,城,武者返しの石垣で知られる日本三名城のひとつ。
熊本城稲荷神社,,32.8049512,130.7078596,熊本県,D,神社仏閣,熊本城稲荷神社（くまもとじょういなりじんじゃ）は、熊本県熊本市にある神社。
古閑の滝,,32.9280043,131.1433687,熊本県,D,自然,古閑の滝（こがのたき）は、熊本県阿蘇市にある滝。
御船町恐竜博物館,,32.7138215,130.801739,熊本県,C,美術館博物館,
御輿来海岸,,32.666627,130.535628,熊本県,D,その他,御輿来海岸（おこしきかいがん）は、熊本県宇土市にある海岸。
向野田古墳,,32.6633352,130.6737154,熊本県,D,その他,
甲佐神社,,32.6434215,130.8342876,熊本県,C,神社仏閣,
黒川温泉,,33.0777131,131.1419381,熊本県,B,温泉,黒川温泉（くろかわおんせん）は、熊本県阿蘇郡南小国町にある温泉である。
坂本善三美術館,,33.127025,131.037025,熊本県,D,美術館博物館,
崎津集落,,32.3129999,130.0244305,熊本県,B,その他,
三角港,,32.6219928,130.4557513,熊本県,B,その他,三角港（みすみこう）は、熊本県宇城市三角町にある港湾である。
山鹿温泉,,33.0134782,130.687312,熊本県,C,温泉,山鹿温泉（やまがおんせん）は、熊本県山鹿市（旧国肥後国）にある温泉。
山鹿市立博物館,,33.024868,130.666443,熊本県,E,美術館博物館,
市房山,,32.3117006,131.1010997,熊本県,C,自然,市房山（いちふさやま）は、九州山地の南部にある日本の山。
志岐城址,,32.5027525,130.0586418,熊本県,D,城,
鹿目の滝,,32.1942441,130.6947538,熊本県,D,その他,
釈迦院,,32.5650779,130.8398335,熊本県,C,神社仏閣,
小国両神社,,33.1200294,131.0732608,熊本県,C,神社仏閣,
松浜軒,,32.5095615,130.5965841,熊本県,C,その他,松浜軒（松濱軒、しょうひんけん）は熊本県八代市北の丸町にある、肥後熊本藩細川氏の筆頭家老で八代城代であった松井家の邸宅と庭園。
上色見熊野座神社,,32.8538036,131.158503,熊本県,C,神社仏閣,
上通,,32.806123,130.7115323,熊本県,C,その他,上通（かみとおり）は、熊本県熊本市中央区の目抜き通りである通町筋の市電停留所付近から見て北へ伸びるアーケードと並木坂で構成される通りである。
人吉城址,,32.2111204,130.7665614,熊本県,B,城,
水前寺江津湖公園,,32.7891171,130.7349841,熊本県,C,その他,水前寺江津湖公園（すいぜんじえずここうえん） は、熊本県熊本市の江津湖を中心とする都市公園（広域公園）である。
水前寺成趣園,すいぜんじじょうじゅえん,32.7910917,130.7345944,熊本県,C,自然,富士山を模した築山と湧水池が広がる桃山式回遊庭園。
青井阿蘇神社,,32.213453,130.7530822,熊本県,B,神社仏閣,青井阿蘇神社（あおいあそじんじゃ）は、熊本県人吉市上青井町にある神社。
草千里ヶ浜,くさせんりがはま,32.8807136,131.0538434,熊本県,B,自然,阿蘇中岳火口そばに広がる二重火口の草原。
長崎と天草地方の潜伏キリシタン関連遺産,,32.6292861,130.2542791,熊本県,B,その他,長崎と天草地方の潜伏キリシタン関連遺産（ながさきとあまくさちほうのせんぷくキリシタンかんれんいさん）は、長崎県と熊本県に残る12件の構成資産からなる、UNESCOの世界遺産リスト登録物件。
長部田海床路,,32.7040314,130.5812366,熊本県,C,その他,長部田海床路（ながべたかいしょうろ）は、熊本県宇土市にある、有明海の中に建設された道路である。
通潤橋,,32.6814972,130.9938935,熊本県,B,その他,
天草市立御所浦恐竜の島博物館,,32.3376001,130.3379611,熊本県,E,美術館博物館,
天草市立天草切支丹館,,32.4599462,130.1840326,熊本県,C,美術館博物館,
天門橋,,32.6112221,130.4584886,熊本県,D,その他,
島田美術館,,32.809728,130.686067,熊本県,C,美術館博物館,
湯前まんが美術館,,32.2806774,130.9810822,熊本県,E,美術館博物館,
藤崎八旛宮,,32.8083863,130.7181531,熊本県,B,神社仏閣,藤崎八旛宮（ふじさきはちまんぐう）は、熊本県熊本市中央区にある神社である。
道の駅 宇土ﾏﾘｰﾅ,,32.662287,130.522806,熊本県,D,その他,
道の駅みなまた,,32.1990944,130.3817849,熊本県,D,その他,道の駅みなまた（みちのえき みなまた）は、熊本県水俣市にある国道3号の道の駅である。
道の駅阿蘇,,32.9370123,131.080879,熊本県,D,その他,道の駅阿蘇（みちのえき あそ）は、熊本県阿蘇市にある国道57号の道の駅である。
道の駅錦,,32.2056744,130.8449887,熊本県,D,その他,道の駅錦（みちのえき にしき）は、熊本県球磨郡錦町にある国道219号の道の駅である。
道の駅大津,,32.8810535,130.8906923,熊本県,D,その他,道の駅大津（みちのえき おおづ）は、熊本県菊池郡大津町にある国道57号の道の駅である。
鍋ヶ滝,,33.1378468,131.0351108,熊本県,D,自然,鍋ヶ滝（なべがたき）は、熊本県阿蘇郡小国町にある滝。
白川水源,,32.8244726,131.0945314,熊本県,B,その他,白川（しらかわ）は、熊本県中北部を流れる一級河川。
八千代座,,33.0168261,130.6893639,熊本県,B,その他,八千代座（やちよざ）は、熊本県山鹿市山鹿1499番地にある芝居小屋。
八代宮,,32.5071887,130.5995649,熊本県,C,神社仏閣,八代宮（やつしろぐう）は、熊本県八代市にある神社である。
八代市立博物館未来の森ミュージアム,,32.5082562,130.5965866,熊本県,D,美術館博物館,
八代城,,32.5076218,130.5997864,熊本県,B,城,
俵山,,32.8378569,130.9704952,熊本県,D,自然,"俵山（たわらやま）は熊本県阿蘇郡西原村と南阿蘇村にまたがる標高1,095mの山。"
富岡城,,32.5292592,130.0315567,熊本県,B,城,
武蔵塚公園,,32.8447814,130.7652994,熊本県,C,その他,武蔵塚公園（むさしづかこうえん）は、熊本県熊本市北区にある公園である。
北岡神社,,32.792974,130.6916459,熊本県,C,神社仏閣,
本渡諏訪神社,,32.454879,130.1885709,熊本県,D,神社仏閣,本渡諏訪神社（ほんどすわじんじゃ）は、熊本県天草市にある神社。
油すましどんの墓,,32.4455502,130.3120835,熊本県,B,その他,
雄亀滝橋,,32.6200143,130.8992635,熊本県,D,その他,
龍ヶ岳,,32.4022797,130.3784886,熊本県,D,自然,龍ヶ岳（りゅうがたけ）は熊本県上天草市龍ヶ岳町にある山。
霊台橋,,32.6290746,130.888336,熊本県,C,その他,霊台橋（れいだいきょう）は、熊本県下益城郡美里町を流れる緑川に架かる江戸時代末期の石橋。
﨑津集落,,32.31238,130.0257606,熊本県,B,その他,﨑津集落（さきつしゅうらく）は、熊本県天草市河浦町﨑津一帯の総称で、羊角湾に面した潜伏キリシタンの里として知られる。
Irukajima Tsukumi,,33.0704068,131.9548594,大分県,D,その他,
JX金属関崎みらい海星館,,33.2655744,131.8994169,大分県,C,美術館博物館,
Oita Motomachi Stone Buddhas,,33.2206565,131.6157123,大分県,D,その他,
アートプラザ,,33.2406449,131.6094247,大分県,D,その他,アートプラザ（英：Art Plaza）は、大分県大分市にあるギャラリー等からなる大分市の複合文化施設である。
アフリカンサファリ,,33.3541385,131.4113304,大分県,B,その他,
くじゅう花公園,,33.0475223,131.2442207,大分県,C,その他,くじゅう花公園（くじゅうはなこうえん）は、大分県竹田市久住町の久住高原にある植物公園。
ハーモニーランド,,33.4006133,131.5463929,大分県,A,その他,
ラクテンチ,,33.2748039,131.4833441,大分県,B,その他,
闇無浜神社,,33.6110497,131.1941146,大分県,E,神社仏閣,
伊美別宮社,,33.6848201,131.6004262,大分県,D,神社仏閣,
稲積水中鍾乳洞,,32.900632,131.543809,大分県,C,その他,
宇佐神宮,うさじんぐう,33.5254329,131.3751992,大分県,A,神社仏閣,全国八幡宮の総本宮。
宇奈岐日女神社,,33.2568527,131.3654812,大分県,C,神社仏閣,宇奈岐日女神社（うなぐひめじんじゃ/うなきひめ-/うなぎひめ-）は、大分県由布市にある神社。
臼杵磨崖仏,うすきせきぶつ,33.0905,131.7626389,大分県,C,その他,国宝に指定された平安〜鎌倉期の磨崖仏群。
英彦山,,33.4762531,130.9259595,大分県,B,自然,"英彦山（ひこさん）は、福岡県田川郡添田町と大分県中津市山国町にまたがる標高1,199mの山である。"
英彦山神社,,33.4779478,130.9262449,大分県,B,神社仏閣,
岡城,,32.9692029,131.4078196,大分県,E,城,
貴船城,,33.3196363,131.4831827,大分県,C,その他,貴船城（きふねじょう）は、大分県別府市の観光施設。
亀塚古墳,,33.2346637,131.7394159,大分県,E,その他,
杵築城,,33.4147496,131.62769,大分県,B,城,杵築城（きつきじょう）は、大分県杵築市杵築にあった日本の城。
久住高原,くじゅうこうげん,33.1737685,131.2266242,大分県,C,自然,くじゅう連山山麓に広がる雄大な草原。
狭霧台,,33.2602225,131.3824425,大分県,D,自然,
金鱗湖,,33.2666648,131.3691831,大分県,C,温泉,金鱗湖（きんりんこ）は、大分県由布市（旧湯布院町）の由布院温泉にある池である。
熊野摩崖仏,,33.4783245,131.526053,大分県,C,その他,
原尻の滝,,32.9647244,131.4513795,大分県,B,自然,原尻の滝（はらじりのたき）は、大分県豊後大野市緒方町原尻の大野川水系緒方川にある滝。
高崎山自然動物園,たかさきやましぜんどうぶつえん,33.2582589,131.5327928,大分県,B,その他,野生の二ホンザルの群れを間近で観察できる。
高塚愛宕地蔵尊,,33.2984247,131.0495596,大分県,C,その他,高塚愛宕地蔵尊（たかつかあたごじぞうそん）は、大分県日田市天瀬町馬原（まばる）にある地蔵尊および宗教法人。
高尾山自然公園,,33.2119074,131.6552161,大分県,D,その他,高尾山自然公園（たかおやましぜんこうえん）は、大分県大分市大字横尾にある県営の都市公園（広域公園）である。
黒ヶ浜,,33.2588755,131.8987044,大分県,D,自然,黒ヶ浜（くろがはま）は、大分県大分市佐賀関の佐賀関半島先端の関崎にある海岸である。
佐野植物公園,,33.2034,131.726133,大分県,D,その他,佐野植物公園（さのしょくぶつこうえん）は、大分県大分市大字佐野にある植物園である。
志高湖,,33.2631228,131.4559956,大分県,C,自然,志高湖（しだかこ）は、大分県別府市の鶴見岳南東側山腹にある湖。
糸ヶ浜海浜公園,,33.3674327,131.5947107,大分県,D,その他,糸ヶ浜（いとがはま）は、大分県速見郡日出町大神にある海岸。
慈恩の滝,,33.264829,131.068364,大分県,D,自然,慈恩の滝（じおんのたき）は、大分県日田市と玖珠郡玖珠町の境に位置する滝である。
小半鍾乳洞,,32.9492163,131.7567997,大分県,D,その他,
城島高原パーク,,33.2645023,131.4267799,大分県,B,その他,
真玉海岸,,33.6211417,131.4717266,大分県,D,その他,
真木大堂,,33.5011171,131.5176505,大分県,C,神社仏閣,真木大堂（まきおおどう、まきのおおどう）は、大分県豊後高田市田染真木にある仏教寺院である。
神楽女湖,,33.2561774,131.463639,大分県,C,自然,神楽女湖（かぐらめこ）は、大分県別府市の鶴見岳南東側山腹にある湖。
菅尾磨崖仏,,33.0250176,131.6155784,大分県,D,自然,
西寒多神社,,33.173102,131.5982804,大分県,B,神社仏閣,西寒多神社（ささむたじんじゃ）は、大分県大分市にある神社。
青の洞門,,33.4993279,131.1726041,大分県,B,その他,青の洞門（あおのどうもん、‐とうもん）は、大分県中津市本耶馬渓町樋田にある洞門（隧道、トンネル）である。
薦神社,,33.5672061,131.218065,大分県,B,神社仏閣,
祖母山,,32.82816,131.3470533,大分県,B,自然,"祖母山（そぼさん）は、大分県と宮崎県の県境にある標高1,756mの山。"
鯛生金山,,33.128275,130.88215,大分県,B,自然,鯛生金山（たいおきんざん）は、1898年（明治31年）から1972年（昭和47年）にかけて大分県日田市中津江村鯛生地区（旧日田郡中津江村）にあった金鉱山。
大船山,たいせんざん,33.095,131.2805556,大分県,D,自然,ミヤマキリシマの群生で知られるくじゅう連山の一峰。
大分スポーツ公園,,33.1985402,131.650907,大分県,C,その他,大分スポーツ公園（おおいたスポーツこうえん）は、大分県大分市にある県営の都市公園（広域公園）である。
大分マリーンパレス水族館「うみたまご」,,33.2589461,131.5356501,大分県,B,その他,
大分県立芸術会館,,33.238622,131.634572,大分県,C,美術館博物館,
大分県立美術館,,33.2393995,131.6013329,大分県,C,美術館博物館,
大分県立歴史博物館,,33.5426312,131.3654144,大分県,E,美術館博物館,
大分市美術館,,33.223333,131.601789,大分県,C,美術館博物館,
大分市歴史資料館,,33.195243,131.5528961,大分県,D,美術館博物館,
大分農業文化公園,,33.4328092,131.4306624,大分県,C,その他,大分農業文化公園（おおいたのうぎょうぶんかこうえん）は、大分県宇佐市及び杵築市に位置する大分県立の農業公園である。
中津城,,33.6066484,131.1863802,大分県,B,城,
長者屋敷官衙遺跡,,33.5677572,131.2055487,大分県,E,その他,
沈堕の滝,,32.9839617,131.5265869,大分県,C,自然,沈堕の滝（ちんだのたき）は、大分県豊後大野市大野町矢田にある滝。
鶴見岳,,33.2865838,131.4297433,大分県,B,自然,鶴見岳（つるみだけ）は、大分県別府市にある活火山。
鶴御崎,,32.9330038,132.0852923,大分県,C,自然,鶴御崎（つるみさき、つるみざき）は、大分県佐伯市の鶴見半島の先端部にある九州最東端の岬。
的山荘,,33.3666944,131.5337782,大分県,D,その他,的山荘（てきざんそう）は、大分県速見郡日出町2663にある史跡。
天領日田洋酒博物館,,33.3187511,130.9327658,大分県,E,美術館博物館,
東椎屋の滝,,33.362528,131.3867186,大分県,C,自然,東椎屋の滝（ひがししいやのたき）は、大分県宇佐市安心院町にある滝。
道の駅あさじ,,33.0026173,131.448133,大分県,D,その他,道の駅あさじ（みちのえき あさじ）は、大分県豊後大野市にある大分県道57号竹田犬飼線の道の駅である。
道の駅くにさき,,33.5456248,131.7398203,大分県,D,その他,道の駅くにさき（みちのえき くにさき）は、大分県国東市にある国道213号の道の駅である。
道の駅やよい,,32.9645007,131.8387066,大分県,D,その他,道の駅やよい（みちのえき やよい）は、大分県佐伯市弥生にある国道10号の道の駅である。
道の駅佐賀関,,33.2471525,131.8285493,大分県,D,その他,道の駅佐賀関（みちのえき さがのせき）は、大分県大分市にある国道197号の道の駅である。
徳應寺,,33.2468389,131.87563,大分県,D,神社仏閣,
日田祇園山鉾会館,,33.3155195,130.9314056,大分県,D,美術館博物館,
八幡竃門神社,,33.3324043,131.483268,大分県,C,神社仏閣,
飯田高原,,33.157551,131.2291686,大分県,C,その他,飯田高原（はんだこうげん）は、大分県玖珠郡九重町南部に位置する高原。
姫島の黒曜石産地,,33.7320268,131.6428023,大分県,D,その他,
富貴寺,,33.5379235,131.5284648,大分県,B,神社仏閣,富貴寺（ふきじ）は、大分県豊後高田市田染蕗（たしぶふき）にある天台宗の仏教寺院。
府内城,,33.2400367,131.6120897,大分県,B,その他,府内城（ふないじょう）は、大分県大分市（豊後国府内）にあった日本の城（平山城）。
福澤諭吉旧居,,33.6072992,131.1909282,大分県,C,美術館博物館,
平和市民公園,,33.2416806,131.6344897,大分県,D,その他,平和市民公園（へいわしみんこうえん）は、大分県大分市萩原にある都市公園（総合公園）である。
別府タワー,,33.2817158,131.5059176,大分県,B,その他,別府タワー（べっぷタワー）は、大分県別府市にある観光塔である。
別府温泉,べっぷおんせん,33.2803,131.5,大分県,A,温泉,湧出量日本一を誇る、地獄めぐりでも有名な一大温泉郷。
別府温泉(地獄めぐり),べっぷおんせん,33.3128,131.4757,大分県,A,温泉,源泉数日本一の温泉都市。
別府公園,,33.2822345,131.4909024,大分県,C,その他,別府公園（べっぷこうえん）は、大分県別府市大字野口原3018-1にある、別府市が管理する都市公園（総合公園）である。
別府市美術館,,33.2842616,131.4875287,大分県,D,美術館博物館,
別府地獄めぐり,,33.3157539,131.4698602,大分県,B,その他,別府地獄めぐり（べっぷじごくめぐり）は、大分県別府市の別府温泉に多数存在する様々な奇観を呈する自然湧出の源泉「地獄」を、定期観光バスなどで周遊する定番の観光コースである。
別府竹細工,,33.2979682,131.4848992,大分県,D,その他,別府竹細工（べっぷたけざいく）は、大分県別府市周辺で伝統的に生産されている竹細工である。
豊後国分寺跡,,33.194624,131.5541608,大分県,D,神社仏閣,
牧ノ戸峠,,33.0964606,131.2083869,大分県,C,自然,牧ノ戸峠（まきのととうげ）は、大分県玖珠郡九重町にある峠。
麻生釣駅跡,,33.1801948,131.1203889,大分県,C,その他,
耶馬渓,やばけい,33.44,131.1413889,大分県,B,自然,奇岩・断崖が連なる日本三大奇勝の渓谷美。
由布院温泉,ゆふいんおんせん,33.2626128,131.3551264,大分県,B,温泉,由布岳を望む人気の温泉リゾート地。
由布岳,,33.2822897,131.3902373,大分県,B,自然,"由布岳（ゆふだけ、油布嶽）は、大分県由布市にある標高1,583メートルの活火山。"
両子寺,,33.5740658,131.6035041,大分県,C,神社仏閣,両子寺（ふたごじ）は、大分県国東市安岐町両子の両子山中腹にある天台宗の寺院。
咸宜園,,33.3228905,130.9349666,大分県,B,その他,咸宜園（かんぎえん）は、江戸時代の先哲・広瀬淡窓により、幕府領であった豊後国日田郡堀田村（現大分県日田市）に文化2年（1805年）に創立された全寮制の私塾である。
廣瀬資料館,,33.3266909,130.936607,大分県,D,美術館博物館,
暘谷城（日出城）,,33.3668541,131.5316416,大分県,B,城,
萬弘寺,,33.6021376,131.6137134,大分県,C,神社仏閣,
こどもの国,,31.8088525,131.4579928,宮崎県,D,その他,
さいと温泉,,32.1145934,131.4166093,宮崎県,D,温泉,さいと温泉（ さいとおんせん）は、宮崎県西都市にある温泉。
綾城,,32.0033744,131.2489698,宮崎県,C,城,
鵜戸神宮,,31.6492649,131.466212,宮崎県,B,神社仏閣,
延岡植物園,,32.5738778,131.6120531,宮崎県,E,その他,延岡植物園（のべおかしょくぶつえん）とは、宮崎県延岡市にある市営の植物園。
韓国岳,,31.9342053,130.8615634,宮崎県,B,自然,韓国岳（からくにだけ）は、九州南部にある山。
願いが叶うクルスの海,,32.4194673,131.6794513,宮崎県,D,自然,願いが叶うクルスの海（ねがいがかなうクルスのうみ）は、宮崎県日向市細島にある名勝である。
宮交シティ,,31.8949764,131.4197135,宮崎県,B,その他,宮交シティ（みやこうシティ、英: Miyako City）は、宮崎県宮崎市大淀四丁目（大淀地域自治区）にある宮崎市内外の交通拠点であり年間約800万人以上が往来するバスターミナル「宮交シティバスセンター」を内包する複合型ショッピングセンターとその運営会社（株式会社宮交シティ）である。
宮崎科学技術館,,31.9144541,131.4337527,宮崎県,C,美術館博物館,
宮崎県総合博物館,,31.9400192,131.4237709,宮崎県,C,美術館博物館,
宮崎県総合文化公園,,31.9345425,131.4183253,宮崎県,D,その他,宮崎県総合文化公園（みやざきけんそうごうぶんかこうえん）は、宮崎県宮崎市にある総合公園である。
宮崎県立西都原考古博物館,,32.125282,131.3824211,宮崎県,C,美術館博物館,
宮崎県立美術館,,31.9342574,131.4191824,宮崎県,D,美術館博物館,
宮崎市フェニックス自然動物園,,31.9822809,131.4785375,宮崎県,C,その他,
宮崎神宮,,31.9383583,131.4235103,宮崎県,B,神社仏閣,
巨田神社,,32.0578312,131.4038008,宮崎県,D,神社仏閣,
串間神社,,31.4859617,131.2450029,宮崎県,D,神社仏閣,
幸島,,31.4525315,131.3750943,宮崎県,B,自然,幸島（こうじま、こうしま）は、宮崎県串間市東部、石波海岸から400m沖合いにある島。
荒立神社,,32.7116233,131.3169702,宮崎県,B,神社仏閣,
行縢山,,32.6259455,131.5723034,宮崎県,C,自然,行縢山（むかばきやま、むかばきさん）は、九州南部に広がる九州山地の東部にそびえる山である。
高千穂あまてらす鉄道,,32.714555,131.3068484,宮崎県,B,その他,高千穂あまてらす鉄道株式会社（たかちほあまてらすてつどう）は、宮崎県北部で高千穂鉄道高千穂線の廃線跡を活用した保存鉄道を運営する企業。
高千穂峡,たかちほきょう,32.7025,131.3075,宮崎県,B,自然,柱状節理の断崖と真名井の滝。
高千穂橋梁,,32.707362,131.3288927,宮崎県,B,その他,
高千穂神社,,32.706653,131.3019401,宮崎県,B,神社仏閣,高千穂神社（たかちほじんじゃ）は、宮崎県西臼杵郡高千穂町に鎮座する神社である。
高千穂峰,,31.8862961,130.9189302,宮崎県,B,自然,高千穂峰（たかちほのみね）は、宮崎県と鹿児島県の県境に位置する火山。
高鍋町美術館,,32.1210047,131.503933,宮崎県,D,美術館博物館,
高鍋町歴史総合資料館,,32.122303,131.50241,宮崎県,E,美術館博物館,
国見ヶ丘,,32.7191167,131.2811037,宮崎県,D,その他,国見ヶ丘（くにみがおか）は宮崎県西臼杵郡高千穂町にある丘で、四方の眺めが良いのでこの名がある。
細島灯台,,32.4234068,131.6853573,宮崎県,D,自然,細島灯台（ほそしまとうだい）は、宮崎県日向市細島にある灯台である。
三福寺,,32.5828767,131.6657124,宮崎県,D,神社仏閣,
若山牧水記念文学館,,32.3613289,131.4631509,宮崎県,E,美術館博物館,
神柱公園,,31.7309283,131.0720925,宮崎県,D,その他,神柱公園（かんばしらこうえん）は宮崎県都城市にある公園である。
神門神社,,32.3863281,131.3305749,宮崎県,C,神社仏閣,
生目神社,,31.9182556,131.3769699,宮崎県,C,神社仏閣,
西都原古墳群,さいとばるこふんぐん,32.113757,131.385008,宮崎県,E,その他,300基以上の古墳が集まる特別史跡。
青井岳温泉,,31.8295069,131.2250918,宮崎県,C,温泉,青井岳温泉（あおいだけおんせん）は、宮崎県都城市山之口町にある温泉。
青島神社,あおしまじんじゃ,31.8044125,131.4750916,宮崎県,B,神社仏閣,鬼の洗濯板に囲まれた小島に鎮座する社。
千畑古墳,,32.1398661,131.4019436,宮崎県,E,その他,
祖母山,,32.82816,131.3470533,宮崎県,B,自然,"祖母山（そぼさん）は、大分県と宮崎県の県境にある標高1,756mの山。"
大御神社,,32.4116829,131.6498851,宮崎県,C,神社仏閣,大御神社（おおみじんじゃ）は、宮崎県日向市日知屋にある神社。
猪八重渓谷,,31.7276527,131.370404,宮崎県,D,その他,
天ヶ城,,31.9623056,131.2937669,宮崎県,C,城,
天岩戸神社（西本宮）,,32.7345037,131.3506899,宮崎県,B,神社仏閣,
都井岬,,31.3670127,131.3417673,宮崎県,B,自然,都井岬（といみさき/といのみさき）は、宮崎県串間市大納に属し、太平洋に面する岬。
都城市立美術館,,31.7192876,131.0630833,宮崎県,E,美術館博物館,
都城歴史資料館,,31.7162052,131.0502502,宮崎県,D,美術館博物館,都城歴史資料館（みやこのじょうれきししりょうかん）は、宮崎県都城市都島町にある市立の歴史資料館。
都萬神社,,32.1152892,131.4042777,宮崎県,C,神社仏閣,
東霧島神社,,31.8454173,131.0599526,宮崎県,E,神社仏閣,
道の駅えびの,,32.0501971,130.8052986,宮崎県,D,その他,道の駅えびの（みちのえき えびの）は、宮崎県えびの市にある国道268号の道の駅である。
道の駅つの,,32.2602913,131.557548,宮崎県,D,その他,道の駅つの（みちのえき つの）は、宮崎県児湯郡都農町にある国道10号の道の駅である。
道の駅フェニックス,,31.7689495,131.4784247,宮崎県,C,その他,道の駅フェニックス（みちのえき フェニックス）は、宮崎県宮崎市にある宮崎県道377号内海加江田線の道の駅である。
道の駅高千穂,,32.7085528,131.3009013,宮崎県,D,その他,道の駅高千穂（みちのえき たかちほ）は、宮崎県西臼杵郡高千穂町にある国道218号の道の駅である。
道の駅酒谷,,31.641819,131.2665585,宮崎県,D,その他,道の駅酒谷（みちのえき さかたに）は、宮崎県日南市にある国道222号の道の駅である。
道の駅日向,,32.3432265,131.6238167,宮崎県,D,その他,道の駅日向（みちのえき ひゅうが）は、宮崎県日向市大字幸脇にある国道10号の道の駅である。
道の駅北川はゆま,,32.666622,131.7041531,宮崎県,C,その他,道の駅北川はゆま（みちのえき きたがわはゆま）は、宮崎県延岡市北川町長井の国道10号沿いに設置されている道の駅。
那須家住宅,,32.4647005,131.1550046,宮崎県,C,その他,那須家住宅（なすけじゅうたく）は、宮崎県東臼杵郡椎葉村にある歴史的建造物。
日向岬,,32.4229039,131.6881503,宮崎県,D,その他,日向岬（ひゅうがみさき）または細島半島（ほそしまはんとう）は、宮崎県日向市の海岸沿いにある景勝地である。
飯野城跡,,32.0542726,130.8676266,宮崎県,C,その他,
尾鈴山,,32.2993152,131.4265472,宮崎県,C,自然,尾鈴山（おすずやま）は、日本国九州地方の宮崎県に位置する山である。
平和台公園,,31.950101,131.4176667,宮崎県,B,その他,平和台公園（へいわだいこうえん）は、宮崎県宮崎市下北方町の丘陵地にある都市公園。
母智丘公園,,31.750294,131.0130149,宮崎県,D,その他,母智丘（もちお）とは宮崎県都城市西部郊外にある丘陵地。
霧島酒造,,31.9088327,131.433282,宮崎県,B,その他,霧島酒造株式会社（きりしましゅぞう）は、宮崎県都城市に本社及び工場を置く、日本の酒造業者。
霧島東神社,,31.8919534,130.9621481,宮崎県,E,神社仏閣,
木花神社,,31.8277399,131.4325384,宮崎県,D,神社仏閣,
蓮ヶ池横穴群,,31.9682974,131.4452965,宮崎県,D,その他,
飫肥城,,31.6290146,131.3503762,宮崎県,B,その他,
いおワールドかごしま水族館,,31.5959332,130.5643784,鹿児島県,B,美術館博物館,いおワールドかごしま水族館（いおワールド かごしますいぞくかん）は、鹿児島県鹿児島市本港新町にある鹿児島市立の水族館。
かごしま健康の森公園,,31.6451132,130.5034785,鹿児島県,E,その他,かごしま健康の森公園（かごしまけんこうのもりこうえん）は鹿児島県鹿児島市犬迫町に位置する鹿児島市立の都市公園（総合公園）である。
ダグリ岬遊園地,,31.466225,131.1389872,鹿児島県,C,その他,ダグリ岬遊園地（ダグリみさきゆうえんち）は、鹿児島県志布志市志布志町夏井に所在する遊園地。
フラワーパークかごしま,,31.1700477,130.5850721,鹿児島県,D,その他,
阿久根大島,,32.0240476,130.1676088,鹿児島県,D,その他,阿久根大島（あくねおおしま）は、鹿児島県阿久根市の沖合いおよそ3kmに浮かぶ周囲およそ4kmの無人島で、阿久根市の重要な観光スポットとなっている。
悪石島,,29.4549174,129.5941229,鹿児島県,B,自然,悪石島（あくせきじま）は、トカラ列島に浮かぶ島である。
磯海水浴場,,31.6144022,130.5755577,鹿児島県,D,自然,磯海水浴場（いそかいすいよくじょう）は鹿児島県鹿児島市吉野町にある鹿児島湾（錦江湾）に面する海水浴場である。
宇宙科学技術館,,30.3749346,130.9576589,鹿児島県,D,美術館博物館,
屋久島,やくしま,30.347925,130.5244832,鹿児島県,A,自然,屋久杉の原生林で知られる日本初の世界自然遺産の島。
屋久島(縄文杉),やくしま,30.386,130.5023,鹿児島県,A,自然,樹齢数千年の屋久杉が茂る世界自然遺産。
加計呂麻島,,28.1085041,129.2962527,鹿児島県,B,自然,加計呂麻島（かけろまじま）は、奄美群島内の主要な島、奄美大島から大島海峡を隔ててすぐ南隣にある島で、鹿児島県大島郡瀬戸内町に属する。
開聞岳,,31.1799612,130.5284404,鹿児島県,B,自然,開聞岳（かいもんだけ）は、鹿児島県の薩摩半島の南端に位置する標高924 mの火山。
関吉の疎水溝,,31.6470292,130.5524839,鹿児島県,C,その他,
韓国岳,,31.9342053,130.8615634,鹿児島県,B,自然,韓国岳（からくにだけ）は、九州南部にある山。
岩崎美術館,,31.2248207,130.654686,鹿児島県,D,美術館博物館,岩崎美術館・工芸館（いわさきびじゅつかん・こうげいかん）は、鹿児島県指宿市十二町にある美術館である。
鬼丸神社,,31.5757078,130.3461307,鹿児島県,E,神社仏閣,
宮之浦岳,みやのうらだけ,30.3333,130.5167,鹿児島県,B,自然,九州最高峰、屋久島中央にそびえる日本百名山。
錦江湾公園,,31.4636402,130.5076126,鹿児島県,D,その他,錦江湾公園（きんこうわんこうえん）は鹿児島県鹿児島市平川町にある都市公園（風致公園）である。
吾平山上陵,,31.2882758,130.914674,鹿児島県,B,その他,吾平山上陵（あひらのやまの えのみささぎ / あいらのやまの えのみささぎ / あいらさんりょう/あいらさんじょうりょう）は、鹿児島県鹿屋市吾平町上名にある皇族陵。
考古博物館・時遊館CoCCoはしむれ,,31.2318505,130.6443203,鹿児島県,D,美術館博物館,
荒平天神,,31.3795879,130.7775486,鹿児島県,D,神社仏閣,荒平天神（あらひらてんじん）は鹿児島県鹿屋市天神町に位置する神社。
高山城跡,,31.317044,130.9665286,鹿児島県,C,その他,
高千穂峰,,31.8862961,130.9189302,鹿児島県,B,自然,高千穂峰（たかちほのみね）は、宮崎県と鹿児島県の県境に位置する火山。
佐多岬,,30.9944892,130.6603021,鹿児島県,B,自然,佐多岬（さたみさき）は、鹿児島県肝属郡南大隅町佐多馬籠に位置し、大隅海峡に面する岬。
桜島,さくらじま,31.5854,130.6565,鹿児島県,A,自然,鹿児島のシンボルである活火山。
桜島ビジターセンター,,31.5907918,130.5940852,鹿児島県,E,その他,桜島ビジターセンター（さくらじまビジターセンター）は鹿児島県鹿児島市桜島横山町にある、桜島の自然を扱った鹿児島県立の科学展示館である。
桜島フェリー,,31.592602,130.6000526,鹿児島県,B,その他,桜島フェリー（さくらじまフェリー）は、鹿児島県鹿児島市本港新町にある鹿児島港（桜島フェリーターミナル）と同市桜島横山町にある桜島港との間を結ぶ公営のフェリー。
薩摩金山蔵,,31.7457454,130.2842422,鹿児島県,C,その他,薩摩金山蔵（さつまきんざんぐら）は、鹿児島県いちき串木野市野下にある串木野金山の跡地を利用した『金と焼酎』をテーマにした観光施設。
薩摩伝承館,,31.252933,130.6538397,鹿児島県,D,美術館博物館,
四十九所神社,,31.343299,130.9468108,鹿児島県,D,神社仏閣,
指宿温泉,いぶすきおんせん,31.22314,130.65506,鹿児島県,B,温泉,世界でも珍しい天然砂蒸し風呂で知られる温泉地。
寺山炭窯跡,,31.6621444,130.6006405,鹿児島県,D,その他,寺山炭窯跡（てらやますみがまあと、英:Terayama Charcoal Kiln）は、鹿児島県鹿児島市吉野町にある、集成館事業で用いられる木炭を製造した石積み窯跡。
鹿児島ふれあいスポーツランド,,31.5498089,130.493467,鹿児島県,D,その他,鹿児島ふれあいスポーツランド（かごしまふれあいスポーツランド）は、鹿児島県鹿児島市中山町にある都市公園（総合公園、運動公園）。
鹿児島県上野原縄文の森,,31.711276,130.802563,鹿児島県,D,美術館博物館,
鹿児島県霧島アートの森,,31.9398541,130.7787168,鹿児島県,C,美術館博物館,
鹿児島県立吉野公園,,31.6333905,130.5964375,鹿児島県,D,その他,鹿児島県立吉野公園（かごしまけんりつよしのこうえん）は、鹿児島県鹿児島市吉野町にある都市公園である。
鹿児島県立博物館,,31.594024,130.552659,鹿児島県,D,美術館博物館,鹿児島県立博物館（かごしまけんりつはくぶつかん、英語: Kagoshima Prefectural Museum）は鹿児島県鹿児島市にある博物館である。
鹿児島県歴史・美術センター黎明館,,31.5987092,130.5543496,鹿児島県,C,美術館博物館,鹿児島県歴史・美術センター黎明館（かごしまけんれきしびじゅつセンターれいめいかん）は、鹿児島県鹿児島市城山町にある資料館である。
鹿児島市平川動物公園,,31.4623498,130.5020405,鹿児島県,B,その他,鹿児島市平川動物公園（かごしましひらかわどうぶつこうえん）は、鹿児島県鹿児島市平川町にある動物園。
鹿児島市立美術館,,31.5957709,130.5533423,鹿児島県,C,美術館博物館,鹿児島市立美術館（かごしましりつびじゅつかん）は、鹿児島県鹿児島市城山町にある美術館。
鹿児島城,,31.5988311,130.5551261,鹿児島県,B,城,鹿児島城（かごしまじょう）は、鹿児島県鹿児島市城山町にあった江戸時代の日本の城。
鹿児島神宮,,31.7536248,130.7380701,鹿児島県,B,神社仏閣,鹿児島神宮（かごしまじんぐう）は、鹿児島県霧島市隼人町内（はやとちょううち）にある神社。式内大社（国幣大社）、大隅国一宮。
鹿児島神社,,31.6097637,130.5395796,鹿児島県,C,神社仏閣,
種子島宇宙センター,,30.377712,130.957706,鹿児島県,B,その他,
出水ツル渡来地,いずみつるらいちひ,32.1011111,130.2733333,鹿児島県,D,自然,毎冬1万羽以上のツルが越冬する国内最大の渡来地。
尚古集成館,,31.6173244,130.5763006,鹿児島県,B,美術館博物館,尚古集成館（しょうこしゅうせいかん）は、鹿児島県鹿児島市吉野町にある博物館。
昇竜洞,,27.3626496,128.552544,鹿児島県,D,自然,昇竜洞（しょうりゅうどう）は、鹿児島県大島郡知名町にある鍾乳洞である。
照国神社,,31.5943306,130.5508177,鹿児島県,B,神社仏閣,照国神社（てるくにじんじゃ）は、鹿児島県鹿児島市照国町にある神社。
新燃岳,,31.9096462,130.8864335,鹿児島県,B,自然,"新燃岳（しんもえだけ）は、九州南部の霧島山中央部に位置し、有史以降も噴火を繰り返している標高1,421mの活火山である。"
吹上浜,,31.516098,130.3240198,鹿児島県,B,その他,吹上浜（ふきあげはま）は、鹿児島県西部のいちき串木野市・日置市・南さつま市にかけての砂丘海岸。
菅原神社,,31.3795713,130.777378,鹿児島県,C,神社仏閣,
清水岩屋公園,,31.4185855,130.4267195,鹿児島県,D,その他,清水岩屋公園（きよみずいわやこうえん）は、鹿児島県南九州市にある市営公園。
石橋記念公園,,31.6040816,130.568024,鹿児島県,C,その他,石橋記念公園（いしばしきねんこうえん）は、鹿児島県鹿児島市浜町にある都市公園。
仙巌園,せんがんえん,31.6166224,130.5766252,鹿児島県,B,その他,島津家別邸の日本庭園。世界遺産構成資産。
仙巌園（磯庭園）,,31.6183873,130.5803724,鹿児島県,B,美術館博物館,
川内まごころ文学館,,31.833065,130.308923,鹿児島県,E,美術館博物館,
曽木の滝,,32.0113752,130.5767005,鹿児島県,C,その他,曽木の滝（そぎのたき）は、鹿児島県伊佐市南部の川内川上流に位置する滝である。
大穴持神社,,31.7153478,130.7567352,鹿児島県,D,神社仏閣,
大浜海浜公園,,31.1855097,130.7675166,鹿児島県,D,その他,大浜海浜公園（おおはまかいひんこうえん）は、鹿児島県の奄美大島中部の奄美市にある公園。
大浪池,,31.9218905,130.8492469,鹿児島県,C,自然,大浪池（おおなみのいけ、おおなみいけ）は、鹿児島県霧島市の北東部、霧島山にある直径630m、周囲約2km、ほぼ円形の火口湖。
知覧特攻平和会館,,31.3632928,130.4342104,鹿児島県,A,美術館博物館,知覧特攻平和会館（ちらんとっこうへいわかいかん）は、鹿児島県南九州市知覧町郡（旧川辺郡知覧町）にある歴史博物館。
知覧武家屋敷庭園,ちらんぶけやしきていえん,31.3796647,130.4481183,鹿児島県,C,街並み,「薩摩の小京都」と称される武家屋敷群と庭園。
知林ヶ島,,31.265315,130.6650955,鹿児島県,C,自然,知林ヶ島（ちりんがしま）は、鹿児島県指宿市西方にある島で、干潮時に陸地と陸繋砂州（トンボロ）でつながる陸繋島である。
池田湖,,31.2466758,130.5721773,鹿児島県,B,自然,池田湖（いけだこ）は、鹿児島県の薩摩半島南東部にある直径約3.5 km、周囲約15 kmのカルデラ湖。
竹屋神社,,31.4306955,130.30988,鹿児島県,D,神社仏閣,
長崎鼻,,31.1557675,130.5866623,鹿児島県,C,自然,
長島美術館,,31.5819567,130.5324613,鹿児島県,C,美術館博物館,長島美術館（ながしまびじゅつかん）は、鹿児島県鹿児島市武三丁目にある美術館。
塚崎古墳群,,31.3404709,130.9682344,鹿児島県,C,その他,
鶴嶺神社,,31.6182239,130.5763504,鹿児島県,E,神社仏閣,
田中一村記念美術館,,28.4180543,129.694153,鹿児島県,D,美術館博物館,
田中一村終焉の家,,28.3897237,129.529439,鹿児島県,B,その他,
東市来町美山,,31.6444863,130.3623209,鹿児島県,B,その他,東市来町美山（ひがしいちきちょうみやま）は、鹿児島県日置市の大字。
道の駅くにの松原おおさき,,31.4381088,131.0307816,鹿児島県,D,その他,道の駅くにの松原おおさき（みちのえき くにのまつばらおおさき）は、鹿児島県曽於郡大崎町にある国道220号の道の駅である。
道の駅阿久根,,31.9459837,130.2164552,鹿児島県,D,その他,道の駅阿久根（みちのえき あくね）は、鹿児島県阿久根市にある国道3号の道の駅である。
道の駅根占,,31.1854843,130.7671883,鹿児島県,D,その他,道の駅根占（みちのえき ねじめ）は、鹿児島県肝属郡南大隅町根占山本にある国道269号の道の駅である。
道の駅川辺やすらぎの郷,,31.4125989,130.4329331,鹿児島県,E,その他,道の駅川辺やすらぎの郷（みちのえき かわなべやすらぎのさと）は、鹿児島県南九州市にある国道225号の道の駅である。
徳重神社,,31.6320894,130.3946388,鹿児島県,C,神社仏閣,徳重神社（とくしげじんじゃ）は、鹿児島県日置市伊集院町徳重にある神社。
縄文杉,,30.3609667,130.5319,鹿児島県,A,その他,
南洲神社,,31.6064499,130.5588767,鹿児島県,C,神社仏閣,
日置八幡神社,,31.5893655,130.3520251,鹿児島県,D,神社仏閣,
百合ヶ浜,ゆりがはま,27.0388987,128.4655254,鹿児島県,C,自然,大潮の干潮時のみ現れる真っ白な砂洲。
蛭児神社,,31.7611665,130.7501712,鹿児島県,C,神社仏閣,
不断光院,,31.5973028,130.5586406,鹿児島県,D,神社仏閣,
腹五社神社,,31.5845539,130.7062136,鹿児島県,C,神社仏閣,腹五社神社（はらごしゃじんじゃ）は、鹿児島県鹿児島市黒神町にある神社。
平内海中温泉,,30.2309647,130.4839375,鹿児島県,D,温泉,平内海中温泉(ひらうちかいちゅうおんせん)は、鹿児島県熊毛郡屋久島町（旧国大隅国）にある温泉。
枚聞神社,,31.2080983,130.5400403,鹿児島県,B,その他,枚聞神社（ひらききじんじゃ）は、鹿児島県指宿市開聞十町にある神社。
万世特攻平和祈念館,,31.4372711,130.2950898,鹿児島県,B,美術館博物館,
霧島アートの森,,31.9387335,130.7812836,鹿児島県,C,美術館博物館,霧島アートの森（きりしまアートのもり）は、鹿児島県湧水町（旧栗野町）の栗野岳（霧島山）麓の標高約700メートルの高原に位置する鹿児島県立の野外美術館。
霧島ヶ丘公園,,31.3434853,130.8177209,鹿児島県,D,その他,霧島ヶ丘公園（きりしまがおかこうえん）は、鹿児島県鹿屋市の霧島ヶ丘（標高173.7m）一帯に位置する公園である。
霧島温泉郷,きりしまおんせんきょう,31.9,130.83,鹿児島県,B,温泉,霧島連峰の中腹に点在する泉質豊かな温泉郷。
霧島山,きりしまやま,31.9341667,130.8616667,鹿児島県,B,自然,ミヤマキリシマの群生で知られる霧島連峰の主峰、日本百名山。
霧島神宮,,31.8586127,130.8712947,鹿児島県,B,神社仏閣,
野間神社,,31.3994002,130.159278,鹿児島県,D,神社仏閣,
野間岬,,31.4096009,130.1082623,鹿児島県,C,その他,野間岬（のまみさき）は、薩摩半島の西側にある鹿児島県南さつま市笠沙町に位置する岬で、薩摩野間岬灯台が立つ景勝地。
揖宿神社,,31.2534496,130.6236486,鹿児島県,D,その他,揖宿神社（いぶすきじんじゃ）は鹿児島県指宿市東方にある神社。
雄川の滝,,31.2000646,130.8250959,鹿児島県,C,自然,雄川の滝（おがわのたき）は、鹿児島県肝属郡南大隅町根占川北にある滝。
与論島,,27.0445717,128.4316435,鹿児島県,A,自然,与論島（よろんじま、与論島方言:ゆんぬ/juNnu/）は、奄美群島の島。
脇本海水浴場,,32.0706164,130.202588,鹿児島県,D,自然,脇本海水浴場（わきもとかいすいよくじょう）は、鹿児島県阿久根市脇本にある海水浴場である。
藺牟田池,,31.8175721,130.4690094,鹿児島県,B,自然,藺牟田池（いむたいけ）は、鹿児島県薩摩川内市祁答院町藺牟田にある直径約1キロメートルの火山湖である。
醫師神社,,31.702267,130.8045832,鹿児島県,E,神社仏閣,
DMMかりゆし水族館,,26.1561258,127.6506626,沖縄県,B,美術館博物館,DMMかりゆし水族館 （ディーエムエムかりゆしすいぞくかん）は、沖縄県豊見城市豊崎にある水族館。
Kabira Bay,,24.4528003,124.143836,沖縄県,B,その他,
アメリカンビレッジ,,26.3165214,127.7573637,沖縄県,B,その他,
イムギャーマリンガーデン,,24.7244107,125.3565899,沖縄県,D,その他,イムギャーマリンガーデンは、沖縄県宮古島市南部のイムギャー（インギャー）海岸にある公園である。
いんぶビーチ,,26.527099,127.9256969,沖縄県,C,その他,いんぶビーチ（伊武部ビーチ）とは、沖縄県恩納村（沖縄本島）字名嘉真2173に所在するビーチである。
うるま市立海の文化資料館,,26.3325587,127.9290696,沖縄県,E,美術館博物館,
コンドイ浜,,24.325321,124.0768695,沖縄県,D,その他,コンドイ浜（コンドイはま）は、沖縄県八重山郡竹富町の竹富島西部にある海岸である。
ジャングリア沖縄,,26.6413768,127.9711794,沖縄県,A,その他,ジャングリア沖縄（ジャングリアおきなわ、英: JUNGLIA OKINAWA）は、沖縄県国頭郡今帰仁村と名護市にまたがる大型テーマパークである。
てんぶす那覇,,26.2161892,127.6893136,沖縄県,D,その他,てんぶす那覇（てんぶすなは）は、沖縄県那覇市にある複合文化施設・商業施設。
トロピカルビーチ,,26.2813787,127.7316878,沖縄県,C,その他,トロピカルビーチは、沖縄県宜野湾市の宜野湾海浜公園内にある人工海浜。
ニシ浜,,24.0640813,123.7613954,沖縄県,C,その他,ニシ浜（ニシはま、北浜）は、沖縄県八重山郡竹富町の波照間島北部にある海岸である。
ネオパークオキナワ,,26.6115499,127.9915252,沖縄県,B,その他,ネオパークオキナワは、沖縄県名護市にある名護市立の動植物公園。
パイナガマビーチ,,24.8029555,125.2714563,沖縄県,D,その他,パイナガマビーチは、沖縄県宮古島市字南西里にある砂浜海岸である。
はての浜,はてのはま,26.3456965,126.8853904,沖縄県,B,自然,久米島沖に浮かぶ真っ白な砂だけの無人島。
パレットくもじ,,26.213303,127.67884,沖縄県,B,その他,パレットくもじは、沖縄県那覇市久茂地にある複合商業施設。
バンナ公園,,24.3720947,124.1560455,沖縄県,D,その他,バンナ公園（バンナこうえん）は沖縄県石垣市にある沖縄県営の都市公園。
ひめゆりの塔,,26.0963897,127.6907013,沖縄県,A,その他,ひめゆりの塔（ひめゆりのとう/The Himeyuri Tower）は、沖縄戦末期に沖縄陸軍病院第三外科が置かれた壕の跡に立つ慰霊碑。
ひめゆり平和祈念資料館,,26.0964986,127.6903396,沖縄県,E,美術館博物館,
ブセナ海中公園,,26.5400373,127.9355709,沖縄県,C,自然,ブセナ海中公園（ブセナかいちゅうこうえん）は沖縄県名護市の部瀬名岬にある海中公園。
フルスト原遺跡,,24.3505795,124.1952426,沖縄県,B,その他,フルスト原遺跡（フルストばるいせき）は、沖縄県石垣市大浜にある遺跡。
ムーンビーチ,,26.4508546,127.8018371,沖縄県,C,自然,ムーンビーチとは、沖縄県国頭郡恩納村字前兼久1203に位置する海水浴場。
やんばる国立公園,やんばるこくりつこうえん,26.7166667,128.2166667,沖縄県,A,自然,ヤンバルクイナなど固有種が生息する世界自然遺産の亜熱帯照葉樹林。
阿嘉島,,26.195197,127.2774087,沖縄県,A,その他,阿嘉島（あかじま）は、慶良間諸島に属する島で、沖縄県島尻郡座間味村に属する。
粟国島,,26.5840581,127.232222,沖縄県,B,自然,粟国島（あぐにじま）は、粟国諸島に属する島である。
安慶名城跡,,26.3810118,127.850561,沖縄県,C,その他,
伊計島,,26.3918699,127.9961462,沖縄県,B,その他,伊計島（いけいじま）は、沖縄県うるま市に属する島で、沖縄本島中部の東部海岸に突出する勝連半島の北東約10kmに位置する。
伊江島,,26.7150964,127.7997828,沖縄県,A,自然,伊江島（いえじま）は、沖縄県の島。
伊是名島,,26.9274853,127.9396606,沖縄県,B,自然,伊是名島（いぜなじま）は、日本の南西諸島、沖縄本島北西部の伊平屋伊是名諸島に属する島である。
伊平屋島,,27.0474965,127.9664453,沖縄県,B,自然,"伊平屋島（いへやじま、沖縄語: イヒャージマ, 沖縄北部方言: イッピャー）は、日本の南西諸島、沖縄本島北西部の伊平屋伊是名諸島に属する島である。"
伊良部島,,24.8554621,125.188514,沖縄県,B,その他,伊良部島（いらぶじま）は、宮古列島の島のひとつである。
浦添市美術館,,26.250251,127.719498,沖縄県,D,美術館博物館,
浦内川,うらうちがわ,24.3773591,123.7859539,沖縄県,C,自然,西表島の秘境マリユドゥの滝への遊覧船が発着する川。
園比屋武御嶽,,26.2181025,127.7173215,沖縄県,B,その他,園比屋武御嶽（そのひゃんうたき、琉球語：すぬひゃんうたき）は16世紀の琉球王国・尚真王時代の御嶽で、沖縄県那覇市首里真和志町一丁目に位置する。
於茂登岳,,24.4272426,124.183424,沖縄県,B,自然,於茂登岳（おもとだけ、八重山語: ウムトゥダギ）は、沖縄県石垣市にある標高526メートルの山である。
沖宮,,26.2026606,127.6771014,沖縄県,B,神社仏閣,沖宮（おきのぐう）は沖縄県那覇市にある神社。
沖縄こどもの国,,26.3276961,127.8035022,沖縄県,B,その他,
沖縄コンベンションセンター,,26.2798541,127.7329507,沖縄県,B,その他,沖縄コンベンションセンター（おきなわコンベンションセンター、英語: Okinawa Convention Center）は、沖縄県宜野湾市真志喜四丁目にある沖縄県立の会議展覧センターである。
沖縄県総合運動公園,,26.3051995,127.8270943,沖縄県,C,その他,沖縄県総合運動公園（おきなわけんそうごううんどうこうえん）は、沖縄県沖縄市と中頭郡北中城村に位置する運動公園。
沖縄県平和祈念資料館,,26.0965181,127.7252361,沖縄県,B,美術館博物館,
沖縄県立博物館・美術館,,26.227314,127.6937647,沖縄県,C,その他,沖縄県立博物館・美術館（おきなわけんりつはくぶつかん・びじゅつかん）は、沖縄県那覇市おもろまちにある県立文化施設。
沖縄市戦後文化資料展示室 ヒストリート,,26.3371363,127.7971641,沖縄県,D,美術館博物館,
沖縄戦跡国定公園,,26.098278,127.7256286,沖縄県,B,その他,沖縄戦跡国定公園（おきなわせんせきこくていこうえん）は、沖縄県の沖縄本島南端部、糸満市と島尻郡八重瀬町にまたがる、第二次世界大戦（沖縄戦）の戦跡と自然景観を有する国定公園である。
沖縄美ら海水族館,,26.6941892,127.8780671,沖縄県,A,美術館博物館,沖縄美ら海水族館（おきなわちゅらうみすいぞくかん、英: Okinawa Churaumi Aquarium）は、沖縄本島北西部の本部半島備瀬崎近くにある国営沖縄記念公園・海洋博覧会地区（海洋博公園内）の水族館。
恩納村文化情報センター,,26.4365622,127.7932698,沖縄県,E,その他,恩納村文化情報センター（おんなそんぶんかじょうほうセンター）は、沖縄県恩納村にある図書館・観光情報案内機能を有する施設である。
下地島,,24.8286886,125.1579966,沖縄県,B,その他,下地島（しもじしま、しもじじま）は、宮古列島の島のひとつである。
下地島の通り池,,24.8242048,125.1362756,沖縄県,B,その他,
海軍司令部壕,,26.1862044,127.676503,沖縄県,B,その他,海軍司令部壕（かいぐんしれいぶごう）は、沖縄戦において大日本帝国海軍の司令部として使用された防空壕である。
海中道路,,26.3319291,127.922312,沖縄県,B,その他,海中道路（かいちゅうどうろ）は沖縄県うるま市にある道路。
垣花樋川,,26.1483755,127.7955675,沖縄県,D,その他,垣花樋川（かきのはなひーじゃー）は、沖縄県南城市玉城字垣花にある湧水で、環境省により1985年（昭和60年）名水百選のひとつに選定された。
茅打ちバンタ,,26.8542219,128.2498346,沖縄県,E,自然,
喜屋武岬,,26.0784179,127.6689523,沖縄県,B,その他,喜屋武岬（きやんみさき）は、沖縄本島南西端に位置する岬で、沖縄県糸満市喜屋武に属する。
宜野湾海浜公園,,26.2799031,127.7361858,沖縄県,C,その他,宜野湾海浜公園（ぎのわんかいひんこうえん、英: Ginowan Seaside Park）は、沖縄県宜野湾市真志喜にある都市公園（運動公園）である。
宜野湾市立博物館,,26.2697671,127.7406824,沖縄県,D,美術館博物館,
久高島,,26.1634439,127.8960806,沖縄県,B,自然,久高島（くだかじま）は、沖縄本島東南端に位置する知念岬の東海上5.3kmにある、周囲8.0kmの細長い島である。
久米島,,26.3363644,126.7856316,沖縄県,B,自然,久米島（くめじま）は、沖縄本島から西に約100 km、沖縄諸島に属する島で、最も西に位置する島である。
宮古神社,,24.8077366,125.2803974,沖縄県,C,神社仏閣,宮古神社（みやこじんじゃ）は、沖縄県宮古島市に鎮座する神社である。
宮古島,,24.8173756,125.3294648,沖縄県,A,自然,宮古島（みやこじま、宮古語:みゃーく/myāku/、沖縄語:なーく/nāku/）は、沖縄県宮古島市に属する宮古列島の島の一つである。
宮古島海宝館,,24.7303658,125.4295341,沖縄県,D,美術館博物館,宮古島海宝館（みやこじまかいほうかん）は、沖縄県宮古島市城辺字保良にある貝類の専門博物館である。
宮古島市総合博物館,,24.796933,125.317688,沖縄県,E,美術館博物館,
宮古島市熱帯植物園,,24.8005448,125.3156981,沖縄県,D,その他,宮古島市熱帯植物園（みやこじましねったいしょくぶつえん）は、沖縄県宮古島市平良東仲宗根添にある植物園である。
宮良殿内,,24.3412215,124.159729,沖縄県,C,その他,宮良殿内（みやらどぅんち、めーらどうぬじい）は沖縄県石垣市にある琉球王国時代の邸宅。
玉泉洞,ぎょくせんどう,26.1373361,127.7518083,沖縄県,B,自然,沖縄ワールド内にある国内屈指の規模を誇る鍾乳洞。
玉陵,,26.2181233,127.7146812,沖縄県,B,その他,玉陵（たまうどぅん、玉御殿または霊御殿とも）は、琉球王国、第二尚氏王統の歴代国王が葬られている陵墓。
金城ダム,,26.2122465,127.7188134,沖縄県,C,その他,金城ダム（きんじょうダム）は、沖縄県那覇市にあり、二級河川・安里川に建設された洪水調節のためのダムである。
金武観音寺,,26.4553141,127.9213911,沖縄県,C,神社仏閣,
具志堅用高記念館,,24.3497907,124.1461726,沖縄県,C,美術館博物館,
慶良間諸島,けらましょとう,26.2288715,127.3032288,沖縄県,A,自然,「ケラマブルー」と称される透明度の高い海を持つ国立公園。
古宇利島,,26.7037332,128.017934,沖縄県,B,その他,古宇利島（こうりじま）は、沖縄県国頭郡今帰仁村に属する島で、沖縄本島北部にある屋我地島の北に位置する。
高那崎,,24.0499263,123.8052199,沖縄県,C,自然,高那崎（たかなざき、八重山語: タカナザシ）は、八重山列島の波照間島（沖縄県八重山郡竹富町字波照間）南東部にある岬である。
国営沖縄記念公園,,26.6917536,127.8784476,沖縄県,B,自然,国営沖縄記念公園（こくえいおきなわきねんこうえん）は、沖縄県の沖縄本島にある国営公園。
国際海洋情報センター,,26.5216892,128.0187234,沖縄県,D,美術館博物館,
国際通り,,26.2138122,127.6808596,沖縄県,B,その他,国際通り（こくさいどおり/こくさいとおり）は、沖縄県那覇市の県庁北口交差点（パレットくもじ前交差点）から安里三叉路までの約1.6 kmの通り。
今帰仁城跡,なきじんじょうあと,26.6907778,127.9297778,沖縄県,A,城,琉球王国のグスク及び関連遺産群を構成する世界遺産の城跡。
佐和田の浜,,24.8405952,125.1599717,沖縄県,D,その他,佐和田の浜（さわだのはま）は、沖縄県宮古島市の伊良部島北西部から下地島北東部にかけての海岸。
砂山ビーチ,,24.839256,125.2806077,沖縄県,D,自然,砂山ビーチ（すなやまビーチ）は、沖縄県宮古島市の宮古島にある砂浜である。
座間味島,,26.2336679,127.316289,沖縄県,B,自然,座間味島（ざまみじま）は、沖縄県の慶良間諸島の島。
座喜味城,,26.4083474,127.7417244,沖縄県,B,その他,座喜味城（ざきみぐすく・ざきみじょう）は、沖縄県中頭郡読谷村にあったグスク（御城）の城趾。
斎場御嶽,,26.1723583,127.8263726,沖縄県,B,その他,
識名園,しきなえん,26.2038611,127.7153056,沖縄県,A,自然,琉球国王の別邸であった世界遺産の庭園。
首里城,しゅりじょう,26.217,127.7195,沖縄県,A,城,琉球王国の王城。世界遺産。
首里城公園,,26.2179809,127.7161664,沖縄県,A,その他,首里城（しゅりじょう、沖縄語: すいぐしく）は、琉球王国中山首里（現在の沖縄県那覇市）にあり、かつて海外貿易の拠点だった那覇港を見下ろす丘陵地にあったグスク（御城）の城趾である。
出雲大社 沖縄分社,,26.2300931,127.7035543,沖縄県,C,神社仏閣,
勝連城跡,,26.3305015,127.8790311,沖縄県,B,その他,
小浜島,,24.3351666,123.9766194,沖縄県,B,自然,小浜島（こはまじま）は、八重山列島の島である。
新城海岸,,24.7610036,125.423282,沖縄県,D,自然,新城海岸（あらぐすくかいがん）は、宮古島東部の沖縄県宮古島市城辺字新城にある砂浜である。
新城島,あらぐすくじま,24.2338889,123.9444444,沖縄県,D,自然,「パナリ島」とも呼ばれる牧場が広がる小島。
新都心公園,,26.228923,127.6958778,沖縄県,D,その他,新都心公園（しんとしんこうえん）は、沖縄県那覇市おもろまちにある都市公園（総合公園）である。
真栄田岬,,26.4439064,127.7720512,沖縄県,D,自然,真栄田岬（まえだみさき）は、沖縄県恩納村真栄田区にある岬である。
瀬長島,,26.1753131,127.6423895,沖縄県,B,自然,瀬長島（せながじま）は、沖縄県豊見城市に属する島である。
瀬底島,,26.647192,127.8648996,沖縄県,B,その他,瀬底島（せそこじま）は、沖縄県国頭郡本部町に属する島で、本部半島の西方沖約600メートルの東シナ海に位置する。
瀬底浜,,26.649386,127.8553711,沖縄県,D,その他,瀬底浜（せそこはま）は、沖縄県国頭群本部町瀬底にある全長約800メートルの海岸である。
西原マリンパーク,,26.211431,127.7711565,沖縄県,D,その他,西原マリンパーク（にしはらマリンパーク、英文：Nishihara Marine Park ）は、沖縄県中頭郡西原町字東崎地内の中城湾埋立地に設置された海浜公園である。
西崎,,24.4501678,122.9343048,沖縄県,C,自然,西崎（いりざき、いりさてぃ）は、与那国島の西端、沖縄県八重山郡与那国町字与那国にある岬である。
西表島,,24.3969492,123.852661,沖縄県,A,自然,西表島（いりおもてじま、八重山語:いりむてぃ/irimuti/、沖縄語:いりうむてぃ/ʔiriʔumuti/）は、沖縄県八重山郡竹富町に属する八重山列島の島である。
西表野生生物保護センター,,24.3310297,123.908886,沖縄県,D,その他,西表野生生物保護センター（いりおもてやせいせいぶつほごセンター、Iriomote Wildlife Conservation Center）は、沖縄県八重山郡竹富町にある野生生物保護センターである。
西平安名岬,,24.910234,125.255214,沖縄県,D,その他,
石垣市立八重山博物館,,24.3380719,124.1595407,沖縄県,D,美術館博物館,石垣市立八重山博物館（いしがきしりつやえやまはくぶつかん）は、沖縄県石垣市にある市立博物館である。
石垣鐘乳石洞,,24.3618503,124.1543424,沖縄県,D,その他,
石垣島,,24.5426969,124.301148,沖縄県,A,自然,石垣島（いしがきじま、八重山語:いしゃなぎぅ/ʔiʃanagï/、沖縄語:いしがち/ishigaci/）は、沖縄県の八重山列島にある島。
先島諸島火番盛,,24.9221694,125.2478957,沖縄県,C,その他,先島諸島火番盛（さきしましょとうひばんむい）は、沖縄県先島諸島（宮古諸島及び八重山諸島）の島々に点在する遠見番所群である。
川平湾,,24.4500748,124.1436464,沖縄県,C,その他,川平湾（かびらわん）は、沖縄県石垣市の石垣島北西部にある湾である。
船浮,,24.3382581,123.7280071,沖縄県,B,その他,船浮（ふなうき）は、沖縄県八重山郡竹富町の西表島南西部にある地区の地名。
多良間島,,24.654215,124.6995313,沖縄県,B,自然,多良間島（たらまじま、宮古語:たらま/tarama/）は、沖縄県の宮古島と石垣島の中間に位置する宮古列島の島である。
大東宮,,25.9442258,131.3025931,沖縄県,D,神社仏閣,
大東神社,,25.8424169,131.2265755,沖縄県,D,神社仏閣,
知念城跡,,26.1604879,127.8120865,沖縄県,D,その他,
池間大橋,,24.9156941,125.2660543,沖縄県,C,その他,"池間大橋（いけまおおはし）は、沖縄県宮古島市北西部に位置し宮古島と池間島とを結ぶ全長1,425mの橋である。"
池間島,,24.9321214,125.234354,沖縄県,B,自然,池間島（いけまじま）は、宮古島の北西1.5kmに位置し、沖縄県宮古島市平良池間に属する島である。
竹富島,たけとみじま,24.3297222,124.0866667,沖縄県,B,街並み,赤瓦屋根とサンゴの石垣が続く重要伝統的建造物群保存地区の島。
中城城,,26.2856413,127.8032911,沖縄県,B,城,中城城（なかぐすくじょう）は、沖縄県中頭郡北中城村・中城村に存在した日本の城。
仲間川,なかまがわ,24.29834,123.8404225,沖縄県,C,自然,マングローブ林を遊覧船で巡れる西表島最大の河川。
津堅島,,26.246976,127.9366539,沖縄県,B,自然,津堅島（つけんじま）は、沖縄県うるま市に属する島である。
通り池,,24.823744,125.1361924,沖縄県,B,その他,通り池（とおりいけ）は、沖縄県宮古島市の下地島の西岸にある池である。
天久宮,,26.2282565,127.6825308,沖縄県,C,神社仏閣,
渡嘉敷島,,26.1812747,127.3470736,沖縄県,B,自然,渡嘉敷島（とかしきじま）は、沖縄県島尻郡渡嘉敷村に属する島である。
渡口の浜,,24.811818,125.1796625,沖縄県,D,その他,渡口の浜（とぐちのはま）は、沖縄県宮古島市の伊良部島南西部にある砂浜海岸である。
渡名喜島,,26.3586044,127.1501569,沖縄県,B,自然,渡名喜島（となきじま、沖縄語:とぅなち/tunaci/）は、沖縄県の島。
唐人墓,,24.3656999,124.1133457,沖縄県,C,自然,唐人墓（とうじんばか）は、沖縄県石垣市の観音崎にある墓地。
東崎,,24.4616394,123.0434603,沖縄県,D,自然,東崎（あがりざき）は、与那国島の東端、沖縄県八重山郡与那国町東崎にある岬。
東南植物楽園,,26.3758309,127.8071032,沖縄県,C,その他,東南植物楽園（とうなんしょくぶつらくえん）は、沖縄県沖縄市知花に所在する日本の植物園、博物館相当施設である。
東平安名岬,,24.7188134,125.4691408,沖縄県,C,その他,
桃林寺,,24.3437512,124.1555183,沖縄県,C,神社仏閣,
道の駅かでな,,26.3680641,127.7741803,沖縄県,D,その他,道の駅かでな（みちのえき かでな）は、沖縄県中頭郡嘉手納町にある沖縄県道74号沖縄嘉手納線の道の駅である。
那覇空港,,26.206209,127.652196,沖縄県,A,その他,"那覇空港（なはくうこう、英: Naha Airport、IATA: OKA, ICAO: ROAH）は、沖縄県那覇市にある空港。"
南大東島,,25.8463682,131.2183676,沖縄県,A,その他,南大東島（みなみだいとうじま）は、沖縄本島の約360km東方（宮崎県の真南）に位置する大東諸島の島で、沖縄県内では6番目に面積が大きい。
念頭平松,,27.0716353,127.9967321,沖縄県,D,その他,念頭平松（ねんとうひらまつ）は、沖縄県島尻郡伊平屋村田名（伊平屋島）に生育しているリュウキュウマツである。
波の上ビーチ,,26.2212104,127.6720405,沖縄県,C,その他,波の上ビーチ（なみのうえビーチ）は、沖縄県那覇市にある人工ビーチである。
波照間島,はてるまじま,24.0591667,123.7825,沖縄県,B,自然,日本最南端の有人島、満天の星空で知られる。
波上宮,,26.220675,127.6711834,沖縄県,B,神社仏閣,波上宮（なみのうえぐう；沖縄語：なんみんぐう）は、沖縄県那覇市にある神社。
美ら海水族館,ちゅらうみすいぞくかん,26.6943689,127.878038,沖縄県,A,その他,ジンベエザメの大水槽で知られる水族館。
浜比嘉島,,26.3183249,127.9524315,沖縄県,B,自然,浜比嘉島（はまひがしま、はまひがじま）は、沖縄県うるま市に属する島で、沖縄諸島のうち、与勝諸島を構成する太平洋の有人島である。
普天満宮,,26.2928442,127.7772206,沖縄県,B,神社仏閣,普天満宮（ふてんまぐう）は、沖縄県宜野湾市普天間にある神社。
部瀬名岬,,26.54326,127.9334682,沖縄県,D,自然,部瀬名岬（ぶせなみさき）は、沖縄県名護市にある岬。
福州園,,26.2178108,127.6757835,沖縄県,C,その他,福州園（ふくしゅうえん）は、沖縄県那覇市久米にある中国式庭園である。
平安座島,,26.3489303,127.9486993,沖縄県,B,自然,平安座島（へんざじま）は、沖縄県うるま市に属する島で、沖縄諸島のうち、与勝諸島を構成する太平洋の有人島である。
平安名埼灯台,,24.719523,125.468515,沖縄県,C,自然,
辺戸岬,,26.8719708,128.2656383,沖縄県,B,その他,辺戸岬（へどみさき）は、沖縄県国頭郡国頭村辺戸に属し、太平洋及び東シナ海に面する岬（東経128度15分56秒、北緯26度52分18秒）。
北大東島,,25.9421799,131.3010546,沖縄県,B,その他,北大東島（きただいとうじま）は、大東諸島に属する島で、沖縄県北大東村の村域。
牧志公設市場,まきしこうせついちば,26.2145278,127.6882778,沖縄県,B,街並み,国際通り近くにある沖縄食材が並ぶ市場、2階の食堂も人気。
末吉公園,,26.2276345,127.7176257,沖縄県,D,その他,末吉公園（すえよしこうえん）は沖縄県那覇市にある都市公園（総合公園）である。
万座毛,まんざもう,26.5050087,127.8502564,沖縄県,B,自然,象の鼻に似た断崖の景勝地。
漫湖,,26.1934829,127.6838623,沖縄県,A,その他,漫湖（まんこ）は、沖縄県那覇市と豊見城市にまたがる干潟である。
名護のひんぷんガジュマル,,26.5873364,127.985928,沖縄県,C,その他,
名護城址,,26.5887925,127.9934158,沖縄県,C,その他,
名護博物館,,26.5979382,127.9877565,沖縄県,D,美術館博物館,名護博物館（なごはくぶつかん）は、沖縄県名護市にある総合博物館。
名蔵アンパル,,24.4025188,124.1416631,沖縄県,C,その他,名蔵アンパル（なぐらアンパル、名蔵網張）は、日本の沖縄県石垣市西部に位置する干潟およびマングローブ林を含む地域である。
由布島,,24.3431921,123.9329354,沖縄県,B,自然,由布島（ゆぶじま）は、八重山列島の島である。
与那国島海底地形,,24.4360446,123.0114653,沖縄県,A,その他,
与那覇前浜,よなはまえはま,24.7360451,125.2611947,沖縄県,B,自然,「東洋一美しい」とも称される宮古島の白砂ビーチ。
来間島,,24.7181981,125.2500618,沖縄県,B,自然,来間島（くりまじま）は、宮古列島の島である。
龍潭,,26.2192808,127.7179666,沖縄県,C,その他,龍潭（りゅうたん）は、沖縄県那覇市にある池。
臨海寺,,26.2385624,127.6822771,沖縄県,D,神社仏閣,
