name,name_kana,prefecture,municipality,lat,lng,rank,category,description,official_url
崇徳天皇御廟,,京都府,,35.001378,135.7763475,A,神社,崇徳天皇（すとくてんのう、旧字体: 崇德天皇、1119年7月7日〈元永2年5月28日〉- 1164年9月14日〈長寛2年8月26日〉）は、日本の第75代天皇（在位: 1123...,
伊勢神宮 内宮,,三重県,伊勢市,34.4568397,136.7240254,A,神社,伊勢神宮（いせじんぐう）は、日本の三重県伊勢市にある神社。正式名称は「神宮」（じんぐう）である。,
出雲大社,,島根県,,35.3997948,132.6855077,A,神社,出雲大社（いずもおおやしろ / いずもたいしゃ）は、島根県出雲市大社町杵築東にある神社。祭神は大国主大神。,
平等院,,京都府,,34.8894972,135.8075436,A,寺院,平等院（びょうどういん）は、京都府宇治市宇治蓮華にある単立の寺院。山号は朝日山。,
平安神宮,,京都府,京都市,35.016171,135.7828996,A,神社,平安神宮（へいあんじんぐう）は、京都市左京区にある神社。,
法隆寺,,奈良県,斑鳩町,34.6139827,135.7359814,A,寺院,法隆寺（ほうりゅうじ、旧字体: 法隆󠄁寺）は、奈良県生駒郡斑鳩町法隆寺山内にある聖徳宗の総本山の寺院。山号はなし。,
日光東照宮,,栃木県,日光市,36.757705,139.5990943,A,神社,日光東照宮（にっこうとうしょうぐう）は、栃木県日光市にある神社。,
金閣寺,,京都府,京都市,35.0395853,135.7295062,A,寺院,,
清水寺,,京都府,,34.9944239,135.7844825,A,寺院,清水寺（きよみずでら、英: Kiyomizu-dera Temple）は、京都市東山区清水1丁目にある北法相宗の大本山の寺院。山号は音羽山。,
櫻田山神社,,宮城県,栗原市,38.7958176,140.9848698,A,神社,櫻田山神社（さくらださんじんじゃ）は、宮城県栗原市栗駒桜田にある神社。正式名称は山神社（さんじんじゃ）であるが、地区名の桜田を冠した「櫻田山神社」で一般に呼ばれる。,
善光寺,,長野県,,36.661395,138.1878461,A,寺院,善光寺（ぜんこうじ）は、長野県長野市元善町に存在する無宗派の単立仏教寺院。住職は「大勧進貫主」と「大本願上人」の両名が務め、実際の護持・運営は天台宗と浄土宗が担っている（後述）。,
鹿島神宮,,茨城県,,35.9687708,140.6315435,A,神社,,
永平寺,,福井県,永平寺町,36.0556875,136.3560726,A,寺院,永平寺（えいへいじ）は、福井県吉田郡永平寺町にある、曹洞宗の仏教寺院。總持寺と並んで、日本における曹洞宗の中心的な寺院（大本山）である。,
立正佼成会,,北海道,苫小牧市,42.6532521,141.629912,A,寺院,,
明治神宮,,東京都,渋谷区,35.6750484,139.6994785,A,神社,明治神宮（めいじじんぐう）は、日本の東京都渋谷区にある神社。祭神は明治天皇と昭憲皇太后で、明治天皇崩御後の1920年（大正9年）11月1日に創建された。,
鶴岡八幡宮,,神奈川県,鎌倉市,35.3251675,139.5559376,A,神社,,
東寺,,京都府,,34.981189,135.74771,A,寺院,東寺（とうじ）は、京都市南区九条町にある東寺真言宗の総本山の寺院。山号は八幡山。,
薬師寺,,奈良県,奈良市,34.6687298,135.7845238,A,寺院,,
金龍山 浅草寺,,東京都,台東区,35.713454,139.7959524,A,寺院,浅草寺（せんそうじ）は、東京都台東区浅草二丁目にある都内最古の寺で、正式には金龍山浅草寺（きんりゅうざんせんそうじ）と号する。,
西本願寺,,京都府,,34.991585,135.7510539,A,寺院,,
金刀比羅宮,,香川県,琴平町,34.1840227,133.80939,A,神社,,
金峯山寺,,奈良県,,34.3682805,135.85798,A,寺院,,
氷川神社,,埼玉県,さいたま市,35.9166734,139.629768,A,神社,氷川神社（ひかわじんじゃ）は、埼玉県さいたま市大宮区高鼻町一丁目にある神社。式内社（名神大社）、武蔵国一宮を称する（ないし三宮）勅祭社。,
香取神宮,,千葉県,香取市,35.8857007,140.5289896,A,神社,,
金剛峯寺,,和歌山県,,34.213977,135.5836533,A,寺院,,
四天王寺,,大阪府,大阪市,34.6546295,135.5164027,A,寺院,四天王寺（してんのうじ）は、大阪市天王寺区四天王寺にある和宗の総本山の寺院。山号は荒陵山（あらはかさん）。,
神田明神,,東京都,千代田区,35.7019658,139.7677523,A,神社,神田明神（かんだみょうじん）は、東京都千代田区外神田二丁目にある神社。正式名称は神田神社（かんだじんじゃ）。,
等持院,,京都府,,35.0312675,135.7239839,A,寺院,,
石清水八幡宮,,京都府,,34.8797343,135.7000516,A,神社,,
橿原神宮,,奈良県,,34.4878708,135.7871787,A,神社,橿原神宮（かしはらじんぐう）は、奈良県橿原市久米町にある神社。旧社格は官幣大社、勅祭社。,
寛永寺,,東京都,台東区,35.7215778,139.7743693,A,寺院,寛永寺（かんえいじ）は、東京都台東区上野桜木一丁目にある天台宗関東総本山の寺院。山号は東叡山（とうえいざん）。,
東叡山寛永寺 圓珠院,,東京都,,35.7206262,139.7713924,A,寺院,,
住吉大社,,大阪府,大阪市,34.6127108,135.4930041,A,神社,住吉大社（すみよしたいしゃ）は、大阪府大阪市住吉区住吉にある神社。式内社（名神大社）、摂津国一宮、二十二社（中七社）の一つ。,
総持寺,,神奈川県,,35.5068191,139.6708526,A,寺院,,
八坂神社,,京都府,,35.0034854,135.778387,A,神社,八坂神社（やさかじんじゃ）は、京都府京都市東山区祇園町北側にある神社。二十二社（下八社）の一社。,
東本願寺,,京都府,,34.9913887,135.7583906,A,寺院,東本願寺（ひがしほんがんじ）は、京都市下京区にある真宗大谷派の本山の寺院。山号はなし。,
銀閣寺,,京都府,京都市,35.0269122,135.7984287,A,寺院,慈照寺（じしょうじ）は、日本の京都市左京区銀閣寺町にある臨済宗相国寺派の寺院。大本山相国寺の境外塔頭。,
飛鳥寺,,奈良県,明日香村,34.478654,135.8201676,A,寺院,,
三十三間堂,,京都府,,34.9879926,135.7717834,A,寺院,三十三間堂（さんじゅうさんげんどう）は、京都市東山区三十三間堂廻町にある天台宗の寺院。本尊は千手観音。,
大徳寺,,京都府,,35.0428383,135.7465224,A,寺院,大徳寺（だいとくじ、旧字体: 大德寺）は、京都市北区紫野大徳寺町にある臨済宗大徳寺派の大本山の寺院。山号は龍宝山（りゅうほうざん）。,
大山祇神社,,愛媛県,,34.2481099,133.0051084,A,神社,大山祇神社（おおやまづみじんじゃ）は、愛媛県今治市大三島町宮浦にある神社。式内社（名神大社）、伊予国一宮。,
三峯神社,,埼玉県,,35.9257246,138.929866,A,神社,三峯神社（みつみねじんじゃ）は、埼玉県秩父市三峰にある神社。旧社格は県社で、現在は神社本庁の別表神社。,
三井寺（園城寺）,,滋賀県,,35.0133901,135.8528467,A,寺院,園城寺（おんじょうじ）は、滋賀県大津市園城寺町にある天台寺門宗の総本山の寺院。山号は長等山（ながらさん）。,
仁和寺,,京都府,京都市,35.0297494,135.7140311,A,寺院,仁和寺（にんなじ）は、京都市右京区御室大内にある真言宗御室派の総本山の寺院。山号は大内山。,
下鴨神社,,京都府,,35.0369731,135.7727345,A,神社,,
圓教寺,,兵庫県,姫路市,34.8888373,134.6576603,A,寺院,圓教寺（円教寺、えんぎょうじ）は、兵庫県姫路市書写にある天台宗の別格本山の寺院。山号は書寫山（書写山）。,
天龍寺,,京都府,,35.0161665,135.6746179,A,寺院,天龍寺（てんりゅうじ）は、京都市右京区嵯峨天龍寺芒ノ馬場町にある臨済宗天龍寺派の大本山の寺院。山号は霊亀山（れいぎざん）。,
太宰府天満宮,,福岡県,,33.5212486,130.5369429,A,神社,太宰府天満宮（だざいふてんまんぐう）は、福岡県太宰府市宰府（さいふ）にある神社。近代社格制度による旧社格は官幣中社で、現在は神社本庁の別表神社。,
龍安寺,,京都府,,35.0334933,135.7180571,A,寺院,,
投入堂,,鳥取県,,35.3963963,133.9599397,A,寺院,投入堂（なげいれどう）は、鳥取県東伯郡三朝町にある木造建築物。,
富士山本宮浅間大社,,静岡県,富士宮市,35.2273066,138.6101708,A,神社,富士山本宮浅間大社（ふじさんほんぐうせんげんたいしゃ）は、静岡県富士宮市にある神社。式内社（名神大社）、駿河国一宮。,
熊野本宮大社,,和歌山県,,33.8403988,135.7736668,A,神社,,
深大寺,,東京都,,35.6674305,139.5503387,A,寺院,深大寺（じんだいじ）は、東京都調布市深大寺元町にある仏教寺院。天台宗別格本山で、山号は浮岳山。,
高徳院,,神奈川県,鎌倉市,35.3165116,139.5358246,A,寺院,,
日枝神社,,東京都,,35.6746457,139.739932,A,神社,日枝神社（ひえじんじゃ）は、東京都千代田区永田町二丁目にある、山王信仰の神社。山王さま等とも呼ばれ、江戸三大祭の一つ、山王祭が行われる。,
唐招提寺,,奈良県,,34.6758632,135.7853862,A,寺院,唐招提寺（とうしょうだいじ）は、奈良県奈良市五条町にある律宗の総本山の寺院。山号はなし。,
久能山東照宮,,静岡県,静岡市,34.9647856,138.4675976,A,神社,久能山東照宮（くのうざんとうしょうぐう）は、日本の静岡市駿河区根古屋に所在する神社である。,
北野天満宮,,京都府,,35.0302384,135.7348654,A,神社,北野天満宮（きたのてんまんぐう、英: Kitano-Tenmangu Shrine）は、京都市上京区にある神社（天満宮）。二十二社（下八社）の一社。,
妙心寺,,京都府,,35.0234314,135.7202166,A,寺院,妙心寺（みょうしんじ）は、京都市右京区花園妙心寺町にある臨済宗妙心寺派の大本山の寺院。山号は正法山。,
南禅寺,,京都府,,35.0116224,135.7926827,A,寺院,南禅寺（なんぜんじ）は、京都市左京区南禅寺福地町にある臨済宗南禅寺派の大本山の寺院。山号は瑞龍山。,
大聖院,,広島県,,34.2917429,132.3185618,A,寺院,大聖院（だいしょういん）は広島県廿日市市宮島町にある真言宗御室派の大本山の寺院。山号は多喜山（たきざん、「滝山」とも）、多喜山大聖院水精寺（すいしょうじ）と号する。,
富岡八幡宮,,東京都,,35.6715882,139.799754,A,神社,富岡八幡宮（とみおかはちまんぐう）は、東京都江東区富岡にある八幡神社。通称で深川八幡宮（ふかがわはちまんぐう）とも称される。,
知恩院,,京都府,,35.0055155,135.78324,A,寺院,知恩院（ちおんいん）は、京都市東山区林下町にある浄土宗の総本山の寺院。山号は華頂山（かちょうざん）。,
稲荷神社,,秋田県,,39.4885515,140.5415612,A,神社,稲荷神社（いなりじんじゃ）・稲荷社（いなりしゃ）は、稲荷神を祀る神社。京都市伏見区深草にある伏見稲荷大社が神道上の稲荷神社の総本宮となっている。,
築地本願寺,,東京都,中央区,35.6665791,139.7721306,A,寺院,,
東福寺,,京都府,,34.9771669,135.7752757,A,寺院,東福寺（とうふくじ）は、京都市東山区本町十五丁目にある臨済宗東福寺派の大本山の寺院。山号は慧日山（えにちさん）。,
建仁寺,,京都府,,35.0001782,135.7746022,A,寺院,建仁寺（けんにんじ）は、京都市東山区にある臨済宗建仁寺派の大本山の寺院。山号は東山（とうざん）。,
中尊寺,,岩手県,,39.0009727,141.103602,A,寺院,中尊寺（ちゅうそんじ）は、岩手県西磐井郡平泉町にある天台宗東北大本山の寺院。奥州三十三観音番外札所。,
上賀茂神社,,京都府,,35.0603405,135.7525539,A,神社,,
貴船神社,,京都府,,35.1218145,135.7629968,A,神社,,
穴守稲荷神社,,東京都,,35.550272,139.7494664,A,神社,穴守稲荷神社（あなもりいなりじんじゃ）は、東京都大田区羽田にある稲荷神社。祭神は豊受姫命。,
八方除 寒川神社,,神奈川県,寒川町,35.3790142,139.38316,A,神社,寒川神社（さむかわじんじゃ）は、神奈川県高座郡寒川町宮山に鎮座する神社。相模國一之宮。,
長谷寺,,奈良県,,34.5350967,135.9067334,A,寺院,,
泉涌寺,,京都府,,34.9784535,135.7802444,A,寺院,泉涌寺（せんにゅうじ）は、京都市東山区泉涌寺山内町にある真言宗泉涌寺派の総本山の寺院。山号は東山（とうざん）または泉山（せんざん）。,
豊国神社,,京都府,,34.9913418,135.7723519,A,神社,,
當麻寺,,奈良県,,34.5159946,135.6944964,A,寺院,當麻寺（たいまでら、常用漢字体：当麻寺）は、奈良県葛城市當麻にある真言宗・浄土宗二宗の寺院。法号は禅林寺。,
三嶋大社,,静岡県,三島市,35.121854,138.9190723,A,神社,三嶋大社（みしまたいしゃ、三島大社）は、静岡県三島市大宮町にある神社。式内社（名神大社）、伊豆国一宮、伊豆国総社。,
生國魂神社行宮,,大阪府,,34.6823424,135.5112403,A,神社,,
鞍馬寺,,京都府,,35.1178389,135.7707261,A,寺院,,
室生寺,,奈良県,,34.5379679,136.0406198,A,寺院,室生寺（むろうじ）は、奈良県宇陀市室生にある真言宗室生寺派の大本山の寺院。山号は宀一山（べんいちさん）または檉生山（むろうさん）。,
二荒山神社,,栃木県,日光市,36.7583924,139.5963813,A,神社,日光二荒山神社（にっこうふたらさんじんじゃ）は、栃木県日光市にある神社。式内社（名神大社）論社、下野国一宮。,
二荒山神社中宮祠,,栃木県,日光市,36.7416026,139.4876546,A,神社,,
大石寺,,静岡県,,35.2803961,138.5844896,A,寺院,大石寺（たいせきじ）は、日蓮正宗総本山の寺院である。宗祖は日蓮。,
大峯山寺,,奈良県,,34.2534066,135.9400235,A,神社,大峯山寺（おおみねさんじ）は、奈良県吉野郡天川村にある修験道の寺院である。大峯山山上ヶ岳の山頂に建つ。,
鷲宮神社,,埼玉県,久喜市,36.0999753,139.6548687,A,神社,,
籠神社,,京都府,,35.5825856,135.1968627,A,神社,,
霧島神宮,,鹿児島県,霧島市,31.8586127,130.8712947,A,神社,,
智積院,,京都府,,34.9879368,135.7768287,A,寺院,智積院（ちしゃくいん）は、京都市東山区にある真言宗智山派の総本山の寺院。山号は五百佛山（いおぶさん）。,
相国寺,,京都府,,35.0325994,135.761858,A,寺院,相国寺（しょうこくじ）は、京都市上京区相国寺門前町にある臨済宗相国寺派の大本山の寺院。山号は萬年山（まんねんざん）。,
輪王寺,,栃木県,,36.7548552,139.6007723,A,寺院,,
彌彦神社,,新潟県,,37.7069008,138.8263409,A,神社,弥彦神社（やひこじんじゃ、旧字体: 彌彥神󠄀社󠄁）は、新潟県西蒲原郡弥彦村弥彦にある神社。式内社（名神大社）、越後国一宮。,
建長寺,,神奈川県,,35.3324309,139.555963,A,寺院,建長寺（けんちょうじ）は、神奈川県鎌倉市山ノ内にある禅宗の寺院で、臨済宗建長寺派の大本山。正式には巨福山建長興国禅寺（こふくさんけんちょうこうこくぜんじ）と号する。,
サムハラ 神社,,大阪府,,34.6789515,135.4909725,A,神社,サムハラ神社（サムハラじんじゃ）は、大阪府大阪市西区立売堀（いたちぼり）にある神社である。,
豊川稲荷,,愛知県,,34.8257995,137.3927463,A,寺院,,
久遠寺,,山梨県,身延町,35.3812636,138.4265599,A,寺院,久遠寺（くおんじ）は、山梨県南巨摩郡身延町にある、日蓮宗の総本山（祖山）。山号は身延山。,
円覚寺,,神奈川県,,35.3379538,139.54828,A,寺院,円覚寺（えんがくじ）は、神奈川県鎌倉市山ノ内にある寺院。正式には瑞鹿山円覚興聖禅寺（ずいろくさんえんがくこうしょうぜんじ 山号: 瑞鹿山）と号する。,
回向院,,東京都,墨田区,35.6933386,139.7920396,A,寺院,回向院（えこういん）は、東京都墨田区両国二丁目にある浄土宗の寺院、および過去にその別院であった東京都荒川区南千住五丁目にある寺院。,
上野東照宮,,東京都,,35.7153982,139.7706324,A,神社,上野東照宮（うえのとうしょうぐう）は、東京都台東区上野恩賜公園内にある神社。旧社格は府社。,
護国寺,,東京都,文京区,35.7211012,139.7268482,A,寺院,,
萬福寺,,京都府,宇治市,34.9140148,135.8068867,A,寺院,,
茨城県護国神社,,茨城県,,36.3746259,140.4474782,A,神社,,
朝護孫子寺,,奈良県,,34.6090885,135.6703389,A,寺院,朝護孫子寺（ちょうごそんしじ）は、奈良県生駒郡平群町信貴山にある信貴山真言宗の総本山の寺院。山号は信貴山。,
大覚寺,,京都府,,35.0286469,135.6794868,A,寺院,大覚寺（だいかくじ）は、京都市右京区嵯峨大沢町にある真言宗大覚寺派の大本山の寺院。山号は嵯峨山。,
熊野速玉大社,,和歌山県,,33.7322611,135.9836507,A,神社,,
鎌原観音堂,,群馬県,,36.5161836,138.5484,A,寺院,,
玉置神社,,奈良県,,33.9248571,135.8300095,A,神社,玉置神社（たまきじんじゃ）は、奈良県吉野郡十津川村にある神社。大峰山系の霊山の一つである玉置山の山頂直下の9合目に位置し、大峯奥駈道の靡（なびき）のひとつである。,
瑞巌寺,,宮城県,,38.3721758,141.0595579,A,寺院,,
吉備津神社,,岡山県,,34.6707449,133.8506114,A,神社,吉備津神社（きびつじんじゃ）は、岡山県岡山市北区吉備津にある神社。式内社（名神大社）、備中国一宮。,
寶山寺,,奈良県,,34.6843892,135.6864001,A,寺院,寳山寺（ほうざんじ）は、奈良県生駒市門前町にある真言律宗の大本山の寺院。山号は生駒山。,
東京大神宮,,東京都,,35.7000073,139.7468581,A,神社,東京大神宮（とうきょうだいじんぐう）は、東京都千代田区富士見二丁目にある神社。天照皇大神・豊受大神を主祭神とする。,
青蓮院,,京都府,,35.0074835,135.7833712,A,寺院,,
秩父神社,,埼玉県,秩父市,35.9976288,139.0842502,A,神社,,
熊野那智大社,,和歌山県,,33.6684719,135.890338,A,神社,,
宇治上神社,,京都府,,34.8920436,135.8114973,A,神社,宇治上神社（うじがみじんじゃ/うじかみじんじゃ）は、京都府宇治市宇治山田にある神社。式内社で、旧社格は村社。,
松岡山東慶寺,,神奈川県,鎌倉市,35.3344556,139.5456041,A,寺院,東慶寺（とうけいじ）は、神奈川県鎌倉市山ノ内にある臨済宗円覚寺派の寺院である。山号は松岡山、寺号は東慶総持禅寺。,
北海道神宮,,北海道,,43.0545817,141.3092301,A,神社,北海道神宮（ほっかいどうじんぐう）は、北海道札幌市中央区にある神社（神宮）。円山公園に隣接する。,
石山寺,,滋賀県,,34.9604102,135.9054905,A,寺院,石山寺（いしやまでら）は、滋賀県大津市石山寺にある東寺真言宗の大本山の寺院。山号は石光山。,
三千院,,京都府,,35.1195241,135.8350497,A,寺院,三千院（さんぜんいん）は、京都市左京区大原来迎院町にある天台宗の寺院。山号は魚山（ぎょざん）。,
真清田神社,,愛知県,,35.3075018,136.8019814,A,神社,,
明月院,,神奈川県,鎌倉市,35.3349178,139.5516872,A,寺院,明月院（めいげついん）は、神奈川県鎌倉市山ノ内にある臨済宗建長寺派の寺院。正式には福源山明月院（ふくげんざめいげついん）と号する。,
鵜戸神宮,,宮崎県,日南市,31.6492649,131.466212,A,神社,,
熊野大社,,島根県,,35.3732128,133.0705728,A,神社,熊野大社（くまのたいしゃ）は、島根県松江市八雲町熊野にある神社。式内社（名神大社）、出雲国一宮。,
川崎大師,,神奈川県,川崎市,35.5340918,139.7294498,A,寺院,平間寺（へいけんじ）は、神奈川県川崎市川崎区にある、真言宗智山派の大本山。1128年（大治3年）建立。,
高台寺,,京都府,,35.0003229,135.781354,A,寺院,,
宇都宮二荒山神社,,栃木県,,36.5624338,139.8853744,A,神社,宇都宮二荒山神社（うつのみやふたあらやまじんじゃ、-ふたらやまじんじゃ）は、栃木県宇都宮市にある神社。式内社（名神大社）論社、下野国一宮。,
槇尾山施福寺（槇尾寺）,,大阪府,,34.3929129,135.5116081,A,寺院,施福寺（せふくじ）は、大阪府和泉市槙尾山町にある天台宗の寺院。山号は槇尾山。,
白峯神宮,,京都府,,35.0302768,135.753149,A,神社,白峯神宮（しらみねじんぐう）は、京都市上京区東飛鳥井町にある神社。配流されてその地で歿した崇徳天皇・淳仁天皇を祀る。,
櫛田神社,,福岡県,,33.5930723,130.4106976,A,神社,櫛田神社（くしだじんじゃ）は福岡県福岡市博多区上川端町にある神社。旧社格は県社。,
総本山 聖護院門跡,,京都府,,35.01908,135.7806399,A,寺院,,
愛宕神社,,京都府,京都市,35.0599954,135.6344724,A,神社,愛宕神社（あたごじんじゃ）は、京都市右京区嵯峨愛宕町にある神社。旧称は阿多古神社。,
長谷寺,,神奈川県,鎌倉市,35.3123395,139.5332494,A,寺院,,
生田神社,,兵庫県,,34.6947669,135.1904861,A,神社,生田神社（いくたじんじゃ）は、兵庫県神戸市中央区にある神社。式内社（名神大社）で、旧社格は官幣中社。,
丹生都比売神社,,和歌山県,かつらぎ町,34.2630761,135.5214845,A,神社,丹生都比売神社（にうつひめじんじゃ、にぶつひめじんじゃ、丹生都比賣神社）は、和歌山県伊都郡かつらぎ町上天野にある神社。式内社（名神大社）、紀伊国一宮。,
吉田神社,,京都府,,35.0243784,135.7845746,A,神社,吉田神社（よしだじんじゃ）は、京都市左京区吉田神楽岡町にある神社。吉田山に位置する。,
柴又帝釈天,,東京都,葛飾区,35.7584204,139.8787384,A,寺院,柴又帝釈天（しばまたたいしゃくてん）または、帝釈天 題経寺（たいしゃくてん だいきょうじ）は、東京都葛飾区柴又七丁目にある日蓮宗の寺院。,
廣田神社,,兵庫県,,34.7529338,135.3400056,A,神社,廣田神社（ひろたじんじゃ、広田神社）は、兵庫県西宮市大社町にある神社。式内社（名神大社）、二十二社（下八社）の一社。,
豪徳寺,,東京都,世田谷区,35.648682,139.6473095,A,寺院,,
大安寺,,奈良県,,34.6679364,135.8127455,A,寺院,大安寺（だいあんじ）は、奈良県奈良市大安寺二丁目にある高野山真言宗の寺院。山号はなし。,
本圀寺,,京都府,,34.9992115,135.8073267,A,寺院,本圀寺（ほんこくじ）は、京都市山科区御陵大岩にある日蓮宗の大本山（霊跡寺院）の寺院。山号は大光山。,
覚王山日泰寺,,愛知県,,35.1715764,136.9550206,A,寺院,,
安房神社,,千葉県,館山市,34.922593,139.8370142,A,神社,安房神社（あわじんじゃ）は、千葉県館山市大神宮にある神社。式内社（名神大社）、安房国一宮。,
修多羅寺,,茨城県,,36.4751657,140.2850357,A,寺院,修多羅寺（しゅたらじ）は、茨城県東茨城郡城里町小勝にある日蓮宗の寺院。山号は長久山、旧本山は大本山法華経寺(中山門流)。,
乃木神社,,東京都,港区,35.668586,139.727995,A,神社,乃木神社（のぎじんじゃ）は、東京都港区赤坂にある神社。明治期の軍人・乃木希典（乃木希典命）とその妻・乃木静子（乃木静子命）を祀る。,
小網神社,,東京都,,35.6841674,139.7804475,A,神社,小網神社（こあみじんじゃ）は、東京都中央区日本橋小網町にある神社。「小網神社社殿及び神楽殿附棟札・造営関係資料」は中央区有形文化財となっている（1991年4月1日指定）。,
愛宕神社,,東京都,,35.6649257,139.7488172,A,神社,愛宕神社（あたごじんじゃ）は、東京都港区愛宕一丁目にある神社。戦勝や防火に連なる愛宕権現を祀っており（愛宕信仰）、京都の愛宕神社が総本社である。,
鳥越神社,,東京都,,35.7019971,139.7857711,A,神社,,
多田神社,,兵庫県,,34.8608963,135.402667,A,神社,多田神社（ただじんじゃ）は、兵庫県川西市多田院多田所町にある神社。旧社格は県社で、現在は神社本庁の別表神社。,
金戒光明寺,,京都府,,35.0194721,135.7884216,A,寺院,,
青岸渡寺,,和歌山県,,33.6693068,135.8899207,A,寺院,,
毛越寺,,岩手県,,38.9882247,141.1073021,A,寺院,毛越寺（もうつうじ）は、岩手県西磐井郡平泉町（創建時は陸奥国磐井郡平泉）に所在する、天台宗の寺院。現在の本尊は薬師如来立像（平安時代後期の作。,
調神社,,埼玉県,さいたま市,35.8534177,139.6556849,A,神社,調神社（つきじんじゃ）は、埼玉県さいたま市浦和区岸町三丁目にある神社。式内社で、旧社格は県社。,
湯島天満宮,,東京都,文京区,35.7076842,139.7678622,A,神社,湯島天満宮（ゆしまてんまんぐう）は、東京都文京区湯島三丁目にある天満宮で、菅原道真を含む二柱の祭神を祀る神社。通称は湯島天神（ゆしまてんじん）、旧称は湯島神社（ゆしまじんじゃ）。,
大阪天満宮,,大阪府,,34.6961478,135.5127788,A,神社,大阪天満宮（おおさかてんまんぐう）は、大阪市北区天神橋にある神社。別名に天満天神・浪華菅廟・中島天満宮がある。,
伊勢神宮 外宮,,三重県,,34.4873236,136.703365,A,神社,,
神護寺,,京都府,,35.0544255,135.6698692,A,寺院,,
神魂神社,,島根県,,35.4255144,133.084434,A,神社,神魂神社（かもすじんじゃ）は、島根県松江市大庭町にある神社である。旧社格は県社で、意宇六社の一社。,
高麗神社,,埼玉県,,35.8985741,139.3227046,A,神社,,
瑠璃光寺,,山口県,,34.1898401,131.4717766,A,寺院,瑠璃光寺（るりこうじ）は、山口市香山町にある、仏教曹洞宗の寺院。国宝の五重塔を中心として、境内は香山公園と呼ばれ、桜や梅の名所にもなっている。,
箱根神社,,神奈川県,,35.2039578,139.0255666,A,神社,,
息栖神社,,茨城県,,35.8858155,140.6251097,A,神社,息栖神社（いきすじんじゃ）は、茨城県神栖市息栖にある神社。国史見在社で、旧社格は県社。,
阿蘇神社,,熊本県,阿蘇市,32.9476916,131.1160299,A,神社,,
一心寺,,大阪府,,34.6527185,135.5106576,A,寺院,一心寺（いっしんじ）は、大阪市天王寺区にある浄土宗の寺院。山号は坂松山（ばんしょうざん）。,
枚岡神社,,大阪府,,34.6698429,135.6505061,A,神社,枚岡神社（ひらおかじんじゃ）は、大阪府東大阪市出雲井町（いずもいちょう）にある神社。式内社（名神大社）、河内国一宮。,
鑁阿寺,,栃木県,,36.3375432,139.4521176,A,寺院,,
木島坐天照御魂神社,,京都府,,35.014456,135.7134253,A,神社,木嶋坐天照御魂神社（このしまにますあまてるみたまじんじゃ、木島坐天照御魂神社）は、京都市右京区太秦森ケ東町にある神社。式内社（名神大社）で、旧社格は郷社。,
西宮神社,,兵庫県,西宮市,34.7352092,135.3346532,A,神社,,
猿田彦神社,,三重県,,34.4673487,136.720861,A,神社,猿田彦神社（さるたひこじんじゃ）は、三重県伊勢市の伊勢神宮内宮の近くにある神社である。猿田彦大神と、その子孫の大田命を祭神とする。,
金山神社,,神奈川県,,35.5345537,139.7246453,A,神社,,
大雄山最乗寺,,神奈川県,,35.3019559,139.0754344,A,寺院,,
西新井大師,,東京都,足立区,35.779756,139.7806452,A,寺院,,
安居神社,,大阪府,,34.6544824,135.5109293,A,神社,安居神社（やすいじんじゃ）は、大阪市天王寺区にある神社。旧社格は村社。,
大樹寺,,愛知県,,34.9843176,137.1652924,A,寺院,大樹寺（だいじゅじ / だいじゅうじ）は、愛知県岡崎市鴨田町にある浄土宗の寺院。徳川氏（松平氏）の菩提寺。,
神呪寺,,兵庫県,,34.7731861,135.3298353,A,寺院,神呪寺（かんのうじ、神咒寺）は、兵庫県西宮市甲山町にある真言宗御室派の別格本山の寺院。山号は甲山。,
中山法華経寺,,千葉県,市川市,35.7202948,139.9482157,A,寺院,法華経寺（ほけきょうじ）は、千葉県市川市中山二丁目にある日蓮宗大本山の寺院である。鎌倉時代の文応元年（1260年）創立。,
頂法寺,,京都府,,35.0076246,135.7603754,A,寺院,,
崇福寺,,福岡県,,33.6055059,130.4139533,A,寺院,崇福寺（そうふくじ）は、福岡県福岡市博多区にある臨済宗大徳寺派の寺院。同派三道場の一つ。,
南宮大社,,岐阜県,,35.3606897,136.5253565,A,神社,南宮大社（なんぐうたいしゃ）は、岐阜県不破郡垂井町にある神社。古くから「なんぐうさん」と呼ばれる。,
水無瀬神宮,,大阪府,,34.8850406,135.6727538,A,神社,水無瀬神宮（みなせじんぐう）は、大阪府三島郡島本町にある神社。旧社格は官幣大社で、現在は神社本庁の別表神社。,
天河大弁財天社,,奈良県,,34.2234827,135.8417126,A,神社,天河大弁財天社（てんかわだいべんざいてんしゃ、天河神社）は、奈良県吉野郡天川村坪内にある神社。旧社格は郷社。,
小野神社,,東京都,,35.6530699,139.4419497,A,神社,小野神社（おのじんじゃ）は、東京都多摩市にある神社。式内社論社、武蔵国一宮を称する。,
露 天神社,,大阪府,,34.6991011,135.5008272,A,神社,,
平野神社,,京都府,,35.032364,135.7325114,A,神社,平野神社（ひらのじんじゃ）は、京都市北区平野宮本町にある神社。式内社（名神大社）で、二十二社（上七社）の一社。,
傳通院,,東京都,,35.7124809,139.746878,A,寺院,伝通院（でんづういん）は、東京都文京区小石川三丁目の高台にある浄土宗の寺。正式名称は、無量山 伝通院 寿経寺（むりょうざん・でんづういん・じゅきょうじ）。,
淡嶋神社,,和歌山県,,34.273696,135.0666881,A,神社,淡嶋神社（あわしまじんじゃ）は、和歌山県和歌山市加太にある神社。式内社論社で、旧社格は郷社。,
大洗磯前神社,,茨城県,,36.3157434,140.587729,A,神社,大洗磯前神社（おおあらいいそさきじんじゃ）は、茨城県東茨城郡大洗町にある、大己貴命と少彦名命を祀る神社。式内社（名神大社）。,
瑠璃光院,,京都府,京都市,35.0635691,135.8086163,A,寺院,瑠璃光院（るりこういん）は、京都市左京区上高野にある寺院。岐阜市に本坊を置く「浄土真宗無量寿山光明寺」の支院で、本尊は阿弥陀如来。,
須磨寺,,兵庫県,,34.6491725,135.1114723,A,寺院,,
高山寺,,京都府,,35.0604829,135.6777774,A,寺院,高山寺（こうざんじ、こうさんじ）は、京都市右京区梅ヶ畑栂尾町（とがのおちょう）にある真言宗系単立の寺院。山号は栂尾山。,
浅草神社,,東京都,,35.7149242,139.797547,A,神社,浅草神社（あさくさじんじゃ）は、東京都台東区浅草に所在する浅草寺本堂の東隣りにある神社である。通称に三社権現（さんじゃごんげん）、三社様（さんじゃさま）。,
阿夫利神社本社,,神奈川県,伊勢原市,35.4406014,139.2311081,A,神社,大山阿夫利神社（おおやまあふりじんじゃ）は、神奈川県伊勢原市の大山（別名: 雨降山〈あふりやま〉）にある神社である。,
鹿児島神宮,,鹿児島県,霧島市,31.7536248,130.7380701,A,神社,鹿児島神宮（かごしまじんぐう）は、鹿児島県霧島市隼人町内（はやとちょううち）にある神社。式内大社（国幣大社）、大隅国一宮。,
橘寺,,奈良県,,34.469922,135.8179167,A,寺院,橘寺（たちばなでら）は、奈良県高市郡明日香村橘にある天台宗の寺院。山号は仏頭山。,
紫雲山 中山寺,,兵庫県,,34.8212057,135.3678039,A,寺院,中山寺（なかやまでら）は、兵庫県宝塚市中山寺にある真言宗中山寺派の大本山の寺院。山号は紫雲山。,
観心寺,,大阪府,河内長野市,34.4369378,135.5985146,A,寺院,,
龍光院,,京都府,,35.0421148,135.7434513,A,寺院,,
東本願寺,,東京都,,35.7117233,139.7895232,A,寺院,東本願寺（ひがしほんがんじ）は、東京都台東区西浅草にある浄土真宗東本願寺派の本山である。本尊は阿弥陀如来。,
生島足島神社,,長野県,,36.3604632,138.2180323,A,神社,,
弘明寺,,神奈川県,横浜市,35.4242245,139.5975361,A,寺院,弘明寺（ぐみょうじ）は、神奈川県横浜市南区弘明寺町にある高野山真言宗の寺院。瑞應山蓮華院と号し、横浜市内最古の寺院である。,
九品山 唯在念佛院 浄真寺,,東京都,,35.6084285,139.6606912,A,寺院,九品仏浄真寺（くほんぶつじょうしんじ）は、東京都世田谷区奥沢七丁目にある浄土宗の寺である。山号は「九品山」、正式名称は「九品山唯在念佛院淨眞寺」。,
圓隆寺,,広島県,,34.389227,132.4625932,A,寺院,とうかさん（稲荷さん・稲荷山・稲荷参）は、広島県広島市中区三川町にある日蓮宗の寺院、福昌山 慈善院 圓隆寺（ふくしょうざん じぜんいん えんりゅうじ）のこと。,
瑞龍寺,,富山県,,36.7355981,137.0105367,A,寺院,瑞龍寺（ずいりゅうじ）は、富山県高岡市にある曹洞宗の仏教寺院。山号は高岡山（こうこうざん）。,
喜多院,,埼玉県,,35.9178006,139.488985,A,寺院,喜多院（きたいん）は、埼玉県川越市にある天台宗の寺院。山号は星野山（せいやさん）。,
伊勢山皇大神宮,,神奈川県,,35.4503736,139.6262336,A,神社,"伊勢山皇大神宮（いせやまこうたいじんぐう）は、神奈川県横浜市西区宮崎町にある神社。
天照皇大神を祭神とし、桜の花が社紋である。",
根津神社,,東京都,文京区,35.7200041,139.7607627,A,神社,根津神社（ねづじんじゃ）は、東京都文京区根津にある神社。旧社格は府社で、元准勅祭社（東京十社）。,
平塚八幡宮,,神奈川県,平塚市,35.3336368,139.3490446,A,神社,平塚八幡宮（ひらつかはちまんぐう）は、神奈川県平塚市浅間町（せんげんちょう）にある神社。旧社格は県社で、現在は神社本庁の別表神社。,
清浄光寺,,神奈川県,,35.3480792,139.4883602,A,寺院,清浄光寺（しょうじょうこうじ）は、神奈川県藤沢市にある時宗総本山の寺院。藤沢山無量光院清浄光寺と号す。,
鳥海山大物忌神社,,山形県,,39.0977038,140.048707,A,神社,,
秋葉山本宮秋葉神社上社,,静岡県,,34.9811091,137.8656319,A,神社,,
中宮寺,,奈良県,斑鳩町,34.6149294,135.739858,A,寺院,中宮寺（ちゅうぐうじ）は、奈良県生駒郡斑鳩町法隆寺北にある聖徳宗の寺院。山号は法興山。,
上御霊神社,,京都府,,35.0365172,135.7614034,A,神社,上御霊神社（かみごりょうじんじゃ）は、京都市上京区上御霊竪町にある神社。旧社格は府社。,
甲斐善光寺,,山梨県,,35.6659552,138.5929174,A,寺院,善光寺（ぜんこうじ）は、山梨県甲府市善光寺にある浄土宗の寺院。山号は定額山（じょうがくざん）。,
宮崎神宮,,宮崎県,,31.9383583,131.4235103,A,神社,宮﨑神宮（みやざきじんぐう）は、宮崎県宮崎市神宮にある神社である。旧社格は官幣大社で、現在は神社本庁の別表神社。,
三室戸寺,,京都府,,34.8997569,135.8183283,A,寺院,三室戸寺（みむろとじ）は、京都府宇治市にある本山修験宗の別格本山の寺院。山号は明星山。,
大鳥大社,,大阪府,大阪市,34.5364001,135.4604746,A,神社,大鳥大社（おおとりたいしゃ）は、大阪府堺市西区鳳北町にある神社。和泉国大鳥郡の式内社（名神大社）で、和泉国一宮。,
西芳寺,,京都府,,34.9923225,135.6836028,A,寺院,,
最上稲荷山 妙教寺,,岡山県,岡山市,34.7099921,133.8321428,A,寺院,最上稲荷（さいじょういなり）は、岡山県岡山市北区にある日蓮宗の寺である。正式名称は最上稲荷山妙教寺。,
神泉苑,,京都府,,35.0114436,135.7481264,A,寺院,神泉苑（しんせんえん）は、京都市中京区門前町にある東寺真言宗の寺院。本尊は聖観音。,
法華寺,,奈良県,奈良市,34.6921886,135.8044572,A,寺院,法華寺（ほっけじ）は、奈良県奈良市法華寺町にある光明宗の本山の寺院。山号はなし。,
成願寺,,東京都,,35.6940522,139.6817876,A,寺院,成願寺（じょうがんじ）は、東京都中野区本町二丁目にある曹洞宗の寺院。山号は多宝山（たほうざん）。,
玉前神社,,千葉県,,35.3761992,140.3605288,A,神社,玉前神社（たまさきじんじゃ）は、千葉県長生郡一宮町一宮にある神社。式内社（名神大社）、上総国一宮。,
白鬚神社,,滋賀県,,35.2745838,136.0110627,A,神社,,
吉祥寺,,東京都,文京区,35.7278356,139.7545071,A,寺院,吉祥寺（きちじょうじ）は、東京都文京区本駒込三丁目にある曹洞宗の寺院。山号は諏訪山。,
宝厳寺,,滋賀県,,35.4210688,136.1434294,A,寺院,宝厳寺（ほうごんじ）は、滋賀県長浜市の竹生島にある真言宗豊山派の寺院。山号は巌金山（がんこんさん）。,
清凉寺,,京都府,,35.0235725,135.6744762,A,寺院,清凉寺（せいりょうじ）は、京都市右京区嵯峨釈迦堂藤ノ木町にある浄土宗の寺院。山号は五台山（ごだいさん）。,
六道珍皇寺,,京都府,,34.998384,135.7754064,A,寺院,六道珍皇寺（ろくどうちんのうじ、ろくどうちんこうじ）は、京都市東山区小松町にある臨済宗建仁寺派の寺院。山号は大椿山。,
都久夫須麻神社,,滋賀県,,35.4205104,136.1442493,A,神社,,
真源寺 入谷鬼子母神,,東京都,,35.719879,139.7827173,A,寺院,,
不動院,,広島県,,34.4270315,132.4711145,A,寺院,不動院（ふどういん）は、広島県広島市東区にある真言宗別格本山（広島県真言宗教団）の寺院。,
太山寺,,兵庫県,,34.6966355,135.0674475,A,寺院,太山寺（たいさんじ）は、兵庫県神戸市西区にある天台宗の寺院。山号は三身山（さんしんざん）。,
松陰神社,,東京都,,35.6471805,139.6561244,A,神社,,
美保神社,,島根県,,35.5622806,133.3066667,A,神社,,
耕三寺,,広島県,,34.3039622,133.0898242,A,寺院,,
日御碕神社,,島根県,,35.4295631,132.6297468,A,神社,日御碕神社（ひのみさきじんじゃ）は島根県出雲市の日御碕に鎮座する神社。通称、みさきさん。,
東峰神社,,千葉県,,35.784907,140.3932153,A,神社,東峰神社（とうほうじんじゃ）は、千葉県成田市東峰にある神社。,
妻沼聖天山,,埼玉県,,36.2281887,139.3746748,A,神社,歓喜院（かんぎいん）は、埼玉県熊谷市妻沼（めぬま）にある高野山真言宗の仏教寺院である。日本三大聖天の一つとされる。,
英彦山神社,,大分県,,33.4779478,130.9262449,A,神社,,
極楽寺,,神奈川県,鎌倉市,35.3101158,139.5288013,A,寺院,極楽寺（ごくらくじ）は、神奈川県鎌倉市極楽寺にある真言律宗の寺院である。霊鷲山感応院極楽律寺（りゅうじゅさん かんのういん ごくらくりつじ）と号する。,
寂光院,,京都府,,35.12399,135.820763,A,寺院,寂光院（じゃっこういん）は、京都市左京区大原にある天台宗の寺院（尼寺）。山号は清香山。,
水間観音,,大阪府,,34.3988311,135.3861089,A,寺院,水間寺（みずまでら）は、大阪府貝塚市水間にある天台宗の別格本山の寺院。山号は龍谷山。,
高尾山薬王院,,東京都,,35.6259769,139.2497267,A,寺院,高尾山薬王院（たかおさんやくおういん）は、東京都八王子市の高尾山にある寺院。真言宗智山派の関東三大本山の一つ。,
大雲院 (京都市),,京都府,,35.0021092,135.7800589,A,寺院,大雲院（だいうんいん）は、京都市東山区祇園町にある浄土宗系単立の寺院。山号は龍池山。,
穂高神社,,長野県,,36.3386217,137.8843104,A,神社,,
築土神社,,東京都,,35.6960609,139.7499766,A,神社,,
伊佐須美神社,,福島県,,37.4564105,139.8404408,A,神社,伊佐須美神社（いさすみじんじゃ）は、福島県大沼郡会津美里町宮林にある神社。式内社（名神大社）、陸奥国二宮。,
法観寺,,京都府,,34.9985414,135.7793482,A,寺院,法観寺（ほうかんじ）は、京都市東山区八坂上町にある臨済宗建仁寺派の寺院。山号は霊応山。,
來宮神社,,静岡県,熱海市,35.1002237,139.067798,A,神社,來宮神社（きのみやじんじゃ）は、静岡県熱海市にある神社である。社格は旧村社。,
東長寺,,福岡県,,33.5951689,130.4139072,A,寺院,東長寺（とうちょうじ）は、福岡県福岡市博多区にある真言宗の寺院。九州における真言宗九州教団の拠点寺院（別格本山）である。,
目黒不動,,東京都,,35.6282261,139.7085663,A,寺院,瀧泉寺（りゅうせんじ）は、東京都目黒区下目黒に所在する天台宗の寺院。山号は泰叡山（たいえいざん）。,
浄瑠璃寺,,京都府,,34.7156696,135.8730764,A,寺院,浄瑠璃寺（じょうるりじ）は、京都府木津川市加茂町西小字札場（にしお あざ ふたば）にある真言律宗の寺院。山号は小田原山。,
豊国神社,,大阪府,,34.6843094,135.5264155,A,神社,,
興正寺,,京都府,,34.9897313,135.7524615,A,寺院,,
善福寺,,東京都,,35.6535644,139.7328718,A,寺院,善福寺（ぜんぷくじ）は、東京都港区元麻布一丁目にある浄土真宗本願寺派の寺院。山号は麻布山（あざぶさん）。,
長谷寺,,東京都,港区,35.6609025,139.7190197,A,寺院,,
武田神社,,山梨県,甲府市,35.6866895,138.5773898,A,神社,武田神社（たけだじんじゃ）は、山梨県甲府市古府中町にある神社。躑躅ヶ崎館の跡地（武田氏館跡）に建てられており、武田信玄を祭神とする。,
一乗寺,,兵庫県,,34.8593676,134.818857,A,寺院,一乗寺（いちじょうじ）は、兵庫県加西市にある天台宗の寺院。山号は法華山。,
氷川女体神社,,埼玉県,,35.8869208,139.6937649,A,神社,氷川女体神社（ひかわにょたいじんじゃ）は、埼玉県さいたま市緑区にある神社。登記上の宗教法人名称は旧字体の氷川女體神社である。,
月読神社 本殿,,京都府,,34.9965339,135.6860518,A,神社,月読神社（つきよみじんじゃ、月讀神社）は、京都市西京区にある神社。式内社（名神大社）で、現在は松尾大社摂社。,
寿福寺,,神奈川県,鎌倉市,35.3243223,139.5501094,A,寺院,寿福寺（じゅふくじ）は、神奈川県鎌倉市扇ガ谷にある臨済宗建長寺派の寺院である。正式には亀谷山寿福金剛禅寺（きこくさん じゅふくきんごうぜんじ）と号する。,
壬生寺,,京都府,,35.0018382,135.7435526,A,寺院,壬生寺（みぶでら）は、京都市中京区壬生梛ノ宮町にある律宗の大本山の寺院。山号はなし。,
笠間稲荷神社,,茨城県,,36.3854725,140.2543843,A,神社,,
大杉神社,,茨城県,,35.9522474,140.3826995,A,神社,大杉神社（おおすぎじんじゃ）は、茨城県稲敷市阿波（あば）にある神社。豪奢な社殿を擁することから「茨城の日光東照宮」の異名がある。,
昇仙峡,,山梨県,,35.7458956,138.5674863,A,神社,昇仙峡（しょうせんきょう）は、山梨県甲府市、甲府盆地北側、荒川上流に位置する渓谷である。特別名勝に指定されており、国内有数の景勝地である。,
荒神社,,奈良県,,34.1575318,135.6563827,A,神社,立里荒神社（たてりこうじんしゃ）は、奈良県吉野郡野迫川村大字池津川にある神社である。空海が高野山を開創する際に祀ったと伝わる。,
雄山神社峰本社,,富山県,,36.5732195,137.6178679,A,神社,,
道明寺,,大阪府,,34.5688393,135.6160097,A,寺院,,
瑞龍寺,,滋賀県,,35.1442784,136.0824889,A,寺院,瑞龍寺（ずいりゅうじ）は、滋賀県近江八幡市宮内町にある日蓮宗の本山（由緒寺院）。山号はなく御所号「村雲御所」を冠する。,
西國06番 紫雲山 葛井寺（藤井寺）,,大阪府,,34.5700444,135.5965987,A,寺院,,
清荒神清澄寺,,兵庫県,,34.8220172,135.3527391,A,寺院,,
叡福寺,,大阪府,太子町,34.5187985,135.6391072,A,寺院,叡福寺（えいふくじ）は、大阪府南河内郡太子町太子にある太子宗の本山の寺院。山号は磯長山（しながさん）。,
深川不動尊,,東京都,,35.6730119,139.7983051,A,寺院,成田山 東京別院 深川不動堂（なりたさん とうきょうべついん ふかがわふどうどう）は、東京都江東区富岡にある真言宗智山派の寺院であり、千葉県成田市にある成田山新勝寺の東京別院...,
藤森神社,,京都府,,34.9503499,135.7714799,A,神社,藤森神社（ふじのもりじんじゃ）は、京都市伏見区深草にある神社。旧社格は府社。,
麻賀多神社,,千葉県,,35.7707427,140.2763125,A,神社,,
古峯神社,,栃木県,,36.6548173,139.5271523,A,神社,古峯神社（ふるみねじんじゃ）は、栃木県鹿沼市草久（くさぎゅう）にある神社。祭神は日本武尊。,
新薬師寺,,奈良県,,34.6758346,135.8458855,A,寺院,新薬師寺（しんやくしじ）は、奈良県奈良市高畑町にある華厳宗の寺院。山号は日輪山。,
身曾岐神社,,山梨県,北杜市,35.862162,138.3365381,A,神社,,
吉備津彦神社,,岡山県,,34.6765715,133.8635129,A,神社,吉備津彦神社（きびつひこじんじゃ）は、岡山県岡山市北区一宮にある神社。備前国一宮。,
高幡不動尊,,東京都,,35.6622183,139.4108786,A,寺院,,
圓照寺,,奈良県,,34.6439119,135.8453895,A,寺院,圓照寺（えんしょうじ、円照寺）は、奈良市山町にある臨済宗妙心寺派の尼寺。山号は普門山（ふもんざん）。,
御岩神社,,茨城県,,36.6361366,140.5851586,A,神社,御岩神社（おいわじんじゃ）は、茨城県日立市入四間町にある神社。社格は村社。,
大甕神社,,茨城県,,36.5140348,140.6128827,A,神社,大甕神社（おおみかじんじゃ）は、茨城県日立市大みか町にある神社。,
養源院,,京都府,,34.9879493,135.7731487,A,寺院,,
勝手神社,,奈良県,吉野町,34.3645908,135.8625968,A,神社,勝手神社（かつてじんじゃ）とは奈良県吉野郡吉野町にある神社。祭神は『和漢三才図会』に「勝手社 祭神一座 愛鬘命（うけりのみこと／うけのりのみこと）」とある。,
浄閑寺,,東京都,,35.7307451,139.7927922,A,寺院,浄閑寺（じょうかんじ）は東京都荒川区南千住にある浄土宗の寺院。山号は栄法山。,
鎌倉宮,,神奈川県,,35.3258941,139.5667848,A,神社,,
杭全神社,,大阪府,,34.6286767,135.5548792,A,神社,杭全神社（くまたじんじゃ）は大阪市平野区平野宮町にある神社。旧社格は府社。,
北口本宮冨士浅間神社,,山梨県,,35.4710185,138.7926872,A,神社,北口本宮冨士浅間神社（きたぐちほんぐうふじせんげんじんじゃ）は、山梨県富士吉田市上吉田にある神社。旧社格は県社で、現在は神社本庁の別表神社。,
法起寺,,奈良県,斑鳩町,34.6227775,135.7460229,A,寺院,法起寺（ほっきじ、ほうきじ）は、奈良県生駒郡斑鳩町岡本にある聖徳宗の寺院。山号は岡本山。,
今宮神社,,京都府,,35.0456879,135.7420947,A,神社,今宮神社（いまみやじんじゃ）は、京都市北区紫野今宮町にある神社。社格は旧府社。,
花の窟神社,,三重県,,33.8798309,136.0933864,A,神社,,
金地院,,京都府,,35.0103662,135.7905,A,寺院,,
称名寺,,神奈川県,,35.3436312,139.6300425,A,寺院,称名寺（しょうみょうじ）は、神奈川県横浜市金沢区金沢町にある真言律宗別格本山の寺院。山号は金沢山（きんたくさん）。,
上杉神社,,山形県,,37.9092747,140.1040578,A,神社,上杉神社（うえすぎじんじゃ）は、山形県米沢市にある神社。松が岬公園（米沢城址）に位置し、上杉謙信を祀る。,
六甲比命神社,,兵庫県,,34.7661647,135.2395453,A,神社,六甲比命大善神社（ろっこうひめだいぜんじんじゃ）は、兵庫県神戸市灘区六甲山町にある、荘厳な磐座をご神体とする神社である。,
青松寺,,東京都,,35.662854,139.7484226,A,寺院,,
佛光寺,,京都府,下京区,35.0007264,135.7622696,A,寺院,佛光寺（ぶっこうじ）は、京都市下京区高倉通仏光寺下ル新開町にある真宗佛光寺派の本山の寺院。山号は渋谷山（汁谷山）。,
金鑚神社,,埼玉県,,36.1808388,139.0731325,A,神社,,
鶴林寺,,兵庫県,,34.7522463,134.8328727,A,寺院,,
千葉神社,,千葉県,千葉市,35.6117558,140.1237789,A,神社,千葉神社（ちばじんじゃ）は、千葉県千葉市中央区にある神社。旧社格は県社。,
真正極楽寺,,京都府,,35.0213287,135.7892854,A,寺院,,
日牟禮八幡宮,,滋賀県,,35.1409512,136.0897235,A,神社,日牟禮八幡宮（ひむれはちまんぐう）は、滋賀県近江八幡市宮内町にある神社。旧社格は県社で、現在は神社本庁の別表神社。,
飛騨一宮水無神社,,岐阜県,,36.0853732,137.2518072,A,神社,,
円光寺,,神奈川県,,35.4189174,139.3465422,A,寺院,円光寺（えんこうじ）は神奈川県厚木市愛甲にある臨済宗建長寺派の寺院。山号は西嶺山で「円光禅寺」とも称す。,
可睡斎,,静岡県,,34.7747985,137.9198959,A,寺院,可睡斎（かすいさい）は、静岡県袋井市久能にある曹洞宗の仏教寺院。山号は萬松山（ばんしょうざん）。,
伊豆山神社,,静岡県,,35.1155083,139.0824723,A,神社,伊豆山神社（いずさんじんじゃ又はいずやまじんじゃ）は、静岡県熱海市伊豆山にある神社。,
伊和神社,,兵庫県,,35.0875846,134.5864874,A,神社,伊和神社（いわじんじゃ）は、兵庫県宍粟市一宮町須行名にある神社。式内社（名神大社）、播磨国一宮。,
洲崎神社,,千葉県,,34.9680853,139.7576847,A,神社,洲崎神社（すさきじんじゃ/すのさきじんじゃ）は、千葉県館山市洲崎にある神社。式内社（大社）論社で、江戸時代に安房国一宮とされた。,
阿遅速遅神社,,大阪府,,34.6887895,135.5650147,A,神社,,
芝大神宮,,東京都,,35.657597,139.7530699,A,神社,,
御上神社,,滋賀県,,35.049466,136.0268824,A,神社,御上神社（みかみじんじゃ）は、滋賀県野洲市三上にある神社。式内社（名神大社）で、旧社格は官幣中社。,
元乃隅神社,,山口県,長門市油谷津黄498,34.4201143,131.0629369,A,神社,元乃隅神社（もとのすみじんじゃ）は、山口県長門市油谷津黄にある神社。旧称は元乃隅稲成神社（もとのすみいなりじんじゃ）。,
善峯寺,,京都府,,34.9384086,135.64429,A,寺院,善峯寺（よしみねでら）は、京都市西京区にある善峰観音宗の本山の寺院。山号は西山。,
白山神社,,東京都,,35.7218967,139.7505773,A,神社,白山神社（はくさんじんじゃ）は、東京都文京区白山にある神社である。旧称白山権現社。,
常陸国 出雲大社,,茨城県,,36.3541444,140.1842832,B,神社,常陸国出雲大社（ひたちのくにいずもたいしゃ）は、茨城県笠間市に存在する縁結びで有名な神社。元は出雲大社教の分祠だったが、2014年に独立した。,
四柱神社,,長野県,,36.2348983,137.9703559,B,神社,四柱神社（よはしらじんじゃ）は、長野県松本市大手に鎮座する神社である。地元では、10月の例祭「神道祭」から「しんとう（神道）さん」と呼ばれる。,
御釜神社,,宮城県,,38.3160871,141.0179079,B,神社,御釜神社（おかまじんじゃ）は、宮城県塩竈市本町にある神社。現在は鹽竈神社の境外末社。,
東郷神社,,東京都,,35.6715348,139.7062357,B,神社,東郷神社（とうごうじんじゃ）は、東京都渋谷区神宮前一丁目に鎮座する神社。東郷平八郎元帥を祀る。,
田村神社,,香川県,高松市,34.2860209,134.0275641,B,神社,田村神社（たむらじんじゃ）は、香川県高松市一宮町にある神社。式内社（名神大社）、讃岐国一宮。,
護王神社,,京都府,,35.0222097,135.7588335,B,神社,,
大念佛寺,,大阪府,,34.6273421,135.5505362,B,寺院,大念仏寺（だいねんぶつじ）は、大阪府大阪市平野区にある融通念仏宗の総本山の寺院。山号は大源山。,
尾山神社,,石川県,,36.5660146,136.6554033,B,神社,尾山神社（おやまじんじゃ）は、石川県金沢市にある神社。江戸時代後期から明治時代初期に流行した藩祖を祀った神社のひとつ。,
恩智神社,,大阪府,,34.6065143,135.6386261,B,神社,恩智神社（おんじじんじゃ/おんぢじんじゃ/おんちじんじゃ）は、大阪府八尾市恩智中町にある神社。式内社（名神大社）で、河内国二宮と伝わる。,
南法華寺,,奈良県,,34.4261313,135.809663,B,寺院,南法華寺（みなみほっけじ）は、奈良県高市郡高取町壺阪にある真言宗系単立の寺院。山号は壺阪山。,
百済寺,,滋賀県,東近江市,35.1268273,136.2915122,B,寺院,百済寺（ひゃくさいじ）は、滋賀県東近江市百済寺町にある天台宗の寺院。山号は釈迦山。,
神野寺,,千葉県,君津市,35.2547912,139.9632039,B,寺院,,
保久良神社,,兵庫県,,34.7355537,135.2780358,B,神社,保久良神社（ほくらじんじゃ）は、兵庫県神戸市東灘区本山町の保久良山（金鳥山中腹）に鎮座する神社である。式内社で、旧社格は郷社。,
実相院,,京都府,,35.0790218,135.7815034,B,寺院,実相院（じっそういん）は、京都市左京区岩倉上蔵町にある天台宗系単立の寺院。山号は岩倉山。,
廣瀬大社,,奈良県,河合町,34.5899886,135.7482912,B,神社,廣瀬大社（ひろせたいしゃ、広瀬大社）は、奈良県北葛城郡河合町川合にある神社。式内社（名神大社）、二十二社（中七社）の一社。,
岩木山神社,,青森県,,40.6209206,140.3416668,B,神社,岩木山神社（いわきやまじんじゃ）は、青森県弘前市百沢の岩木山の南東麓にある神社。別称、「お岩木さま」「お山」「奥日光」。,
大崎八幡宮,,宮城県,,38.2716699,140.844874,B,神社,大崎八幡宮（おおさきはちまんぐう）は、宮城県仙台市青葉区八幡にある神社である。旧社格は村社。,
豊国神社,,愛知県,,35.1742565,136.8545361,B,神社,,
布多天神社,,東京都,調布市,35.6567297,139.545429,B,神社,布多天神社（ふだてんじんしゃ）は、東京都調布市調布ケ丘にある神社。式内社で、旧社格は郷社。,
越木岩神社,,兵庫県,西宮市,34.758459,135.3221319,B,神社,,
穴八幡宮,,東京都,新宿区,35.7071143,139.7177016,B,神社,,
観世音寺,,福岡県,,33.5146915,130.5218,B,寺院,,
柳谷観音,,京都府,,34.9142293,135.6528366,B,寺院,楊谷寺（ようこくじ）は、京都府長岡京市浄土谷にある西山浄土宗の寺院。山号は立願山。,
大宮八幡宮,,東京都,杉並区,35.682388,139.6411499,B,神社,大宮八幡宮（おおみや はちまんぐう）は、日本の南関東、東京都杉並区大宮に所在する神社である。,
一休寺,,京都府,京田辺市,34.8206513,135.7575625,B,寺院,,
不動院岩屋堂,,鳥取県,,35.3003347,134.4303666,B,寺院,不動院岩屋堂（ふどういんいわやどう）は鳥取県八頭郡若桜町にある修験道寺院の建築である。国の重要文化財。,
霊山寺,,奈良県,,34.6741025,135.7437426,B,寺院,,
麻羅観音,,山口県,,34.2961598,131.0967345,B,寺院,,
高源寺,,埼玉県,,36.1341616,139.4629653,B,寺院,,
伊太祁曽神社,,和歌山県,,34.2017081,135.2500369,B,神社,伊太祁󠄀曽神社（いたきそじんじゃ）は、和歌山県和歌山市伊太祈曽にある神社。旧称は山東宮。,
大縣神社,,愛知県,,35.330152,136.9669995,B,神社,大縣神社（おおあがたじんじゃ）は、愛知県犬山市にある神社である。旧社格は、式内社（名神大社）・尾張国二宮・旧国幣中社・別表神社。,
瀧原宮,,三重県,,34.3669624,136.424161,B,神社,瀧原宮（たきはらのみや）は、三重県度会郡大紀町滝原にある神社であり、内宮（皇大神宮）の別宮である。祭神は天照坐皇大御神御魂（あまてらしますすめおおみかみのみたま）。,
平林寺,,埼玉県,新座市,35.789753,139.5606511,B,寺院,"平林寺（へいりんじ）は、埼玉県新座市野火止にある臨済宗妙心寺派の寺院で、野火止台地に約40ヘクタールの広大な境内を有する。
山号は「金鳳山」である。",
品川神社,,東京都,,35.6184327,139.7399916,B,神社,品川神社（しながわじんじゃ）は、東京都品川区北品川三丁目にある神社。元准勅祭社として東京十社のひとつでもある。,
伊奈波神社,,岐阜県,,35.4275953,136.7697873,B,神社,伊奈波神社（いなばじんじゃ）は、岐阜県岐阜市伊奈波通りにある神社。式内社論社、美濃国三宮で、旧社格は国幣小社。,
豊川稲荷東京別院,,東京都,,35.6765229,139.7328114,B,寺院,,
砥鹿神社,,愛知県,,34.8476763,137.421195,B,神社,砥鹿神社（とがじんじゃ）は、愛知県豊川市にある神社。式内小社、三河国一宮。,
亀戸天神社,,東京都,江東区,35.7027062,139.8209159,B,神社,亀戸天神社（かめいどてんじんしゃ）は、東京都江東区亀戸にある神社（天満宮）である。天満大神、すなわち菅原道真を祀り、受験生などを中心に学問の神として親しまれている。,
太郎坊宮 (阿賀神社),,滋賀県,,35.1181636,136.1823366,B,神社,,
廣峯神社,,兵庫県,,34.8739138,134.7003454,B,神社,"広峯神社（ひろみねじんじゃ）は、兵庫県姫路市の広峰山山頂にある神社である。
全国にある牛頭天王の総本宮（ただし、八坂神社も牛頭天王総本宮を主張している）。",
京都霊山護國神社,,京都府,,34.9994983,135.7832131,B,神社,京都霊山護国神社（きょうとりょうぜんごこくじんじゃ）は、京都市東山区清閑寺霊山町にある神社（護国神社）。現在は神社本庁の管理を離れた別表神社。,
意富比神社,,千葉県,船橋市,35.6957451,139.9931241,B,神社,意富比神社（おおひじんじゃ）は、千葉県船橋市にある神社。式内社で、旧社格は県社。,
永観堂 禅林寺,,京都府,,35.0140953,135.7949741,B,寺院,禅林寺（ぜんりんじ）は、京都市左京区永観堂町にある浄土宗西山禅林寺派の総本山の寺院。山号は聖衆来迎山（しょうじゅらいごうさん）。,
少彦名神社,,大阪府,,34.6888082,135.5060348,B,神社,少彦名神社（すくなひこなじんじゃ）は、大阪市中央区道修町にある神社。旧社格は無格社。,
円通寺,,東京都,,35.7339946,139.792883,B,寺院,円通寺（えんつうじ）は、東京都荒川区南千住にある曹洞宗の寺院。山号は補陀山。,
葛城一言主神社,,奈良県,,34.4453942,135.7119223,B,神社,,
天野山金剛寺,,大阪府,,34.4293773,135.5291084,B,寺院,,
林泉寺,,新潟県,,37.1506629,138.2130529,B,寺院,林泉寺（りんせんじ）は、新潟県上越市にある曹洞宗の寺院である。山号は春日山（かすがさん）。,
蓮華寺,,東京都,,35.7244396,139.6738922,B,寺院,,
誓願寺,,京都府,桜之町,35.0073476,135.7676864,B,寺院,,
臨済寺,,静岡県,,34.9930073,138.3758427,B,寺院,,
宝仙寺,,東京都,,35.6987247,139.6795587,B,寺院,"宝仙寺（ほうせんじ）は、東京都中野区中央二丁目にある真言宗豊山派の寺院。
中野区でも屈指の広大な寺院で、千年近くの歴史を誇る古刹である。",
清澄寺,,千葉県,鴨川市,35.160979,140.1514035,B,寺院,清澄寺（せいちょうじ）は、千葉県鴨川市清澄にある日蓮宗の大本山。山号は千光山。,
田縣神社,,愛知県,,35.3157242,136.9413397,B,神社,田縣神社（たがたじんじゃ）は、愛知県小牧市にある神社である。『延喜式神名帳』の尾張国丹羽郡「田縣神社」に比定されている。,
竹駒神社,,宮城県,,38.1051086,140.8625463,B,神社,,
鎌ヶ谷大仏,,千葉県,,35.7589284,140.0132364,B,寺院,,
證誠寺,,千葉県,木更津市,35.3798984,139.921245,B,寺院,,
大報恩寺,,京都府,,35.0317093,135.7397851,B,寺院,大報恩寺（だいほうおんじ）は、京都市上京区にある真言宗智山派の寺院。山号は瑞応山（ずいおうざん）。,
誉田八幡宮,,大阪府,,34.5591419,135.6104944,B,神社,,
知立神社,,愛知県,,35.0128077,137.0410792,B,神社,,
禅林寺,,東京都,,35.6943549,139.5599009,B,寺院,禅林寺（ぜんりんじ）は、東京都三鷹市にある黄檗宗の寺院である。山号は霊泉山。,
元善光寺,,長野県,,35.5340389,137.8565378,B,寺院,元善光寺（もとぜんこうじ）は、長野県飯田市座光寺にある天台宗の仏教寺院。元善光寺と名付けられる前は如来寺（にょらいじ）と呼ばれていた。,
高津宮,,大阪府,中央区,34.6686688,135.5138971,B,神社,,
物部神社,,島根県,,35.1547152,132.5132087,B,神社,物部神社（もののべじんじゃ）は、島根県大田市にある神社。式内社、石見国一宮。,
城南宮,,京都府,京都市,34.9505991,135.7469902,B,神社,城南宮（じょうなんぐう）は、京都市伏見区にある神社。旧社格は府社。,
銭洗弁天 宇賀福神社,,神奈川県,鎌倉市,35.325711,139.5421784,B,神社,,
化野念仏寺,,京都府,,35.026916,135.664627,B,寺院,化野念仏寺（あだしのねんぶつじ）は、京都市右京区嵯峨鳥居本化野町にある浄土宗の寺院。山号は華西山。,
大原野神社,,京都府,,34.9592814,135.6560768,B,神社,大原野神社（おおはらのじんじゃ）は、京都市西京区大原野南春日町にある神社。二十二社（中七社）の一社。,
氷川神社,,埼玉県,,35.9275595,139.4885515,B,神社,氷川神社（ひかわじんじゃ）は、埼玉県川越市宮下町にある神社。埼玉県さいたま市大宮区の氷川神社と区別するため、川越氷川神社と称されることもある。,
第51番札所 石手寺,,愛媛県,,33.8474782,132.7971145,B,寺院,,
蛇窪神社,,東京都,,35.6025704,139.7153777,B,神社,,
御金神社,,京都府,,35.0118266,135.7549788,B,神社,御金神社（みかねじんじゃ）は、京都市中京区にある神社。,
東海寺,,東京都,,35.6163643,139.7391202,B,寺院,東海寺（とうかいじ）は、東京都品川区北品川三丁目にある臨済宗大徳寺派の寺院。山号は万松山。,
氷上姉子神社,,愛知県,,35.0615281,136.9302787,B,神社,氷上姉子神社（ひかみあねごじんじゃ）は、愛知県名古屋市緑区大高町字火上山にある神社。『延喜式神名帳』に尾張国愛智郡「火上姉子神社」として記載がある式内社で、熱田神宮の境外摂社。,
大光院,,京都府,,35.0415771,135.7435476,B,寺院,大光院（だいこういん）は、京都市北区紫野大徳寺町にある臨済宗大徳寺派の寺院。大本山大徳寺の塔頭。,
吉水神社,,奈良県,吉野郡吉野町,34.3672763,135.8619316,B,神社,吉水神社、𠮷水神社（よしみずじんじゃ）は、奈良県吉野郡吉野町にある神社。旧社格は村社。,
川原寺,,奈良県,,34.4722013,135.8173091,B,寺院,川原寺（かわらでら）は、飛鳥（現・奈良県高市郡明日香村川原）にあった仏教寺院。跡地は国の史跡に指定されている。,
赤城神社,,群馬県,,36.5526698,139.1834805,B,神社,,
勝鬘院・愛染堂,,大阪府,,34.6573891,135.5125862,B,寺院,勝鬘院（しょうまんいん）は、大阪市天王寺区にある和宗の寺院。山号は荒陵山。,
宇治神社,,京都府,,34.8908801,135.8104621,B,神社,宇治神社（うじじんじゃ）は、京都府宇治市宇治山田にある神社。式内社で、旧社格は府社。,
妙本寺,,神奈川県,鎌倉市,35.3171792,139.5572259,B,寺院,妙本寺（みょうほんじ）は、神奈川県鎌倉市大町にある日蓮宗の本山（霊跡寺院）。山号は長興山。,
海神神社,,長崎県,,34.4642379,129.2832937,B,神社,海神神社（わたつみじんじゃ、通称、かいじんじんじゃ）は、長崎県対馬市峰町木坂にある神社。式内社（名神大社）論社、対馬国一宮。,
土津神社,,福島県,,37.5703735,140.1006415,B,神社,土津神社（はにつじんじゃ）は、福島県耶麻郡猪苗代町にある神社である。陸奥会津藩初代藩主・保科正之を祀っている。,
千代保稲荷神社,,岐阜県,海津市,35.2635496,136.6464653,B,神社,千代保稲荷神社（ちよほいなりじんじゃ）は、岐阜県海津市平田町三郷1980にある稲荷神社である。おちょぼさんと呼び親しまれる。,
毘沙門堂,,京都府,,35.0011925,135.8189182,B,寺院,毘沙門堂（びしゃもんどう）は、京都市山科区にある天台宗の寺院。山号は護法山。,
土佐稲荷神社,,大阪府,,34.6749646,135.4851845,B,神社,土佐稲荷神社（とさいなりじんじゃ）は、大阪市西区にある神社。旧社格は郷社。,
王子稲荷神社,,東京都,北区,35.7560784,139.7333424,B,神社,王子稲荷神社（おうじいなりじんじゃ）は、東京都北区岸町にある神社である。東国三十三国稲荷総司との伝承を持ち、民話『王子の狐火』や落語『王子の狐』でも有名。,
斑鳩寺,,兵庫県,,34.8373984,134.5756173,B,寺院,斑鳩寺（いかるがでら）は、兵庫県揖保郡太子町鵤（いかるが）にある天台宗の寺院。山号はなし。,
光明寺,,京都府,,34.9384453,135.6763879,B,寺院,光明寺（こうみょうじ）は、京都府長岡京市粟生西条ノ内にある西山浄土宗の総本山の寺院。山号は報国山。,
般若寺,,奈良県,,34.7001747,135.8360535,B,寺院,,
法然院,,京都府,,35.023764,135.7973725,B,寺院,法然院（ほうねんいん）は、京都市左京区鹿ヶ谷にある浄土宗系単立の寺院。山号は善気山。,
能勢妙見山,,大阪府,,34.928738,135.4665701,B,寺院,,
隨心院,,京都府,,34.9589826,135.8162573,B,寺院,,
浄妙寺,,神奈川県,鎌倉市,35.3232808,139.5713204,B,寺院,浄妙寺（じょうみょうじ）は、神奈川県鎌倉市浄明寺にある臨済宗建長寺派の仏教寺院。正式には稲荷山浄妙広利禅寺（とうかさん じょうみょうこうりぜんじ）と号する。,
総持寺,,大阪府,,34.829233,135.5812185,B,寺院,,
難波八坂神社,,大阪府,,34.6613919,135.4967435,B,神社,,
坂東29番 海上山 千葉寺,,千葉県,,35.5950944,140.1317168,B,寺院,千葉寺（せんようじ、ちばでら）は、千葉市中央区にある真言宗豊山派の寺院。山号は海上山。,
浄土寺,,兵庫県,,34.86414,134.9614918,B,寺院,浄土寺（じょうどじ）は、兵庫県小野市浄谷町にある高野山真言宗の寺院。山号は極楽山。,
勝光院,,東京都,,35.645487,139.6431411,B,寺院,勝光院（しょうこういん）は、東京都世田谷区にある曹洞宗の寺院。元は臨済宗建長寺派。,
佐野厄除け大師,,栃木県,,36.3108591,139.571891,B,寺院,惣宗寺（そうしゅうじ） は、栃木県佐野市にある天台宗の寺院である。,
醫王山 一畑寺,,島根県,出雲市,35.4965934,132.8745829,B,寺院,一畑寺（いちばたじ）は、島根県出雲市小境町にある仏教寺院。山号は醫王山（いおうざん）。,
永保寺,,岐阜県,,35.3464247,137.1301778,B,寺院,永保寺（えいほうじ）は、岐阜県多治見市虎渓山町にある臨済宗南禅寺派の寺院。山号は虎渓山（こけいざん）。,
赤山禅院,,京都府,,35.0560488,135.8014304,B,寺院,,
猿投神社,,愛知県,,35.175075,137.1774669,B,神社,,
日本寺,,千葉県,,35.1566077,139.8331515,B,寺院,日本寺（にほんじ）は、千葉県安房郡鋸南町にある、曹洞宗の寺院。山号は乾坤山（けんこんざん）。,
佐久奈度神社,,滋賀県,,34.9114735,135.9126067,B,神社,佐久奈度神社（さくなどじんじゃ）は、滋賀県大津市大石中町に鎮座する神社である。式内社（名神大社）で、旧社格は県社。,
出石神社,,兵庫県,,35.4817476,134.8701576,B,神社,出石神社（いずしじんじゃ）は、兵庫県豊岡市出石町宮内にある神社。式内社（名神大社）、但馬国一宮。,
電電宮,,京都府,,35.0098046,135.6777621,B,神社,,
八重垣神社,,島根県,,35.4290249,133.0737244,B,神社,八重垣神社（やえがきじんじゃ）は、島根県松江市にある神社である。旧称佐久佐神社（さくさじんじゃ）。,
成田山 大阪別院,,大阪府,,34.7802801,135.6387582,B,寺院,成田山大阪別院明王院（なりたさんおおさかべついんみょうおういん）は、大阪府寝屋川市成田西町にある真言宗智山派の寺院。山号は成田山。,
神倉神社,,和歌山県,,33.7243184,135.9841214,B,神社,神倉神社（かみくらじんじゃ、かんのくらじんじゃ）は和歌山県新宮市の神社。熊野三山の一山である熊野速玉大社の摂社。,
赤坂氷川神社,,東京都,,35.6681231,139.7359316,B,神社,氷川神社（ひかわじんじゃ）は、東京都港区赤坂六丁目にある神社。,
西大寺観音院,,岡山県,,34.6536065,134.0379419,B,寺院,,
報国寺,,神奈川県,鎌倉市,35.3195199,139.5686854,B,寺院,報国寺（ほうこくじ）は、神奈川県鎌倉市浄明寺二丁目にある仏教臨済宗建長寺派の寺院。正式には功臣山報国建忠禅寺（こうしんさんほうこくけんちゅうぜんじ）と号する。,
龍口寺,,神奈川県,藤沢市,35.3117107,139.4893788,B,寺院,,
粟鹿神社,,兵庫県,,35.3006646,134.9048308,B,神社,,
矢田寺,,奈良県,,34.6494922,135.7364881,B,寺院,矢田寺（やたでら）は、奈良県大和郡山市矢田町にある高野山真言宗の寺院。山号は矢田山。,
海龍王寺,,奈良県,奈良市,34.6926992,135.8057516,B,寺院,海龍王寺（かいりゅうおうじ）は、奈良県奈良市法華寺北町にある真言律宗の寺院。山号は佐保山。,
勝興寺,,富山県,,36.7923247,137.0527655,B,寺院,勝興寺（しょうこうじ）は、富山県高岡市伏木古国府にある浄土真宗本願寺派の仏教寺院。山号は雲龍山。,
聚楽園大仏,,愛知県,,35.0438914,136.9044811,B,寺院,聚楽園大仏（しゅうらくえんだいぶつ）は、愛知県東海市荒尾町の聚楽園にある大仏である。,
功山寺,,山口県,,33.9960543,130.9819356,B,寺院,功山寺（こうざんじ）は、山口県下関市長府にある曹洞宗の寺。長府毛利家の菩提寺。,
唐松神社,,秋田県,,39.6102655,140.3201814,B,神社,唐松神社（からまつじんじゃ）は、秋田県大仙市協和にある神社である。女性の生涯を守る「女一代守神」であり、縁結び、子宝、安産の神として「境の唐松さま」とも呼ばれ親しまれている。,
葛飾八幡宮,,千葉県,,35.7241603,139.9310898,B,神社,,
高鴨神社,,奈良県,,34.4083657,135.7075966,B,神社,,
吉野水分神社,,奈良県,,34.3539419,135.8731362,B,神社,吉野水分神社（よしのみくまりじんじゃ）は、奈良県吉野郡吉野町子守地区（吉野山上千本）にある神社。別名を子守宮と称す。,
補陀洛山寺,,和歌山県,,33.6447287,135.9344193,B,寺院,,
堀之内妙法寺,,東京都,,35.6927247,139.6523866,B,寺院,妙法寺（みょうほうじ）は、東京都杉並区堀ノ内にある、日蓮宗の本山（由緒寺院）。山号は日円山。,
手向山八幡宮,,奈良県,,34.6879728,135.8446766,B,神社,手向山八幡宮（たむけやまはちまんぐう）は、奈良県奈良市にある神社。旧社格は県社。,
向日神社,,京都府,,34.9439273,135.6971226,B,神社,向日神社（むこうじんじゃ）は、京都府向日市向日町北山にある神社。向日明神とも呼ばれる。,
宝戒寺,,神奈川県,鎌倉市,35.3221172,139.5581876,B,寺院,宝戒寺（ほうかいじ）は、神奈川県鎌倉市小町にある天台宗の寺院。山号は金龍山。,
安倍晴明神社,,大阪府,大阪市,34.6317645,135.5091991,B,神社,阿倍王子神社（あべおうじじんじゃ）は、大阪市阿倍野区にある神社。かつては阿倍王子（あべのおうじ）といい熊野神社の分霊社である九十九王子の一つであった。,
烏森神社,,東京都,,35.6667952,139.7568175,B,神社,烏森神社（からすもりじんじゃ）は、東京都港区新橋二丁目にある神社である。,
祇王寺,,京都府,,35.023512,135.666801,B,寺院,,
金劔宮,,石川県,,36.4498786,136.6301301,B,神社,,
孤篷庵,,京都府,,35.0430734,135.7396296,B,寺院,孤篷庵（こほうあん）は、京都府京都市北区紫野にある臨済宗の寺院。臨済宗大徳寺派大本山大徳寺の塔頭である。,
照国神社,,鹿児島県,,31.5944473,130.5507827,B,神社,照国神社（てるくにじんじゃ）は、鹿児島県鹿児島市照国町にある神社。旧社格は別格官幣社。,
廬山寺,,京都府,,35.0244501,135.768347,B,寺院,廬山寺（ろざんじ）は、京都市上京区にある天台圓淨宗の本山の寺院。山号は廬山。,
金蛇水神社,,宮城県,岩沼市,38.1195686,140.8380016,B,神社,,
王禅寺,,神奈川県,川崎市,35.5850407,139.5220056,B,寺院,,
有鹿神社,,神奈川県,,35.4535723,139.3773075,B,神社,有鹿神社（あるかじんじゃ）は、神奈川県海老名市上郷に本宮が鎮座する神社。,
政秀寺,,愛知県,,35.1631636,136.9047122,B,寺院,政秀寺（せいしゅうじ）は、愛知県名古屋市中区栄三丁目にある臨済宗妙心寺派の寺院。,
王子神社,,東京都,北区,35.7531976,139.7359396,B,神社,,
早雲寺,,神奈川県,,35.2301881,139.1036605,B,寺院,"北緯35度13分48.3秒 東経139度6分13.2秒
早雲寺（そううんじ）は、神奈川県足柄下郡箱根町湯本にある、臨済宗大徳寺派の寺院。山号は金湯山。",
笠置寺,,京都府,,34.7539952,135.9423424,B,寺院,,
誕生寺,,千葉県,鴨川市,35.1181736,140.1987981,B,寺院,,
中山神社,,岡山県,津山市,35.100134,133.9946145,B,神社,中山神社（なかやまじんじゃ）は、岡山県津山市一宮にある神社。式内社（名神大社）、美作国一宮。,
須我神社,,島根県,,35.3541606,133.0315443,B,神社,,
方違神社,,大阪府,,34.5768568,135.4893051,B,神社,方違神社（ほうちがいじんじゃ）は、大阪府堺市堺区にある神社。地元では「ほうちがいさん」と称されている。,
聚光院,,京都府,,35.0440923,135.7453,B,寺院,,
本願寺 津村別院,,大阪府,,34.684993,135.4998078,B,寺院,本願寺津村別院（ほんがんじつむらべついん）は、大阪市中央区本町にある浄土真宗本願寺派の寺院。本山西本願寺の別院。,
金王八幡宮,,東京都,渋谷区,35.6575757,139.7062351,B,神社,,
峰定寺,,京都府,,35.2357689,135.7938895,B,寺院,峰定寺（ぶじょうじ）は、京都市左京区花背原地町にある本山修験宗の寺院。山号は大悲山。,
東禅寺,,東京都,,35.6341276,139.7351564,B,寺院,東禅寺（とうぜんじ）は、東京都港区高輪にある臨済宗妙心寺派の別格本山。詳名は海上禅林佛日山東禅興聖禅寺。,
青葉神社,,宮城県,,38.2828223,140.8628736,B,神社,,
世良田東照宮,,群馬県,,36.2619083,139.2754144,B,神社,世良田東照宮（せらだとうしょうぐう）は、群馬県太田市世良田町にある神社。「東照大権現」としての徳川家康を祭神とする東照宮の1つである。,
仁科神明宮,,長野県,,36.4496223,137.8789633,B,神社,仁科神明宮（にしなしんめいぐう）は、長野県大町市大字社字宮本にある神社。天照大神を奉祀している。,
定義如来 西方寺,,宮城県,仙台市,38.3650915,140.6678338,B,寺院,,
詩仙堂丈山寺,,京都府,,35.043752,135.7961986,B,寺院,,
六孫王神社,,京都府,,34.9845841,135.7452327,B,神社,六孫王神社（ろくそんのうじんじゃ）は、京都市南区にある神社。旧社格は郷社。,
鰐淵寺,,島根県,,35.4240094,132.7488313,B,寺院,,
仙台東照宮,,宮城県,,38.2802178,140.8851128,B,神社,仙台東照宮（せんだいとうしょうぐう）は、宮城県仙台市青葉区東照宮にある徳川家康をまつる神社。承応3年（1654年）に仙台藩2代藩主伊達忠宗が創建。,
国泰寺,,広島県,,34.4144372,132.4106524,B,寺院,国泰寺（こくたいじ）は、広島県広島市西区己斐上の大茶臼山西麓にある曹洞宗の寺院である。山号は蓬萊山。,
売布神社,,兵庫県,,34.817214,135.3582955,B,神社,売布神社（めふじんじゃ、賣布神社）は、兵庫県宝塚市売布山手町にある神社。式内社で、旧社格は郷社。,
白兎神社,,鳥取県,鳥取市,35.5242558,134.1147194,B,神社,白兎神社（はくと じんじゃ）は、鳥取県鳥取市に所在する神社。旧社格は村社。,
広島護国神社,,広島県,,34.4011,132.4588682,B,神社,廣島護國神社（ひろしまごこくじんじゃ）は、広島県広島市中区にある護国神社。,
真宗大谷派名古屋別院,,愛知県,,35.151987,136.9021257,B,寺院,真宗大谷派名古屋別院（しんしゅうおおたにはなごやべついん）は、愛知県名古屋市中区にある真宗大谷派の寺院である。同派の別院。,
地主神社,,京都府,,34.9951735,135.7849639,B,神社,"地主神社（じしゅじんじゃ）と呼ばれる神社は、以下に大別される。

神社や寺院が建立される際に、その土地の地主神を祀るために建立された神社。",
第38番札所 金剛福寺,,高知県,土佐清水市,32.7257338,133.0184172,B,寺院,,
法善寺,,大阪府,,34.6678706,135.5026027,B,寺院,法善寺（ほうぜんじ）は、大阪府大阪市中央区難波にある浄土宗の寺院。山号は天龍山。,
雲厳寺,,栃木県,,36.8529216,140.2096816,B,寺院,,
角磐山大山寺,,鳥取県,,35.391108,133.5343249,B,寺院,大山寺（だいせんじ）は鳥取県西伯郡大山町（大山隠岐国立公園内）伯耆大山中腹にある天台宗別格本山の寺。中国三十三観音第二十九番。,
播磨国総社 射楯兵主神社,,兵庫県,,34.8340079,134.6969366,B,神社,射楯兵主神社（いたてひょうずじんじゃ）は、兵庫県姫路市総社本町にある神社。播磨国総社で、播磨地域では濁らずに「そうしゃ」、「そうしゃさん」と呼ばれる。,
玉造稲荷神社,,大阪府,,34.6778061,135.5301065,B,神社,玉造稲荷神社（たまつくりいなりじんじゃ）は、大阪市中央区玉造にある神社。旧社格は府社。,
阿佐谷神明宮,,東京都,杉並区,35.7072214,139.6369883,B,神社,,
恵比寿神社,,東京都,,35.6472232,139.7077849,B,神社,恵比寿神社（えびすじんじゃ）は東京都渋谷区恵比寿西、JR恵比寿駅の西約60mの市街地にある神社である。,
盛岡八幡宮,,岩手県,,39.695347,141.1641103,B,神社,,
寶登山神社,,埼玉県,,36.0932559,139.1030646,B,神社,寳登山神社（ほどさんじんじゃ、常用漢字体：宝登山神社）は、埼玉県秩父郡長瀞町の宝登山山麓にある神社。旧社格は県社で、現在は神社本庁の別表神社。,
揖夜神社,,島根県,,35.4307624,133.1536433,B,神社,揖夜神社（いやじんじゃ、いふやじんじゃ）は島根県松江市東出雲町揖屋に鎮座する神社である。意宇六社の一つ。,
射水神社,,富山県,,36.7486823,137.0213303,B,神社,射水神社（いみずじんじゃ）は、富山県高岡市の高岡古城公園内にある神社。登記上の宗教法人名称は越中総鎮守射水神社（えっちゅうそうちんじゅいみずじんじゃ）。,
義仲寺,,滋賀県,,35.0029983,135.8801242,B,寺院,,
小國神社,,静岡県,,34.8471739,137.8994585,B,神社,小國神社（おくにじんじゃ、小国神社）は、静岡県周智郡森町一宮にある神社。式内社、遠江国一宮。,
龍潭寺,,静岡県,浜松市,34.8286004,137.6679167,B,寺院,,
新田神社,,東京都,大田区,35.5658066,139.6913235,B,神社,新田神社（にったじんじゃ）は、東京都大田区矢口にある神社である。創建は南北朝時代正平・延文年間。,
法多山尊永寺,,静岡県,,34.7376754,137.9772843,B,寺院,法多山尊永寺（はったさんそんえいじ）は、静岡県袋井市にある高野山真言宗別格本山の寺院。寺号の「尊永寺」よりも山号の「法多山」の名で広く知られている。,
西山本門寺,,静岡県,,35.2371936,138.5644815,B,寺院,,
三嶋神社,,愛媛県,,33.8961263,133.10725,B,神社,三島神社、三嶋神社、三嶌神社（みしまじんじゃ）、あるいは三島社（みしましゃ）は、「三島」を社名とする、三島・大山祇信仰の神社。,
三ツ石神社,,岩手県,,39.7090125,141.1543577,B,神社,三ツ石神社（みついしじんじゃ）は、岩手県盛岡市にある神社。三石神社ともいう。,
天王寺,,東京都,,35.7266164,139.7714235,B,寺院,天王寺（てんのうじ）は、東京都台東区谷中にある、天台宗の寺院。正式名称は護国山尊重院天王寺である。,
高円寺,,東京都,杉並区,35.7037235,139.652943,B,寺院,,
鳳来寺,,愛知県,,34.9787856,137.5862576,B,寺院,,
愛宕念仏寺,,京都府,,35.0310873,135.6612389,B,寺院,愛宕念仏寺（おたぎねんぶつじ）は、京都市右京区嵯峨にある天台宗の寺院。山号は等覚山。,
浄智寺,,神奈川県,鎌倉市,35.3334817,139.5463287,B,寺院,浄智寺（じょうちじ）は、神奈川県鎌倉市山ノ内にある禅宗の寺院。臨済宗円覚寺派に属する。,
建中寺,,愛知県,,35.1792303,136.9269256,B,寺院,建中寺（けんちゅうじ）は、愛知県名古屋市東区筒井にある浄土宗の寺院。山号は徳興山。,
阿弥陀寺,,京都府,,35.0336905,135.7664412,B,寺院,,
忌宮神社,,山口県,,33.9990008,130.9876241,B,神社,忌宮神社（いみのみやじんじゃ）は、山口県下関市にある神社。長府（城下町エリア）のほぼ中心に位置し、仲哀天皇が熊襲平定の際に滞在した行宮である豊浦宮の跡とされる。,
義重山大光院新田寺(大光院)吞龍様,,群馬県,太田市,36.3059965,139.3705678,B,寺院,大光院（だいこういん）は、群馬県太田市金山町にある浄土宗の寺院である。山号は義重山。,
宝積寺,,京都府,,34.8953025,135.6783264,B,寺院,宝積寺（ほうしゃくじ）は、京都府乙訓郡大山崎町大山崎にある真言宗智山派の寺院。山号は天王山（古くは補陀洛山）。,
成相寺,,京都府,,35.5948315,135.1873657,B,寺院,成相寺（なりあいじ）は、京都府宮津市成相寺にある橋立真言宗の寺院。山号は成相山。,
田無神社,,東京都,,35.7298951,139.5440509,B,神社,田無神社（たなしじんじゃ）は、東京都西東京市田無町三丁目にある神社。,
意賀美神社,,大阪府,,34.8135253,135.6437723,B,神社,意賀美神社（おかみじんじゃ）は、大阪府枚方市にある神社。式内社で、旧社格は村社。,
縣神社,,京都府,,34.888515,135.8057786,B,神社,,
離宮八幡宮,,京都府,,34.891651,135.6796129,B,神社,,
光前寺,,長野県,,35.7355573,137.8966141,B,神社,光前寺（こうぜんじ）は、長野県駒ヶ根市赤穂にある天台宗の別格本山の寺院である。山号は宝積山（ほうしゃくさん）。,
比売許曽神社,,大阪府,,34.666922,135.5341418,B,神社,比売許曽神社（ひめこそじんじゃ）は、大阪市東成区にある神社。旧社格は村社。,
穴太寺,,京都府,,35.0065725,135.5491608,B,寺院,,
とげぬき地蔵尊 高岩寺,,東京都,,35.7357516,139.7354944,B,寺院,"高岩寺（こうがんじ）は、東京都豊島区巣鴨にある曹洞宗の寺院。
山号は萬頂山。",
北畠神社,,三重県,,34.5190057,136.2989286,B,神社,北畠神社（きたばたけじんじゃ）は、三重県津市美杉町上多気にある神社。国の史跡「多気北畠氏城館跡」に鎮座し、初代伊勢国司として南朝奉護に尽くした北畠顕能を主祭神とする。,
乗蓮寺,,東京都,板橋区,35.7819486,139.644452,B,寺院,乗蓮寺（じょうれんじ）は、東京都板橋区赤塚にある浄土宗別格本山の寺院。東京大仏があることで知られている。,
志々伎神社,,長崎県,,33.1789379,129.3690319,B,神社,志々伎神社（しじきじんじゃ）は、長崎県平戸市野子町にある神社。志志伎神社あるいは志自伎神社とも表記する。,
素盞雄神社,,東京都,,35.7370764,139.7961243,B,神社,素盞雄神社（すさのおじんじゃ）は、東京都荒川区南千住にある神社である。地元では千住素盞雄神社や南千住素盞雄神社、お天王様(おてんのうさま)と呼ばれている。,
善宝寺,,山形県,鶴岡市,38.772437,139.767813,B,寺院,善寳寺（ぜんぽうじ）は、山形県鶴岡市にある曹洞宗の寺院。山号は龍澤山（りゅうたくさん）。,
総見院,,京都府,,35.0441543,135.7445396,B,寺院,総見院（そうけんいん）は、京都市北区紫野大徳寺町にある臨済宗大徳寺派の寺院。大本山大徳寺の塔頭。,
志明院,,京都府,,35.13602,135.7093425,B,寺院,志明院（しみょういん）は、京都市北区にある岩屋山不動教の本山の寺院。山号は岩屋山。,
佐太神社,,島根県,,35.5089132,133.0064139,B,神社,佐太神社（さだじんじゃ）は、島根県松江市鹿島町佐陀宮内にある神社。出雲国二宮、旧社格は国幣小社。,
阿智神社前宮,,長野県,阿智村,35.4571601,137.7165264,B,神社,,
瑞泉寺,,神奈川県,鎌倉市,35.3273106,139.5746838,B,寺院,,
大中寺,,栃木県,,36.359688,139.688778,B,寺院,大中寺（だいちゅうじ）は、栃木県栃木市大平町西山田にある曹洞宗の寺院で関三刹の1つ。山号は太平山。,
如意輪寺,,奈良県,,34.3646638,135.8675632,B,寺院,如意輪寺（にょいりんじ）は、奈良県吉野郡吉野町吉野山にある浄土宗の寺院。山号は塔尾山（とうのおさん）。,
枚聞神社,,鹿児島県,,31.2078923,130.5398447,B,神社,枚聞神社（ひらききじんじゃ）は、鹿児島県指宿市開聞十町にある神社。式内社、薩摩国一宮。,
國王神社,,茨城県,岩井市,36.0621464,139.8897208,B,神社,国王神社（こくおうじんじゃ）は、茨城県坂東市にある神社。平将門を、その終焉の地に祀る神社である。,
中山神社,,埼玉県,さいたま市,35.9001935,139.6639862,B,神社,中山神社（なかやまじんじゃ）は、埼玉県さいたま市見沼区中川にある神社。旧社格は村社。,
高天彦神社,,奈良県,,34.4181138,135.6959341,B,神社,,
能福寺,,兵庫県,,34.6679292,135.1715447,B,寺院,,
北向観音,,長野県,,36.3498913,138.1564174,B,寺院,北向観音（きたむきかんのん）は、長野県上田市の別所温泉にある天台宗の寺院。近隣にある天台宗常楽寺が本坊であり、その伽藍の一部として同寺が所有・管理する。,
法住寺,,京都府,,34.9874175,135.7727661,B,寺院,法住寺（ほうじゅうじ）は、京都市東山区三十三間堂廻り町にある天台宗の寺院。本尊は不動明王。,
那谷寺 華王殿,,石川県,,36.31318,136.4205048,B,寺院,,
五百羅漢寺,,東京都,,35.6290162,139.7094319,B,寺院,五百羅漢寺（ごひゃくらかんじ）は東京都目黒区下目黒にある寺院。宗派はかつて黄檗宗だったが現在は浄土宗系の単立。,
陸奥国分寺薬師堂,,宮城県,,38.2512954,140.9028351,B,寺院,,
長岡天満宮,,京都府,,34.9231349,135.6874113,B,神社,,
難波神社,,大阪府,,34.6788167,135.4999715,B,神社,,
東照宮,,茨城県,,36.3726307,140.4733604,B,神社,水戸東照宮（みととうしょうぐう）は、茨城県水戸市にある神社である。旧社格は県社で、現在は神社本庁の別表神社。,
新潟総鎮守 白山神社,,新潟県,,37.9155007,139.0377511,B,神社,白山神社（はくさんじんじゃ）は、新潟県新潟市中央区一番堀通町に鎮座する神社である。彌彦神社、新潟縣護國神社と並び、「新潟の総鎮守」として新潟県を代表する神社の一つである。,
中禅寺,,栃木県,日光市,36.7311255,139.4918125,B,寺院,中禅寺（ちゅうぜんじ）は栃木県日光市の中禅寺湖畔・歌ヶ浜にある天台宗の寺院である。,
常光寺,,大阪府,,34.6302503,135.5982771,B,寺院,常光寺（じょうこうじ）は、大阪府八尾市本町にある臨済宗南禅寺派の寺院。南禅寺塔頭金地院（以心崇伝が住持を務めた）の末寺で、山号は初日山。,
箭弓稲荷神社,,埼玉県,,36.0344934,139.3983793,B,神社,,
光明寺,,神奈川県,,35.3033692,139.554529,B,寺院,光明寺（こうみょうじ）は、神奈川県鎌倉市材木座にある浄土宗の寺院である。寺格は大本山。,
法界寺,,京都府,,34.9341695,135.8148884,B,寺院,法界寺（ほうかいじ）は、京都市伏見区日野西大道町にある真言宗醍醐派の別格本山の寺院。山号は東光山。,
万治の石仏,,長野県,,36.0829236,138.0819468,B,寺院,万治の石仏（まんじのせきぶつ）は、長野県諏訪郡下諏訪町東山田字石仏にある、江戸時代前期の1660年（万治3年）に造られた石仏。,
海住山寺,,京都府,,34.777012,135.8616989,B,寺院,海住山寺（かいじゅうせんじ）は、京都府木津川市加茂町例幣海住山にある真言宗智山派の寺院。山号は補陀洛山（ふだらくさん）。,
備中国分寺,,岡山県,,34.6665369,133.7818173,B,寺院,備中国分寺（びっちゅうこくぶんじ）は、岡山県総社市にある真言宗御室派の寺院。山号は日照山。,
第21番札所 太龍寺,,徳島県,阿南市,33.8825075,134.5217889,B,寺院,太龍寺（たいりゅうじ）は、徳島県阿南市加茂町にある高野山真言宗の寺院。舎心山（しゃしんざん）、常住院（じょうじゅういん）と号す。,
赤城神社,,東京都,,35.704607,139.7360988,B,神社,,
新田神社,,鹿児島県,,31.82766,130.2927595,B,神社,新田神社（にったじんじゃ/にいたじんじゃ）は、鹿児島県薩摩川内市宮内町にある神社。薩摩国一宮。,
覚林寺,,東京都,,35.6396629,139.7316527,B,寺院,,
川勾神社,,神奈川県,,35.3001512,139.2380524,B,神社,川勾神社（かわわじんじゃ）は、神奈川県中郡二宮町山西にある神社。延長5年（927年）の『延喜式神名帳』に記載されている相模国の延喜式内社十三社の内の一社（小社）とされる。,
率川神社,,奈良県,,34.681317,135.8256561,B,神社,,
行願寺,,京都府,,35.0162818,135.7676705,B,寺院,,
服部天神宮,,大阪府,,34.762991,135.4760247,B,神社,服部天神宮（はっとりてんじんぐう）は、大阪府豊中市服部元町にある神社。旧社格は村社。,
榊神社,,東京都,台東区,35.7001528,139.7891832,B,神社,,
恐山菩提寺,,青森県,,41.3272193,141.0901213,B,寺院,,
清見寺,,静岡県,,35.0476083,138.5129709,B,寺院,清見寺（せいけんじ）は、静岡市清水区興津清見寺町にある臨済宗妙心寺派の寺院。,
多治速比売神社,,大阪府,,34.5024515,135.4972964,B,神社,多治速比売神社（たじはやひめじんじゃ）は、大阪府堺市南区宮山台にある神社。延喜式神名帳に記載されている和泉国大鳥郡の式内社である。,
宇倍神社,,鳥取県,,35.4809391,134.2687545,B,神社,宇倍神社（うべじんじゃ）は、鳥取県鳥取市国府町宮下にある神社。式内社（名神大社）、因幡国一宮。,
崇禅寺,,大阪府,,34.7339078,135.5085406,B,寺院,崇禅寺（そうぜんじ）は、大阪市東淀川区にある曹洞宗の寺院。山号は凌雲山。,
願成就院,,静岡県,伊豆の国市,35.045674,138.939896,B,寺院,,
田島神社,,佐賀県,唐津市,33.5558076,129.8904978,B,神社,,
溝咋神社,,大阪府,,34.8129786,135.5886513,B,神社,溝咋神社（みぞくいじんじゃ）は、大阪府茨木市にある神社。式内社で、旧社格は府社。,
笠森寺,,千葉県,長南町,35.3995594,140.1989312,B,寺院,笠森寺（かさもりじ）は、千葉県長生郡長南町笠森にある天台宗別格大本山の寺院。本尊は十一面観世音菩薩であり、坂東三十三観音第31番札所となっている。,
古四王神社,,秋田県,,39.7363131,140.0832171,B,神社,古四王神社（こしおうじんじゃ）は、秋田県秋田市にある神社である。,
御霊神社,,大阪府,,34.6873536,135.4993177,B,神社,御霊神社（ごりょうじんじゃ）は、大阪市中央区淡路町にある神社。旧社格は府社。,
矢田坐久志玉比古神社,,奈良県,,34.6518292,135.7480565,B,神社,,
大神神社,,愛知県,,35.2914477,136.7932895,B,神社,大神神社（おおみわじんじゃ）は、愛知県一宮市花池にある神社。式内社（名神大社）で、尾張国一宮を称する。,
祥雲寺,,東京都,,35.64973,139.7185616,B,寺院,,
金吾龍神社,,北海道,,43.196931,140.8471817,B,神社,,
篠村八幡宮,,京都府,,35.0022707,135.6112775,B,神社,,
妙国寺,,大阪府,堺市,34.5811753,135.4814417,B,寺院,妙国寺（みょうこくじ）は、大阪府堺市堺区にある日蓮宗の本山（由緒寺院）の寺院。山号は広普山（こうふさん）。,
出雲大社大阪分祠,,大阪府,堺市,34.5379117,135.520721,B,神社,出雲大社大阪分祠（いずもおおやしろおおさかぶんし）とは、大阪府堺市東区にある神社である。,
霊山観音,,京都府,,34.9998386,135.7818089,B,寺院,,
慈尊院,,和歌山県,,34.2951647,135.5499064,B,寺院,慈尊院（じそんいん）は、和歌山県伊都郡九度山町慈尊院にある高野山真言宗の寺院。山号は万年山。,
四條畷神社,,大阪府,,34.7319835,135.6487107,B,神社,四條畷神社（しじょうなわてじんじゃ）は、大阪府四條畷市にある神社。旧社格は別格官幣社で、現在は神社本庁の別表神社。,
玉祖神社,,山口県,,34.0576772,131.5336557,B,神社,玉祖神社（たまのおやじんじゃ）は、山口県防府市大崎にある神社。式内社、周防国一宮。,
慈恩寺,,埼玉県,,35.9794779,139.7107972,B,寺院,慈恩寺（じおんじ）は、埼玉県さいたま市岩槻区大字慈恩寺にある天台宗の寺院である。山号は華林山。,
瑞聖寺,,東京都,,35.6372576,139.7269955,B,寺院,,
水鏡天満宮,,福岡県,,33.592535,130.4018417,B,神社,水鏡天満宮（すいきょうてんまんぐう）は、福岡県福岡市中央区天神一丁目にある天満宮の1つである。社格は村社。,
瀧谷不動明王寺,,大阪府,,34.4758897,135.596174,B,寺院,瀧谷不動明王寺（たきだにふどうみょうおうじ）は、大阪府富田林市彼方（おちかた）にある真言宗智山派の寺院。山号は瀧谷山。,
三島鴨神社,,大阪府,,34.8029059,135.6107108,B,神社,三島鴨神社（みしまかもじんじゃ）は、大阪府高槻市にある神社。式内社論社で、旧社格は郷社。,
永代寺,,東京都,,35.6720166,139.7980954,B,寺院,永代寺（えいたいじ）は、東京都江東区富岡にある高野山真言宗の寺院。,
城山八幡宮,,愛知県,,35.1676303,136.9596186,B,神社,城山八幡宮（しろやまはちまんぐう）は、愛知県名古屋市千種区城山町にある神社。当地は戦国時代の織田氏の末森城の跡地であり、空堀が残っている。,
今戸神社,,東京都,,35.7191691,139.8035554,B,神社,今戸神社（いまどじんじゃ）は、東京都台東区今戸一丁目にある神社。,
五大堂,,宮城県,,38.3697199,141.0642082,B,寺院,五大堂（ごだいどう）は、宮城県宮城郡松島町の景勝地松島にある仏堂。同町にある臨済宗妙心寺派の寺院・瑞巌寺の境外仏堂である。,
信松院,,東京都,,35.6562069,139.3219203,B,寺院,信松院（しんしょういん）は、東京都八王子市台町三丁目にある曹洞宗の寺院。山号は金龍山。,
柞原八幡宮,,大分県,,33.2382905,131.5508628,B,神社,柞原八幡宮（ゆすはらはちまんぐう）は、大分県大分市にある神社。豊後国一宮。,
青井阿蘇神社,,熊本県,人吉市,32.2133805,130.7530453,B,神社,,
長光山 妙蓮寺,,神奈川県,,35.4982903,139.6340838,B,寺院,妙蓮寺（みょうれんじ）は、神奈川県横浜市港北区にある日蓮宗の寺院。通称、菊名妙蓮寺。,
愛宕神社,,新潟県,,37.9161102,139.040868,B,神社,古町愛宕神社（ふるまちあたごじんじゃ）は、新潟県新潟市中央区古町通にある神社。越後長岡藩主からの信仰も篤く『愛宕さま』として親しまれてきた。,
注連寺,,山形県,,38.6026741,139.8870577,B,寺院,注連寺（ちゅうれんじ）は、山形県鶴岡市大網にある真言宗智山派（新義真言宗系）の寺院。戦後、一時的に新義真言宗湯殿山派の大本山として独立していた時期もある。,
草薙神社,,静岡県,,34.9944892,138.4528921,B,神社,,
西明寺,,滋賀県,甲良町,35.1833643,136.2847047,B,寺院,,
大願寺,,広島県,,34.2954699,132.318232,B,寺院,大願寺（だいがんじ）は、広島県廿日市市宮島町にある高野山真言宗の寺院。山号は亀居山。,
酒見寺,,兵庫県,,34.9352874,134.8293049,B,寺院,,
片埜神社,,大阪府,,34.8417662,135.6678405,B,神社,片埜神社（かたのじんじゃ）は、大阪府枚方市にある神社。式内社で、旧社格は郷社。,
本住吉神社,,兵庫県,,34.7185613,135.2600242,B,神社,本住吉神社（もとすみよしじんじゃ）は、兵庫県神戸市東灘区にある神社である。旧社格は県社。,
普天満宮,,沖縄県,,26.2927597,127.7772328,B,神社,普天満宮（ふてんまぐう）は、沖縄県宜野湾市普天間にある神社。宜野湾市で唯一の神社でもある。,
賢崇寺,,東京都,,35.6544071,139.7333663,B,寺院,,
三芳野神社,,埼玉県,川越市,35.9242257,139.4924551,B,神社,三芳野神社は、埼玉県川越市郭町の神社。童歌「通りゃんせ」はこの神社の参道が舞台といわれる。,
三徳山三佛寺,,鳥取県,,35.3983514,133.95769,B,寺院,,
野木神社,,栃木県,,36.2159637,139.7073343,B,神社,,
鈴虫寺,,京都府,,34.9936753,135.6851882,B,寺院,,
牛嶋神社,,東京都,,35.7128654,139.8047641,B,神社,牛嶋神社（うしじまじんじゃ）は、東京都墨田区向島にある神社。牛島神社とも表記される。,
妙満寺,,京都府,,35.0679838,135.7747144,B,神社,妙満寺（みょうまんじ）は、京都市左京区岩倉にある顕本法華宗の総本山の寺院。山号は妙塔山。,
白川八幡神社,,岐阜県,,36.2548592,136.9056961,B,神社,"白川八幡神社（しらかわはちまんじんじゃ）は、岐阜県大野郡白川村荻町にある神社である。
世界遺産の白川郷にある神社である。",
青島神社,,宮崎県,宮崎市,31.8044141,131.4753031,B,神社,,
本興寺,,兵庫県,,34.7175353,135.4144621,B,寺院,,
野見宿禰神社,,東京都,,35.6969502,139.8013138,B,神社,,
黄金山神社,,宮城県,,38.2977943,141.5550105,B,神社,,
長弓寺,,奈良県,,34.7185634,135.7273021,B,寺院,,
比沼麻奈為神社,,京都府,,35.5926157,135.0289513,B,神社,比沼麻奈為神社（ひぬまないじんじゃ）は、京都府京丹後市峰山町久次宮谷510にある神社。主祭神は五穀豊穣を願う最高神である豊受大神である。,
栄山寺,,奈良県,,34.3559366,135.7208895,B,寺院,栄山寺（えいさんじ、旧字体：榮山寺）は、奈良県五條市にある真言宗豊山派の寺院。山号は学晶山（がくしょうさん）。,
和霊神社,,愛媛県,,33.2299352,132.5653241,B,神社,和霊神社（われいじんじゃ）は、愛媛県宇和島市にある神社。旧社格は県社。,
頼光寺,,兵庫県,,34.8877808,135.4136499,B,寺院,,
龍泉寺,,奈良県,,34.269633,135.87966,B,寺院,,
道明寺天満宮,,大阪府,,34.5689456,135.6172794,B,神社,,
覚園寺,,神奈川県,鎌倉市,35.3311382,139.5641091,B,寺院,,
飛瀧神社,,和歌山県,,33.6741987,135.8876655,B,神社,,
坂東24番 雨引山 楽法寺 雨引観音,,茨城県,,36.3308466,140.1205429,B,寺院,楽法寺（らくほうじ）は、茨城県桜川市本木にある真言宗豊山派の寺院。山号は雨引山。,
東郷寺,,東京都,,35.6646839,139.4994027,B,寺院,東郷寺（とうごうじ）は、東京都府中市にある日蓮宗の寺院。東郷平八郎の別荘跡に建立された。,
白旗神社,,神奈川県,藤沢市藤沢2-4-7,35.3505414,139.4786285,B,神社,,
星宮社,,愛知県,,35.0883478,136.9347181,B,神社,星宮社（ほしみやしゃ、ほしのみやしゃ）は、愛知県名古屋市南区本星崎町にある神社。,
飛行神社,,京都府,,34.8837747,135.7031495,B,神社,,
飯香岡八幡宮,,千葉県,市原市,35.5376104,140.117705,B,神社,,
龍穏寺,,埼玉県,,35.9544359,139.244997,B,寺院,,
所澤神明社,,埼玉県,,35.7941698,139.4633727,B,神社,所澤神明社（ところさわしんめいしゃ）は、埼玉県所沢市宮本町にある神社である。所澤総鎮守であり「武蔵国（むさしのくに）のお伊勢さま」としても知られる。,
三寳寺,,東京都,,35.7361152,139.5973944,B,寺院,三宝寺（さんぼうじ、公式表記：三寳寺）は、東京都練馬区石神井台にある真言宗智山派の寺院である。山号は亀頂山(きちょうざん)。,
大水上神社,,香川県,,34.1480617,133.7552202,B,神社,大水上神社（おおみなかみじんじゃ）は、香川県三豊市高瀬町にある神社である。式内社で、旧社格は県社。,
百済王神社,,大阪府,,34.815274,135.6602695,B,神社,百濟王神社（くだらおうじんじゃ）は、大阪府枚方市中宮西之町にある神社。旧社格は村社。,
気多神社,,富山県,,36.800035,137.0449698,B,神社,気多神社（けたじんじゃ）は、富山県高岡市伏木一宮にある神社。式内社（名神大社または小社）、越中国一宮。,
興福院,,奈良県,,34.6942732,135.8223288,B,寺院,,
山宮浅間神社,,静岡県,,35.2711752,138.6369654,B,神社,山宮浅間神社（やまみやせんげんじんじゃ）は、静岡県富士宮市山宮にある神社。旧社格は村社。,
英勝寺,,神奈川県,鎌倉市,35.3251108,139.5498364,B,寺院,,
稲毛浅間神社,,千葉県,千葉市,35.6365088,140.0822689,B,神社,稻毛浅間神社（いなげせんげんじんじゃ）は、千葉県千葉市稲毛区稲毛にある浅間神社。旧社格は村社。,
第44番札所 大宝寺 (Daihō-ji),,愛媛県,,33.6612356,132.9115866,B,寺院,大寶寺（だいほうじ）は、愛媛県上浮穴郡久万高原町にある真言宗豊山派の寺院。菅生山（すごうざん）、大覚院（だいかくいん）と号す。,
安楽寺,,長野県,,36.3521426,138.1531466,B,寺院,安楽寺（あんらくじ）は長野県上田市別所温泉にある曹洞宗の寺院。山号を崇福山と称する。,
源光庵,,京都府,,35.0547677,135.7317934,B,寺院,源光庵（げんこうあん）は、京都市北区鷹峯にある曹洞宗の寺院。山号は鷹峰山。,
聖神社,,埼玉県,,36.0501051,139.1025932,B,神社,,
大神山神社,,鳥取県,,35.3889999,133.5382995,B,神社,大神山神社（おおがみやまじんじゃ）は、鳥取県にある神社である。式内社、伯耆国二宮で、旧社格は国幣小社。,
信濃国分寺,,長野県,,36.3827785,138.2710819,B,寺院,信濃国分寺（しなのこくぶんじ）は、長野県上田市国分(こくぶ)にある天台宗の寺院。本尊は薬師如来。,
蓮教寺,,愛知県,,35.1564805,137.0119059,B,寺院,蓮教寺（れんきょうじ）は、愛知県名古屋市名東区高針四丁目にある真宗高田派の寺院である。山号は法雲山。,
二宮神社,,千葉県,,35.7018602,140.05233,B,神社,二宮神社（にのみやじんじゃ）は、千葉県船橋市三山にある神社。式内社論社で、下総国二宮と伝える。,
玉林寺,,東京都,,35.7199778,139.766985,B,寺院,玉林寺（ぎょくりんじ）は、東京都台東区にある曹洞宗の寺院。,
白神社,,広島県,,34.3903305,132.4563479,B,神社,白神社（しらかみしゃ）は、広島市中区中町に鎮座する神社。市民から「しらかみさん」と称されて、親しまれている旧郷社。,
関帝廟,,神奈川県,,35.442453,139.6452218,B,寺院,横浜関帝廟（よこはまかんていびょう）は、神奈川県横浜市中区の横浜中華街にある関帝廟。関帝（神格化された関羽）を祀っており、主に商売人の守り神として崇敬を集めている。,
桃太郎神社,,愛知県,,35.4052849,136.9662459,B,神社,桃太郎神社（ももたろうじんじゃ）は、愛知県犬山市栗栖（くりす）にある神社。,
氷室神社,,奈良県,,34.6842972,135.8378775,B,神社,氷室神社（ひむろじんじゃ）は、奈良県奈良市にある神社。式内小社（論社）、旧社格は村社。,
添御県坐 神社,,奈良県,,34.6875457,135.7394746,B,神社,添御県坐神社（そうのみあがたにいますじんじゃ）は、奈良県奈良市三碓（みつがらす）三丁目にある神社である。式内大社論社。,
能仁寺,,埼玉県,,35.8605741,139.3097449,B,寺院,,
愛染院,,東京都,,35.753269,139.6397255,B,寺院,練月山 愛染院 観音寺（れんげつさん あいぜんいん かんのんじ）は、東京都練馬区春日町四丁目にある真言宗豊山派の寺院。参道には、昭和15年に建てられた練馬大根碑がある。,
須賀神社,,東京都,新宿区,35.6853643,139.7225902,B,神社,,
第33番札所 雪渓寺,,高知県,高知市,33.5008563,133.5431302,B,寺院,,
清水寺,,大阪府,,34.6554476,135.5116325,B,寺院,,
小室浅間神社,,山梨県,,35.4948598,138.8031488,B,神社,冨士山下宮小室浅間神社（ふじさんしもみやおむろせんげんじんじゃ）は、山梨県富士吉田市にある神社。旧社格は郷社で、現在は神社本庁の別表神社。,
海晏寺,,東京都,,35.6076846,139.742459,B,寺院,"海晏寺（かいあんじ）は、東京都品川区南品川五丁目にある単立寺院で、近年まで曹洞宗の寺院だった。
建長3年（1251年）開山。",
太宗寺,,東京都,新宿区,35.689693,139.70923,B,寺院,太宗寺（たいそうじ）は、東京都新宿区新宿二丁目にある浄土宗の寺院である。山号は霞関山、院号は本覚院。,
十二社熊野神社,,東京都,,35.6902395,139.688332,B,神社,熊野神社（くまのじんじゃ）は、東京都新宿区西新宿二丁目にある神社。花園神社と並んで新宿の鎮守社。,
品川寺,,東京都,,35.6095834,139.7437744,B,寺院,品川寺（ほんせんじ）は、東京都品川区南品川三丁目にある真言宗醍醐派の寺院である。山号は海照山。,
景徳院,,山梨県,,35.6410545,138.803545,B,寺院,景徳院（けいとくいん）は、山梨県甲州市にある曹洞宗の寺院。山号は天童山、本尊は釈迦如来。,
壺井八幡宮,,大阪府,,34.5308338,135.6259351,B,神社,壺井八幡宮（つぼいはちまんぐう）は、大阪府羽曳野市壺井にある神社。旧社格は村社。,
浄光明寺,,神奈川県,,35.3264324,139.5511764,B,寺院,浄光明寺（じょうこうみょうじ）は、神奈川県鎌倉市扇ガ谷（おうぎがやつ）にある真言宗泉涌寺派の寺院。山号は泉谷山（せんこくざん）。,
許波多神社,,京都府,,34.9267627,135.7985618,B,神社,,
杵築神社,,東京都,,35.6998027,139.5464574,B,神社,杵築大社（きづきたいしゃ）は、東京都武蔵野市境南町にある神社。大國主大神（だいこく）と事代主大神（えびす）の二神を祀っており、武蔵野吉祥七福神の寺社の一つである。,
等彌神社,,奈良県,,34.5062035,135.8540974,B,神社,,
都波岐神社・奈加等神社,,三重県,,34.9014862,136.6012788,B,神社,,
大仙院,,京都府,,35.0445842,135.7458169,B,寺院,大仙院（だいせんいん）は、京都府京都市北区にある臨済宗の大徳寺内にある塔頭寺院。,
石都々古和気神社,,福島県,,37.1450494,140.4510393,B,神社,,
第24番札所 最御崎寺,,高知県,室戸市,33.2490846,134.1759439,B,寺院,最御崎寺（ほつみさきじ）は、高知県室戸市室戸岬町にある真言宗豊山派の寺院。室戸山（むろとざん）、明星院（みょうじょういん）と号す。,
日比谷神社,,東京都,,35.6633987,139.7582964,B,神社,"日比谷神社（ひびやじんじゃ）は、東京都港区東新橋にある神社である。
豊受大神（稲荷神）・祓戸四柱大神（瀬織津比売大神・速開都比売大神・気吹戸主大神・速佐須良比売大神）を祀る。",
普門寺,,大阪府,,34.830158,135.5928637,B,寺院,普門寺（ふもんじ）は、大阪府高槻市富田町にある臨済宗妙心寺派の寺院。山号は慈雲山。,
明王院,,広島県,,34.4784197,133.3463352,B,寺院,明王院（みょうおういん）は、広島県福山市草戸町にある真言宗大覚寺派の仏教寺院である。空海が開基と伝わる。,
井草八幡宮,,東京都,杉並区,35.7159432,139.5963728,B,神社,井草八幡宮（いぐさはちまんぐう）は、東京都杉並区善福寺にある八幡神社である。別表神社。,
了法寺,,東京都,,35.6605838,139.3161885,B,寺院,了法寺（りょうほうじ）は、東京都八王子市日吉町に所在する寺院。宗派は日蓮宗。,
興正寺,,愛知県,,35.1401865,136.9624637,B,寺院,,
元慶寺,,京都府,京都市,34.9886162,135.8011578,B,寺院,元慶寺（がんけいじ、古くは「がんぎょうじ」）は、京都市山科区北花山河原町にある天台宗の寺院。山号は華頂山。,
願泉寺,,大阪府,,34.448581,135.3574826,B,寺院,,
高座結御子神社,,愛知県,,35.1354087,136.9044778,B,神社,,
相模国分寺,,神奈川県,海老名市,35.4526733,139.399237,B,寺院,相模国分寺（さがみこくぶんじ）は、神奈川県海老名市国分にある高野山真言宗の寺院。山号は東光山。,
大阪護國神社,,大阪府,,34.6098522,135.4739303,B,神社,大阪護國神社（おおさかごこくじんじゃ）は、大阪市住之江区にある神社（護国神社）。,
金櫻神社,,山梨県,,35.7694402,138.5561097,B,神社,,
大谷磨崖仏,,栃木県,,36.5967838,139.8208345,B,寺院,大谷寺（おおやじ）は、栃木県宇都宮市大谷町にある天台宗の寺院である。山号は天開山。,
阿伎留神社,,東京都,,35.725325,139.2227717,B,神社,,
第31番札所 竹林寺,,高知県,高知市,33.5464894,133.5766731,B,寺院,,
慈眼寺,,東京都,,35.7397042,139.7359332,B,寺院,慈眼寺（じげんじ）は、東京都豊島区にある日蓮宗の寺院。,
敏馬神社,,兵庫県,,34.7033214,135.2188106,B,神社,敏馬神社（みぬめじんじゃ）は、神戸市灘区岩屋中町にある神社。式内社で、旧社格は県社。,
岩船寺,,京都府,,34.7198554,135.8860168,B,寺院,岩船寺（がんせんじ）は、京都府木津川市加茂町岩船にある真言律宗の寺院。山号は高雄山（こうゆうざん）。,
大善寺,,山梨県,,35.6559111,138.7431425,B,寺院,大善寺（だいぜんじ）は、山梨県甲州市勝沼町にある仏教寺院。宗派は真言宗智山派、山号は柏尾山、本尊は薬師如来である。,
鏡作坐天照御魂神社,,奈良県,,34.5610813,135.7939861,B,神社,,
東照宮,,広島県,,34.403216,132.4756089,B,神社,広島東照宮（ひろしまとうしょうぐう）は、広島県広島市東区の二葉山山麓の約300 ｍの高台にある東照宮で、尾長東照宮ともよばれている。,
第78番札所 郷照寺,,香川県,,34.3066903,133.8242112,B,寺院,,
津観音,,三重県,,34.720671,136.5131952,B,寺院,津観音（つかんのん）は、三重県津市大門にある寺院。正式な寺号は恵日山観音寺大宝院（えにちざんかんのんじだいほういん）であり、宗派は真言宗醍醐派の別格本山。,
倭文神社,,鳥取県,,35.4896252,133.9031175,B,神社,倭文神社（しとりじんじゃ/しずりじんじゃ）は、鳥取県東伯郡湯梨浜町大字宮内にある神社。式内社、伯耆国一宮。,
賣太神社,,奈良県,,34.6392857,135.7966605,B,神社,,
妙立寺(忍者寺),,石川県,"Nomachi, Kanazawa, Ishikawa",36.5553573,136.6490285,B,寺院,妙立寺（みょうりゅうじ）とは、石川県金沢市にある日蓮宗の寺院。山号は正久山。,
尾張戸神社,,愛知県,,35.2559774,137.0530299,B,神社,尾張戸神社（おわりべじんじゃ）は、愛知県名古屋市守山区および瀬戸市にある神社。『延喜式神名帳』の尾張国山田郡「尾張戸神社」に比定されている。,
法輪寺,,京都府,,35.010001,135.677215,B,寺院,法輪寺（ほうりんじ）は、京都市西京区嵐山虚空蔵山町にある真言宗五智教団の寺院。山号は智福山。,
常寂光寺,,京都府,,35.01964,135.6685724,B,寺院,常寂光寺（じょうじゃっこうじ）は、京都市右京区嵯峨小倉山小倉町にある日蓮宗の寺院。山号は小倉山。,
熊野大社,,山形県,,38.0779556,140.1372481,B,神社,熊野神社（くまのじんじゃ）は、山形県南陽市にある神社である。旧社格は県社。,
伊豫豆比古命神社,,愛媛県,,33.8092853,132.7707522,B,神社,伊豫豆比古命神社（いよずひこのみことじんじゃ）は、愛媛県松山市居相町にある神社。式内社、旧社格は県社。,
今熊野観音寺,,京都府,,34.9798185,135.781121,B,寺院,今熊野観音寺（いまくまのかんのんじ）は、京都市東山区泉涌寺山内町にある真言宗泉涌寺派の寺院。総本山泉涌寺の塔頭。,
壇林寺,,京都府,,35.0237604,135.6676877,B,寺院,"檀林寺（だんりんじ）は、平安時代初期に嵯峨天皇の皇后・橘嘉智子が唐の僧侶・義空を招いて京都の嵯峨に開山させた禅宗の尼寺。
今日では廃絶している。",
福徳神社,,東京都,,35.6872213,139.7744198,B,神社,,
萬昌院功運寺,,東京都,,35.7124759,139.6787211,B,寺院,,
不退寺,,奈良県,,34.6948041,135.8124863,B,寺院,不退寺（ふたいじ）は、奈良県奈良市法蓮町にある真言律宗の寺院。山号は金龍山。,
鷲林寺,,兵庫県,,34.7754497,135.3083501,B,寺院,,
唐沢山神社,,栃木県,,36.3538136,139.600758,B,神社,唐沢山神社（からさわやまじんじゃ）は、栃木県佐野市の唐沢山山頂にある神社。藤原秀郷を祀る。,
清浄華院,,京都府,,35.025339,135.7684081,B,寺院,清浄華院（しょうじょうけいん）は、京都市上京区にある浄土宗の大本山の寺院。呼称は院号のみで、山号・寺号はない。,
皇大神社,,京都府,,35.4292311,135.1546594,B,神社,,
根本山神峰山寺,,大阪府,,34.8982418,135.6088417,B,寺院,,
波除稲荷神社,,東京都,,35.663491,139.7715493,B,神社,,
高瀬神社,,富山県,,36.5713644,136.9482339,B,神社,,
鴨都波神社,,奈良県,,34.4601676,135.732835,B,神社,,
金刀比羅宮,,東京都,,35.6695944,139.7480108,B,神社,,
杉本寺,,神奈川県,鎌倉市,35.3226286,139.5674413,B,寺院,杉本寺（すぎもとでら）は、神奈川県鎌倉市二階堂にある天台宗の寺院。山号は大蔵山。,
資福寺,,宮城県,,38.282936,140.8602846,B,寺院,,
武雄神社,,佐賀県,,33.1883674,130.0210925,B,神社,武雄神社（たけおじんじゃ）は、佐賀県武雄市武雄町の御船山の山麓にある神社。樹齢3000年ともいわれる御神木の大楠があることでも知られる。,
真如寺,,京都府,,35.0309012,135.7251849,B,寺院,真如寺（しんにょじ）は、京都市北区等持院北町にある臨済宗相国寺派の寺院。大本山相国寺の山外塔頭。,
本成寺,,新潟県,,37.622725,138.9449872,B,寺院,本成寺（ほんじょうじ）は、新潟県三条市西本成寺にある、法華宗陣門流の総本山。山号は長久山（ちょうきゅうさん）。,
五流尊瀧院,,岡山県,,34.5367999,133.818862,B,寺院,五流尊瀧院（ごりゅうそんりゅういん）は岡山県倉敷市林に所在する修験道の寺院。本尊は十一面観音。,
堀越神社,,大阪府,,34.6514679,135.5132883,B,神社,堀越神社（ほりこしじんじゃ）は、大阪市天王寺区茶臼山町にある神社。旧社格は村社。,
第84番札所 屋島寺,,香川県,高松市,34.357386,134.1011415,B,寺院,屋島寺（やしまじ）は、屋島の南嶺山上（香川県高松市屋島東町）にある真言宗御室派の寺院。南面山（なんめんざん）、千光院（せんこういん）と号す。,
蚶満寺,,秋田県,,39.2162489,139.9029442,B,寺院,,
安養寺,,京都府,,35.0038142,135.7844862,B,寺院,安養寺（あんようじ）は、京都市東山区にある時宗の寺院。山号は慈円山。,
浦嶋神社,,京都府,,35.7289933,135.2578485,B,神社,浦嶋神社（うらしまじんじゃ）は、京都府与謝郡伊根町本庄浜にある神社。旧社格は郷社。,
金峯神社,,奈良県,,34.3427486,135.8818934,B,神社,,
飯高寺,,千葉県,,35.7444127,140.5293346,B,寺院,,
本法寺,,京都府,,35.0350543,135.7522199,B,寺院,本法寺（ほんぽうじ）は、京都市上京区本法寺前町にある日蓮宗の本山（由緒寺院）の寺院。山号は叡昌山。,
大乗寺,,石川県,,36.532427,136.6591413,B,寺院,大乗寺（だいじょうじ、大乘寺）は、石川県金沢市長坂町にある曹洞宗の寺院。山号は東香山、椙樹林、古くは金獅峯。,
善福寺,,東京都,,35.7182061,139.5912218,B,寺院,"善福寺（ぜんぷくじ）は、東京都杉並区善福寺にある曹洞宗の寺院。
なお、当寺の名称は、従来からの地名の善福寺に基づき改称した結果、善福寺となった。",
玉敷神社,,埼玉県,加須市　騎西522,36.10734,139.5697264,B,神社,玉敷神社（たましきじんじゃ）は、埼玉県加須市騎西にある神社。式内社で、旧社格は県社。,
真間山弘法寺,,千葉県,市川市,35.7399649,139.9081634,B,寺院,弘法寺（ぐほうじ）は、千葉県市川市真間四丁目にある日蓮宗の本山（由緒寺院）。山号は真間山。,
沖宮,,沖縄県,那覇市,26.202662,127.6771053,B,神社,沖宮（おきのぐう）は沖縄県那覇市にある神社。琉球八社の一つであるが、近代社格制度では社格を与えられておらず、神社本庁に属さない単立の神社である。,
長國寺,,東京都,,35.722999,139.7920204,B,寺院,,
穴澤天神社,,東京都,,35.6327598,139.5221016,B,神社,,
香良洲神社,,三重県,,34.6437734,136.5434141,B,神社,,
文殊堂 智恩寺,,京都府,,35.5585922,135.1840826,B,寺院,智恩寺（ちおんじ）は、京都府宮津市字文珠466にある臨済宗妙心寺派の寺院。山号は天橋山（てんきょうざん）。,
常照皇寺,,京都府,,35.2009305,135.6852927,B,寺院,常照皇寺（じょうしょうこうじ）は、京都市右京区にある臨済宗天龍寺派の寺院。山号は大雄名山（だいおうめいざん）。,
常磐神社,,茨城県,水戸市,36.3749661,140.4559225,B,神社,常磐神社（ときわじんじゃ）は茨城県水戸市にある神社である。徳川光圀・徳川斉昭を祀る。,
金剛輪寺,,滋賀県,愛荘町,35.1612815,136.2830436,B,寺院,,
鬼越蒼前神社,,岩手県,,39.7475527,141.0718891,B,神社,,
水若酢神社,,島根県,,36.2798329,133.2488883,B,神社,水若酢神社（みずわかすじんじゃ）は、島根県隠岐郡隠岐の島町郡（こおり）にある神社。式内社（名神大社）、隠岐国一宮。,
本堂 (狭山不動尊),,埼玉県,,35.7703004,139.415975,B,寺院,狭山不動尊（さやまふどうそん）は、埼玉県所沢市上山口にある天台宗別格本山の寺院である。山号は狭山山、寺号は不動寺。,
名古屋東照宮,,愛知県,愛知県名古屋市,35.1775431,136.899303,B,神社,名古屋東照宮（なごやとうしょうぐう）は、愛知県名古屋市中区丸の内にある神社。旧社格は県社。,
聖神社,,大阪府,和泉市,34.5010817,135.4469349,B,神社,聖神社（ひじりじんじゃ）は、大阪府和泉市王子町にある神社。式内社で、旧社格は府社。,
金神社,,岐阜県,,35.4167843,136.757426,B,神社,,
長瀧白山神社,,岐阜県,郡上市,35.9207314,136.830743,B,神社,,
西念寺 (稲田御坊),,茨城県,,36.3645249,140.202592,B,寺院,,
退蔵院,,京都府,,35.0217946,135.7190966,B,寺院,,
玉津島神社,,和歌山県,,34.1879225,135.1719029,B,神社,玉津島神社（たまつしまじんじゃ）は、和歌山県和歌山市和歌浦中にある神社。国史見在社。,
第12番札所 焼山寺,,徳島県,神山町,33.985057,134.310411,B,寺院,焼山寺（しょうさんじ）は徳島県名西郡神山町下分字地中（しもぶん じちゅう）にある高野山真言宗の寺院。摩盧山（まろざん）、正寿院（しょうじゅいん）と号す。,
検見川神社,,千葉県,,35.6535077,140.0662739,B,神社,検見川神社（けみがわじんじゃ）は、千葉市花見川区にある神社。旧社格は村社。,
梅窓院,,東京都,,35.6689878,139.7178525,B,寺院,,
長壁神社,,兵庫県,,34.8314668,134.6899494,B,神社,,
三宮神社,,兵庫県,,34.6896006,135.1911773,B,神社,三宮神社（さんのみやじんじゃ）は、兵庫県神戸市中央区三宮町に鎮座する神社。,
芝東照宮,,東京都,,35.6550961,139.7486263,B,神社,,
與杼神社,,京都府,,34.9052928,135.7183819,B,神社,,
市谷亀岡八幡宮,,東京都,,35.6927381,139.733724,B,神社,市谷亀岡八幡宮（いちがやかめがおかはちまんぐう）は、東京都新宿区市谷八幡町にある八幡神社。境内にペットを立ち入らせることが認められており、ペット用のお守り、ご祈祷を受けられる。,
冨士御室浅間神社,,山梨県,,35.4002783,138.755524,B,神社,冨士御室浅間神社（ふじおむろせんげんじんじゃ）は、山梨県南都留郡富士河口湖町にある神社。旧社格は県社で、現在は神社本庁の別表神社。,
女化神社,,茨城県,,35.9460033,140.1732945,B,神社,女化神社（おなばけじんじゃ）は、茨城県龍ケ崎市にある神社。社地は同県牛久市女化町内の飛地にある。,
満願寺,,兵庫県,,34.8381717,135.3936708,B,寺院,満願寺（まんがんじ）は、兵庫県川西市満願寺町にある高野山真言宗の寺院。山号は神秀山。,
稲毛神社,,神奈川県,,35.5310183,139.7046182,B,神社,,
新屋山神社,,山梨県,,35.466838,138.797335,B,神社,新屋山神社（あらややまじんじゃ）は、山梨県富士吉田市新屋（あらや）にある神社。地名を冠さずに単に山神社（やまじんじゃ）とも称される。,
真珠庵,,京都府,,35.0445954,135.7464219,B,寺院,真珠庵（しんじゅあん）は京都府京都市北区紫野にある、臨済宗大本山大徳寺の塔頭である。型破りの禅僧として著名な一休宗純ゆかりの寺院である。,
誕生寺,,岡山県,,34.9556004,133.9529541,B,寺院,,
月夜見宮,,三重県,,34.4930684,136.7059538,B,神社,,
日向太神宮,,京都府,,35.0062797,135.7951764,B,神社,日向大神宮（ひむかいだいじんぐう）は、京都市山科区にある神社。式内社（小）で、旧社格は村社。,
松尾寺,,奈良県,,34.6354256,135.7272867,B,寺院,松尾寺（まつおでら）は、奈良県大和郡山市にある真言宗醍醐派の別格本山の寺院。山号は松尾山または補陀洛山（ふだらくさん）。,
梨木神社,,京都府,,35.0245402,135.7673428,B,神社,梨木神社（なしのきじんじゃ）は、京都市上京区染殿町にある神社。旧社格は別格官幣社。,
第23番札所 薬王寺,,徳島県,美波町,33.7322973,134.5275924,B,寺院,,
白毫寺 (Byakugō-ji),,奈良県,,34.6709963,135.8512437,B,寺院,白毫寺（びゃくごうじ）は、奈良県奈良市白毫寺町にある真言律宗の寺院。山号は高円山。,
金倉寺,,香川県,,34.2495723,133.7809675,B,寺院,,
安積国造神社,,福島県,,37.3987699,140.3820181,B,神社,安積国造神社（あさかくにつこじんじゃ）は、福島県郡山市清水台にある神社。旧社格は県社。,
茨木神社,,大阪府,,34.8180107,135.5702615,B,神社,,
新宮熊野神社,,福島県,,37.6190567,139.8305993,B,神社,新宮熊野神社（しんぐうくまのじんじゃ）は福島県喜多方市慶徳町新宮にある神社。「新宮」と称しているが、本宮・新宮・那智の熊野三山を祀っている。,
南洲神社,,鹿児島県,鹿児島市,31.6064499,130.5588767,B,神社,南洲神社（なんしゅうじんじゃ）は、鹿児島県鹿児島市上竜尾町に鎮座する神社である。旧社格は無格社。,
海禅寺,,東京都,,35.7155065,139.7879615,B,寺院,海禅寺（かいぜんじ）は、東京都台東区松が谷三丁目にある臨済宗妙心寺派の寺院。振袖火事の後、現在の浅草に移る。,
称念寺,,福井県,,36.1438906,136.2517692,B,寺院,,
安祥寺,,京都府,,34.9961834,135.8156823,B,寺院,安祥寺（あんしょうじ）は、京都市山科区にある高野山真言宗の寺院。山号は吉祥山。,
崇道神社,,京都府,,35.0656428,135.8006663,B,神社,崇道神社（すどうじんじゃ）は、京都市左京区上高野にある神社である。社格は旧村社。,
坂東25番 筑波山 大御堂,,茨城県,,36.2126621,140.0994556,B,寺院,大御堂（おおみどう）は、茨城県つくば市筑波にある真言宗豊山派の寺院。山号は筑波山。,
吉祥草寺,,奈良県,,34.4612502,135.7485915,B,寺院,吉祥草寺（きっしょうそうじ）は、奈良県御所市茅原にある本山修験宗の寺院。山号は茅原山、院号は金剛寿院。,
光雲神社,,福岡県,,33.5973996,130.3765195,B,神社,光雲神社（てるもじんじゃ）は、福岡県福岡市中央区西公園にある神社。,
秩父23 松風山音楽寺,,埼玉県,,36.0060029,139.0621307,B,寺院,,
石園坐多久虫玉神社,,奈良県,,34.5079686,135.7425712,B,神社,,
大前神社,,栃木県,,36.4493144,140.0262011,B,神社,大前神社（おおさきじんじゃ）は栃木県真岡市にある神社。式内社。,
温泉神社,,栃木県,,37.0999688,139.9989996,B,神社,,
自凝島神社,,兵庫県,,34.3124843,134.7711456,B,神社,自凝島神社（おのころじまじんじゃ）は、兵庫県南あわじ市にある神社。おのころ島神社とも表記される。,
愛子大仏,,宮城県,,38.2856865,140.7570173,B,寺院,愛子大仏（あやしだいぶつ）とは、宮城県仙台市青葉区の佛国寺にある大仏。,
大信寺,,群馬県,,36.3255025,139.0095627,B,寺院,大信寺（だいしんじ）は、群馬県高崎市にある浄土宗の寺院。,
橘樹神社,,千葉県,,35.4895141,140.3057483,B,神社,橘樹神社（たちばなじんじゃ）は、千葉県茂原市本納にある神社。式内社、上総国二宮で、旧社格は県社。,
第39番札所 延光寺,,高知県,宿毛市,32.9613141,132.7740727,B,寺院,延光寺（えんこうじ）は、高知県宿毛市にある真言宗智山派の寺院。赤亀山（しゃっきざん）、寺山院（じさんいん）と号す。,
鵲森宮,,大阪府,,34.6807225,135.5333217,B,神社,,
金精神社,,群馬県,,36.8188622,139.3946151,B,神社,,
垂水神社,,大阪府,,34.7668793,135.5035244,B,神社,垂水神社（たるみじんじゃ）は、大阪府吹田市垂水町にある神社。式内社（名神大社）で、旧社格は郷社。,
星神社,,愛知県,,35.2148724,136.8812788,B,神社,星神社（ほしじんじゃ）は、愛知県名古屋市西区上小田井にある神社。『延喜式神名帳』の尾張国山田郡「坂庭神社」の論社とされる。,
大江神社,,大阪府,,34.6573328,135.5120409,B,神社,大江神社（おおえじんじゃ）は、大阪市天王寺区夕陽丘町（夕陽丘地区。かつての天王寺北村、東成郡天王寺村の一部）にある神社。,
師岡熊野神社,,神奈川県,横浜市,35.5239067,139.6355484,B,神社,師岡熊野神社（もろおかくまのじんじゃ）は、神奈川県横浜市港北区師岡町にある神社である。旧社格は郷社。,
大神神社（室の八嶋）,,栃木県,,36.4055797,139.7823409,B,神社,大神神社（おおみわじんじゃ）は、栃木県栃木市惣社町にある神社。式内社論社、下野国総社。,
大将軍八神社,,京都府,,35.026504,135.7339882,B,神社,大将軍八神社（だいしょうぐんはちじんじゃ）は、京都市上京区にある神社。素戔嗚尊を主祭神とする。,
芳春院,,京都府,,35.0452451,135.7452712,B,寺院,,
出雲大社東京分祀,,東京都,,35.6622817,139.7288464,B,神社,出雲大社東京分祠（いずもおおやしろ、いずもたいしゃとうきょうぶんし）は東京都港区六本木にある神社で、島根県の出雲大社からの分祠である。,
御穂神社,,静岡県,,35.0000859,138.5208476,B,神社,御穂神社（みほじんじゃ）は、静岡県静岡市清水区三保にある神社。式内社、駿河国三宮で、旧社格は県社。,
多家神社,,広島県,,34.3959163,132.5102409,B,神社,多家神社（たけじんじゃ）は、広島県安芸郡府中町にある神社。式内社（名神大社）後継社、安芸国総社後継社。,
荏原神社,,東京都,品川区,35.6170488,139.7435786,B,神社,,
高桐院,,京都府,,35.0431821,135.7432697,B,寺院,,
大法寺,,長野県,,36.3812468,138.1488239,B,寺院,大法寺（だいほうじ）は、長野県小県郡青木村にある天台宗の寺院。山号は一乗山。,
八柱神社,,愛知県,,34.9538799,137.1872699,B,神社,八柱神社（やはしらじんじゃ）は、愛知県岡崎市欠町にある神社。天正7年創建。,
紀州東照宮,,和歌山県,,34.1918159,135.1659156,B,神社,,
長岳寺,,奈良県,,34.5609693,135.8520599,B,寺院,,
案樂壽院,,京都府,,34.952544,135.7545495,B,寺院,安楽寿院（あんらくじゅいん）は、京都市伏見区竹田にある真言宗智山派の寺院。山号はなし。,
久須志神社,,山梨県,,35.3657057,138.7328766,B,神社,久須志神社（くすしじんじゃ）は富士山の標高3715mに位置する神社。富士登山道の吉田口と須走口側の頂上にあたる。,
粒坐天照神社,,兵庫県,,34.8635878,134.5402797,B,神社,,
速谷神社,,広島県,,34.3590526,132.3087003,B,神社,,
麟祥院 からたち寺,,東京都,,35.7082192,139.7645619,B,寺院,,
多摩川浅間神社,,東京都,,35.5874794,139.6688219,B,神社,多摩川浅間神社（たまがわせんげんじんじゃ）は東京都大田区田園調布にある神社。旧・下沼部村（田園調布の南半分）の鎮守。,
三吉神社総本宮,,秋田県,,39.7261399,140.1443632,B,神社,太平山三吉神社（たいへいざんみよしじんじゃ）は、秋田県秋田市に鎮座する神社。山岳信仰の対象。,
東光寺,,山梨県,,35.6681847,138.5883439,B,寺院,東光寺（とうこうじ）は、山梨県甲府市東光寺にある寺院。山号は法蓋山（ほうがいさん）。,
奥澤神社,,東京都,,35.6053806,139.6712648,B,神社,奥澤神社（おくさわじんじゃ）は、東京都世田谷区奥沢にある神社。,
第15番札所 阿波国分寺,,徳島県,徳島市,34.0555467,134.4736295,B,寺院,,
清閑寺,,京都府,京都市,34.989804,135.7884462,B,寺院,清閑寺（せいかんじ、旧字体: 淸閑寺）は、京都市東山区清閑寺歌ノ中山町にある真言宗智山派の寺院。山号は歌中山。,
山内神社社殿,,高知県,,33.5555483,133.5318491,B,神社,山内神社（やまうちじんじゃ）は、高知県高知市にある神社である。土佐藩初代藩主山内一豊、同夫人、および土佐藩歴代藩主を祀る。,
最勝寺,,東京都,世田谷区,35.6448796,139.6678821,B,寺院,教学院（きょうがくいん）は、東京都世田谷区太子堂四丁目にある天台宗の寺院。寛永寺の末寺の一つである。,
東口本宮冨士浅間神社,,静岡県,小山町,35.362946,138.8638294,B,神社,東口本宮冨士浅間神社（ひがしぐちほんぐうふじせんげんじんじゃ）は、静岡県駿東郡小山町須走にある神社。旧社格は県社。,
河口浅間神社,,山梨県,,35.5310685,138.7749964,B,神社,,
圓徳院,,京都府,,35.0008054,135.7795814,B,寺院,圓徳院（えんとくいん、常用漢字体：円徳院）は、京都市東山区にある臨済宗建仁寺派の寺院。高台寺の塔頭。,
柿本神社,,兵庫県,,34.6499784,135.0016265,B,神社,柿本神社（かきのもとじんじゃ）は、兵庫県明石市人丸町にある神社。人丸山（人丸山公園）の頂上に鎮座するが、山名も当神社に因むものである。,
一言主神社,,茨城県,,36.0120733,139.9273187,B,神社,一言主神社（ひとことぬしじんじゃ）は、茨城県常総市にある神社。一言明神（ひとことみょうじん）ともいう。,
宝泉院,,京都府,,35.121352,135.8339989,B,寺院,宝泉院（ほうせんいん）は、京都市左京区大原勝林院町にある天台宗の寺院。大原寺勝林院の塔頭。,
平等寺,,京都府,,34.9994893,135.7602802,B,寺院,平等寺（びょうどうじ）は、京都市下京区因幡堂町にある真言宗智山派の寺院。山号は福聚山。,
多奈波太神社,,愛知県,,35.1931476,136.9056732,B,神社,多奈波太神社（たなばたじんじゃ）は、愛知県名古屋市北区金城四丁目に鎮座する神社。『延喜式神名帳』の尾張国山田郡「多奈波太神社」に比定されている。,
大依羅神社,,大阪府,,34.5948685,135.5179394,B,神社,大依羅神社（おおよさみじんじゃ）は、大阪市住吉区にある神社。式内社（名神大社）で、旧社格は府社。,
第36番札所 青龍寺,,高知県,土佐市,33.4260649,133.45095,B,寺院,,
下谷神社,,東京都,,35.7108056,139.7813235,B,神社,下谷神社（したやじんじゃ）は、東京都台東区東上野三丁目にある神社。大年神と日本武尊を祭っている。,
観福寺,,千葉県,,35.8809888,140.4992005,B,寺院,,
常楽寺,,神奈川県,,35.3482067,139.5407424,B,寺院,常楽寺（じょうらくじ）は、神奈川県鎌倉市大船にある臨済宗建長寺派の寺院である。山号は粟船山（ぞくせんざん）。,
東林院,,京都府,,35.0230309,135.7224821,B,寺院,東林院（とうりんいん）は、京都市右京区花園妙心寺町にある臨済宗妙心寺派の寺院。大本山妙心寺の塔頭。,
酒折宮,,山梨県,,35.6610301,138.5965888,B,神社,,
坂東16番 五徳山 水澤寺,,群馬県,,36.4793789,138.9455274,B,寺院,水澤寺（みずさわでら）は、群馬県渋川市にある天台宗の寺院。山号は五徳山。,
開成山大神宮,,福島県,,37.3979737,140.3532251,B,神社,,
熊谷寺,,埼玉県,,36.1465845,139.3829814,B,寺院,熊谷寺（ゆうこくじ）は、埼玉県熊谷市仲町にある浄土宗の寺院である。山号は蓮生山（れんせいざん）。,
慈光院,,奈良県,,34.6315567,135.758621,B,寺院,慈光院（じこういん）は、奈良県大和郡山市小泉町にある臨済宗大徳寺派の寺院である。山号は円通山。,
本願寺,,京都府,,35.0269588,135.6705803,B,寺院,本願寺（ほんがんじ）は、京都市右京区にある浄土真宗の寺院である。嵯峨本願寺とも。,
善知鳥神社,,青森県,,40.8266592,140.7427279,B,神社,善知鳥神社（うとうじんじゃ）は、青森県青森市安方にある神社である。旧社格は県社。,
千光寺,,広島県,,34.4103649,133.1986846,B,寺院,千光寺（せんこうじ）は、広島県尾道市東土堂町の千光寺公園内にある、仏教真言宗系の単立寺院。山号は大宝山（たいほうざん）。,
第03番札所 金泉寺,,徳島県,板野町,34.147453,134.4685024,B,寺院,,
粟田神社,,京都府,,35.0081887,135.7849486,B,神社,粟田神社（あわたじんじゃ）は、京都市東山区粟田口鍛冶町にある神社。旧社格は府社。,
高砂神社,,兵庫県,,34.7437854,134.8035942,B,神社,,
千栗八幡宮,,佐賀県,,33.3314201,130.4786568,B,神社,千栗八幡宮（ちりくはちまんぐう）は、佐賀県三養基郡みやき町にある神社。肥前一宮。,
機物神社,,大阪府,,34.794783,135.6942868,B,神社,機物神社（はたものじんじゃ）は、大阪府交野市倉治にある神社。七夕に関する伝説で知られる神社である。,
願興寺,,岐阜県,,35.4303943,137.1289936,B,寺院,,
新倉富士浅間神社,,山梨県,富士吉田市,35.5003121,138.8001336,B,神社,三國第一山新倉富士浅間神社（さんごくだいいちさん あらくらふじせんげんじんじゃ）は山梨県富士吉田市にある神社。旧社格は村社。,
瑞鳳寺,,宮城県,,38.2515084,140.8666829,B,寺院,,
亀戸水神宮,,東京都,江東区,35.7010875,139.8314992,B,神社,亀戸水神社（かめいどすいじんしゃ）とは、東京都江東区亀戸にある神社。亀戸水神宮（かめいどすいじんぐう）、あるいは単に亀戸水神（かめいどすいじん）とも称される。,
別格15 箸蔵寺,,徳島県,三好市,34.0491841,133.8418219,B,寺院,箸蔵寺（はしくらじ）は、徳島県三好市池田町州津にある真言宗御室派別格本山の寺院。宝珠山（ほうしゅざん）、真光院（しんこういん）と号す。,
第71番札所 弥谷寺,,香川県,,34.230281,133.7241876,B,寺院,弥谷寺（いやだにじ）は、香川県三豊市三野町にある大本山の寺格を持つ真言宗善通寺派の寺院。剣五山 （けんござん）、千手院（せんじゅいん）と号す。,
桃巌寺,,愛知県,,35.161062,136.9646536,B,寺院,桃巖禪寺、桃巌禪寺（とうがんぜんじ）、桃巌寺（とうがんじ）は、愛知県名古屋市千種区四谷通にある曹洞宗の寺院。山号は泉龍山。,
向嶽寺,,山梨県,甲州市,35.7108854,138.7224266,B,寺院,向嶽寺（こうがくじ）は、山梨県甲州市にある禅寺で臨済宗向嶽寺派の大本山。山号は塩山。,
金乗院(山口観音),,埼玉県,,35.7687853,139.414396,B,寺院,,
筑紫神社,,福岡県,,33.4570984,130.5428982,B,神社,,
倭姬宮,,三重県,,34.4852112,136.7233418,B,神社,倭姫宮（やまとひめのみや）は、三重県伊勢市楠部町にある神社。内宮（皇大神宮）の別宮である。,
羽田航空神社,,東京都,,35.5487477,139.7844283,B,神社,,
白山中居神社,,岐阜県,,35.9921241,136.7689753,B,神社,,
総願寺,,埼玉県,,36.1356777,139.5853946,B,寺院,,
月輪寺,,京都府,,35.0584098,135.6451531,B,寺院,月輪寺（つきのわでら）は、京都市右京区嵯峨清滝月ノ輪町にある天台宗の寺院。山号は鎌倉山（かまくらやま、けんそうざん）。,
天徳寺,,東京都,,35.6641968,139.747004,B,寺院,天徳寺（てんとくじ）は、東京都港区にある浄土宗の寺院。,
塩船観音寺,,東京都,,35.8046676,139.2808225,B,寺院,塩船観音寺（しおふねかんのんじ）は、東京都青梅市塩船にある真言宗醍醐派の別格本山。山号は大悲山。,
相馬中村神社,,福島県,,37.797275,140.913059,B,神社,相馬中村神社（そうまなかむらじんじゃ）は、福島県相馬市中村に立地する神社。別名は妙見中村神社（みょうけんなかむらじんじゃ）だが、中村神社と省略されることもある。,
妙成寺,,石川県,,36.9540632,136.7766599,B,寺院,妙成寺（みょうじょうじ）は、石川県羽咋市滝谷町にある日蓮宗の寺院。山号は金栄山（きんえいざん）。,
宗忠神社,,京都府,,35.0228595,135.7856978,B,神社,宗忠神社（むねただじんじゃ）は、黒住教の教祖である黒住宗忠を祀る神社である。京都および、黒住宗忠の生地で黒住教の本部のある岡山にある。,
本照寺,,大阪府,,34.830874,135.5941694,B,寺院,本照寺（ほんしょうじ）は、大阪府高槻市富田町（とんだちょう）にある浄土真宗本願寺派の仏教寺院。富寿栄山（ふすえざん）あるいは富山と号し、富田御坊（とんだごぼう）ともいう。,
崇福寺,,岐阜県,,35.4432484,136.7673257,B,寺院,崇福寺（そうふくじ）は、岐阜県岐阜市にある臨済宗妙心寺派の寺院である。山号は神護山。,
玉若酢命神社,,島根県,,36.2070502,133.3128776,B,神社,玉若酢命神社（たまわかすみことじんじゃ/たまわかすのみことじんじゃ）は、島根県隠岐郡隠岐の島町下西にある神社。式内社で、旧社格は県社。,
龍角寺,,千葉県,,35.8331761,140.2698394,B,寺院,,
油日神社,,滋賀県,,34.886703,136.2495738,B,神社,油日神社（あぶらひじんじゃ）は、滋賀県甲賀市甲賀町油日にある神社。国史見在社で旧社格は県社。,
観音,,千葉県,,35.7319462,140.840608,B,寺院,円福寺（えんぷくじ）は、千葉県銚子市にある真言宗系単立の寺院。山号は飯沼山。,
子ノ権現天龍寺,,埼玉県,,35.907368,139.1892395,B,寺院,子の権現 天龍寺（ねのごんげん てんりゅうじ）は埼玉県飯能市にある天台宗の寺院である。武蔵野三十三観音霊場32番札所。,
走水神社,,兵庫県,,34.6848218,135.1814927,B,神社,,
正伝寺,,京都府,,35.0622841,135.738056,B,寺院,正伝寺（しょうでんじ）は、京都市北区にある臨済宗南禅寺派の寺院。山号は吉祥山。,
雷電神社,,群馬県,,36.227526,139.6078042,B,神社,,
宝鏡寺,,京都府,,35.034015,135.7527593,B,寺院,宝鏡寺（ほうきょうじ）は、京都市上京区百々町にある臨済宗系単立の寺院（尼寺）。山号は西山（せいざん）。,
油山寺,,静岡県,,34.7855186,137.9361726,B,寺院,油山寺（ゆさんじ）は、静岡県袋井市村松にある真言宗智山派の寺院。遠州三山の1つ。,
雲峰寺,,山梨県,,35.7393686,138.8046698,B,寺院,,
長浜神社,,大分県,大分市,33.2376383,131.6161884,B,神社,,
魚吹八幡神社,,兵庫県,,34.7963708,134.5903096,B,神社,,
妙蓮寺,,静岡県,,35.2691005,138.5787021,B,寺院,下条妙蓮寺（しもじょうみょうれんじ）は、静岡県富士宮市にある日蓮正宗の本山格寺院である。山号は多宝富士山。,
駒込富士神社,,東京都,,35.7312141,139.7511561,B,神社,,
八街神社,,千葉県,八街市,35.6369735,140.3191689,B,寺院,八街神社（やちまたじんじゃ）とは、千葉県八街市にある神社。,
第27番札所 神峯寺,,高知県,安田町,33.4675303,133.9749882,B,寺院,,
源九郎稲荷神社,,奈良県,,34.6456287,135.7855631,B,神社,源九郎稲荷神社（げんくろういなりじんじゃ）は、奈良県大和郡山市洞泉寺町にある神社。源九郎狐や綿帽子を買った狐の伝説で有名である。,
大谷地神社,,北海道,,43.0264936,141.4474905,B,神社,大谷地神社（おおやちじんじゃ）は北海道札幌市厚別区大谷地西2丁目2番1号にある神社。旧社格は無格社。,
函館八幡宮,,北海道,函館市,41.753536,140.7106751,B,神社,函館八幡宮（はこだてはちまんぐう）は、北海道函館市にある神社である。旧社格は国幣中社で現在は神社本庁の別表神社。,
諏訪神社,,東京都,,35.6948813,139.4059966,B,神社,,
出雲大社相模分祠,,神奈川県,,35.3709553,139.2094479,B,神社,出雲大社相模分祠（いづもおおやしろ／たいしゃ さがみぶんし）は、神奈川県秦野市平沢にある神社。名の通り出雲大社の分社である。,
天徳院,,石川県,,36.5514901,136.6768907,B,寺院,天徳院（てんとくいん）は、石川県金沢市小立野にある曹洞宗の寺院。山号は金龍山（きんりゅうざん）。,
霊雲寺,,東京都,文京区,35.7055939,139.7656873,B,寺院,,
本山寺,,香川県,,34.1397276,133.6939426,B,寺院,本山寺（もとやまじ）は香川県三豊市にある高野山真言宗の寺院。七宝山（しっぽうざん）、持宝院（じほういん）と号す。,
成子天神社,,東京都,,35.6957685,139.69221,B,神社,成子天神社（なるこてんじんしゃ）は、東京都新宿区西新宿にある神社。祭神は菅原道真（天満大自在天神）。,
高来神社,,神奈川県,,35.3220972,139.3247207,B,神社,,
井伊谷宮,,静岡県,,34.8292008,137.6679133,B,神社,井伊谷宮（いいのやぐう）は、静岡県浜松市浜名区引佐町井伊谷にある神社である。旧社格は官幣中社。,
氷川神社,,東京都,,35.6550739,139.7108213,B,神社,氷川神社（ひかわじんじゃ）は、東京都渋谷区東二丁目にある神社。地名を冠して渋谷氷川神社（しぶやひかわじんじゃ）とも称される。,
久米田寺,,大阪府,岸和田市池尻町,34.4593281,135.4117412,B,寺院,久米田寺（くめだでら）は、大阪府岸和田市にある高野山真言宗の準別格本山の寺院。山号は龍臥山。,
第40番札所 観自在寺,,愛媛県,愛南町,32.9643398,132.5640423,B,寺院,,
鶴見神社,,神奈川県,,35.5109656,139.6773296,B,神社,,
児玉神社,,神奈川県,,35.3006461,139.4809925,B,神社,児玉神社（こだまじんじゃ）は、神奈川県藤沢市江の島にある日露戦争で活躍した明治時代の軍人・児玉源太郎を祀った神社である。,
菊池神社,,熊本県,,32.987829,130.8160512,B,神社,,
岡崎神社,,京都府,,35.0172931,135.7889383,B,神社,岡崎神社（おかざきじんじゃ）は、京都市左京区岡崎東天王町にある神社。別名「東天王」ともいわれる。,
第65番札所 三角寺,,愛媛県,,33.9673725,133.5866363,B,寺院,三角寺（さんかくじ）は愛媛県四国中央市金田町三角寺75にある高野山真言宗の寺院。由霊山（ゆれいざん）、慈尊院（じそんいん）と号す。,
柳森神社,,東京都,,35.6967336,139.7734568,B,神社,柳森神社（やなぎもりじんじゃ）は、東京都千代田区神田須田町にある神社。通称は倉稲魂大神。,
高源院,,東京都,,35.6803887,139.5946402,B,寺院,,
高牟神社,,愛知県,,35.1692522,136.9324109,B,神社,,
白峰宮,,香川県,,34.3109643,133.882525,B,神社,白峰宮（しろみねぐう）は、香川県坂出市に鎮座する神社で、明治維新以前は崇徳天皇社であった。明ノ宮（あかりのみや）とも呼ばれる。,
山住神社,,静岡県,,35.1351436,137.9141518,B,神社,山住神社（やまずみじんじゃ）は、静岡県浜松市天竜区水窪町山住山に鎮座する神社である。旧社格は県社。,
神戸護国神社,,兵庫県,,34.7216973,135.2248258,B,神社,"兵庫縣神戸護國神社（ひょうごけんこうべごこくじんじゃ）は、兵庫県神戸市灘区篠原北町にある神社（護国神社）である。兵庫県東部（丹波・摂津・淡路）14市出身の英霊53,257柱を祀る。",
瑞峯院,,京都府,,35.0421666,135.7454214,B,寺院,瑞峯院（ずいほういん）は、京都市北区紫野大徳寺町にある臨済宗大徳寺派の寺院。大本山大徳寺の塔頭。,
光悦寺,,京都府,,35.0535234,135.7301872,B,寺院,光悦寺（こうえつじ）は、京都市北区鷹峯光悦町にある日蓮宗の寺院。山号は大虚山。,
玉蔵院,,埼玉県,,35.8590212,139.6520785,B,寺院,玉蔵院（ぎょくぞういん）は、埼玉県さいたま市浦和区にある真言宗豊山派の寺院。山号は宝珠山。,
上品蓮台寺,,京都府,,35.0382928,135.7389189,B,寺院,上品蓮台寺（じょうぼんれんだいじ）は、京都市北区紫野十二坊町（蓮台野の附近）にある真言宗智山派の寺院。山号は蓮華金宝山。,
洲崎神社,,愛知県,,35.1631086,136.893041,B,神社,洲崎神社（すさきじんじゃ）は、愛知県名古屋市中区栄1丁目にある神社。社格は旧郷社。,
鉄舟寺,,静岡県,,34.9926884,138.4830443,B,寺院,,
三津寺,,大阪府,,34.6705645,135.5007063,B,寺院,三津寺（みつてら）は、大阪市中央区心斎橋筋にある真言宗御室派の準別格本山の寺院。山号は七宝山。,
国分寺,,新潟県,,37.168556,138.2248871,B,寺院,五智国分寺（ごちこくぶんじ）は、新潟県上越市五智にある天台宗の寺院。山号は安国山。,
芳徳禅寺,,奈良県,,34.7316443,135.95388,B,寺院,,
養源寺,,東京都,,35.7262053,139.756144,B,寺院,,
仙波東照宮,,埼玉県,,35.9166164,139.4897556,B,神社,仙波東照宮（せんばとうしょうぐう）は、埼玉県川越市小仙波町にある神社（東照宮）。日光・久能山と並ぶ日本三大東照宮の1つ。,
豊受大神社,,京都府,,35.4020152,135.1505081,B,神社,,
第37番札所 岩本寺,,高知県,四万十町,33.2080031,133.1346448,B,寺院,岩本寺（いわもとじ）は、高知県高岡郡四万十町にある真言宗智山派の寺院。藤井山（ふじいざん）、五智院（ごちいん）と号す。,
熊野神社,,京都府,,35.0177095,135.7780435,B,神社,,
櫻井神社,,大阪府,,34.4854068,135.5062146,B,神社,桜井神社（さくらいじんじゃ、櫻井神社）は、大阪府堺市南区片蔵にある神社。式内社で、旧社格は府社。,
松戸神社,,千葉県,松戸市,35.7806157,139.8979915,B,神社,松戸神社（まつどじんじゃ）は、千葉県松戸市松戸1457番地にある神社である。寛永3年（1626年）の創建とされ、松戸市の総鎮守とされている。,
猪名野神社,,兵庫県,,34.7850488,135.4151758,B,神社,猪名野神社（いなのじんじゃ）は、兵庫県伊丹市宮ノ前にある神社。戦国時代には有岡城の総構えの北端に位置し、「岸の砦」が置かれていた場所にある。,
可成寺,,岐阜県,,35.4545851,137.0907537,B,寺院,可成寺（かじょうじ）は、岐阜県可児市兼山にある臨済宗妙心寺派の寺院。山号は大龍山。,
久渡寺,,青森県,,40.5398578,140.4292452,B,寺院,久渡寺（くどじ）は、青森県弘前市坂元に所在する真言宗智山派寺院。山号は護国山。,
弥栄神社,,長野県,,36.6597219,138.1866675,B,神社,弥栄神社（やさかじんじゃ）は、長野県長野市上西之門町にある神社。,
安仁神社,,岡山県,,34.6102989,134.0960041,B,神社,安仁神社（あにじんじゃ）は、岡山県岡山市東区西大寺にある神社。式内社（名神大社）、備前国元一宮。,
鹿王院,,京都府,,35.0161484,135.6844287,B,寺院,,
柴田神社,,福井県,,36.060291,136.2195004,B,神社,柴田神社（しばたじんじゃ）は、福井県福井市にある神社である。戦国時代の武将・柴田勝家を主祭神とし、妻の市を配祀する。,
関蝉丸神社下社,,滋賀県,,35.0027662,135.8590588,B,神社,,
最勝院,,青森県,,40.5966459,140.4686501,B,寺院,最勝院（さいしょういん）は、青森県弘前市銅屋町にある真言宗智山派の寺院。山号は金剛山、寺号は光明寺。,
七寶寺,,大阪府,,34.9857437,135.4658105,B,寺院,七宝寺（ひちほうじ）は、大阪府豊能郡能勢町の妙見山に位置する日蓮宗の寺院である。山号は七面山。,
櫻山神社,,岩手県,,39.7015131,141.1516719,B,神社,櫻山神社（さくらやまじんじゃ）は、岩手県盛岡市に鎮座する神社である。,
徳大寺,,東京都,台東区,35.7086114,139.7745099,B,寺院,徳大寺（とくだいじ）は、東京都台東区上野4丁目アメヤ横丁のほど近くにある日蓮宗の寺院。山号は妙宣山。,
花山院 菩提寺,,兵庫県,,34.940272,135.2406042,B,寺院,,
黄梅院,,京都府,,35.0415206,135.7460125,B,寺院,,
丹生官省符神社,,和歌山県,,34.2585692,135.5150043,B,神社,丹生官省符神社（にうかんしょうぶじんじゃ）は、和歌山県伊都郡九度山町慈尊院にある神社。旧社格は郷社。,
常在寺,,岐阜県,,35.4321671,136.7707536,B,寺院,常在寺（じょうざいじ）は、岐阜県岐阜市にある日蓮宗京都妙覚寺の旧末寺である。正式名は、鷲林山常在寺（しゅうりんざんじょうざいじ）。,
某神社,,新潟県,,37.7058812,138.8271226,B,神社,彌彦神社の境内末社である某神社（ぼうじんじゃ）は、彌彦神社の境内にある祭神が不明の神社。祭神の名前が分からないため、某神社と呼ばれている。,
狸谷山不動院,,京都府,,35.0411881,135.8019778,B,寺院,狸谷山不動院（たぬきだにさんふどういん）は、京都市左京区一乗寺にある真言宗修験道の大本山の寺院。山号は狸谷山。,
眞浄寺,,東京都,,35.7218516,139.7566283,B,寺院,,
十輪寺,,京都府,京都市,34.9442642,135.6569727,B,寺院,十輪寺（じゅうりんじ）は、京都市西京区大原野小塩町にある天台宗の寺院。山号は小塩山（おしおざん）。,
勝願寺,,埼玉県,,36.0556229,139.5143134,B,寺院,"勝願寺（しょうがんじ）は、埼玉県鴻巣市本町8丁目にある浄土宗の寺院である。
浄土宗の関東十八檀林の1つであり、号は天照山良忠院。",
恵心院,,京都府,,34.89029,135.811151,B,寺院,恵心院（えしんいん）は、京都府宇治市にある真言宗智山派の寺院。山号は朝日山。,
由良比女神社,,島根県,,36.0921889,132.9877304,B,神社,由良比女神社（ゆらひめじんじゃ）は、島根県隠岐郡西ノ島町浦郷にある神社。式内社（名神大社）、隠岐国一宮で、旧社格は郷社。,
松蔭寺,,静岡県,沼津市,35.1234958,138.8000452,B,寺院,松蔭寺（しょういんじ）は、静岡県沼津市原にある臨済宗系の寺院。往時の東海道原宿東町に当たり、白隠慧鶴所縁の寺として知られ、白隠さんの名前で親しまれている。,
第29番札所 土佐国分寺,,高知県,香南市,33.5987846,133.6404629,B,寺院,土佐国分寺（とさ こくぶんじ）は高知県南国市にある真言宗智山派の寺院。摩尼山（まにざん）、宝蔵院（ほうぞういん）と号す。,
医王寺,,福島県,,37.822642,140.4400074,B,寺院,医王寺（いおうじ）は、福島県福島市にある真言宗の寺院で、山号は瑠璃光山。中世初期に信夫郡を支配した佐藤氏の菩提寺。,
筑土八幡神社,,東京都,,35.704155,139.7404247,B,神社,,
吉田神社,,茨城県,,36.3617832,140.4823559,B,神社,吉田神社（よしだじんじゃ）は、茨城県水戸市宮内町にある神社。式内社（名神大社）、常陸国三宮で、旧社格は県社。,
三瀧寺,,広島県,,34.4199827,132.4382919,B,寺院,三瀧寺（みたきでら）は広島県広島市西区の三滝山（宗箇山）の中腹にある高野山真言宗の寺院。三滝寺とも。,
菅原神社,,東京都,,35.5594664,139.4476426,B,神社,,
影向寺,,神奈川県,,35.5784754,139.6188348,B,寺院,影向寺（ようごうじ）は、神奈川県川崎市宮前区野川本町三丁目にある天台宗の寺院。本尊は薬師如来である。,
名和神社,,鳥取県,,35.5044263,133.4950688,B,神社,名和神社（なわじんじゃ）は、鳥取県西伯郡大山町（旧名和町）にある神社で、名和長年を祭る。旧社格は別格官幣社。,
乗泉寺,,東京都,,35.6532311,139.7018469,B,寺院,乗泉寺（じょうせんじ）は、東京都渋谷区鶯谷町にある本門佛立宗の寺院。山号は妙証山。,
日向薬師,,神奈川県,伊勢原市,35.4396198,139.2749946,B,寺院,日向薬師（ひなたやくし）は、神奈川県伊勢原市日向（ひなた）にある高野山真言宗の寺院。本尊は薬師三尊。,
正暦寺,,奈良県,奈良市,34.6446963,135.8685415,B,寺院,正暦寺（しょうりゃくじ）は、奈良県奈良市菩提山町にある菩提山真言宗の大本山の寺院。山号は菩提山。,
易行院,,東京都,,35.803448,139.7886231,B,寺院,易行院（いぎょういん）は、東京都足立区にある浄土宗の寺院。,
由岐神社,,京都府,,35.1162396,135.7714962,B,神社,由岐神社（ゆきじんじゃ）は、京都市左京区鞍馬本町にある神社。通称靫明神（ゆきみょうじん）。,
宮城県護国神社,,宮城県,,38.2524883,140.8555168,B,神社,宮城縣護國神社（みやぎけんごこくじんじゃ）は、宮城県仙台市青葉区川内にある神社（護国神社）である。青葉山の仙台城（青葉城）本丸跡に創建された。,
太田姫稲荷神社,,東京都,千代田区,35.6964298,139.7630784,B,神社,太田姫稲荷神社（おおたひめいなりじんじゃ）は、東京都千代田区にある神社である。旧社格は村社。,
冠櫻神社,,香川県,,34.2383932,134.0118969,B,神社,冠纓神社（かんえいじんじゃ）は、香川県高松市香南町由佐にある神社。別名は「かむろ八幡宮」で、香南町の氏神として親しまれ、縁結び神社としても知られる。,
安養院,,神奈川県,,35.3140697,139.5554188,B,寺院,安養院（あんよういん）は、神奈川県鎌倉市大町にある浄土宗の寺院。山号は祇園山。,
名古屋晴明神社,,愛知県,名古屋市,35.184515,136.9500467,B,神社,名古屋晴明神社（なごやせいめいじんじゃ）は愛知県名古屋市千種区清明山1-6にある、陰陽師安倍晴明を祀る神社。,
勝林院,,京都府,,35.1211985,135.8345446,B,寺院,勝林院（しょうりんいん）は、京都市左京区大原勝林院町にある天台宗の寺院。山号は魚山。,
光禅寺,,富山県,,36.8577546,136.9861344,B,寺院,光禪寺（こうぜんじ）は、日本の富山県氷見市に所在する曹洞宗の寺院である。山号は海慧山（かいけいざん）。,
十条富士神社,,東京都,,35.7628621,139.7254007,B,神社,十条冨士神社（じゅうじょうふじじんじゃ）は東京都北区の神社。,
八幡神社,,東京都,,35.661546,139.7427542,B,神社,八幡神社（はちまんじんじゃ）は、東京都港区虎ノ門にある神社である。通常は他との区別の都合上、旧地名を冠して、西久保八幡神社（にしくぼはちまんじんじゃ）と称される。,
天龍寺,,東京都,新宿区,35.6887408,139.7042007,B,寺院,天龍寺（てんりゅうじ、天竜寺とも）は、東京都新宿区新宿四丁目にある曹洞宗の寺院。山号は護本山。,
久伊豆神社,,埼玉県,越谷市,35.9018025,139.7905491,B,神社,久伊豆神社（ひさいずじんじゃ）は、埼玉県越谷市越ヶ谷にある神社である。越谷の総鎮守とされている。,
万九千神社,,島根県,出雲市,35.3746536,132.7871236,B,神社,万九千社（まくせのやしろ）、通称・万九千神社（まんくせんじんじゃ）は島根県出雲市斐川町にある神社。立虫神社（たちむしじんじゃ）の境内社として祀られている。,
宇奈岐日女神社,,大分県,,33.2568498,131.3654962,B,神社,宇奈岐日女神社（うなぐひめじんじゃ/うなきひめ-/うなぎひめ-）は、大分県由布市にある神社。式内社で、旧社格は県社。,
第26番札所 金剛頂寺 (Kongōchōji),,高知県,室戸市,33.3070734,134.1228508,B,寺院,,
総社神社,,群馬県,,36.3880464,139.0378887,B,神社,総社神社（そうじゃじんじゃ）は、群馬県前橋市元総社町にある神社。上野国総社で、旧社格は県社。,
松岬神社,,山形県,,37.9092579,140.10666,B,神社,松岬神社（まつがさきじんじゃ）は、山形県米沢市に鎮座する神社。上杉神社の摂社。,
蟹満寺,,京都府,,34.7862514,135.8162305,B,寺院,,
真福寺,,東京都,,35.6657453,139.7493304,B,寺院,真福寺（しんぷくじ）は、東京都港区にある真言宗智山派の寺院。真言宗智山派総本山智積院の別院であり、真言宗智山派の宗務出張所が置かれている。,
北澤八幡神社,,東京都,,35.6562201,139.6697449,B,神社,北澤八幡神社（きたざわはちまんじんじゃ）は、東京都世田谷区代沢にある神社（八幡宮）である。通称は北澤八幡宮（きたざわはちまんぐう）。,
磐井神社,,東京都,,35.5851416,139.7356331,B,神社,磐井神社（いわいじんじゃ）は、東京都大田区大森北にある神社（八幡宮）。式内社で、旧社格は郷社。,
草戸稲荷神社,,広島県,,34.479548,133.3464421,B,神社,,
杉山神社,,神奈川県,,35.5283867,139.5269304,B,神社,杉山神社（すぎやまじんじゃ）は、神奈川県横浜市緑区西八朔町にある神社。式内社論社、武蔵国六宮。,
総泉寺,,東京都,,35.7781852,139.693707,B,寺院,,
岩松院,,長野県,,36.6984606,138.3338805,B,寺院,岩松院（がんしょういん）は、長野県上高井郡小布施町雁田にある曹洞宗の寺院。山号は梅洞山。,
円光寺,,京都府,,35.0449987,135.7971651,B,寺院,円光寺（えんこうじ）は、京都市左京区一乗寺にある臨済宗南禅寺派の寺院。山号は瑞巌山（ずいがんさん）。,
妙宣寺,,新潟県,,37.9715523,138.3732015,B,寺院,妙宣寺（みょうせんじ）は、新潟県佐渡市阿仏坊にある日蓮宗の寺院。日蓮の弟子阿仏房日得が自宅を寺として開基した日蓮宗佐渡三本山のひとつ。,
泉神社,,茨城県,,36.5185394,140.6249533,B,神社,泉神社（いずみじんじゃ）は茨城県日立市にある神社である。『延喜式神名帳』の「天速玉姫命神社」に比定されており、境内にある湧泉は『常陸国風土記』に「密筑の里の大井」として記述がある。,
蓮昌寺,,東京都,,35.7568322,139.82537,B,寺院,,
沼名前神社,,広島県,,34.3864234,133.3790141,B,神社,沼名前神社（ぬなくまじんじゃ）は、広島県福山市鞆町後地にある神社。式内社、旧社格は国幣小社で、現在は神社本庁の別表神社。,
伽耶院,,兵庫県,,34.8054785,135.0583166,B,寺院,伽耶院（がやいん）は、兵庫県三木市志染町大谷にある本山修験宗の寺院。山号は大谷山（おおたにさん）。,
第22番札所 平等寺,,徳島県,阿南市,33.8521418,134.5823363,B,寺院,平等寺（びょうどうじ）は、徳島県阿南市新野町にある高野山真言宗の寺院。白水山（はくすいざん）、医王院（いおういん）と号す。,
大善寺,,東京都,,35.671664,139.3452167,B,寺院,大善寺（だいぜんじ）は、東京都八王子市にある浄土宗の寺院。山号は観池山。,
大龍寺,,東京都,,35.737746,139.7546965,B,寺院,大龍寺（だいりゅうじ）は、東京都北区田端4丁目にある真言宗霊雲寺派の寺院。,
中央寺,,北海道,札幌市,43.0533006,141.3563786,B,寺院,中央寺（ちゅうおうじ）は北海道札幌市中央区南6条西2丁目にある曹洞宗の仏教寺院。山号は實相山。,
二宮赤城神社,,群馬県,,36.3672528,139.1676494,B,神社,二宮赤城神社（にのみやあかぎじんじゃ）は、群馬県前橋市二之宮町にある神社。式内社（名神大社）論社、上野国二宮論社。,
実相寺,,静岡県,,35.1725648,138.6274535,B,寺院,実相寺（じっそうじ、實相寺とも表記）は静岡県富士市岩本にある、日蓮宗の本山（霊蹟寺院）。山号は岩本山。,
赤羽八幡神社,,東京都,,35.7830641,139.7171057,B,神社,,
衣笠山 地蔵院,,京都府,,34.9906862,135.6863635,B,寺院,地蔵院（じぞういん）は、京都市西京区にある臨済宗系単立の寺院。山号は衣笠山（えりゅうざん）。,
円応寺,,神奈川県,鎌倉市,35.3296997,139.5529452,B,寺院,円応寺（えんのうじ）は、神奈川県鎌倉市山ノ内にある臨済宗建長寺派の仏教寺院。開山は桑田道海（智覚禅師）とも伝えるが未詳。,
琴似神社,,北海道,札幌市,43.0732021,141.301543,B,神社,,
妙蓮寺,,京都府,,35.0345245,135.7501722,B,寺院,妙蓮寺（みょうれんじ）は、京都市上京区妙蓮寺前町にある本門法華宗の大本山の寺院。山号は卯木山（うぼくさん）。,
円通寺,,青森県,,41.2924509,141.2144105,B,寺院,円通寺（えんつうじ）は、青森県むつ市にある曹洞宗の寺院。山号は吉祥山。,
目白不動願照寺,,大阪府,,34.4646641,135.5883788,B,寺院,,
白鬚神社,,東京都,,35.7250949,139.8130611,B,神社,,
瀬戸神社,,神奈川県,,35.3324957,139.6219815,B,神社,,
第13番札所 大日寺,,徳島県,徳島市,34.038117,134.4625583,B,寺院,大日寺（だいにちじ）は、徳島県徳島市一宮町に位置する真言宗大覚寺派の寺院。大栗山（おおぐりざん）、花蔵院（けぞういん）と号す。,
下総国分寺,,千葉県,,35.7438606,139.9165095,B,寺院,下総国分寺（しもうさこくぶんじ）は、千葉県市川市にある真言宗豊山派の寺院。山号は国分山。,
六郷神社,,東京都,,35.5439479,139.7127807,B,神社,六郷神社（ろくごうじんじゃ）は、東京都大田区東六郷にある神社である。六郷一円の総鎮守として伝えられる。,
安楽寺,,京都府,,35.0218663,135.796649,B,寺院,安楽寺（あんらくじ）は、京都市左京区鹿ケ谷御所ノ段町にある浄土宗系単立の寺院。山号は住蓮山。,
天寧寺,,福島県,,37.4903676,139.9528311,B,寺院,天寧寺（てんねいじ）は，福島県会津若松市東山町石山天寧に所在する曹洞宗寺院。山号は萬松山。,
金蓮寺,,愛知県,,34.8093781,137.0725854,B,寺院,,
於美阿志神社,,奈良県,,34.4568376,135.8028632,B,神社,於美阿志神社（おみあしじんじゃ）は、奈良県高市郡明日香村にある神社。式内社で、旧社格は村社。,
織姫神社,,京都府,,34.8910631,135.8058609,B,神社,橋姫神社（はしひめじんじゃ）は、京都府宇治市にある神社である。宇治橋を守るとされる。,
前鳥神社,,神奈川県,平塚市,35.3570226,139.3646753,B,神社,前鳥神社（さきとりじんじゃ）は、神奈川県平塚市四之宮にある神社。旧社格は郷社。,
長講堂,,京都府,,34.9938632,135.7638586,B,寺院,,
金山寺,,岡山県,,34.737374,133.9479987,B,寺院,金山寺（きんざんじ、かなやまじ）は、岡山県岡山市北区金山寺（かなやまじ）にある天台宗の寺院。山号は銘金山。,
長谷寺,,群馬県,,36.3851102,138.9325061,B,寺院,,
第43番札所 明石寺,,愛媛県,西予市,33.3692339,132.5190216,B,寺院,明石寺（めいせきじ）は、愛媛県西予市にある天台寺門宗の寺院。源光山（げんこうざん）、円手院（えんしゅいん）と号す。,
松苧神社,,新潟県,,37.1476754,138.6464232,B,神社,松苧神社（まつおじんしゃ）は、新潟県十日町市犬伏（いぬぶし）の松苧山にある神社。「松苧大権現」とも呼ばれる。,
厳島神社,,神奈川県,,35.4433293,139.6337571,B,神社,厳島神社（いつくしまじんじゃ）は、神奈川県横浜市中区羽衣町二丁目にある神社。武蔵国久良岐郡横浜村の鎮守で、現在は宗像三女神（市杵島姫尊、多紀理姫尊、多岐都姫尊）を祭神とする。,
長慶寺,,大阪府,,34.366896,135.2870168,B,寺院,,
金胎寺,,京都府,,34.8300319,135.9091113,B,寺院,,
高椅神社,,栃木県,,36.3374224,139.892022,B,神社,,
寂光寺,,京都府,,35.0112039,135.7773507,B,寺院,寂光寺（じゃっこうじ）は、京都府京都市左京区にある、顕本法華宗の本山。山号は妙泉山。,
早吸日女神社,,大分県,,33.2502208,131.8783869,B,神社,早吸日女神社（はやすいひめじんじゃ、はやすひめじんじゃ、速吸日女神社とも表記）は、大分県大分市にある神社。式内社で、旧社格は県社。,
第10番札所 切幡寺,,徳島県,阿波市,34.1077257,134.3043032,B,寺院,切幡寺（きりはたじ）は徳島県阿波市市場町切幡にある高野山真言宗の寺院。得度山（とくどざん）灌頂院（かんじょういん）と号す。,
ワットパクナム日本別院,,千葉県,,35.8466739,140.3975004,B,寺院,ワットパクナム日本別院（ワットパクナムにほんべついん、タイ語:วัดปากน้ำญี่ปุ่น）は、千葉県成田市にある、日本最大のタイの仏教の寺院。,
開口神社,,大阪府,堺市,34.5767547,135.4744328,B,神社,,
萬満寺,,千葉県,,35.8129523,139.9196103,B,寺院,万満寺（まんまんじ、萬満寺）は千葉県松戸市馬橋にある臨済宗大徳寺派の寺院。山号は法王山。,
長楽寺,,京都府,,35.0025902,135.7835394,B,寺院,,
和光寺,,大阪府,,34.6740786,135.4890007,B,寺院,和光寺（わこうじ）は、大阪市西区北堀江にある浄土宗の寺院。山号は蓮池山。,
別格01 大山寺,,徳島県,上板町,34.1592474,134.3995553,B,寺院,大山寺（たいさんじ）は徳島県板野郡上板町に所在する真言宗醍醐派の寺院。仏王山（ぶつおうざん）、玉林院（ぎょくりんいん）と号す。,
陶荒田神社,,大阪府,,34.5104033,135.5224563,B,神社,,
第20番札所 鶴林寺,,徳島県,勝浦町,33.9141272,134.505258,B,寺院,,
馬見岡綿向神社,,滋賀県,日野町,35.0149557,136.2618372,B,神社,,
長尾神社,,奈良県,,34.5088498,135.7103938,B,神社,,
本光寺,,千葉県,,35.7557718,139.9539573,B,寺院,本光寺（ほんこうじ）は、千葉県市川市にある、日蓮宗の寺院。山号は光胤山。,
報徳二宮神社,,神奈川県,小田原市,35.2497951,139.1531546,B,神社,報徳二宮神社（ほうとくにのみやじんじゃ）は、神奈川県小田原市にある二宮尊徳を祀る神社である。旧社格は県社で、現在は神社本庁の別表神社となっている。,
御田八幡神社,,東京都,,35.643125,139.7416202,B,神社,御田八幡神社（みたはちまんじんじゃ）は、東京都港区三田にある神社である。,
焼津神社,,静岡県,,34.8650033,138.3136426,B,神社,焼津神社（やいづじんじゃ）は、静岡県焼津市焼津にある神社。式内社、旧社格は県社で、現在は神社本庁の別表神社。,
安国寺,,広島県,,34.3881619,133.3798208,B,寺院,安国寺（あんこくじ）は、広島県福山市鞆町後地にある臨済宗妙心寺派の仏教寺院。山号は瑞雲山。,
總見寺,,愛知県,,35.1598402,136.9029193,B,寺院,,
三縁寺,,京都府,,35.0713851,135.7951742,B,寺院,三縁寺（さんえんじ）は京都市左京区にある浄土宗の寺院である。池田屋事件で亡くなった維新志士の墓がある事で知られている。,
寒川神社,,千葉県,,35.5971755,140.120149,B,神社,寒川神社（さむかわじんじゃ）は、千葉県千葉市中央区にある神社である。式内小社、旧社格は村社。,
正春寺,,東京都,,35.6841479,139.6915911,B,寺院,正春寺（しょうしゅんじ）は、東京都渋谷区にある真宗大谷派系（浄土真宗東本願寺派）の単立寺院。,
戒光寺,,京都府,,34.9808593,135.7780756,B,寺院,戒光寺（かいこうじ）は、京都市東山区泉涌寺山内町にある真言宗泉涌寺派の準別格本山の寺院。総本山泉涌寺の塔頭。,
法蔵寺,,愛知県,,34.8884991,137.2617707,B,寺院,法蔵寺（ほうぞうじ）は、愛知県岡崎市本宿町にある浄土宗西山深草派の寺院。山号は二村山（にそんざん）。,
玉作湯神社,,島根県,,35.413689,133.0117747,B,神社,,
竹林寺,,奈良県,,34.6724932,135.7031476,B,寺院,,
大鷲神社,,東京都,,35.8092584,139.8202084,B,神社,大鷲神社（おおとりじんじゃ）は、東京都足立区で地元・花畑地区の産土神とされる神社で、花畑大鷲神社（はなはたおおとりじんじゃ）とも称される。,
三輪神社,,愛知県,,35.1609106,136.9056025,B,神社,三輪神社（みわじんじゃ）は、愛知県名古屋市中区大須3-9-32にある神社。社格は旧村社。,
深志神社,,長野県,,36.22971,137.9736241,B,神社,深志神社（ふかしじんじゃ）は、長野県松本市深志にある神社である。旧社格は県社で、現在は神社本庁の別表神社。,
苗村神社,,滋賀県,,35.064968,136.1282192,B,神社,,
泉穴師神社,,大阪府,,34.4964243,135.4196713,B,神社,泉穴師神社（いずみあなしじんじゃ）は、大阪府泉大津市にある神社。式内社、和泉国二宮で、旧社格は府社。,
和気神社,,岡山県,,34.8203707,134.1756265,B,神社,和気神社（わけじんじゃ）は、岡山県和気郡和気町にある神社。旧社格は県社。,
円通寺,,京都府,,35.064392,135.7686312,B,寺院,圓通寺（えんつうじ）は、京都市左京区岩倉にある臨済宗妙心寺派の寺院。山号は大悲山。,
大鳥神社,,東京都,目黒区,35.6322287,139.7081699,B,神社,大鳥神社（おおとりじんじゃ）は、東京都目黒区下目黒にある神社。かつての目黒村（それ以前は下目黒村）の総鎮守。,
瑞泉寺,,愛知県,,35.389838,136.9477526,B,寺院,,
東湖八坂神社,,秋田県,,39.897306,139.9629371,B,神社,東湖八坂神社（とうこやさかじんじゃ）は、日本の東北地方、秋田県潟上市天王字天王（江戸時代における出羽国秋田郡天王村、幕藩体制下の久保田藩天王村）に所在する神社である。,
香取神社,,東京都,,35.7044169,139.8254918,B,神社,,
止止呂支比売命神社,,大阪府,,34.6048112,135.4974063,B,神社,止止呂支比売命神社（とどろきひめみことじんじゃ）は、大阪府大阪市住吉区にある神社。式内社で、旧社格は村社。,
大名持神社,,奈良県,奈良県吉野郡吉野町河原屋,34.3940018,135.8689178,B,神社,大名持神社（おおなもちじんじゃ）は、奈良県吉野郡吉野町河原屋にある神社。式内社（名神大社）で、旧社格は郷社。,
青麻神社,,宮城県,,38.3352669,140.9350141,B,神社,,
岡太神社,,兵庫県,,34.7214685,135.3794424,B,神社,岡太神社（おかたじんじゃ）は、兵庫県西宮市小松南町にある神社。式内社論社で、旧社格は県社。,
瓢箪山稲荷神社,,大阪府,,34.660733,135.6419942,B,神社,,
十和田神社,,青森県,,40.4331605,140.892145,B,神社,十和田神社（とわだじんじゃ）は、青森県十和田市奥瀬十和田湖畔休屋486にある神社。江戸時代は十湾寺として熊野修験の寺院が建っており、巡礼の聖地であった。,
東照宮,,愛知県,,34.9785178,137.5879694,B,神社,,
成覚寺,,東京都,新宿区,35.6911747,139.7092945,B,寺院,成覚寺（じょうかくじ）は、東京都新宿区新宿二丁目にある浄土宗の寺院である。正式名は十劫山無量寿院成覚寺。,
護国寺,,沖縄県,,26.220085,127.6715798,B,寺院,,
第02番札所 極楽寺,,徳島県,鳴門市,34.1561604,134.4902123,B,寺院,極楽寺（ごくらくじ）は徳島県鳴門市にある高野山真言宗の寺院。日照山（にっしょうざん）無量寿院（むりょうじゅいん）と号す。,
滝山寺,,愛知県,,34.9881689,137.2055819,B,寺院,滝山寺（たきさんじ）は、愛知県岡崎市滝町にある天台宗の寺院。,
阿智神社,,岡山県,,34.5975068,133.7733796,B,神社,,
無量壽寺,,愛知県,,35.0073707,137.0758193,B,寺院,無量寿寺（むりょうじゅじ）は、愛知県知立市にある臨済宗妙心寺派の寺院。山号は八橋山（やつはしさん）。,
春日山神社,,新潟県,,37.1474352,138.2089548,B,神社,春日山神社（かすがやまじんじゃ）は、新潟県上越市の春日山山腹にある神社。,
神祇大社,,静岡県,,34.9053486,139.1192126,B,神社,神祇大社（じんぎたいしゃ）は、静岡県伊東市富戸にある単立神社。,
皇大神宮,,神奈川県,,35.3416321,139.4728954,B,神社,,
浄土院,,京都府,,35.0273071,135.797504,B,寺院,浄土院（じょうどいん）は、京都市左京区銀閣寺町にある浄土宗の寺院。山号は清泰山。,
菅原院天満宮神社,,京都府,,35.0195718,135.7590819,B,神社,,
錦天満宮,,京都府,,35.0050453,135.7673955,B,神社,,
引接寺,,京都府,,35.0351909,135.7405729,B,寺院,引接寺（いんじょうじ）は、京都市上京区千本通廬山寺上る閻魔前町にある高野山真言宗の寺院。山号は光明山。,
帯解寺,,奈良県,,34.6448355,135.8267247,B,寺院,帯解寺（おびとけでら）は、奈良県奈良市にある華厳宗の寺院。山号は子安山。,
十輪院,,奈良県,,34.676355,135.8333142,B,寺院,十輪院（じゅうりんいん）は、奈良県奈良市十輪院町にある真言宗醍醐派の寺院。山号は雨宝山。,
熊野若王子神社,,京都府,,35.0156681,135.7961879,B,神社,熊野若王子神社（くまのにゃくおうじじんじゃ）は、京都市左京区若王子町にある神社。旧社格は村社。,
江田神社,,宮崎県,,31.9604562,131.4648765,B,神社,,
夢宅寺,,青森県,,40.8868969,140.8641766,B,寺院,夢宅寺（むたくじ）は青森県青森市浅虫山下に所在する曹洞宗寺院。山号は安養山。,
粟井神社,,香川県,,34.0912154,133.7047693,B,神社,粟井神社（あわいじんじゃ）は、香川県観音寺市にある神社。讃岐国苅田郡（後の豊田郡、次いで三豊郡）の式内社（名神大社）で讃岐国式内二十四社のひとつ。,
岩間寺,,滋賀県,,34.932483,135.8786752,B,寺院,正法寺（しょうほうじ）は、滋賀県大津市にある真言宗醍醐派の寺院。山号は岩間山。,
第11番札所 藤井寺,,徳島県,吉野川市,34.0516692,134.3485336,B,寺院,,
豊国神社,,滋賀県,,35.3804862,136.2650187,B,神社,,
大瀬神社,,静岡県,,35.0281672,138.7864366,B,神社,引手力命神社（ひきてちからのみことじんじゃ、ひきたぢからのみことじんじゃ）は、静岡県沼津市西浦江梨の大瀬崎（おせざき）にある神社。旧社格は式内社（国弊小社論社）、郷社。,
吉原神社,,東京都,,35.7228449,139.7933546,B,神社,"吉原神社（よしわらじんじゃ）は、東京都台東区千束三丁目20番2号に鎮座する神社。
かつての新吉原遊廓を守護していた氏神様であり、計6柱の神さま（神社）をお祀りしている。",
鳩森八幡神社,,東京都,,35.6779241,139.709569,B,神社,鳩森八幡神社（はとのもりはちまんじんじゃ、別称については下記）は、東京都渋谷区千駄ヶ谷にある神社。千駄ヶ谷一帯の総鎮守である。,
千光寺,,岐阜県,,36.1899853,137.2886973,B,寺院,千光寺（せんこうじ）は、岐阜県高山市丹生川町下保にある高野山真言宗の寺院である。山号は袈裟山。,
小野神社,,東京都,,35.6642229,139.4564021,B,神社,小野神社（おのじんじゃ）は、東京都府中市にある神社。式内社論社。,
能褒野神社,,三重県,,34.8855449,136.4833856,B,神社,,
第32番札所 禅師峰寺,,高知県,南国市,33.5267092,133.6113941,B,寺院,,
常宮神社,,福井県,,35.6904365,136.0297034,B,神社,常宮神社（じょうぐうじんじゃ）は、福井県敦賀市常宮にある神社。式内社論社で、旧社格は県社。,
第41番札所 龍光寺,,愛媛県,宇和島市,33.2952023,132.5986435,B,寺院,,
長命寺,,東京都,,35.7178498,139.8090139,B,寺院,,
多聞院,,広島県,,34.3867954,132.4715944,B,寺院,多聞院（たもんいん）は、広島県広島市南区にある寺院。比治山西麓の登山道入口に位置する。,
皆中稲荷神社,,東京都,,35.7012427,139.6993921,B,神社,皆中稲荷神社（かいちゅういなりじんじゃ）は東京都新宿区百人町にある稲荷神社である。JR新大久保駅の西約100mの市街地に鎮座している。,
寶相寺,,東京都,,35.7059052,139.8001104,B,寺院,東駒形（ひがしこまがた）は、東京都墨田区の町名。現行行政地名は東駒形一丁目から東駒形四丁目。,
日高神社,,岩手県,,39.1427825,141.1326149,B,神社,日高神社（ひたかじんじゃ）は、岩手県奥州市水沢に鎮座する神社。旧社格は郷社。,
大乗寺,,兵庫県,,35.6237655,134.6255569,B,寺院,大乗寺（だいじょうじ）は、兵庫県美方郡香美町にある高野山真言宗の寺院。円山応挙ゆかりの寺で応挙寺ともいう。,
札幌護国神社,,北海道,札幌市,43.0407426,141.3529813,B,神社,札幌護国神社（さっぽろごこくじんじゃ、旧字体: 札幌護國神󠄀社󠄁）は、北海道札幌市中央区にある神社。護国神社の一つである。,
妙行寺,,東京都,,35.7432279,139.7311211,B,寺院,妙行寺（みょうぎょうじ）は、東京都豊島区西巣鴨にある、法華宗陣門流の仏教寺院。山号は長徳山。,
鼻節神社,,宮城県,,38.2959385,141.0850313,B,神社,,
漢國神社,,奈良県,,34.6835164,135.8253049,B,神社,漢國神社（かんごうじんじゃ）は、奈良県奈良市にある神社。式内社（小、論社）で、旧社格は県社。,
白鷺神社,,栃木県,,36.4404428,139.9130763,B,神社,,
船越山瑠璃寺,,兵庫県,佐用町,35.1047163,134.4236609,B,寺院,瑠璃寺（るりじ）は、兵庫県佐用郡佐用町船越にある高野山真言宗の別格本山の寺院。山号は船越山。,
和樂備神社,,埼玉県,,35.8265506,139.6812847,B,神社,和樂備神社（わらびじんじゃ）は埼玉県蕨市にある神社である。新字体を用いて和楽備神社と表記されることが多い。,
北海道護国神社,,北海道,旭川市,43.7881888,142.3668222,B,神社,北海道護國神社（ほっかいどうごこくじんじゃ）は、北海道旭川市に鎮座する護国神社。北海道・樺太関係の戦没者等の国事殉難者を祀る。,
玉姫稲荷神社,,東京都,,35.7269353,139.8023283,B,神社,,
妙法寺,,神奈川県,,35.3128009,139.5593167,B,寺院,妙法寺（みょうほうじ）は、神奈川県鎌倉市大町（名越）にある日蓮宗の寺院。山号は楞厳山。,
深見神社,,神奈川県,,35.4686365,139.4716605,B,神社,深見神社（ふかみじんじゃ）は、神奈川県大和市深見に鎮座する神社。西暦927年（延長5年）の『延喜式神名帳』に記載されている相模国の延喜式内社十三社の内の一社（小社）とされる。,
満願寺,,東京都,,35.6101061,139.6497681,B,寺院,満願寺（まんがんじ）は、東京都世田谷区等々力にある真言宗智山派の仏教寺院。,
昆陽寺,,兵庫県,,34.7769019,135.3884086,B,寺院,昆陽寺（こんようじ、こやでら）は、兵庫県伊丹市寺本にある高野山真言宗の寺院。山号は崑崙山（こんろんさん）。,
大仏寺,,富山県,,36.7456634,137.017249,B,寺院,大佛寺（だいぶつじ）は、富山県高岡市大手町（もと定塚町）にある浄土宗の寺院。境内にある銅造阿弥陀如来坐像は高岡大仏（たかおかだいぶつ）として知られる。,
百舌鳥八幡宮,,大阪府,,34.5534864,135.4946498,B,神社,,
立本寺,,京都府,,35.024822,135.7385736,B,寺院,,
諫早神社,,長崎県,,32.8483985,130.0432636,B,神社,,
第17番札所 井戸寺,,徳島県,徳島市,34.0851717,134.4854986,B,寺院,井戸寺（いどじ）は、徳島県徳島市国府町井戸にある真言宗善通寺派の寺院。瑠璃山（るりざん）、真福院（しんぷくいん）と号す。,
手児奈霊神堂,,千葉県,,35.7383504,139.9092631,B,寺院,手児奈霊神堂（てこなれいじんどう）は、千葉県市川市真間に所在する、伝説上の女性手児奈を祀る霊堂である。手児奈霊堂とも称される。,
太田神社,,京都府,,35.059857,135.7584983,B,寺院,大田神社（おおたじんじゃ）は、京都府京都市北区上賀茂本山にある神社。式内社で、現在は賀茂別雷神社（上賀茂神社）の境外摂社（第三摂社）。,
浅間神社,,神奈川県,,35.4651525,139.6108473,B,神社,浅間神社（せんげんじんじゃ）は、神奈川県横浜市西区にある神社。旧・芝生村（しぼうむら、現・浅間町）の鎮守であった。,
蓮華寺,,京都府,,34.983412,135.7397892,B,寺院,,
法恩寺,,東京都,,35.7022068,139.8102305,B,寺院,法恩寺（ほうおんじ）は、東京都墨田区太平にある日蓮宗の寺院。山号は平河山。,
了仙寺,,静岡県,,34.6721798,138.9416489,B,寺院,了仙寺（りょうせんじ）は、静岡県下田市七軒町3丁目にある日蓮宗の寺院。山号は法順山。,
お岩稲荷田宮神社,,東京都,新宿区,35.6854764,139.7208727,B,神社,於岩稲荷田宮神社（おいわいなりたみやじんじゃ）は、東京都新宿区の神社。,
五條宮,,大阪府,,34.6570768,135.518608,B,神社,五條宮（ごじょうぐう）は、大阪市天王寺区にある神社。旧社格は村社。,
大光院,,愛知県,,35.1609349,136.9011048,B,寺院,大光院（だいこういん）は、愛知県名古屋市中区大須二丁目7番25号にある曹洞宗の寺院。山号は興國山（こうこくさん）。,
虎捕　山津見神社,,福島県,,37.7364983,140.6969555,B,神社,"山津見神社（やまつみじんじゃ）は、福島県相馬郡飯舘村に鎮座する神社。
別名虎捕山津見神社とも呼ばれる。",
二所山田神社,,山口県,,34.2341254,131.8167305,B,神社,二所山田神社（にしょやまだじんじゃ）は、山口県周南市にある神社である。式内社で、旧社格は郷社。,
花岳寺,,兵庫県,,34.7527827,134.3905904,B,寺院,花岳寺（かがくじ）は、兵庫県赤穂市にある曹洞宗の寺院。山号は台雲山（たいうんざん）。,
回天神社,,茨城県,,36.3925788,140.4544663,B,神社,回天神社（かいてんじんじゃ）は茨城県水戸市にある神社である。,
末吉宮,,沖縄県,那覇市,26.229356,127.7144617,B,神社,末吉宮（すえよしぐう）は、沖縄県那覇市首里末吉町の末吉公園内にある神社で琉球八社のひとつ。旧社格は無格社。,
輪王寺,,宮城県,,38.2832153,140.8587803,B,寺院,,
光明寺,,東京都,,35.573614,139.6843099,B,寺院,光明寺（こうみょうじ）は、東京都大田区鵜の木にある浄土宗の寺院。,
長松院,,茨城県,,36.479824,140.5773509,B,寺院,,
妙法山 星谷寺,,神奈川県,,35.4846279,139.3989073,B,寺院,星谷寺（しょうこくじ・ほしやでら）は、神奈川県座間市入谷西にある真言宗大覚寺派の寺院。山号は妙法山。,
安養院,,東京都,,35.6264001,139.7100193,B,寺院,安養院（あんよういん）は、東京都品川区にある天台宗の寺院。,
大光明寺,,京都府,,35.0333413,135.7612671,B,寺院,大光明寺（だいこうみょうじ）は、京都市上京区相国寺門前町にある臨済宗相国寺派の寺院。大本山相国寺の塔頭。,
別格18番札所 屏風ヶ浦 海岸寺,,香川県,多度津町,34.2559798,133.7281057,B,寺院,,
赤神神社五社堂,,秋田県,,39.8707012,139.7508383,B,神社,,
岡太神社・大瀧神社,,福井県,越前市,35.9064293,136.2530868,B,神社,大瀧神社・岡太神社（おおたきじんじゃ・おかもとじんじゃ）は、福井県越前市大滝町にある神社である。,
宝塔寺,,京都府,,34.9628274,135.7756336,B,寺院,宝塔寺（ほうとうじ）は、京都市伏見区深草宝塔寺山町にある日蓮宗の寺院。山号は深草山。,
久伊豆神社,,埼玉県,,35.9587326,139.7029641,B,神社,久伊豆神社（ひさいずじんじゃ）は、さいたま市岩槻区宮町二丁目にある神社である。岩槻の総鎮守とされている。,
平塚神社,,東京都,,35.7461963,139.7460797,B,神社,平塚神社（ひらつかじんじゃ）は、東京都北区上中里にある神社である。社格は郷社。,
玉澤妙法華寺,,静岡県,三島市,35.1229501,138.9623606,B,寺院,妙法華寺（みょうほっけじ）は、静岡県三島市玉沢に所在する、日蓮宗の本山（由緒寺院）。山号は経王山。,
松原八幡神社,,兵庫県,姫路市白浜町甲３９９番地,34.7855927,134.706273,B,神社,"松原八幡神社（まつばらはちまんじんじゃ）は、兵庫県姫路市にある神社（八幡宮）。
旧社格は県社。",
桑名宗社,,三重県,,35.065433,136.6949027,B,神社,,
摩訶耶寺,,静岡県,,34.8176672,137.5568322,B,寺院,摩訶耶寺（まかやじ）は、静岡県浜松市浜名区にある高野山真言宗の寺院。,
周防国分寺,,山口県,,34.0620681,131.5793685,B,寺院,周防国分寺（すおうこくぶんじ）は、山口県防府市国分寺町にある寺院。高野山真言宗の別格本山。,
錦織神社,,大阪府,,34.4943045,135.5886899,B,神社,,
龍寶寺,,神奈川県,,35.3523472,139.5204064,B,寺院,,
八百富神社,,愛知県,蒲郡市,34.8106,137.2316269,B,神社,八百富神社（やおとみじんじゃ）は、愛知県蒲郡市竹島町にある神社。「竹島弁天」ともいう。,
吉志部神社,,大阪府,,34.7836294,135.5312459,B,神社,吉志部神社（きしべじんじゃ）は、大阪府吹田市岸部北にある神社。旧社格は村社。,
大善寺,,京都府,,34.9342916,135.7907297,B,寺院,大善寺（だいぜんじ）は、京都市伏見区にある浄土宗の寺院。山号は法雲山。,
讃岐神社,,奈良県,,34.5545151,135.7393756,B,神社,,
羽束師神社,,京都府,,34.9294018,135.7231303,B,神社,,
全興寺,,大阪府,,34.62337,135.5551702,B,寺院,全興寺（せんこうじ）は、大阪市平野区にある高野山真言宗の寺院。山号は野中山（やっちゅうざん）。,
相馬太田神社,,福島県,,37.6107485,140.9672492,B,神社,相馬太田神社（そうまおおたじんじゃ）は、福島県南相馬市原町区中太田に立地する神社。相馬三妙見社の一つ。,
東漸寺,,千葉県,,35.8291742,139.92905,B,寺院,東漸寺（とうぜんじ）は、千葉県松戸市小金にある枝垂桜で有名な浄土宗の寺院。,
平等寺,,奈良県,,34.5267803,135.8542973,B,寺院,平等寺（びょうどうじ）は、奈良県桜井市三輪にある曹洞宗の寺院。山号は三輪山。,
気多若宮神社,,岐阜県,,36.2392502,137.1976293,B,神社,気多若宮神社（けたわかみやじんじゃ）は、岐阜県飛騨市（旧吉城郡古川町）にある神社である。通称 杉本さま。,
国清寺,,静岡県,,35.070696,138.9724089,B,寺院,国清寺（こくせいじ／こくしょうじ）は、静岡県伊豆の国市奈古谷にある臨済宗円覚寺派の寺院である。室町時代に関東十刹に列せられた。,
拝島大師,,東京都,,35.7057391,139.347104,B,寺院,拝島大師（はいじまだいし）は、東京都昭島市拝島町一丁目にある天台宗の仏教寺院である。本覚院が正式な名称である。,
大平山神社,,栃木県,Tochigi,36.3626322,139.6932291,B,神社,太平山神社（おおひらさんじんじゃ）は、栃木県栃木市にある神社。旧社格は県社。,
竹寺,,埼玉県,,35.8891205,139.192094,B,寺院,竹寺（たけでら）は、埼玉県飯能市大字南字八王子にある天台宗の寺院である。正式名称は医王山薬寿院八王寺（いおうざんやくじゅいんはちおうじ）。,
大宮神社,,大阪府,,34.7252782,135.5450872,B,神社,大宮神社（おおみやじんじゃ）は、大阪市旭区大宮にある神社。旧社格は村社。,
乃木神社,,栃木県,,36.887713,140.0025432,B,神社,乃木神社（のぎじんじゃ）は、栃木県那須塩原市にある神社である。旧社格は県社。,
山口大神宮,,山口県,,34.1843928,131.4680103,B,神社,山口大神宮（やまぐちだいじんぐう）は、山口県山口市にある神社である。旧社格は県社。,
夜都伎神社,,奈良県,,34.5836597,135.8483406,B,神社,夜都岐神社（やつぎじんじゃ）は、奈良県天理市にある神社である。旧社格は村社。,
綾戸國中神社,,京都府,,34.9638941,135.7159925,B,神社,,
姉埼神社,,千葉県,,35.4734182,140.0481242,B,神社,姉埼神社（あねさきじんじゃ）は、千葉県市原市姉崎にある神社。式内社で、旧社格は県社。,
平河天満宮,,東京都,千代田区,35.6824215,139.7409533,B,神社,平河天満宮（ひらかわてんまんぐう）は、東京都千代田区平河町にある神社（天満宮）。,
蘇我比咩神社,,千葉県,,35.5727201,140.1299355,B,神社,,
菊田神社,,千葉県,習志野市,35.6845056,140.0272495,B,神社,,
宥清寺,,京都府,,35.0271038,135.7376946,B,寺院,宥清寺（ゆうせいじ）は、京都市上京区にある本門佛立宗の本山の寺院。山号は元は青柳山であったが現在は本門佛立山。,
櫻木神社,,千葉県,,35.9377922,139.8748422,B,神社,櫻木神社（さくらぎじんじゃ）は、千葉県野田市にある神社。旧社格は村社。,
忍頂寺,,大阪府,,34.8957083,135.544403,B,寺院,忍頂寺（にんちょうじ）は、大阪府茨木市大字忍頂寺にある高野山真言宗の寺院。山号は賀峰山（かぶさん）。,
石峰寺,,京都府,,34.9647195,135.774862,B,寺院,,
大御食神社,,長野県,,35.7236906,137.9481321,B,神社,大御食神社（おおみけじんじゃ）は、長野県駒ヶ根市赤穂にある神社である。別名は美女ヶ森（びじょがもり）。,
坂東22番 妙福山 佐竹寺,,茨城県,,36.5260386,140.5046782,B,寺院,佐竹寺（さたけじ）は、茨城県常陸太田市にある真言宗豊山派の寺院である。山号は妙福山、院号は明音院。,
宝台院,,静岡県,,34.970089,138.3833437,B,寺院,宝台院（「ほうだいいん」ど読むのが正しいが、「ほうたいいん」と言う一般市民も多い）は、静岡県静岡市葵区常磐町二丁目（旧下魚町）にある浄土宗の寺院。山号は金米山。,
羽田神社,,東京都,大田区,35.5468441,139.7404432,B,神社,,
高山稲荷神社,,青森県,,40.937347,140.3130749,B,神社,,
阿豆佐味天神社,,東京都,,35.7666551,139.3648312,B,神社,,
九品寺,,大阪府,,34.6999673,135.5149608,B,寺院,九品寺（くほんじ）は、大阪府大阪市北区同心に位置する浄土宗の寺院である。山号は増輝山。,
大福寺,,千葉県,館山市,35.030647,139.8415417,B,寺院,大福寺（だいふくじ）は、千葉県館山市船形にある、真言宗智山派の寺院。山号は船形山。,
火雷神社,,群馬県,,36.302712,139.1515092,B,神社,火雷神社（からいじんじゃ/ほのいかづちじんじゃ）は、群馬県佐波郡玉村町にある神社。式内社、上野国八宮。,
常徳院,,東京都,,35.6516654,139.6440649,B,寺院,常徳院（じょうとくいん）は、東京都世田谷区宮坂にある寺院。曹洞宗に属し、山号を「観谷山」という。,
三吉神社,,北海道,札幌市,43.0584322,141.3452128,B,神社,三吉神社（みよしじんじゃ）とは、北海道札幌市中央区南1条西8丁目にある神社である。旧社格は県社。,
妙光山 誓願寺,,愛知県,,35.1268035,136.9062792,B,寺院,,
摩氣神社,,京都府,南丹市,35.0891222,135.4270932,B,神社,摩氣神社（まけじんじゃ）は、京都府南丹市園部町竹井にある神社。式内社（名神大社）で、旧社格は府社。,
石引神社,,岐阜県,,35.3940119,136.5807406,B,神社,石引神社（いしびきじんじゃ）は、岐阜県大垣市に所在する神社である。,
観音寺,,京都府,,34.7954961,135.7622741,B,寺院,,
魚藍寺,,東京都,,35.6426516,139.7374235,B,寺院,,
見付天神　矢奈比賣神社,,静岡県,磐田市,34.7298695,137.8640487,B,神社,矢奈比売神社（やなひめじんじゃ）は、静岡県磐田市見付にある神社。式内小社で、旧社格は旧県社。,
桜本坊,,奈良県,,34.361173,135.8632842,B,寺院,桜本坊（さくらもとぼう）は、奈良県吉野郡吉野町吉野山にある金峯山修験本宗の別格本山の寺院。本尊は神変大菩薩（役行者）倚像。,
劔神社,,徳島県,三好市,33.8684303,134.0903278,B,神社,劔神社（つるぎじんじゃ）は、徳島県三好市東祖谷菅生の剣山の見ノ越に鎮座する神社で標高1420m辺りにある。本社の大劔神社は標高1810m辺りにあり大劔神社もここで記述する。,
妙光寺,,京都府,,35.0320929,135.7083238,B,寺院,妙光寺（みょうこうじ）は、京都府京都市右京区宇多野上ノ谷町にある臨済宗建仁寺派の寺院。山号を正覚山（しょうかくざん）と号する。,
國學院大學神殿,,東京都,,35.6557731,139.7112809,B,神社,國學院大學神殿（こくがくいんだいがくしんでん）は、東京都渋谷区にある神殿（学内神社）。天照皇大御神（天照大御神）と天神地祇八百万神（天津神・国津神）を祭神とする。,
中島惣社,,大阪府,,34.7337962,135.5063571,B,神社,中島惣社（なかじまそうしゃ）は、大阪市東淀川区東中島にある神社。旧社格は郷社。,
江の島大師,,神奈川県,藤沢市,35.2988779,139.4790274,B,寺院,江の島大師（えのしまだいし）は神奈川県藤沢市江の島にある単立の寺院である。,
大年寺,,宮城県,仙台市,38.2372411,140.8798352,B,寺院,大年寺（だいねんじ）は、宮城県仙台市太白区門前町に所在する黄檗宗寺院。山号は両足山。,
鮭延寺,,茨城県,,36.1760293,139.7182065,B,寺院,,
法然寺,,香川県,,34.2735683,134.0475307,B,寺院,法然寺（ほうねんじ）は、香川県高松市にある浄土宗の寺院。山号は仏生山。,
八剱八幡神社,,千葉県,,35.3811908,139.9234843,B,神社,八剱八幡神社（やつるぎはちまんじんじゃ）は、千葉県木更津市富士見一丁目にある神社（八幡神社）。旧社格は郷社。,
村山浅間神社,,静岡県,,35.261217,138.6661331,B,神社,村山浅間神社（むらやませんげんじんじゃ）は、静岡県富士宮市村山にある神社。旧社格は県社。,
第35番札所 清滝寺,,高知県,土佐市,33.5124748,133.409532,B,寺院,清瀧寺（きよたきじ）は、高知県土佐市にある真言宗豊山派の寺院。醫王山（いおうざん）、鏡池院（きょうちいん）と号す。,
誠照寺,,福井県,,35.9470291,136.1842757,B,寺院,誠照寺（じょうしょうじ）は、福井県鯖江市にある真宗誠照寺派の本山。山号は上野山（うわのさん）。,
橘樹神社,,神奈川県,,35.4555758,139.6036906,B,神社,橘樹神社（たちばな じんじゃ）は神奈川県横浜市保土ケ谷区天王町一丁目に所在する神社。素盞嗚尊を祀る。,
亀山八幡宮,,山口県,,33.9574909,130.9450059,B,神社,亀山八幡宮（かめやまはちまんぐう）は、山口県下関市にある神社である。旧社格は県社で、現在は神社本庁の別表神社。,
祥雲寺,,東京都,,35.73338,139.7016984,B,寺院,,
滋賀院,,滋賀県,,35.0694651,135.8672138,B,寺院,滋賀院（しがいん）は、滋賀県大津市坂本にある天台宗の寺院。本尊は薬師如来。,
陸奥総社宮,,宮城県,,38.3107966,140.9936401,B,神社,,
真楽寺,,長野県,,36.3415567,138.4859219,B,寺院,真楽寺（しんらくじ）は、長野県北佐久郡御代田町の寺院。真言宗智山派で山号は浅間山。,
長浜八幡宮,,滋賀県,,35.3824363,136.2740974,B,神社,,
仙波日枝神社,,埼玉県,,35.9181256,139.4906304,B,神社,日枝神社（ひえじんじゃ）は、埼玉県川越市小仙波町の神社。仙波日枝神社（せんばひえじんじゃ）、川越日枝神社（かわごえひえじんじゃ）とも。,
海雲寺,,東京都,,35.6090988,139.7436596,B,寺院,海雲寺（かいうんじ）は、東京都品川区にある曹洞宗の寺院。山号は龍吟山。,
石座神社,,京都府,,35.0799369,135.7817697,B,神社,石座神社（いわくらじんじゃ）は、京都市左京区岩倉にある神社。旧社格は村社。,
鵜坂神社,,富山県,,36.6717814,137.1869282,B,神社,,
野見宿祢神社,,兵庫県,,34.870145,134.5394104,B,神社,,
祐福寺,,愛知県,,35.0840346,137.0449813,B,寺院,,
水尾神社,,滋賀県,,35.3065806,135.988432,B,神社,水尾神社（みおじんじゃ/みをじんじゃ）は、滋賀県高島市拝戸（はいど）にある神社。式内社（名神大社）で、旧社格は県社。,
原田神社,,大阪府,豊中市,34.7794325,135.4659345,B,神社,原田神社（はらだじんじゃ）は、大阪府豊中市中央部にある神社。旧社格は府社。,
石室神社,,静岡県,南伊豆町,34.6022957,138.8457077,B,神社,,
金剛院,,京都府,,35.4760619,135.4477907,B,寺院,,
間々観音,,愛知県,,35.2949395,136.9092788,B,寺院,,
大巧寺,,神奈川県,鎌倉市,35.3184974,139.5527728,B,寺院,大巧寺（だいぎょうじ）は、神奈川県鎌倉市小町にある日蓮宗系の単立寺院。特定の檀家を持たず、安産祈願を行う寺として知られる。,
満月寺,,滋賀県,,35.1098111,135.9210935,B,寺院,満月寺（まんげつじ）は、滋賀県大津市本堅田にある臨済宗大徳寺派の寺院。山号は海門山（かいもんさん）。,
栄国寺,,愛知県,,35.1536517,136.9012153,B,寺院,栄国寺（えいこくじ）は、愛知県名古屋市中区橘一丁目にある西山浄土宗の寺院。山号は「清涼山」（せいりょうざん）。,
宗像神社,,奈良県,,34.5113139,135.859957,C,神社,宗像神社（むなかたじんじゃ）は、奈良県桜井市外山（とび）にある神社である。式内社（名神大社）で、旧社格は村社。,
焼火神社,,島根県,,36.0732483,133.0289011,C,神社,焼火神社（たくひじんじゃ、たくびじんじゃ）は、島根県隠岐郡西ノ島町にある神社。島前の西ノ島における最高峰、焼火山の8合目辺りに鎮座する旧県社である。,
鏡神社,,佐賀県,,33.4320665,130.0082314,C,神社,,
祥福寺,,兵庫県,神戸市,34.6935315,135.1698686,C,寺院,祥福寺（しょうふくじ）は兵庫県神戸市兵庫区五宮町にある臨済宗の仏教寺院。,
荘嚴寺,,東京都,渋谷区,35.6850419,139.6842194,C,寺院,,
須賀神社,,滋賀県,,35.4617786,136.1400791,C,神社,,
第42番札所 佛木寺 仏木寺,,愛媛県,宇和島市,33.3105599,132.5814592,C,寺院,佛木寺（ぶつもくじ）は、愛媛県宇和島市にある真言宗御室派の寺院。一か山、毘盧舎那院（びるしゃないん）と号す。,
宝晃院,,東京都,,35.7409914,139.5493214,C,寺院,寳晃院（ほうこういん）は、東京都西東京市住吉町にある真言宗智山派の寺。宝晃院と記されることもある。,
佐香神社,,島根県,,35.4699104,132.8805167,C,神社,佐香神社（さかじんじゃ）は島根県出雲市小境町に鎮座する神社である。別名、松尾神社。,
老犬神社,,秋田県,,40.2388648,140.686962,C,神社,老犬神社（ろうけんじんじゃ）とは、秋田県大館市葛原にある神社。伝説のマタギ犬を祀っている。,
満福寺,,神奈川県,鎌倉市,35.3077149,139.4950194,C,寺院,,
坂東33番 補陀洛山 那古寺 (那古観音),,千葉県,館山市,35.0255134,139.8579468,C,寺院,,
十方寺,,東京都,,35.722766,139.7552113,C,寺院,十方寺（じゅっぽうじ）は、東京都文京区にある浄土宗の寺院。,
瑞光寺,,大阪府,,34.7492379,135.5379414,C,寺院,瑞光寺（ずいこうじ）は、大阪市東淀川区にある臨済宗妙心寺派の仏教寺院。山号は天然山。,
鳥海月山両所宮,,山形県,,38.2708938,140.3371753,C,神社,,
隠津島神社,,福島県,,37.3346638,140.082422,C,神社,,
上善寺,,京都府,,35.0301826,135.741775,C,寺院,上善寺（じょうぜんじ）は、京都市北区にある浄土宗の寺院。,
鹿嶋神社,,兵庫県,,34.8093585,134.7748758,C,神社,,
西光寺,,長野県,,36.647184,138.1874589,C,寺院,"北緯36度38分49.1秒 東経138度11分15.1秒
西光寺（さいこうじ）は、長野県長野市にある浄土宗の仏教寺院。山号は苅萱山。",
成海神社,,愛知県,,35.0863987,136.9529424,C,神社,成海神社（なるみじんじゃ）は、愛知県名古屋市緑区鳴海町にある神社。『延喜式神名帳』の尾張国愛智郡「成海神社」に比定される式内社。,
牛伏寺,,長野県,,36.165336,138.0187196,C,寺院,,
福岡縣護國神社,,福岡県,,33.5812952,130.3815136,C,神社,,
森戸神社,,神奈川県,葉山町,35.2726889,139.5699454,C,神社,森戸大明神（もりとだいみょうじん）は、神奈川県三浦郡葉山町の神社。森戸海岸の南端に、森戸川を挟んで所在している。,
愛宕神社,,京都府,,35.0410776,135.58694,C,神社,愛宕神社（あたごじんじゃ）は、京都府亀岡市千歳町国分にある神社。旧称は「阿多古神社」。,
高貴寺,,大阪府,,34.4993971,135.6644985,C,寺院,,
良清寺,,福岡県,,33.1677472,130.4050969,C,寺院,,
鳴神神社,,和歌山県,,34.2278607,135.2114096,C,神社,,
天満宮,,岡山県,岡山市,34.6558755,133.9455774,C,神社,玉井宮東照宮（たまいぐうとうしょうぐう）は、岡山県岡山市中区の東山丘陵にある神社。旧社格は県社。,
高徳寺,,東京都,,35.7089361,139.6796261,C,寺院,,
長勝寺,,神奈川県,,35.309962,139.5578605,C,寺院,,
根道神社,,岐阜県,,35.6518168,136.8217649,C,神社,根道神社（ねみちじんじゃ）は、岐阜県関市板取にある神社。旧社格は村社。,
生身天満宮,,京都府,京都府南丹市園部町美園町１号６７,35.1039567,135.4741571,C,神社,,
物部神社,,新潟県,,37.4540073,138.6751458,C,神社,物部神社（もののべじんじゃ）は、新潟県柏崎市西山町二田（ふただ）にある神社。式内社、越後国二宮で、旧社格は県社。,
聖天院,,埼玉県,,35.8959792,139.3203121,C,寺院,聖天院（しょうでんいん）は、埼玉県日高市にある真言宗智山派の寺院。寺号は高麗山聖天院勝楽寺である。,
水稲荷神社,,東京都,新宿区,35.711379,139.715619,C,神社,水稲荷神社（みずいなりじんじゃ） は、東京都新宿区西早稲田に鎮座している神社。,
大笹原神社,,滋賀県,,35.0765053,136.0658515,C,神社,大笹原神社（おおささはらじんじゃ）は、滋賀県野洲市大篠原にある神社。旧社格は郷社。,
稲爪神社,,兵庫県,,34.6462816,135.0040897,C,神社,稲爪神社（いなづめじんじゃ）は、兵庫県明石市大蔵本町に鎮座する神社。旧社格は郷社。,
筑摩神社,,長野県,,36.2262319,137.9825821,C,神社,,
梅林寺,,福岡県,,33.3236279,130.4992993,C,寺院,梅林寺（ばいりんじ）は、福岡県久留米市にある臨済宗妙心寺派の古刹。山号は江南山。,
貴布禰神社,,兵庫県,尼崎市,34.7171526,135.4087993,C,神社,,
白幡神社,,千葉県,,35.773566,140.0575384,C,神社,,
榎寺神社,,福岡県,,33.5077793,130.5145672,C,神社,榎社（えのきしゃ、別名：榎寺）は、太宰府天満宮（もとは天原山安楽寺）境内飛地にある神社。,
金藏寺,,神奈川県,横浜市,35.5509216,139.6377808,C,寺院,,
高山不動,,埼玉県,,35.9401175,139.2191673,C,寺院,常楽院（じょうらくいん）は、埼玉県飯能市にある真言宗智山派の寺院である。通称は高山不動（たかやまふどう）。,
冠稲荷神社,,群馬県,,36.2686962,139.3514954,C,神社,冠稲荷神社（かんむりいなりじんじゃ）は、群馬県太田市細谷町にある神社である。日本七社（日本七稲荷）の一つを称する。,
秩父御嶽神社,,埼玉県,,35.9152788,139.2116079,C,神社,秩父御嶽神社（ちちぶおんたけじんじゃ）は、埼玉県飯能市坂石にある神社。神職が常駐する神社である。,
教興寺,,大阪府,,34.619005,135.6364084,C,寺院,教興寺（きょうこうじ）は、大阪府八尾市にある真言律宗の寺院。奈良市西大寺の末寺である。,
隅田川神社,,東京都,,35.7329313,139.8129098,C,神社,,
南都御霊神社,,奈良県,,34.6762775,135.8309236,C,神社,御霊神社（ごりょうじんじゃ）は、奈良県奈良市薬師堂町にある神社。旧社格は村社。,
村松山虚空蔵堂,,茨城県,,36.449775,140.5986577,C,寺院,,
第19番札所 立江寺,,徳島県,小松島市,33.9678148,134.6058371,C,寺院,,
森巖寺,,東京都,,35.6566356,139.6685584,C,寺院,森巌寺（しんがんじ）は、東京都世田谷区代沢にある寺院。浄土宗に属し、1608年（慶長13年）に結城秀康の位牌所として建立された。,
思金神社,,神奈川県,横浜市,35.3624643,139.5777208,C,神社,思金神社（おもいかねじんじゃ）は、神奈川県横浜市栄区上郷町にある単立神社。,
三國神社,,福井県,,36.2091743,136.1576406,C,神社,三國神社（みくにじんじゃ）は、福井県坂井市にある神社である。旧社格は県社。,
成田山横浜別院,,神奈川県,,35.4491416,139.627462,C,寺院,成田山 横浜別院 延命院（なりたさん よこはまべついん えんめいいん）は、神奈川県横浜市西区宮崎町にある真言宗智山派の寺院。,
洞雲寺,,宮城県,,38.3351039,140.8953099,C,寺院,洞雲寺（どううんじ）は、宮城県仙台市泉区にある曹洞宗の寺院。山号は龍門山。,
葛木倭文座天羽雷命神社,,奈良県,,34.530695,135.6890154,C,神社,,
神柱神社,,宮崎県,,31.732143,131.0718341,C,神社,神柱宮（かんばしらぐう）は、宮崎県都城市にある神社である。旧社格は県社で、現在は神社本庁の別表神社。,
梛神社,,京都府,,35.0032972,135.7441896,C,神社,梛神社（なぎじんじゃ）は、京都府京都市中京区壬生にある神社。通称は「元祇園社」。,
雲龍院,,京都府,京都市,34.9771572,135.7801259,C,寺院,,
日輪寺,,東京都,,35.7148614,139.791559,C,寺院,日輪寺（にちりんじ）は、東京都台東区にある時宗の寺院。山号は神田山。,
泉井上神社,,大阪府,,34.4867877,135.4280225,C,神社,泉井上神社（いずみいのうえじんじゃ）は、大阪府和泉市府中町にある神社。式内社で、旧社格は府社。,
葛原岡神社,,神奈川県,,35.3288424,139.5428065,C,神社,,
第08番札所 熊谷寺,,徳島県,阿波市,34.1227308,134.3400517,C,寺院,熊谷寺（くまだにじ）は徳島県阿波市土成町土成にある高野山真言宗の寺院。普明山（ふみょうざん）真光院（しんこういん）と号す。,
羽豆神社,,愛知県,,34.6963993,136.9721274,C,神社,,
白鳥神社,,香川県,,34.2460784,134.363749,C,神社,,
真性寺,,東京都,,35.7342898,139.7366053,C,寺院,真性寺（しんしょうじ、旧字体：眞性寺）は、東京都豊島区巣鴨にある真言宗豊山派の寺院。山号は医王山。,
東叶神社,,神奈川県,,35.2412304,139.723632,C,神社,叶神社（かのうじんじゃ）は、神奈川県横須賀市浦賀地区にある神社。浦賀港を挟んで2社が所在。,
伊勢原大神宮,,神奈川県,伊勢原市,35.3996492,139.3055303,C,神社,伊勢原大神宮（いせはらだいじんぐう）は神奈川県伊勢原市伊勢原三丁目にある神社。所在地の地名「伊勢原」の由来に深くかかわっている神社である。,
佐助稲荷神社,,神奈川県,鎌倉市,35.3243716,139.5394248,C,神社,"佐助稲荷神社（さすけいなりじんじゃ）は、神奈川県鎌倉市佐助にある神社。 
現在は御霊神社の兼務社になっている。",
萱津神社,,愛知県,,35.1937671,136.8399672,C,神社,,
鶴谷八幡宮,,千葉県,館山市,35.0052331,139.8665209,C,神社,,
福厳寺,,福岡県,,33.1586924,130.4054639,C,寺院,,
第28番札所 大日寺,,高知県,香南市,33.5776597,133.7051958,C,寺院,大日寺（だいにちじ）は、高知県香南市にある真言宗智山派の寺院。法界山（ほうかいさん）、高照院（こうしょういん）と号す。,
慈雲寺 (長野県下諏訪町),,長野県,,36.0817824,138.0838974,C,寺院,慈雲寺（じうんじ）は、長野県諏訪郡下諏訪町にある臨済宗妙心寺派の寺院である。山号は白華山。,
天現寺,,東京都,,35.6480011,139.7236014,C,寺院,"天現寺（てんげんじ）は、東京都港区南麻布にある臨済宗大徳寺派の寺院。
山号は多聞山。",
祇園寺,,茨城県,,36.389046,140.458921,C,寺院,祇園寺（ぎおんじ）は、茨城県水戸市にある曹洞宗の寺院。山号は寿昌山（じゅしょうさん）、本尊は釈迦如来。,
本満寺,,京都府,,35.0320203,135.7678977,C,寺院,本満寺（ほんまんじ）は、京都市上京区にある日蓮宗の本山（由緒寺院）の寺院。山号は広布山（広宣流布山）。,
別格13 仙龍寺,,愛媛県,四国中央市,33.9505827,133.6060532,C,寺院,仙龍寺（せんりゅうじ）は愛媛県四国中央市新宮町に所在する真言宗大覚寺派の寺院。金光山（きんこうざん）、遍照院（へんじょういん）と号す。,
吉川八幡神社,,大阪府,,34.9192524,135.4471109,C,神社,"吉川八幡神社（よしかわ はちまんじんじゃ）は、日本の近畿地方の神社のひとつ。
大阪府豊能郡豊能町吉川（近世における摂津国能勢郡吉川村）に鎮座する神社。",
海蔵寺,,神奈川県,鎌倉市,35.3288581,139.5452632,C,寺院,海蔵寺（かいぞうじ）は、神奈川県鎌倉市扇ガ谷にある臨済宗建長寺派の寺院。山号は扇谷山（せんこくざん）。,
岩殿観音,,埼玉県,,36.0013909,139.3623552,C,寺院,正法寺（しょうぼうじ）は、埼玉県東松山市にある真言宗智山派の寺院である。山号は巌殿山。,
心眼寺,,大阪府,大阪市,34.6729206,135.527178,C,寺院,心眼寺（しんがんじ）は、大阪市天王寺区にある浄土宗の寺院。山号は真田山。,
石像寺,,京都府,,35.0330917,135.7421744,C,寺院,,
阿波々神社,,静岡県,,34.8415587,138.0675114,C,神社,,
蓮着寺,,静岡県,,34.8827336,139.131003,C,寺院,蓮着寺（れんちゃくじ）は、静岡県伊東市にある、法華宗陣門流の霊跡別院。山号は俎岩山（そがんざん）。,
龍源院,,京都府,,35.0421786,135.7461047,C,寺院,,
栖賢寺,,京都府,,35.0642102,135.8011731,C,寺院,栖賢寺（せいけんじ）は京都市左京区上高野にある臨済宗の仏教寺院。,
西念寺,,東京都,新宿区,35.6846695,139.7254838,C,寺院,,
岩水寺,,静岡県,,34.8454277,137.7933979,C,寺院,岩水寺（がんすいじ）は、静岡県浜松市浜名区にある高野山真言宗別格本山の寺院。山号は龍宮山。,
明眼院,,愛知県,,35.1745216,136.8205037,C,寺院,明眼院（みょうげんいん）は、愛知県海部郡大治町にある天台宗の寺院である。日本最古の眼科専門の医療施設として知られる。,
黄金山神社,,宮城県,,38.5598514,141.1390484,C,神社,,
月江寺,,山梨県,,35.4934141,138.8000223,C,寺院,月江寺（げっこうじ）は、山梨県富士吉田市下吉田に所在する寺院。臨済宗妙心寺派の寺院で、山号は水上山。,
唐崎神社,,滋賀県,,35.0473676,135.8743203,C,神社,唐崎神社（からさきじんじゃ）は、滋賀県大津市にある神社。日吉大社の摂社の一つである。,
養老神社,,岐阜県,,35.2824679,136.5388604,C,神社,,
大宝八幡宮,,茨城県,,36.2046353,139.9713997,C,神社,大宝八幡宮（だいほうはちまんぐう）は、茨城県下妻市大宝に所在する関東地方で最古の八幡宮。県社。,
江文神社,,京都府,,35.1130015,135.813621,C,神社,江文神社（えぶみじんじゃ）は京都府京都市左京区大原野村町にある神社。毎年5月5日に例大祭が行われる。,
第05番札所 地蔵寺,,徳島県,板野町,34.1371936,134.4319428,C,寺院,地蔵寺（じぞうじ）は、徳島県板野郡板野町羅漢にある真言宗御室派の寺院。無尽山（むじんざん）荘厳院（しょうごんいん）と号す。,
加佐登神社,,三重県,鈴鹿市加佐登町,34.9002177,136.527256,C,神社,加佐登神社（かさどじんじゃ）は三重県鈴鹿市にある神社である。,
日本寺,,千葉県,多古町,35.7402666,140.487392,C,寺院,日本寺（にちほんじ）は、千葉県香取郡多古町にある、日蓮宗の本山（由緒寺院）。山号は正東山。,
八幡大神社,,東京都,,35.6940845,139.559521,C,神社,八幡大神社（はちまんだいじんじゃ）は、東京都三鷹市にある神社。別名、三鷹八幡大神社とも言われている。,
聖天了徳院,,大阪府,,34.6984073,135.4829978,C,寺院,了徳院（りょうとくいん）は、大阪市福島区にある東寺真言宗の寺院。山号は如意山。,
乙宝寺大日堂,,新潟県,,38.1199434,139.4030724,C,寺院,乙寶寺（おっぽうじ）は、新潟県胎内市乙（きのと）にある真言宗智山派の寺院。猿供養寺、乙寺（きのとでら）とも呼ばれる。,
新羅神社,,岐阜県,,35.3303082,137.127494,C,神社,新羅神社（しんらじんじゃ）は、岐阜県多治見市御幸町に鎮座する神社。社格は旧郷社。,
阿弥陀寺,,福島県,,37.5007968,139.9193267,C,寺院,,
葛木二上神社,,奈良県,,34.5256835,135.67799,C,神社,,
埼玉縣護國神社,,埼玉県,さいたま市,35.9195698,139.6279129,C,神社,埼玉縣護國神社（さいたまけんごこくじんじゃ）は、埼玉県さいたま市大宮区に鎮座する旧指定護国神社である。,
梅林寺,,大阪府,,34.8188313,135.5718273,C,寺院,,
尉殿神社,,東京都,,35.7438019,139.5503089,C,神社,尉殿神社（じょうどのじんじゃ）は、東京都西東京市にある神社である。,
龍蔵寺,,群馬県,,36.4205561,139.0722889,C,寺院,,
亀ケ池八幡宮,,神奈川県,相模原市,35.550928,139.3661492,C,神社,亀ヶ池八幡宮（かめがいけはちまんぐう）は神奈川県相模原市にある神社。,
菟足神社,,愛知県,,34.7973458,137.3658364,C,神社,,
喜見山 摩尼寺,,鳥取県,鳥取市,35.5294225,134.2634551,C,寺院,摩尼寺（まにじ、まにでら）は鳥取県鳥取市にある天台宗安楽律法流の寺。山号は喜見山（きけんざん）。,
金福寺,,京都府,,35.0421483,135.7954337,C,寺院,,
本刈谷神社,,愛知県,,34.9786229,136.9899678,C,神社,本刈谷神社（もとかりやじんじゃ）は、愛知県刈谷市天王町4丁目9番地にある神社。旧社格は村社。,
瀧尾神社,,京都府,,34.9825301,135.7706777,C,神社,,
長寿寺,,神奈川県,,35.3315236,139.5503113,C,寺院,,
國前寺,,広島県,,34.403117,132.4811553,C,寺院,國前寺（こくぜんじ）は、広島県広島市東区山根町にある日蓮宗本山（由緒寺院）の寺院。すぐそばに尾長天満宮がある。,
円鏡寺,,岐阜県,,35.436155,136.6871811,C,寺院,円鏡寺（えんきょうじ、旧字体：圓鏡寺）は、岐阜県本巣郡北方町にある高野山真言宗別格本山の寺院である。,
丹生酒殿神社,,和歌山県,かつらぎ町,34.2893585,135.5200242,C,神社,丹生酒殿神社（にうさかどのじんじゃ）は、和歌山県伊都郡かつらぎ町三谷に鎮座する神社。,
大高山神社,,宮城県,,38.0385182,140.6995864,C,神社,大高山神社（おおたかやまじんじゃ）は、宮城県柴田郡大河原町にある神社。式内社（名神大社）で、旧社格は郷社。,
円通山 大黒寺,,京都府,,34.9369635,135.7607787,C,寺院,大黒寺（だいこくじ）は、京都府京都市伏見区鷹匠町にある、真言宗東寺派の寺院である。通称は薩摩寺（さつまでら）。,
法谷寺,,徳島県,,34.0700332,134.5149927,C,寺院,法谷寺（ほうこくじ）は、徳島県徳島市南庄町の眉山麓にある真言宗大覚寺派の寺院。山号は救世山。,
多井畑厄除八幡宮,,兵庫県,,34.6620814,135.0955487,C,神社,多井畑厄除八幡宮（たいのはたやくよけはちまんぐう）とは、兵庫県神戸市須磨区多井畑字宮脇に鎮座する神社。通称、多井畑厄神。,
永慶寺,,奈良県,,34.6486083,135.7765136,C,寺院,永慶寺（えいけいじ）は、奈良県大和郡山市永慶寺町にある寺院。黄檗宗寺院で、山号は龍華山。,
柏神社,,千葉県,柏市,35.8599645,139.9736896,C,神社,柏神社（かしわじんじゃ）は、千葉県柏市柏三丁目にある神社。羽黒神社と八坂神社を合祀した神社である。,
月桂寺,,東京都,,35.696905,139.7228011,C,寺院,月桂寺（げっけいじ）は、東京都新宿区河田町にある臨済宗円覚寺派の寺院。,
孝恩寺,,大阪府,,34.3971592,135.3945693,C,寺院,孝恩寺（こうおんじ）は、大阪府貝塚市木積（こつみ）にある浄土宗の寺院。山号は慈眼山。,
龍口明神社,,神奈川県,,35.318103,139.5070358,C,神社,,
大生郷天満宮,,茨城県,常総市,36.0606685,139.9526789,C,神社,大生郷天満宮（おおのごうてんまんぐう）は、茨城県常総市の神社。,
大宮賣神社,,京都府,,35.5912113,135.1018568,C,神社,大宮売神社（おおみやめじんじゃ/おおみやのめじんじゃ、大宮賣神社）は、京都府京丹後市大宮町周枳（すき）にある神社。式内社（名神大社）で、丹後国二宮を称する。,
蒲原神社,,新潟県,,37.9147035,139.0702977,C,神社,,
椋橋総社,,大阪府,,34.7433447,135.4607052,C,神社,椋橋総社（くらはしそうしゃ）は、大阪府豊中市庄本町に鎮座する神社。鯉伝説が古くから知られており、別称を「鯉の宮」ともいう。,
釜蓋神社,,鹿児島県,,31.2495692,130.4161145,C,神社,射楯兵主神社（いたてつわものぬしじんじゃ）は、鹿児島県南九州市頴娃町別府に鎮座する神社である。旧社格は無格社。,
勝鬘寺,,愛知県,,34.9185334,137.1547268,C,寺院,勝鬘寺（しょうまんじ）は、愛知県岡崎市針崎町にある真宗大谷派の寺院。山号は和田山、寂光山。,
長者山新羅神社,,青森県,,40.5028882,141.4911126,C,神社,,
法霊山 龗神社,,青森県,,40.5149206,141.4903926,C,神社,,
本行寺,,東京都,,35.5800879,139.7033846,C,寺院,本行寺（ほんぎょうじ）は東京都大田区池上にある日蓮宗の寺院。山号は長崇山。,
専光寺,,東京都,,35.6798626,139.5950445,C,寺院,専光寺（せんこうじ）は、東京都世田谷区北烏山にある寺院。浄土宗単立寺院で、創建は江戸時代初期の1604年（慶長9年）に遡る。,
成田山川越別院,,埼玉県,,35.9193158,139.4888354,C,寺院,成田山川越別院本行院（なりたさん かわごえべついん ほんぎょういん）は、埼玉県川越市久保町ある真言宗智山派の寺院である。成田山新勝寺（千葉県成田市）の別院で、通称は川越不動。,
物部神社,,愛知県,,35.1734501,136.9316439,C,神社,物部神社（もののべじんじゃ）は、愛知県名古屋市東区筒井にある神社。『延喜式神名帳』の尾張国愛智郡「物部神社」に比定されているが、後述するように異説もある。,
常堅寺,,岩手県,,39.3545011,141.5710403,C,寺院,常堅寺（じょうけんじ）は岩手県遠野市にある曹洞宗の寺院。山号は蓮峰山。,
本宗寺,,愛知県,,34.9255259,137.1925288,C,寺院,本宗寺（ほんしゅうじ）は、愛知県岡崎市美合町にある浄土真宗本願寺派の寺院。山号は土呂殿。,
高伝寺,,佐賀県,佐賀市,33.2379447,130.2832399,C,寺院,,
冨塚八幡宮,,神奈川県,,35.3935852,139.5287574,C,神社,富塚八幡宮（とみつかはちまんぐう）は、神奈川県横浜市戸塚区にある神社である。旧社格は郷社。,
郡山八幡神社,,鹿児島県,,32.0829217,130.5980337,C,神社,,
妙法寺,,山梨県,,35.5445935,138.4305703,C,寺院,妙法寺（みょうほうじ）は、山梨県南巨摩郡富士川町小室3063番地にある日蓮宗の本山（由緒寺院）で小西法縁六本山の一つ。山号は徳栄山または小室山。,
妙縁寺,,東京都,,35.7082076,139.8039935,C,寺院,妙縁寺（みょうえんじ）は、東京都墨田区吾妻橋に所在する日蓮正宗の寺院。山号は正栄山（しょうえいざん）。,
本願寺神戸別院 (モダン寺),,兵庫県,,34.6860135,135.180144,C,寺院,本願寺神戸別院（ほんがんじこうべべついん）は、兵庫県神戸市中央区下山手通にある浄土真宗本願寺派の寺院である。同派本山の西本願寺（京都市）直属の別院である。,
白幡神社,,千葉県,,35.6036266,140.1139331,C,神社,,
妙見寺,,群馬県,,36.3928899,139.0196929,C,寺院,妙見寺（みょうけんじ）は、群馬県高崎市引間町にある天台宗の寺院である。山号は三鈷山。,
白崎八幡宮,,山口県,,34.1606006,132.2089796,C,神社,白崎八幡宮（しらさきはちまんぐう）は、山口県岩国市今津「白崎山」にある神社。,
正受院,,東京都,新宿区,35.6911106,139.7096211,C,寺院,正受院（しょうじゅいん）は、東京都新宿区新宿二丁目にある浄土宗の寺院である。正式には明了山正受院願光寺という。,
興正寺富田林別院,,大阪府,,34.5001422,135.6024521,C,寺院,富田林興正寺別院（とんだばやしこうしょうじべついん）は、大阪府富田林市富田林町にある真宗興正派の寺院。本山興正寺の別院。,
神宮寺,,福井県,,35.4596729,135.7829638,C,寺院,,
鎮宅霊符神社,,奈良県,,34.6773866,135.8282148,C,神社,,
大日寺,,千葉県,千葉市,35.6276114,140.107606,C,寺院,大日寺（だいにちじ）は、千葉県千葉市稲毛区轟町にある真言宗豊山派の寺院。山号は阿毘盧山。,
大泉寺,,山梨県,,35.6769966,138.580891,C,寺院,大泉寺（だいせんじ）は、山梨県甲府市古府中町にある寺院。曹洞宗寺院で、山号は万年山。,
龍城神社,,愛知県,,34.956132,137.1591337,C,神社,,
別格02 童学寺,,徳島県,石井町,34.0582504,134.4280592,C,寺院,,
大井神社,,静岡県,,34.8333982,138.1717564,C,神社,大井神社（おおいじんじゃ）は、静岡県島田市大井町にある神社。国史見在社、旧社格は県社で、現在は神社本庁の別表神社。,
三柱神社,,福岡県,,33.1703115,130.4151859,C,神社,三柱神社（みはしらじんじゃ）は、福岡県柳川市三橋町にある神社。柳河藩初代藩主の立花宗茂、その妻の誾千代及び岳父の戸次道雪の三柱を祀り、柳川城からは鬼門の位置に鎮座している。,
願得寺,,大阪府,,34.7425718,135.5963256,C,寺院,,
武蔵國府八幡宮,,東京都,,35.6677307,139.4889779,C,神社,武蔵国府八幡宮（むさしのこくふはちまんぐう）とは、東京都府中市八幡町に所在する神社。「府中八幡宮」「六所八幡神社」ともいい、地元では単に「八幡神社」とも呼ぶ。,
葛西神社,,東京都,葛飾区,35.7713273,139.8784527,C,神社,,
愛宕神社,,宮城県,仙台市,38.2458699,140.8755152,C,神社,宮城県仙台市太白区向山四丁目にある愛宕神社（あたごじんじゃ）は、愛宕信仰にもとづく愛宕神社の一つである。広瀬川の南側にある標高75メートルの愛宕山の頂上に鎮座する。,
三崎稲荷神社,,東京都,,35.7016464,139.7544889,C,神社,三崎稲荷神社（みさきいなりじんじゃ）は、東京都千代田区神田三崎町にある神社。創建は、鎌倉時代の建久年間より前と伝えられる。,
蛸薬師堂 永福寺,,京都府,,35.0061903,135.767337,C,寺院,永福寺（えいふくじ）は、京都市中京区新京極蛸薬師東側町にある浄土宗西山深草派の寺院。山号は浄瑠璃山。,
圓乘院,,埼玉県,さいたま市,35.8817997,139.6203309,C,寺院,円乗院（えんじょういん）は、埼玉県さいたま市中央区にある真言宗智山派の寺院。,
妙高寺,,東京都,,35.6756841,139.5983166,C,寺院,妙高寺（みょうこうじ）は、東京都世田谷区北烏山にある寺院である。日蓮宗に属し、本山は身延山久遠寺、山号を「玄立山」という。,
貴船神社,,神奈川県,,35.1499276,139.1461552,C,神社,,
福島天満宮,,大阪府,大阪市,34.6949102,135.4869772,C,寺院,,
日枝神社,,神奈川県,,35.4353947,139.6157462,C,神社,日枝神社（ひえじんじゃ）は、神奈川県横浜市南区にある神社。旧村社で吉田新田（横浜関外地区40余ヶ町）の総鎮守。,
第14番札所 常楽寺,,徳島県,徳島市,34.0503581,134.4759521,C,寺院,常楽寺（じょうらくじ）は、徳島県徳島市国府町延命にある高野山真言宗の寺院。盛寿山（せいじゅさん）、延命院（えんめいいん）と号す。,
建勲神社,,山形県,,38.3557377,140.3748704,C,神社,建勲神社（たけいさおじんじゃ）は、山形県天童市にある神社。旧社格は県社。,
最勝寺,,東京都,,35.7039357,139.8510536,C,寺院,最勝寺（さいしょうじ）は、東京都江戸川区平井にある天台宗の寺院。通称「目黄不動尊」、正式名称は「牛宝山（ごほうざん）明王院最勝寺」である。,
若宮八幡宮,,神奈川県,,35.5346995,139.7248477,C,神社,,
神光院,,京都府,,35.0600972,135.7434667,C,寺院,,
菅原天満宮,,奈良県,,34.6856615,135.7784901,C,神社,,
伊奴神社,,愛知県,,35.2084155,136.8976483,C,神社,伊奴神社（いぬじんじゃ）は、愛知県名古屋市西区稲生町にある神社。『延喜式神名帳』の尾張国山田郡「伊奴神社」に比定されている。,
神崎神社,,千葉県,,35.9058546,140.4001672,C,神社,神崎神社（こうざきじんじゃ）は、千葉県香取郡神崎町（下総国香取郡）にある神社。旧社格は県社。,
鈴鹿明神社,,神奈川県,座間市,35.4846862,139.3946948,C,神社,,
小石川大神宮,,東京都,,35.7094265,139.7492232,C,神社,小石川大神宮（こいしかわ だいじんぐう）は東京都文京区にある神社。天照大神を祀る。,
京都ゑびす神社,,京都府,,34.9998291,135.7719052,C,神社,京都ゑびす神社（きょうとえびすじんじゃ）は、京都市東山区にある神社。旧社格は郷社。,
産田神社,,三重県,,33.8807871,136.0796436,C,神社,,
秩父32番 般若山 法性寺,,埼玉県,,35.9966146,139.0129819,C,寺院,法性寺（ほうしょうじ）は、埼玉県秩父郡小鹿野町にある曹洞宗の寺院で、山号は般若山と号する。,
安国論寺,,神奈川県,鎌倉市,35.3113421,139.5585866,C,寺院,安国論寺（あんこくろんじ）は、神奈川県鎌倉市大町（名越）にある日蓮宗の寺院。山号は妙法華經山。,
鷺宮八幡神社,,東京都,,35.7216123,139.6382927,C,神社,,
瑞應寺,,愛媛県,,33.9192853,133.3017357,C,寺院,瑞應寺（ずいおうじ）は、愛媛県新居浜市山根町にある曹洞宗の寺院である。市街地南端の四国山地山麓に位置する。,
両足院,,京都府,,35.0001351,135.7746121,C,寺院,両足院（りょうそくいん）は、京都市東山区にある臨済宗建仁寺派の寺院。大本山建仁寺の塔頭。,
立行寺,,東京都,,35.6432155,139.7323181,C,寺院,立行寺（りゅうぎょうじ）とは、東京都港区白金二丁目に存在する法華宗の寺院。別名を大久保寺という。,
潮見寺,,徳島県,,34.0571198,134.5443502,C,寺院,潮見寺（ちょうけんじ）は徳島県徳島市西二軒屋町にある仏教寺院。山号は黒谷山、宗派は浄土真宗本願寺派。,
円通院,,宮城県,松島町,38.3712885,141.0599598,C,寺院,円通院（えんつういん。旧字体：圓通院）は、宮城県宮城郡松島町（日本三景・松島）にある臨済宗妙心寺派の寺院である。,
華蔵寺,,愛知県,,34.8428038,137.0815864,C,寺院,,
伊豆国分寺,,静岡県,,35.1200984,138.9099139,C,寺院,伊豆国分寺（いずこくぶんじ）は、静岡県三島市にある日蓮宗の寺院。旧称は蓮行寺。,
天石立神社,,奈良県,,34.7269314,135.959164,C,神社,天石立神社（あまのいわたてじんじゃ）は奈良県奈良市柳生町の岩戸谷にある神社。戸岩山という小高い山の北麓、標高330メートルの山中に本殿を有たず、鎮座する巨岩を直接拝する形態をとる。,
仙寿院,,東京都,,35.6754115,139.711676,C,寺院,仙寿院（せんじゅいん、法雲山仙寿院東漸寺）は、東京都渋谷区千駄ヶ谷にある日蓮宗の寺院である。旧本山は大野山本遠寺。,
崇道天皇神社,,奈良県,,34.6559296,135.8250643,C,神社,,
崇道天皇神社,,奈良県,,34.6588464,135.823351,C,神社,,
崇道天皇神社,,奈良県,,34.6630529,135.8290192,C,神社,,
六所神社,,島根県,,35.4272622,133.1042231,C,神社,六所神社（ろくしょじんじゃ）は、島根県松江市大草町にある神社である。意宇六社の一つ。,
甘縄神明神社,,神奈川県,鎌倉市,35.3143072,139.5371091,C,神社,,
和歌浦天満宮,,和歌山県,,34.1912247,135.1643813,C,神社,和歌浦天満宮（わかうらてんまんぐう）は、和歌山県和歌山市和歌浦西にある神社。法人としての名称は「天満神社」。,
第30番札所 善楽寺,,高知県,高知市,33.5918535,133.5777101,C,寺院,善楽寺（ぜんらくじ）は、高知県高知市にある真言宗豊山派の寺院。百々山（どどさん）、東明院（とうみょういん）と号す。,
真山神社,,秋田県,,39.9269771,139.7671572,C,神社,真山神社（しんざんじんじゃ）は、秋田県男鹿市北浦字真山にある神社。江戸時代は秋田六郡三十三観音霊場の27番札所として赤神山光飯寺があったが、明治の廃仏毀釈運動で真山神社となった。,
第18番札所 恩山寺,,徳島県,小松島市,33.9860981,134.5778614,C,寺院,恩山寺（おんざんじ）は、徳島県小松島市田野町にある高野山真言宗の寺院。母養山（ぼようざん）、宝樹院（ほうじゅいん）と号す。,
大盛寺,,東京都,,35.699126,139.5744078,C,寺院,大盛寺（だいせいじ）は、東京都三鷹市井の頭にある天台宗の寺院。山号は明静山。,
永尾剱神社,,熊本県,,32.6319333,130.6161029,C,神社,,
八海山 法音寺,,山形県,,37.9133638,140.0917376,C,寺院,法音寺（ほうおんじ）は、山形県米沢市にある真言宗豊山派の寺院。山号は八海山。,
源覚寺,,東京都,,35.7107999,139.7511065,C,寺院,,
長建寺,,京都府,,34.9282364,135.7608881,C,寺院,,
舞子六神社,,兵庫県,,34.6375572,135.0288081,C,神社,,
別小江神社,,愛知県,,35.2104006,136.9209494,C,神社,別小江神社（わけおえじんじゃ）は、愛知県名古屋市北区安井四丁目に鎮座する神社。『延喜式神名帳』の尾張国山田郡「別小江神社」に比定されているが、後述するように異説もある。,
石船神社,,山梨県,,35.5630967,138.9730472,C,神社,石船神社（いしふねじんじゃ・いしぶねじんじゃ）は、山梨県都留市朝日馬場にある神社。表筒男命、中筒男命、底筒男命を祭神とする。,
妙源寺,,愛知県,,34.9485577,137.1242835,C,寺院,妙源寺（みょうげんじ）は、愛知県岡崎市大和町にある真宗高田派の寺院。山号は桑子山。,
諏訪神社,,東京都,,35.730582,139.7672293,C,神社,,
登弥神社,,奈良県,,34.6609833,135.7659638,C,神社,登彌神社（とみじんじゃ）は、奈良県奈良市石木町に鎮座する式内社で、旧社格は、県社(昭和14年に列格)。神社の北の明神山からは、祭祀土器が出土している。,
西明寺,,京都府,,35.0572308,135.6747987,C,寺院,,
温泉寺,,兵庫県,神戸市,34.7958196,135.2482247,C,寺院,温泉寺（おんせんじ）は、兵庫県神戸市北区有馬町にある黄檗宗の寺院。山号は有馬山。,
飛騨国分寺,,岐阜県,,36.1435011,137.2538422,C,寺院,,
山倉大神,,千葉県,,35.7903562,140.5387747,C,神社,山倉大神（やまくらだいじん）は、千葉県香取市山倉（下総国香取郡）にある神社。,
稲田神社,,茨城県,,36.3685335,140.2064598,C,神社,稲田神社（いなだじんじゃ、稻田神社）は、茨城県笠間市稲田にある神社。式内社（名神大社）で、旧社格は県社。,
開山堂,,東京都,,35.7171928,139.7776333,C,寺院,,
穴切大神社,,山梨県,,35.6626481,138.5610766,C,神社,,
櫻宮,,大阪府,,34.7006074,135.5236768,C,神社,櫻宮（さくらのみや）は、大阪市都島区中野町にある神社。旧・社格は郷社。,
大安楽寺,,東京都,,35.6908528,139.7780335,C,寺院,大安楽寺（だいあんらくじ）は、東京都中央区日本橋小伝馬町にある高野山真言宗の仏教寺院である。山号は新高野山。,
栖岸院,,東京都,,35.6686027,139.6426956,C,寺院,栖岸院（せいがんいん）は、東京都杉並区にある浄土宗の寺院。,
西光寺,,奈良県,,34.4610568,135.7614941,C,寺院,,
四本木稲荷神社,,東京都,,35.7497067,139.7291605,C,神社,四本木稲荷神社（よもとぎいなりじんじゃ）は、東京都北区の神社。現在は教派神道の教団神道大教所属の神社となっている。,
顕本寺,,大阪府,堺市,34.5734842,135.4741406,C,寺院,,
貴船神社,,愛知県,,35.1683117,137.0017864,C,神社,貴船神社（きふねじんじゃ）は、愛知県名古屋市名東区一社3丁目14番地に位置する神社。法人格の名称は宗教法人貴船社（法人番号：7180005001911）。,
興神社,,長崎県,,33.7696826,129.7318176,C,神社,,
青海神社,,新潟県,,37.6566551,139.053825,C,神社,,
第34番札所 種間寺,,高知県,高知市,33.4917044,133.4876666,C,寺院,,
向上寺,,広島県,,34.3064398,133.0867581,C,寺院,向上寺（こうじょうじ）は、広島県尾道市にある曹洞宗の寺院。山号は潮音山。,
證菩提寺,,神奈川県,,35.3628457,139.5699497,C,寺院,,
隠岐國分寺,,島根県,,36.224257,133.3072968,C,寺院,,
福昌寺,,東京都,,35.6505183,139.6362377,C,寺院,福昌寺（ふくしょうじ）は、東京都世田谷区経堂にある寺院。曹洞宗に属し、山号を「経堂山」という。,
伊勢崎神社,,群馬県,,36.3197375,139.1934219,C,神社,伊勢崎神社（いせさきじんじゃ）は、群馬県伊勢崎市本町にある神社。旧社名は飯福神社（いいふくじんじゃ）で、通称はいいふくさま。,
大連神社,,山口県,下関市,33.9605431,130.9486309,C,神社,大連神社（旧字体: 大連󠄀神󠄀社󠄁、だいれんじんじゃ）は、山口県下関市にある神社である。,
須佐神社,,和歌山県,,34.0647539,135.1416757,C,神社,,
稲荷鬼王神社,,東京都,,35.6977693,139.7052551,C,神社,,
下野宮近津神社,,茨城県,,36.8175584,140.3729681,C,神社,,
東北寺,,東京都,,35.6519321,139.7139131,C,寺院,禅河山東北寺（ぜんがさん とうぼくじ）は、東京都渋谷区広尾二丁目にある臨済宗妙心寺派の寺院。日向佐土原藩島津家、出羽米沢藩上杉家の墓所として知られる。,
光明寺,,神奈川県,,35.3587637,139.2887396,C,寺院,光明寺（こうみょうじ）は、神奈川県平塚市にある天台宗の寺院。山号は金目山（かなめさん）。,
出雲伊波比神社,,埼玉県,,35.942478,139.3112962,C,神社,出雲伊波比神社（いずもいわいじんじゃ）は埼玉県入間郡毛呂山町に鎮座する神社。旧社格は郷社。,
光明寺,,兵庫県,,34.9483236,134.949191,C,寺院,光明寺（こうみょうじ）は、兵庫県加東市光明寺にある高野山真言宗の寺院。山号は五峯山（ごぶさん）。,
本福寺,,兵庫県,,34.5462317,134.9896696,C,寺院,本福寺（ほんぷくじ）は、兵庫県淡路市にある真言密教の寺院で真言宗御室派の別格本山。,
第04番札所 大日寺,,徳島県,板野郡,34.1515688,134.4308846,C,寺院,大日寺（だいにちじ）は徳島県板野郡板野町黒谷にある東寺真言宗の準別格本山。山号は黒巌山（こくがんざん）、院号は遍照院（へんじょういん）と号す。,
矢先稲荷神社,,東京都,,35.7135263,139.7876524,C,神社,,
千代田稲荷神社,,東京都,,35.6596082,139.6959926,C,神社,千代田稲荷神社（ちよだいなりじんじゃ）とは、東京都渋谷区道玄坂の百軒店（ひゃっけんだな）にある神社。元々は宮益坂に鎮座していた。,
雀宮神社,,栃木県,,36.4974655,139.8737052,C,神社,,
革秀寺,,青森県,,40.6126964,140.450136,C,寺院,,
四阿屋神社,,佐賀県,,33.3918825,130.4793662,C,神社,四阿屋神社（あずまやじんじゃ）は、佐賀県鳥栖市牛原町にある神社である。養父郡の総社であり古くは、四阿屋宮（あずまやぐう）と称した。,
甲八幡神社,,兵庫県,姫路市豊富町豊富,34.8988496,134.7435962,C,神社,甲八幡神社（かぶとはちまんじんじゃ）は、兵庫県姫路市にある神社。旧社格は郷社。,
秩父01番 誦経山 四萬部寺,,埼玉県,秩父市,36.0272854,139.1207295,C,寺院,四萬部寺（しまぶじ）は埼玉県秩父市にある曹洞宗の寺院で、山号は誦経山（ずいきょうさん）と号する。秩父札所の第一番である。,
龍峯山 興禅寺,,鳥取県,鳥取市,35.5041827,134.2413701,C,寺院,,
第25番札所 津照寺,,高知県,室戸市,33.2882369,134.1482763,C,寺院,津照寺（しんしょうじ）は、高知県室戸市室津に位置する真言宗豊山派の寺院。宝珠山（ほうしゅざん）、真言院（しんごんいん）と号す。,
三輪里稲荷神社 （こんにゃく稲荷）,,東京都,,35.7204468,139.8263812,C,神社,三輪里稲荷神社（みわさといなりじんじゃ）は東京都墨田区の神社。,
治水神社,,岐阜県,,35.1443926,136.6679943,C,神社,治水神社（ちすいじんじゃ）は、岐阜県海津市海津町油島にある神社である。,
鉄眼寺,,大阪府,,34.6642424,135.4972575,C,寺院,,
燈明寺,,東京都,,35.7085418,139.8393352,C,寺院,,
奈良豆比古神社,,奈良県,,34.7043849,135.8340627,C,神社,奈良豆比古神社（ならつひこじんじゃ）は、奈良県奈良市（奈良きたまち）にある神社である。かつては奈良坂春日社と称していた。,
本禅寺,,京都府,,35.0264562,135.7683593,C,寺院,本禅寺（ほんぜんじ）は、京都市上京区にある法華宗陣門流の本山の寺院。山号は光了山。,
隠岐神社,,島根県,,36.0957445,133.1012356,C,神社,,
松虫寺,,千葉県,,35.7892719,140.2154537,C,寺院,松虫寺（まつむしでら）は、千葉県印西市松虫にある真言宗豊山派の寺院。山号は摩尼珠山。,
大聖寺,,埼玉県,,35.8905777,139.8092759,C,寺院,大聖寺（だいしょうじ）は、埼玉県越谷市にある寺院である。通称、大相模不動尊。,
香具波志神社,,大阪府,,34.7319464,135.4568393,C,神社,,
第06番札所 安楽寺,,徳島県,上板町,34.1181096,134.3884768,C,寺院,安楽寺（あんらくじ）は徳島県板野郡上板町にある高野山真言宗の寺院。温泉山（おんせんざん）瑠璃光院（るりこういん）と号す。,
諸口神社,,静岡県,,34.9765993,138.7668823,C,神社,,
大岡寺,,滋賀県,,34.969189,136.1789378,C,寺院,大岡寺（だいこうじ）は、滋賀県甲賀市水口町にある天台宗系単立の寺院。山号は龍王山。,
大井蔵王権現神社,,東京都,,35.6075215,139.7314554,C,神社,大井蔵王権現神社（おおいざおうごんげんじんじゃ）は、東京都品川区大井にある神社。,
松原神社,,神奈川県,小田原市,35.2492727,139.1599432,C,神社,松原神社（まつばらじんじゃ）は神奈川県小田原市にある神社である。小田原宿総鎮守。,
大蓮寺,,石川県,,36.55755,136.6485941,C,寺院,大蓮寺（だいれんじ）は、石川県金沢市野町にある、浄土宗の寺院。,
妻恋神社,,東京都,,35.7034401,139.7672287,C,神社,妻恋神社（つまこいじんじゃ）は、東京都文京区湯島三丁目にある神社。神紋は「檜扇に御の字」。,
靜岡縣護國神社,,静岡県,静岡市,34.9875346,138.4069687,C,神社,,
合氣神社,,茨城県,,36.2942466,140.281319,C,神社,合氣神社（あいきじんじゃ 合気神社）は茨城県笠間市にある神社。合気道開祖植芝盛平の創建による、合気道に関する唯一の神社。,
天性寺,,大阪府,,34.4589527,135.3651665,C,寺院,天性寺（てんしょうじ）は、大阪府岸和田市南町にある浄土宗の寺院。山号は護持山。,
常圓寺 (新宿区),,東京都,,35.6940314,139.6965802,C,寺院,常圓寺（じょうえんじ、常円寺）は、東京都新宿区西新宿七丁目にある日蓮宗の寺院。山号は福聚山。,
水戸八幡宮,,茨城県,,36.3877834,140.4598855,C,神社,水戸八幡宮（みとはちまんぐう）は、茨城県水戸市八幡町にある神社。正式名称は「八幡宮」である。,
世界平和パゴダ,,福岡県,北九州市,33.9546664,130.9707541,C,寺院,世界平和パゴダ（せかいへいわパゴダ、ビルマ語: ကမ္ဘာအေးစေတီတော်）は、福岡県北九州市門司区の瀬戸内海国立公園敷地内の和布刈公園に近接した山頂にあり、日本とミャ...,
光明寺,,神奈川県,横浜市,35.4427788,139.6100292,C,寺院,光明寺（こうみょうじ）は、神奈川県横浜市南区庚台にある浄土宗の寺院である。山号を吉上山と称する。,
芦屋神社,,兵庫県,芦屋市,34.7426186,135.3029679,C,神社,,
草部吉見神社,,熊本県,,32.782451,131.2180209,C,神社,,
秋田県護国神社,,秋田県,,39.7412509,140.08055,C,神社,秋田県護国神社（あきたけんごこくじんじゃ）は、秋田県秋田市にある神社（護国神社）。秋田県下の戦没者および伊弉諾尊・伊弉冉尊を祀る。,
大雄寺,,栃木県,,36.8656229,140.1226572,C,寺院,大雄寺（だいおうじ）は栃木県大田原市にある曹洞宗の寺院。山号は黒羽山。,
鹿児島神社,,鹿児島県,,31.6097637,130.5395796,C,神社,,
圓照寺,,東京都,,35.7040533,139.6903684,C,寺院,圓照寺（円照寺）（えんしょうじ）は、東京都新宿区北新宿三丁目にある真言宗豊山派の寺院。,
別格7番 出石寺,,愛媛県,大洲市,33.5354998,132.4657994,C,寺院,出石寺（しゅっせきじ）は愛媛県大洲市に所在する真言宗御室派別格本山の寺院。金山（きんざん）、光明院（こうみょういん）と号す。,
大東神社,,東京都,青梅市,35.7951371,139.3241533,C,神社,"大東神社（だいとうじんじゃ）は、東京都青梅市に位置する神社。
祭神は天照大御神を始め、天津神国津神八百万の神々。",
安岡寺,,大阪府,,34.8690006,135.6037914,C,寺院,安岡寺（あんこうじ）は、大阪府高槻市にある天台宗系単立の寺院。山号は南山。,
浅間神社,,山梨県,,35.647769,138.6974562,C,神社,一宮浅間神社（いちのみやせんげんじんじゃ）は、山梨県西八代郡市川三郷町高田にある神社。式内社（名神大社）論社で、旧社格は村社。,
長野縣護國神社,,長野県,,36.2579846,137.9780837,C,神社,,
わら天神宮,,京都府,,35.0363354,135.7315296,C,神社,敷地神社（しきちじんじゃ）は、京都市北区衣笠天神森町にある神社。旧社格は村社。,
岩殿寺,,神奈川県,,35.3046276,139.5723474,C,寺院,岩殿寺（がんでんじ）は、神奈川県逗子市久木にある曹洞宗の寺院。山号は海雲山。,
淡島神社,,静岡県,,35.0331085,138.887634,C,神社,淡島神社（あわしまじんじゃ）は、静岡県沼津市内浦重寺の淡島にある神社。,
興善寺,,兵庫県,,35.1743621,135.1010196,C,寺院,興禅寺（こうぜんじ）は、兵庫県丹波市にある仏教寺院。山号は大梅山、曹洞宗別格地、本尊は釈迦如来（仏師春日作）。,
福井神社,,福井県,,36.0660021,136.2196293,C,神社,福井神社（ふくいじんじゃ）は、福井県福井市にある神社である。旧社格は別格官幣社。,
胡宮神社,,滋賀県,,35.2152766,136.2866573,C,神社,,
千光寺,,富山県,,36.6362478,137.0314285,C,寺院,千光寺（せんこうじ）は、富山県砺波市芹谷にある真言宗の寺院。山号は芹谷山。,
善光寺東海別院,,愛知県,,35.2549151,136.7180112,C,寺院,善光寺東海別院（ぜんこうじとうかいべついん）は、愛知県稲沢市祖父江町祖父江南川原57-2にある単立の仏教寺院である。,
長福寿寺,,千葉県,,35.401626,140.2296257,C,寺院,,
護国院,,東京都,,35.7193166,139.7699841,C,寺院,,
若一神社,,京都府,,34.9843858,135.7329078,C,神社,,
正受庵,,長野県,,36.8519149,138.3566363,C,寺院,正受庵（しょうじゅあん）は、長野県飯山市にある臨済宗の寺院。山号は小畝山（こうねさん）。,
安国寺,,京都府,,35.3408891,135.3072538,C,寺院,安国寺（あんこくじ）は、京都府綾部市（丹波国）にある臨済宗東福寺派の寺院。山号は景徳山。,
御霊神社,,京都府,,35.3014167,135.121874,C,神社,御霊神社（ごりょうじんじゃ）は、京都府福知山市にある神社。,
坂本八幡宮,,福岡県,,33.5167742,130.5134753,C,神社,坂本八幡宮（さかもとはちまんぐう）は、福岡県太宰府市坂本にある神社。登記上の宗教法人名称は八幡神社（はちまんじんじゃ）。,
氷川神社,,東京都,,35.64309,139.7311859,C,神社,氷川神社（ひかわじんじゃ）は、東京都港区白金二丁目にある神社。,
東光院 萩の寺,,大阪府,大阪府豊中市,34.774729,135.46794,C,寺院,東光院（とうこういん）は、大阪府豊中市にある曹洞宗の別格地の寺院。山号は仏日山。,
一心院,,京都府,,35.0049813,135.7847502,C,寺院,一心院（いっしんいん）は、京都市東山区にある浄土宗の寺院で、浄土宗捨世派の本山。山号は群仙山。,
赤留比売命神社,,大阪府,,34.6225697,135.5587069,C,神社,,
鷺森神社,,京都府,,35.0494606,135.7982722,C,神社,,
鼻面稲荷神社,,長野県,佐久市,36.2716688,138.4875411,C,神社,,
蘇羽鷹神社,,千葉県,,35.8181524,139.9268865,C,神社,,
阿礼神社,,長野県,,36.1055774,137.9731027,C,神社,,
和爾下神社,,奈良県,,34.6201167,135.8351411,C,神社,和爾下神社（わにしたじんじゃ）は、奈良県天理市櫟本町にある神社。式内小社、旧社格は村社、神饌幣帛料供進社。,
本興寺,,石川県,,36.6006075,136.717032,C,寺院,本興寺（ほんこうじ）は、石川県金沢市薬師町ロにある日蓮宗の寺院。山号は一乗山。,
現人神社,,福岡県,,33.5063633,130.424512,C,神社,,
普門寺,,愛知県,,34.7451851,137.4728351,C,寺院,"普門寺（ふもんじ）は、愛知県豊橋市雲谷町にある高野山真言宗の寺院。
山号は船形山（せんぎょうさん）。",
鳳凰山 天妙国寺,,東京都,,35.611896,139.7433952,C,寺院,天妙国寺（てんみょうこくじ）は、東京都品川区南品川にある、顕本法華宗の別格山。山号は鳳凰山。,
闇之森八幡社,,愛知県,,35.1482119,136.89621,C,神社,,
三重県護国神社,,三重県,,34.7331042,136.5092887,C,神社,三重県護国神社（みえけんごこくじんじゃ）は、三重県津市にある神社（護国神社）である。禁門の変・戊辰戦争から第二次世界大戦までの三重県関係の戦歿者6万3百余柱を祀る。,
日置神社,,愛知県,,35.1553248,136.8995785,C,神社,,
子嶋寺,,奈良県,高取町,34.4521947,135.7985438,C,寺院,子嶋寺（こじまでら）は、奈良県高市郡高取町観覚寺にある高野山真言宗の寺院。山号は子嶋山（報恩山とも）。,
大川神社,,京都府,,35.4479824,135.2587205,C,神社,大川神社（おおかわじんじゃ）は、京都府舞鶴市大川にある神社である。社格は式内社（名神大）、府社。,
尾崎神社,,石川県,,36.5692638,136.6574919,C,神社,尾﨑神社（おざきじんじゃ）は、石川県金沢市にある神社。天照大神、東照大権現、加賀藩三代藩主前田利常を祀る。,
寂光院,,愛知県,,35.3962939,136.9620095,C,寺院,寂光院（じゃっこういん）は、愛知県犬山市にある真言宗智山派の寺院。山号は継鹿尾山（つがおざん）。,
一之御前神社,,愛知県,,35.1279403,136.9083225,C,神社,一之御前神社（いちのみさきじんじゃ）は、愛知県名古屋市熱田区にある神社である。熱田神宮の境内摂社のひとつ。,
薬樹山延命寺,,大阪府,,34.4263254,135.5944346,C,寺院,延命寺（えんめいじ）は、大阪府河内長野市の真言宗御室派の寺院。,
日岡神社,,兵庫県,,34.780745,134.8606351,C,神社,日岡神社（ひおかじんじゃ）は、兵庫県加古川市加古川町大野にある神社。式内社で、旧社格は郷社。,
西野神社,,北海道,札幌市,43.0597451,141.2604031,C,神社,,
用賀神社,,東京都,,35.6277204,139.6369716,C,神社,,
新海三社神社,,長野県,,36.1955522,138.5120395,C,神社,新海三社神社（しんかいさんしゃじんじゃ、単に「新海神社」ともいう）は、長野県佐久市田口に鎮座する神社。旧県社で佐久郡の総社。,
幸龍寺,,東京都,,35.6778323,139.5956152,C,寺院,幸龍寺（こうりゅうじ）は、東京都世田谷区北烏山五丁目にある寺院。日蓮宗に属し、旧本山は大本山本圀寺（六条門流）である。,
高家神社,,千葉県,南房総市,34.9624597,139.949596,C,神社,,
善光寺,,北海道,,42.5205107,140.7799338,C,寺院,有珠善光寺（うすぜんこうじ）は、北海道伊達市にある寺院。「善光寺跡」として国の史跡に指定されている。,
報恩寺,,京都府,,35.0331258,135.7530118,C,寺院,報恩寺（ほうおんじ）は、京都市上京区にある浄土宗の寺院。山号は尭天山。,
延命寺,,東京都,,35.7316179,139.7978339,C,寺院,延命寺（えんめいじ）は、東京都荒川区南千住にある浄土宗の寺院。,
子守神社,,千葉県,,35.6640627,140.0492778,C,神社,子守神社（こまもりじんじゃ）は、千葉市花見川区幕張町にある神社。旧社格は村社。,
獅子窟寺,,大阪府,,34.7682888,135.6961324,C,寺院,,
遠見岬神社,,千葉県,勝浦市,35.1467051,140.3155697,C,神社,,
桃林寺,,沖縄県,,24.3437512,124.1555183,C,寺院,桃林寺（とうりんじ）は、沖縄県石垣市にある臨済宗妙心寺派の寺院。山号は南海山。,
腹五社神社,,鹿児島県,鹿児島市,31.5846253,130.7053598,C,神社,,
蓮華寺,,東京都,,35.7131708,139.6421271,C,寺院,,
山阪神社,,大阪府,,34.6232774,135.5217548,C,神社,山阪神社（やまさかじんじゃ）は、大阪市東住吉区山坂に鎮座する神社。,
馬橋稲荷神社,,東京都,杉並区,35.7029604,139.6425699,C,神社,,
居木神社,,東京都,,35.6198531,139.7252578,C,神社,居木神社（いるぎじんしゃ、ゐるぎじんじゃ）は、東京都品川区大崎にある神社。,
足神神社,,静岡県,,35.2405983,137.9031265,C,神社,,
賣布神社,,島根県,,35.466549,133.0588227,C,神社,売布神社（めふじんじゃ）は、島根県松江市に鎮座する神社。式内社で旧社格は県社。,
福山八幡宮,,広島県,,34.49455,133.359888,C,神社,,
武蔵寺,,福岡県,,33.4893926,130.507785,C,寺院,武蔵寺（ぶぞうじ）は、福岡県筑紫野市武蔵、菅原道真公ゆかりの天拝山の登山口にある、天台宗の寺院。山号は椿花山（ちんかざん）。,
楠永神社,,大阪府,,34.6842409,135.4925608,C,神社,楠永神社（くすながじんじゃ）は、大阪府大阪市西区にある神社。,
専称寺,,山形県,,38.2517832,140.3464523,C,寺院,専称寺（せんしょうじ）は、山形市緑町(旧寺町)にある真宗大谷派の寺院。山号は最上山。,
櫻井神社,,福岡県,糸島市,33.6281963,130.1919889,C,神社,桜井神社（さくらいじんじゃ）は福岡県糸島市志摩桜井にある福岡藩二代藩主黒田忠之が創建した神社で、正式には「櫻井神社」である。,
廣幡八幡宮,,千葉県,,35.8387918,139.9890786,C,神社,廣幡八幡宮（ひろはたはちまんぐう）は千葉県柏市にある神社である。旧社格は村社。,
高石神社,,大阪府,,34.5276154,135.4327742,C,神社,,
安達太良神社,,福島県,,37.5211975,140.4043066,C,神社,安達太良神社（あだたらじんじゃ）は福島県本宮市にある神社である。式内小社飯豊和氣神社の論社である。,
長祐山 承教寺,,東京都,,35.6366608,139.7346907,C,寺院,承教寺（じょうきょうじ）は東京都港区高輪に所在する日蓮宗の寺院。山号は長祐山。,
秩父今宮神社,,埼玉県,,35.9949601,139.0803248,C,神社,,
久国寺,,愛知県,,35.1893597,136.9159781,C,寺院,久国寺（きゅうこくじ）は、愛知県名古屋市北区大杉三丁目にある曹洞宗の寺院。山号は天長山。,
姉倉比売神社,,富山県,,36.7182014,137.166763,C,神社,姉倉比賣神社（あねくらひめじんじゃ）は、富山県富山市にある神社である。姉倉姫神社とも表記する。,
生源寺,,滋賀県,,35.0715014,135.8704013,C,寺院,生源寺（しょうげんじ）は、滋賀県大津市坂本にある天台宗の寺院。山号は比叡山。,
四宮神社,,兵庫県,,34.6911687,135.1818796,C,神社,四宮神社 (よのみやじんじゃ)は神戸市中央区中山手通に鎮座する神社で、生田裔神八社の1社。,
蛇池神社,,愛知県,,35.2254162,136.9036496,C,神社,,
寳田恵比寿神社,,東京都,,35.6892449,139.776961,C,神社,宝田恵比寿神社（たからだえびすじんじゃ）は、東京都中央区日本橋本町にある神社。,
諏訪神社,,千葉県,市川市,35.7277097,139.9181587,C,神社,,
岐阜護國神社,,岐阜県,,35.437002,136.7763516,C,神社,岐阜護國神社（ぎふごこくじんじゃ）は、岐阜県岐阜市にある神社（護國神社）である。岐阜城の築かれた金華山の北麓に鎮座する。,
一心山良翁院 境木延命地蔵尊,,神奈川県,,35.4369344,139.5668684,C,神社,境木地蔵（さかいぎじぞう）は、神奈川県横浜市保土ケ谷区にある、地蔵菩薩を祀る仏堂。旧東海道の権太坂頂上にあり、武蔵国と相模国との国境にあたる。,
廣徳寺,,兵庫県,,34.7176996,135.4137146,C,寺院,広徳寺（こうとくじ、旧字体：廣徳寺）は、兵庫県尼崎市寺町にある臨済宗大徳寺派の寺院。山号は瑞雲山。,
邇保姫神社,,広島県,,34.3760845,132.4872858,C,神社,,
釈迦院,,熊本県,八代市泉町柿迫,32.5650779,130.8398335,C,寺院,,
東昌寺,,宮城県,,38.2825289,140.8639484,C,寺院,東昌寺（とうしょうじ）は、宮城県仙台市青葉区青葉町にある臨済宗東福寺派の寺院である。仙台の北山に並ぶ禅寺北山五山の一つ。,
英賀神社,,兵庫県,,34.8061535,134.6398399,C,神社,,
木曽三社神社,,群馬県,,36.4722559,139.0457229,C,神社,木曾三社神社（きそさんしゃじんじゃ）は、群馬県渋川市北橘町下箱田にある神社。祭神は須佐之男尊、彦火々出見尊、豊玉姫尊、宇気母智神、旧社格は県社。,
為那都比古神社,,大阪府,,34.8396215,135.4979057,C,神社,,
蜂田神社,,大阪府,,34.5280758,135.4791938,C,神社,,
五穀神社,,福岡県,,33.3160505,130.5258951,C,神社,五穀神社（ごこくじんじゃ）は、福岡県久留米市通外町58番地にある神社。豊宇気比売神（とようけひめのかみ）を主祭神とし、相殿に稲次因幡正誠公（いなつぎいなばまさざねこう）を祀る。,
高龍寺,,北海道,函館市,41.768619,140.6996068,C,寺院,,
喜福寿寺,,東京都,,35.7114429,139.758988,C,寺院,喜福寺（きふくじ）は、東京都文京区にある曹洞宗の寺院。,
世田谷八幡宮,,東京都,,35.6487317,139.6445543,C,神社,世田谷八幡宮（せたがやはちまんぐう）は、東京都世田谷区宮坂一丁目にある神社である。旧社格は郷社。,
三宅八幡神社,,京都府,,35.0678436,135.7943047,C,神社,三宅八幡宮（みやけはちまんぐう）は、京都市左京区上高野三宅町にある神社。旧社格は村社。,
阿波命神社,,東京都,,34.228159,139.1388457,C,神社,,
長楽寺,,愛知県,,35.1058389,136.9316101,C,寺院,,
チュアベトナム（ベトナム寺）,,神奈川県,愛川町,35.5422248,139.2627465,C,寺院,チュアベトナム（ベトナム語：Chùa Việt Nam / 𫴶越南）は、神奈川県愛甲郡愛川町にあるベトナム仏教の寺院。,
飯野八幡宮,,福島県,,37.0603435,140.882108,C,神社,,
竹林院,,奈良県,,34.3602687,135.862857,C,寺院,,
下立松原神社,,千葉県,南房総市,34.9152341,139.8677204,C,神社,"下立松原神社（しもたてまつばらじんじゃ）は、千葉県南房総市にある神社である。
同名社が旧白浜町と旧千倉町に2社ある。",
天津神明宮,,千葉県,鴨川市,35.1288608,140.1713277,C,神社,天津神明宮（あまつしんめいぐう）は、千葉県鴨川市天津（安房国長狭郡）にある神社。旧社格は郷社。,
第07番札所 十楽寺,,徳島県,阿波市,34.1206876,134.3780307,C,寺院,十楽寺（じゅうらくじ）は徳島県阿波市土成町高尾法教田にある高野山真言宗の寺院。光明山（こうみょうざん）、蓮華院（れんげいん）と号す。,
一行院 千日谷会堂,,東京都,新宿区,35.6794899,139.7204556,C,寺院,一行院（いちぎょういん）は、東京都新宿区南元町にある浄土宗の寺院。山号は永固山（えいこざん）、本尊は阿弥陀如来。,
龍雲寺,,静岡県,,34.702475,137.6882381,C,寺院,,
六所神社,,千葉県,,35.7366079,139.917038,C,神社,六所神社（ろくしょじんじゃ）は、千葉県市川市須和田にある神社。下総国総社で、旧社格は村社。,
山崎聖天(観音寺),,京都府,,34.898062,135.6821534,C,寺院,山崎聖天（やまざきしょうてん）は、京都府乙訓郡大山崎町にある真言宗系単立の寺院。山号は妙音山。,
西福寺,,京都府,,34.9978146,135.773618,C,寺院,,
大物主神社,,兵庫県,,34.7151999,135.4251534,C,神社,大物主神社（おおものぬしじんじゃ）は、兵庫県尼崎市にある神社。旧大物町（現・大物町二丁目）・大物村（現・東大物町付近）における、地域住民の氏神として信仰されている。,
宇夫階神社,,香川県,,34.3081615,133.8206329,C,神社,"宇夫階神社（うぶしなじんじゃ）は、香川県綾歌郡宇多津町にある神社である。祭神は大己貴命（おおなむちのみこと）
。",
妙光寺,,東京都,,35.613786,139.7306171,C,寺院,妙光寺（みょうこうじ）は、東京都品川区に所在する日蓮正宗の寺院。山号は高照山（こうしょうさん）。,
唱導寺,,神奈川県,,35.3933144,139.5845073,C,寺院,唱導寺（しょうどうじ）は、神奈川県横浜市港南区日野中央一丁目にある日蓮宗の寺院である。山号は延宝山。,
北海道神宮頓宮,,北海道,札幌市,43.0599769,141.3614254,C,神社,北海道神宮頓宮（ほっかいどうじんぐう とんぐう）は、北海道札幌市中央区南2条東3丁目に所在する神社。北海道神宮の境外末社であり、「頓宮」とは「仮の宮」を意味する。,
本隆寺,,京都府,,35.0317811,135.7464664,C,寺院,本隆寺（ほんりゅうじ）は、京都市上京区にある法華宗真門流の総本山の寺院。山号は慧光山。,
八幡八雲神社,,東京都,,35.6612837,139.3354019,C,神社,八幡八雲神社（はちまんやくもじんじゃ）は、東京都八王子市元横山町にある神社。八幡神社（八幡宮）と八雲神社（天王宮）とを合祀したもので、誉田別尊（応神天皇）と素盞鳴尊を祭神とする。,
玉村八幡宮,,群馬県,,36.3048419,139.1085829,C,神社,玉村八幡宮（たまむらはちまんぐう）は、群馬県佐波郡玉村町にある神社。本殿が国の重要文化財に指定されている。,
狭山神社,,大阪府,,34.494827,135.557119,C,神社,狭山神社（さやまじんじゃ）は、大阪府大阪狭山市の狭山池の近くにある神社。式内社で、旧社格は郷社。,
淵神社,,長崎県,,32.7582456,129.8595806,C,神社,淵神社（ふちじんじゃ）は、長崎県長崎市淵町にある神社である。旧社格は県社。,
早馬神社,,宮城県,,38.9029336,141.6383372,C,神社,早馬神社（はやまじんじゃ）は、宮城県気仙沼市唐桑町宿地区にある神社である。鎌倉幕府御家人梶原景時の兄、梶原景実（専光房良暹）が創建、代々梶原氏が祭祀を司る。,
浪分神社,,宮城県,,38.235294,140.9276312,C,神社,浪分神社（なみわけじんじゃ）は、宮城県仙台市若林区にある神社である。旧社格は村社。,
白幡天神社,,千葉県,市川市,35.7287048,139.9267445,C,神社,白幡天神社（しらはたてんじんしゃ、しらはたてんじんじゃ）は千葉県市川市菅野にある神社。,
唐津神社,,佐賀県,,33.4519686,129.9695731,C,神社,唐津神社（からつじんじゃ）は、佐賀県唐津市南城内にある神社である。古くは「唐津大明神 （からつだいみょうじん）」と称した。,
有間神社,,兵庫県,,34.8140814,135.2192247,C,神社,有間神社（ありまじんじゃ）は、兵庫県神戸市北区有野町にある神社。式内社で、旧社格は郷社。,
伊和志津神社,,兵庫県,,34.8000185,135.3533716,C,神社,伊和志津神社（いわしづじんじゃ）は、兵庫県宝塚市伊孑志にある神社。延喜式神名帳の式内大社（論社）。,
潮田神社,,神奈川県,,35.5043901,139.6888669,C,神社,潮田神社（うしおだじんじゃ）とは、神奈川県横浜市鶴見区潮田町にある神社。,
本山寺,,大阪府,,34.9173382,135.6127308,C,寺院,本山寺（ほんざんじ）は、大阪府高槻市にある天台宗の寺院。山号は北山。,
矢宮神社,,和歌山県,,34.1988878,135.1669735,C,神社,矢宮神社（やのみやじんじゃ）は、和歌山県和歌山市内に鎮座する神社である。,
南蔵院,,東京都,,35.7312219,139.6463653,C,寺院,南蔵院（なんぞういん）は、東京都練馬区中村にある真言宗豊山派の寺院。正式には瑠璃光山 南蔵院 医王寺（るりこうざん なんぞういん いおうじ）である。,
柴又八幡神社,,東京都,,35.7582234,139.8750755,C,神社,柴又八幡神社古墳（しばまたはちまんじんじゃこふん）は、東京都葛飾区柴又にあった古墳。形状は前方後円墳。,
厳原八幡宮神社,,長崎県,,34.2064148,129.2892109,C,神社,厳原八幡宮神社（いづはらはちまんぐうじんじゃ）は、長崎県対馬市厳原町中村にある神社。対馬国の一宮(論社)。,
成仏寺,,神奈川県,,35.4745506,139.6318503,C,寺院,成仏寺（じょうぶつじ）、山号は正覚山（しょうがくざん）、院号は法雨院（ほうういん）。,
大池寺,,滋賀県,,34.9832894,136.1718545,C,寺院,大池寺（だいちじ）は、滋賀県甲賀市水口町にある臨済宗妙心寺派の寺院。山号は龍護山。,
杉山神社,,神奈川県,,35.5486891,139.5730156,C,神社,杉山神社（すぎやまじんじゃ）は神奈川県横浜市都筑区にて、都筑中央公園東端の高台に鎮座している神社。,
小塔院,,奈良県,,34.6762953,135.8293549,C,寺院,小塔院（しょうとういん）は、奈良県奈良市にある真言律宗の寺院。本尊は虚空蔵菩薩。,
宗三寺,,神奈川県,,35.5327358,139.7016497,C,寺院,宗三寺（そうさんじ）は、神奈川県川崎市川崎区にある曹洞宗の寺院。,
伊河麻神社,,静岡県,,34.9665944,138.3898779,C,神社,伊河麻神社（いかまじんじゃ）は、静岡県静岡市駿河区にある神社。旧駿河国「五宮」の内の四之宮。,
清瀧寺,,静岡県,,34.8654748,137.8135313,C,寺院,清瀧寺（せいりゅうじ）は、静岡県浜松市天竜区にある浄土宗知恩院の末寺。山号は信康山。,
出世稲荷神社,,京都府,,35.1163675,135.8317959,C,神社,出世稲荷神社（しゅっせいなりじんじゃ）は、京都市左京区にある神社である。宇迦之御魂命（稲荷神）を祭神とする。,
昆陽神社,,千葉県,,35.6611283,140.0549232,C,神社,昆陽神社 (こんようじんじゃ)は、千葉市花見川区幕張町にある神社。,
作楽神社,,岡山県,,35.0621402,133.9431378,C,神社,作楽神社（さくらじんじゃ）は、岡山県津山市神戸にある神社である。,
仙岳院,,宮城県,,38.2783319,140.8843269,C,寺院,仙岳院（せんがくいん）は、宮城県仙台市青葉区東照宮にある、仙台藩第2代藩主・伊達忠宗が開基した天台宗・康国寺の塔頭寺院。仙台東照宮および平泉・中尊寺の別当寺。,
鶴満寺,,大阪府,,34.7107994,135.5163452,C,寺院,,
和田稲荷神社,,東京都,,35.7420182,139.6075201,C,神社,和田稲荷神社（わだいなりじんじゃ）は、東京都練馬区石神井町にある稲荷神社。登記上の宗教法人名称は稲荷神社（いなりじんじゃ）。,
柴籬神社,,大阪府,,34.5718351,135.5597588,C,神社,柴籬神社（しばがきじんじゃ）は、大阪府松原市上田にある神社。旧社格は村社。,
宮古神社,,沖縄県,,24.8076966,125.2805014,C,神社,宮古神社（みやこじんじゃ）は、沖縄県宮古島市に鎮座する神社である。日本最南端の神社である。,
千光寺,,奈良県,,34.6558764,135.6825511,C,寺院,千光寺（せんこうじ）は、奈良県生駒郡平群町にある真言宗醍醐派の寺院。山号は鳴川山。,
積川神社,,大阪府,,34.4250737,135.4393373,C,神社,,
御穂鹿嶋神社,,東京都,,35.6469908,139.7491985,C,神社,"御穂鹿嶋神社（みほかしまじんじゃ）は、東京都港区芝4丁目にある神社。
御穂神社と付近にあった鹿嶋神社を2004年（平成16年）に合祀した。",
兵庫縣姫路護國神社,,兵庫県,,34.8357086,134.6946079,C,神社,兵庫縣姫路護國神社（ひょうごけんひめじごこくじんじゃ）は、兵庫県姫路市にある護国神社。兵庫県西部地区出身（播州・但馬地区十二市十五郡）の戦没者56988柱を祀る。,
藤次寺,,大阪府,,34.6661169,135.5152801,C,寺院,,
聖武天皇社,,三重県,,35.0099148,136.655039,C,神社,聖武天皇社（しょうむてんのうしゃ）は、三重県四日市市松原町に所在する神社。鎌倉時代に創建された松原地区の氏子大社であり、氏神として聖武天皇を祀っている。,
本願寺広島別院,,広島県,,34.4042073,132.4504289,C,寺院,本願寺広島別院（ほんがんじひろしまべついん）は、広島県広島市中区寺町にある浄土真宗本願寺派の寺院。旧安芸国の安芸門徒と呼ばれる浄土真宗門徒の活動の中心寺院である。,
妙伝寺,,京都府,,35.0132496,135.7787273,C,寺院,妙傳寺、妙伝寺（みょうでんじ）は、京都府京都市左京区北門前町にある、日蓮宗の本山（由緒寺院）。山号は法鏡山。,
遣迎院,,京都府,,35.0538988,135.7315777,C,寺院,,
諏訪神社,,千葉県,流山流山市,35.8688516,139.9352574,C,神社,,
姫島神社,,大阪府,,34.7044256,135.4531606,C,神社,姫嶋神社（ひめじまじんじゃ）は大阪市西淀川区姫島に鎮座する神社。,
成願寺,,愛知県,,35.2147973,136.9161917,C,寺院,成願寺（じょうがんじ）は、愛知県名古屋市北区成願寺二丁目にある天台宗の寺院。,
野々宮神社,,大阪府,堺市,34.5323135,135.4960752,C,神社,,
興臨院,,京都府,,35.0424771,135.7454292,C,寺院,,
虎狛神社,,東京都,,35.6614113,139.5504399,C,神社,,
神谷太刀宮神社,,京都府,,35.6039658,134.8924668,C,神社,,
波自加彌神社,,石川県,,36.6340346,136.7148812,C,神社,波自加弥神社（はじかみじんじゃ、正式には「波自加彌神社」）は、石川県金沢市二日市町カ186番地にある神社。,
大圓寺,,東京都,,35.7216922,139.7538363,C,寺院,大円寺（だいえんじ）は、東京都文京区向丘にある曹洞宗の寺院。山号は金龍山。,
金玉神社,,新潟県,新潟市,37.8438526,139.0220504,C,神社,,
木母寺,,東京都,,35.733987,139.8143173,C,寺院,木母寺（もくぼじ）は、東京都墨田区にある天台宗の寺院。,
高浜神社,,大阪府,吹田市,34.758669,135.5270466,C,神社,,
倭文神社,,群馬県,,36.3111493,139.1514457,C,神社,倭文神社（しどりじんじゃ）は、群馬県伊勢崎市東上之宮町にある神社。式内社、上野国九宮。,
中院,,埼玉県,,35.914847,139.490399,C,寺院,中院（なかいん）は、埼玉県川越市小仙波町にある天台宗の寺院である。山号は星野山。,
立木山寺,,滋賀県,,34.9178658,135.9100849,C,寺院,安養寺（あんようじ）は、滋賀県大津市にある浄土宗の寺院。山号は立木山。,
住吉神社,,兵庫県,,34.9353583,134.8286638,C,神社,住吉神社（すみよしじんじゃ）は、兵庫県加西市にある神社。酒見大明神、住吉酒見社、住吉酒見神社とも。,
薭田神社,,東京都,大田区,35.5645732,139.7227438,C,神社,,
田島山十一ヶ寺,,東京都,,35.7417076,139.6493141,C,寺院,,
桐生天満宮,,群馬県,,36.4217731,139.3461224,C,神社,桐生天満宮（きりゅうてんまんぐう）は、群馬県桐生市天神町にある神社（天満宮）。,
八尾別院大信寺,,大阪府,,34.6291252,135.5960498,C,寺院,,
水火天満宮,,京都府,,35.0362791,135.7519172,C,神社,水火天満宮（すいかてんまんぐう）は、京都市上京区にある神社。旧社格は村社。,
満願寺,,京都府,,35.0147459,135.7866521,C,寺院,満願寺（まんがんじ）は、京都府京都市左京区にある日蓮宗の寺院。山号は示現山（じげんざん）。,
鹿島御児神社,,宮城県,,38.4240368,141.3081781,C,神社,,
諏訪神社,,大阪府,Osaka,34.6840495,135.5637716,C,神社,,
奥氷川神社,,東京都,奥多摩町,35.8076832,139.0969785,C,神社,奥氷川神社（おくひかわじんじゃ）は、東京都西多摩郡奥多摩町にある神社。,
碑文谷八幡宮,,東京都,目黒区,35.6174467,139.686146,C,神社,,
西國寺,,広島県,,34.4153961,133.2031888,C,寺院,西國寺（さいこくじ）は広島県尾道市にある寺院。真言宗醍醐派大本山である。,
建治寺,,徳島県,徳島市,34.0277685,134.4287749,C,寺院,建治寺（こんじじ）は、徳島県徳島市入田町金治の西龍王山にある東寺真言宗の寺院。大滝山宝珠院と号す。,
大綱大神金比羅神社,,神奈川県,,35.4709145,139.6250715,C,神社,大綱金刀比羅神社（おおつなことひらじんじゃ）は、神奈川県横浜市神奈川区台町にある神社。,
転法輪寺,,奈良県,,34.4197171,135.6719303,C,寺院,,
龍神社,,大阪府,大阪狭山市,34.5056295,135.5486143,C,神社,,
麻賀多神社,,千葉県,佐倉市,35.7192874,140.2268198,C,神社,,
大悲閣山 千光寺,,京都府,Kyoto,35.0157751,135.6655983,C,寺院,千光寺（せんこうじ）は、京都府京都市西京区嵐山中尾下町にある黄檗宗系の単立寺院。山号は嵐山、寺号は詳しくは大悲閣千光寺と称する。,
大観音寺,,東京都,,35.6855158,139.7824839,C,寺院,大観音寺（おおかんのんじ）は、東京都中央区にある聖観音宗の寺院。,
富岡八幡宮,,神奈川県,,35.3694586,139.6359223,C,神社,富岡八幡宮（とみおかはちまんぐう）は、神奈川県横浜市金沢区富岡東にある神社である。旧社格は村社。,
味鋺神社,,愛知県,,35.2184858,136.928063,C,神社,味鋺神社（あじまじんじゃ）は、愛知県名古屋市北区楠味鋺にある神社。『延喜式神名帳』の尾張国春部郡「味鋺神社」に比定される式内社。,
曽根天満宮,,兵庫県,,34.7775545,134.7734681,C,神社,曽根天満宮（そねてんまんぐう）は、兵庫県高砂市曽根にある天満宮。秋祭りや天然記念物であった曽根の松で知られる。,
長遠寺,,兵庫県,,34.7182721,135.4119558,C,寺院,,
徳光院,,兵庫県,,34.709718,135.1954536,C,寺院,徳光院（とっこういん）または徳光禅院（とっこうぜんいん）は、兵庫県神戸市中央区葺合町にある仏教寺院。山号は大円山、臨済宗天龍寺派。,
櫟谷宗像神社社,,京都府,,35.0114432,135.6765675,C,神社,櫟谷宗像神社（いちたにむなかたじんじゃ/いちいだにむなかたじんじゃ）は、京都府京都市西京区嵐山中尾下町にある神社。,
斑鳩神社,,奈良県,,34.6178197,135.7369932,C,神社,斑鳩神社（いかるがじんじゃ）は奈良県生駒郡の神社。法隆寺の北東の天満山に位置し、菅原道真を祀る。,
永安寺,,東京都,,35.6254434,139.6094835,C,寺院,永安寺（えいあんじ）は、東京都世田谷区大蔵六丁目にある天台宗の寺院。,
大覚寺,,兵庫県,,34.7788518,134.5860482,C,寺院,大覚寺（だいかくじ）は、兵庫県姫路市網干区にある浄土宗の寺院。山号は鶴立山。,
香取神社,,東京都,,35.7658301,139.851226,C,神社,,
円泉寺,,東京都,,35.6496754,139.6703876,C,寺院,円泉寺（えんせんじ）は、東京都世田谷区太子堂三丁目にある真言宗豊山派の仏教寺院。圓泉寺とも表記される。,
日枝神社,,岐阜県,,36.1329045,137.2608849,C,神社,日枝神社（ひえじんじゃ）は、岐阜県高山市にある神社である。別名飛騨山王宮 日枝神社（ひださんのうぐう ひえじんじゃ）。,
尾陽神社,,愛知県,,35.1479205,136.9214543,C,神社,尾陽神社（びようじんじゃ）は、愛知県名古屋市昭和区御器所に鎮座する神社。,
白山神社,,千葉県,,35.320471,140.057927,C,神社,白山神社（はくさんじんじゃ）は、千葉県君津市俵田にある神社。旧社格は郷社。,
志貴縣主神社,,大阪府,,34.5764191,135.6183708,C,神社,志貴県主神社（しきあがたぬしじんじゃ）は、大阪府藤井寺市にある神社である。式内社、河内国総社で、旧社格は村社。,
瑞丘八幡神社,,兵庫県,,34.6349855,135.0560392,C,神社,,
弥刀神社,,大阪府,東大阪市,34.6462234,135.5808749,C,神社,彌刀神社（弥刀神社、みとじんじゃ）は大阪府東大阪市近江堂一丁目にある神社。,
霊鑑寺,,京都府,,35.0208443,135.7964645,C,寺院,,
道場寺,,東京都,,35.7364473,139.5988676,C,寺院,,
佐保神社,,兵庫県,加東市,34.9161912,134.9645367,C,神社,佐保神社（さほじんじゃ）は、兵庫県加東市にある神社。旧称、坂合神社。,
勝林寺,,東京都,,35.7404995,139.7380283,C,寺院,勝林寺（しょうりんじ）は、東京都豊島区にある臨済宗妙心寺派の寺院。,
世尊院正覚寺,,東京都,,35.7067972,139.6365737,C,寺院,世尊院（せそんいん）は、東京都杉並区阿佐谷北にある真言宗豊山派の寺院。山号は阿谷山。,
雲興寺,,愛知県,瀬戸市,35.2226547,137.1448044,C,寺院,,
清白寺,,山梨県,,35.694058,138.7081246,C,寺院,清白寺（せいはくじ）は、山梨県山梨市にある寺院。宗派は臨済宗妙心寺派、山号は海涌山（かいゆうざん）、本尊は釈迦如来である。,
健御名方富命彦神別神社,,長野県,,36.661361,138.1919642,C,神社,健御名方富命彦神別神社（たけみなかたとみのみことひこかみわけじんじゃ）は、長野県長野市長野にある神社。式内社（名神大社）論社で、旧社格は県社。,
堀川戎神社,,大阪府,,34.6997378,135.5088538,C,神社,堀川戎神社（ほりかわえびすじんじゃ）は、大阪市北区にある神社。旧社格は村社。,
別格10 西山興隆寺,,愛媛県,西条市,33.9056749,133.0253632,C,寺院,,
善行院,,東京都,,35.7576616,139.5853285,C,寺院,善行院（ぜんぎょういん）は、東京都練馬区大泉学園町にある日蓮宗の寺院。法光山妙典寺。,
真光寺,,兵庫県,,34.6641497,135.1702696,C,寺院,,
開善寺,,長野県,,35.4623287,137.8148752,C,寺院,,
阿閇神社,,兵庫県,,34.7174536,134.8562257,C,神社,,
八坂庚申堂,,京都府,,34.9984076,135.7787431,C,寺院,,
虎柏神社,,東京都,,35.8026526,139.2670611,C,神社,,
諏訪神社,,東京都,,35.7090344,139.7076764,C,神社,,
久我神社,,京都府,,35.0520761,135.7479914,C,神社,久我神社（くがじんじゃ）は、京都府京都市北区紫竹下竹殿町にある神社。式内社で、現在は賀茂別雷神社（上賀茂神社）の境外摂社（第八摂社）。,
福生院,,愛知県,,35.1717598,136.9012794,C,寺院,福生院（ふくしょういん）は愛知県名古屋市中区錦二丁目にある真言宗智山派の寺院。,
荘内神社,,山形県,,38.7282426,139.8244944,C,神社,,
四天王寺,,三重県,津市,34.727713,136.509788,C,寺院,四天王寺（してんのうじ）は、三重県津市にある曹洞宗の寺院。,
龍野神社,,兵庫県,,34.8701154,134.540769,C,神社,,
簸川神社,,東京都,,35.7220336,139.7403011,C,神社,,
帯廣神社,,北海道,,42.9321961,143.2088196,C,神社,帯廣神社（おびひろじんじゃ）は、北海道帯広市にある神社である。旧社格は県社。,
高林寺,,東京都,,35.7247535,139.7547973,C,寺院,,
高城神社,,埼玉県,,36.1454799,139.387077,C,神社,,
天寧寺,,京都府,,35.037548,135.7635985,C,寺院,天寧寺（てんねいじ）は、京都市北区にある曹洞宗の寺院で、本尊は釈迦如来、山号は萬松山（ばんしょうざん）である。,
戸越八幡神社,,東京都,品川区,35.6135426,139.7202894,C,神社,戸越八幡神社（とごしはちまんじんじゃ）は、東京都品川区戸越にある神社。旧戸越村の鎮守。,
阿為神社,,大阪府,,34.8540511,135.5635435,C,神社,,
一月寺,,千葉県,,35.8253077,139.9326007,C,寺院,一月寺（いちがつじ）は、千葉県松戸市小金にある日蓮正宗の寺院。山号は金龍山（きんりゅうさん）。,
艮神社,,広島県,,34.410725,133.2005655,C,神社,,
忍陵神社,,大阪府,,34.7465666,135.6416542,C,神社,忍陵神社（しのぶがおかじんじゃ）は、大阪府四條畷市岡山にある神社。式内社で、旧社格は村社。,
五方山 熊野神社,,東京都,,35.7401317,139.8580818,C,神社,熊野神社（くまのじんじゃ）は、東京都葛飾区立石八丁目にある神社。五方山 熊野神社（ごほうざん くまのじんじゃ）と号している。,
橋寺放生院,,京都府,,34.8930583,135.8079687,C,寺院,放生院（ほうじょういん）は、京都府宇治市宇治（近世においては山城国宇治郡宇治郷内）にある真言律宗の寺院。山号は雨宝山（うほうざん）。,
雲母神社,,新潟県,,38.0770617,139.5789173,C,神社,,
大養寺,,東京都,,35.6625591,139.7423883,C,寺院,大養寺 (東京都港区)（だいようじ）は、東京都港区虎ノ門五丁目（旧西久保八幡町）にある浄土宗の仏教寺院。山号は西谷山、院号は観崇院、寺号は大養寺。,
南岳山 舎利尊勝寺,,大阪府,,34.6513348,135.5364202,C,寺院,,
浄楽寺,,神奈川県,横須賀市,35.2363808,139.6088084,C,寺院,浄楽寺（じょうらくじ）は、神奈川県横須賀市芦名二丁目に所在する浄土宗の寺院。正式名は「金剛山勝長寿院大御堂浄楽寺」（こんごうさんしょうちょうじゅいんおおみどうじょうらくじ）。,
西福寺,,福井県,,35.65699,136.032187,C,寺院,,
本遠寺,,山梨県,,35.3622681,138.4457819,C,寺院,本遠寺（ほんのんじ）は山梨県南巨摩郡身延町にある日蓮宗の本山（由緒寺院）。山号は大野山。,
安芸国分寺跡,,広島県,,34.4341872,132.7488111,C,寺院,安芸国分寺（あきこくぶんじ）は、広島県東広島市西条町吉行にある真言宗御室派の寺院。山号は金嶽山、院号は常光院。,
祝園神社,,京都府,,34.7680891,135.8015312,C,神社,,
祇園神社,,兵庫県,,34.6930279,135.1670173,C,神社,,
御器所八幡宮,,愛知県,,35.1455556,136.9234146,C,神社,御器所八幡宮（ごきそはちまんぐう）は愛知県名古屋市昭和区御器所四丁目に鎮座する神社（八幡宮）。,
西方院,,大阪府,太子町,34.517386,135.6386038,C,寺院,,
風早神社,,千葉県,,35.792486,139.9168319,C,神社,,
東光寺,,埼玉県,,35.9107701,139.6265217,C,寺院,東光寺（とうこうじ）は、埼玉県さいたま市大宮区にある曹洞宗の寺院。,
吉田神社,,愛知県,,34.769977,137.3898826,C,神社,吉田神社（よしだじんじゃ）は、愛知県豊橋市関屋町2番地にある神社。旧社格は県社。,
教行寺,,大阪府,,34.8285881,135.594512,C,寺院,教行寺（きょうぎょうじ）は、大阪府高槻市富田町にある真宗大谷派の寺院である。山号は安静山。,
長谷寺,,長野県,,36.5483663,138.0991798,C,寺院,,
大分縣護国神社,,大分県,,33.2357544,131.6427668,C,神社,大分縣護國神社（おおいたけんごこくじんじゃ）は、大分県大分市にある神社（護国神社）である。,
神明大神宮,,神奈川県,相模原市,35.5986063,139.3399941,C,神社,神明大神宮（しんめいだいじんぐう）は、神奈川県相模原市緑区橋本にある神社。神明神社と呼ばれることもある。,
浄名院,,東京都,,35.7223845,139.7734385,C,寺院,浄名院（じょうみょういん）は、東京都台東区にある天台宗の寺院。,
来迎院,,京都府,,35.1186119,135.8376707,C,寺院,来迎院（らいごういん）は、京都市左京区大原来迎院町にある天台宗の寺院。総本山延暦寺別院。,
大威徳寺,,大阪府,,34.3715392,135.4483975,C,寺院,"大威徳寺（だいいとくじ）は、大阪府岸和田市大沢町にある天台宗の寺院。
山号は牛滝山。",
美江寺,,岐阜県,,35.4261454,136.7581651,C,寺院,,
兎川寺,,長野県,,36.2365509,138.0031866,C,寺院,兎川寺（とせんじ）は、長野県松本市里山辺にある真言宗智山派の寺院。山号は恵日高照山。,
猿田彦神社,,福岡県,,33.5809559,130.3476907,C,神社,,
秩父34番 日沢山 水潜寺,,埼玉県,,36.0817966,139.0538026,C,寺院,水潜寺（すいせんじ）は埼玉県秩父郡皆野町にある曹洞宗の寺院で、山号は日沢山と号する。本尊は千手観世音菩薩。,
蔭涼寺,,岡山県,,34.65681,133.9234609,C,寺院,,
白山神社,,京都府,,35.0118443,135.7658942,C,神社,,
大圓寺,,東京都,,35.6327959,139.7137405,C,寺院,大円寺（だいえんじ）は、東京都目黒区下目黒一丁目にある天台宗の寺院。山号は松林山。,
山神社,,宮城県,,38.5558439,141.0592615,C,神社,山神社（やまのかみしゃ）は、宮城県遠田郡美里町に鎮座する神社である。旧社格は郷社。,
総本山宇賀山妙音院如意寺,,奈良県,,34.3440233,135.7000253,C,寺院,如意寺（にょいじ）は、奈良県五條市野原西にある辯天宗の総本山となる寺院。山号は宇賀山。,
高見神社,,福岡県,,33.866371,130.8247742,C,神社,,
葛飾神社,,千葉県,,35.7107574,139.956845,C,神社,,
前橋東照宮,,群馬県,,36.3947695,139.0621327,C,神社,前橋東照宮（まえばしとうしょうぐう）は、群馬県前橋市に鎮座する神社である。正式名称は「東照宮」。,
識名宮,,沖縄県,那覇市,26.2101564,127.7134076,C,神社,識名宮（しきなぐう）は、沖縄県那覇市にある神社。琉球八社の一つで、明治の近代社格制度では無格社。,
正覚寺,,群馬県,,36.6413658,139.0417147,C,寺院,正覚寺（しょうがくじ）は、群馬県沼田市鍛冶町にある浄土宗の寺院。山号は法蔵山、院号は大蓮院、本尊は阿弥陀如来。,
立木神社,,滋賀県,,35.0133691,135.9562672,C,神社,,
春日神社,,東京都,,35.6495727,139.7443618,C,神社,三田春日神社（みたかすがじんじゃ）は、東京都港区三田二丁目に鎮座する神社である。,
善徳寺,,富山県,,36.5156196,136.9010631,C,寺院,善德寺（ぜんとくじ）は、富山県南砺市城端町にある真宗大谷派の寺院である。山号は「廓龍山」。,
普済寺,,静岡県,,34.7132588,137.7198351,C,寺院,普済寺（ふさいじ）は、静岡県浜松市中央区広沢にある曹洞宗の寺院。山号は広沢山。,
佐太天神宮,,大阪府,,34.7646948,135.591321,C,神社,佐太天神宮（さたてんじんぐう）は、大阪府守口市佐太中町にある神社。旧社格は村社。,
称名寺,,神奈川県,,35.343224,139.5663517,C,寺院,,
妙福寺,,東京都,,35.6011445,139.6920211,C,寺院,妙福寺（みょうふくじ）は、東京都大田区南千束2丁目にある日蓮宗の寺院。旧本山は身延山久遠寺。,
天久宮,,沖縄県,,26.2282565,127.6825308,C,神社,天久宮（あめくぐう）は、沖縄県那覇市にある神社。琉球八社の一つで、明治の近代社格制度では無格社。,
佐奈田霊社,,神奈川県,小田原市,35.2214775,139.1397683,C,寺院,佐奈田霊社（さなだれいしゃ）は、源頼朝旗揚げの地「石橋山古戦場（神奈川県小田原市石橋）」にある神仏習合の霊社である。,
左馬神社,,神奈川県,,35.4324036,139.470311,C,神社,,
秩父04番  高谷山金昌寺,,埼玉県,,36.0066065,139.1134476,C,寺院,,
円通寺,,愛知県,,35.1228142,136.9104265,C,寺院,円通寺（えんつうじ、圓通寺）は愛知県名古屋市熱田区神宮にある曹洞宗の寺院。山号は補陀山（ほださん）。,
浄心寺,,東京都,,35.7211974,139.756291,C,寺院,浄心寺（じょうしんじ）は、東京都文京区にある浄土宗の寺院。,
河内国魂神社,,兵庫県,,34.7185935,135.2195303,C,神社,河内国魂神社（かわちくにたまじんじゃ/かわちのくにたまじんじゃ、河内國魂神社）は、兵庫県神戸市灘区国玉通にある神社。式内社で、旧社格は郷社。,
鬼室神社,,滋賀県,,35.0299842,136.2844578,C,神社,,
菅原天満宮,,大阪府,,34.738067,135.5291873,C,神社,,
鏡忍寺,,千葉県,鴨川市,35.1192847,140.1064979,C,寺院,,
龍雲寺,,長野県,佐久市,36.2759701,138.4793589,C,寺院,,
第09番札所 法輪寺,,徳島県,阿波市,34.1040985,134.3336021,C,寺院,法輪寺（ほうりんじ）は、徳島県阿波市土成町土成にある高野山真言宗の寺院。正覚山（しょうかくざん）菩提院（ぼだいいん）と号す。,
玉泉寺,,静岡県,,34.6758019,138.9624444,C,寺院,玉泉寺（ぎょくせんじ）は、静岡県下田市にある曹洞宗の寺院。山号は瑞龍山。,
湯福神社,,長野県,,36.6631276,138.1848077,C,神社,"湯福神社（ゆぶくじんじゃ）は、長野県長野市箱清水三丁目にある神社（郷社）。
善光寺三鎮守（善光寺三社）・善光寺七社の一。",
真覚寺,,東京都,,35.6482185,139.3042344,C,寺院,真覚寺（しんかくじ）は東京都八王子市散田町五丁目にある真言宗智山派の寺院。山号は常光山。,
玉諸神社,,山梨県,,35.6528452,138.5983543,C,神社,玉諸神社（たまもろじんじゃ）は、「玉諸」を社名とする神社。山梨県内に二社がある。,
函館護国神社,,北海道,函館市,41.7593028,140.7133798,C,神社,函館護国神社（はこだてごこくじんじゃ）は、北海道函館市青柳町にある神社。旧指定護国神社。,
尾久八幡神社,,東京都,,35.7504494,139.7649948,C,神社,八幡神社（はちまんじんじゃ）は、東京都荒川区西尾久に鎮座する神社。尾久八幡神社（おぐはちまんじんじゃ）とも。,
徳本寺,,東京都,,35.7106394,139.7895835,C,寺院,徳本寺（とくほんじ）は、東京都台東区にある真宗大谷派系の単立寺院（浄土真宗東本願寺派）。,
那波加神社,,滋賀県,,35.0837097,135.8897288,C,神社,,
刈田嶺神社,,宮城県,,38.0500953,140.652952,C,神社,刈田嶺神社（かったみねじんじゃ）は、宮城県刈田郡蔵王町宮にある神社である。『延喜式神名帳』において名神大社とされた式内社で、旧社格は県社。,
小芝八幡宮,,静岡県,静岡市,35.0228742,138.4813643,C,神社,小芝八幡宮（おしばはちまんぐう）は、静岡県静岡市清水区小芝町（おしばちょう）にある神社（八幡宮）。,
浄心寺,,東京都,,35.6785043,139.8018578,C,寺院,浄心寺（じょうしんじ）は、東京都江東区平野にある日蓮宗の寺院。山号は法苑山。,
華蔵寺,,栃木県,,36.446867,139.853874,C,寺院,,
願入寺,,茨城県,,36.3339456,140.5853929,C,寺院,,
成就院,,東京都,,35.627489,139.7102887,C,寺院,成就院（じょうじゅいん）は、東京都目黒区にある天台宗の寺院。通称「蛸薬師」。,
光則寺,,神奈川県,鎌倉市,35.313209,139.5321755,C,寺院,光則寺（こうそくじ）は、神奈川県鎌倉市長谷にある日蓮宗の寺院。山号は行時山。,
長禅寺,,茨城県,,35.8937822,140.0640009,C,寺院,,
宗佐厄神八幡神社,,兵庫県,,34.784397,134.9235879,C,神社,厄除八幡宮は、兵庫県加古川市八幡町野村にある神社である。通称は厄神さん。,
大長寺,,大阪府,,34.6984792,135.5262495,C,寺院,大長寺（だいちょうじ）は、大阪市都島区中野町にある浄土宗の寺院。,
教信寺,,兵庫県,,34.753086,134.8560628,C,寺院,教信寺（きょうしんじ）は、沙弥教信の遺跡寺院である。山号は念仏山である。,
日吉八幡神社,,秋田県,,39.7225777,140.0973518,C,神社,日吉八幡神社（ひえはちまんじんじゃ）は、秋田県秋田市八橋本町にある神社。旧国道の一里塚をすぎて面影橋にいく中間、八橋運動公園の北に位置する。,
苕野神社,,福島県,,37.4803393,141.0392912,C,神社,,
蓮乗寺,,東京都,,35.7062714,139.5793802,C,寺院,,
日本第一熊野神社,,岡山県,,34.5400293,133.8197295,C,神社,熊野神社（くまのじんじゃ）は、岡山県倉敷市郷内地区にある熊野神社。「日本第一熊野十二社権現宮」と称する。,
武信稲荷神社,,京都府,,35.0075423,135.746449,C,神社,武信稲荷神社（たけのぶいなりじんじゃ）は、京都府京都市中京区にある神社。旧社格は村社。,
石津神社,,大阪府,,34.5543939,135.4621346,C,神社,石津神社（いしづじんじゃ）は、大阪府堺市堺区石津町にある神社。和泉国の式内社。,
稱名寺,,奈良県,,34.6870111,135.8247042,C,寺院,,
厳嶋神社,,東京都,,35.6975551,139.7133665,C,神社,厳嶋神社（いつくしまじんじゃ）は、東京都新宿区余丁町にある神社である。祭神は市杵島姫命だが、これが仏教の弁才天と習合したため、新宿山ノ手七福神の弁財天を祀る神社として知られる。,
坂東26番 南明山 清瀧寺,,茨城県,,36.1651941,140.1673809,C,寺院,清滝寺（きよたきじ）は、茨城県土浦市小野にある真言宗豊山派の寺院。山号は南明山。,
清見原神社,,大阪府,,34.6601281,135.5551225,C,神社,"清見原神社（きよみはらじんじゃ）は、大阪府大阪市生野区にある神社である。
天武天皇を主祭神とし、明治の神社合祀により素盞嗚尊・大山咋命・天水分神・國水分神を合わせ祀る。",
住吉神社,,北海道,,43.1828065,141.0027409,C,神社,住吉神社（すみよしじんじゃ）は、北海道小樽市に鎮座する住吉神社。住吉神（底筒男神・中筒男神・表筒男神・息長帯姫命）を祀る。,
東光寺,,東京都,目黒区,35.6196589,139.6729878,C,寺院,東光寺（とうこうじ）は、東京都目黒区にある曹洞宗の寺院。,
安房国分寺,,千葉県,館山市,34.9935249,139.8895169,C,寺院,安房国分寺（あわこくぶんじ）は、千葉県館山市国分にある真言宗智山派の寺院。山号は日色山。,
常光寺,,神奈川県,,35.3469147,139.4814374,C,寺院,常光寺（じょうこうじ）は、神奈川県藤沢市本町四丁目にある浄土宗の寺院。山号は、八王山。,
櫛玉比女命神社,,奈良県,,34.5627703,135.7536731,C,神社,"櫛玉比女命神社（くしたまひめのみことじんじゃ）は、奈良県北葛城郡広陵町に鎮座する神社である。
式内社で旧社格は、村社。",
高木神社,,東京都,,35.7147567,139.8151922,C,神社,,
照栄院,,東京都,,35.5760735,139.7066487,C,寺院,照栄院（しょうえいいん）は、東京都大田区池上にある日蓮宗の寺院。,
長泉寺,,東京都,,35.6661191,139.7028014,C,寺院,,
勝持寺 (花の寺),,京都府,,34.9607101,135.6517813,C,寺院,勝持寺（しょうじじ）は、京都市西京区大原野南春日町にある天台宗の寺院。山号は小塩山。,
岡田鴨神社,,京都府,,34.7615288,135.8763831,C,神社,岡田鴨神社（おかだかもじんじゃ）は、京都府木津川市加茂町北にある神社。式内社（式内大社）で、旧社格は郷社。,
清巖寺,,栃木県,,36.5620489,139.8936345,C,寺院,清巌寺（せいがんじ）は、栃木県宇都宮市大通り五丁目にある浄土宗の寺院。山号は芳宮山。,
清水寺,,福岡県,,33.1510535,130.5254128,C,寺院,清水寺（きよみずでら）は福岡県みやま市瀬高町本吉にある天台宗の寺院。山号は本吉山（もとよしざん）。,
雀神社,,茨城県,,36.200708,139.6975147,C,神社,,
金札宮,,京都府,京都市,34.9367629,135.7613146,C,神社,,
鳥取東照宮,,鳥取県,鳥取市,35.5008444,134.2460118,C,神社,,
花房稲荷神社,,東京都,千代田区,35.7013312,139.7720403,C,神社,,
林叟院,,静岡県,,34.8946244,138.3169182,C,寺院,林叟院（りんそういん）は、静岡県焼津市坂本にある曹洞宗の寺院。山号は高草山。,
茨住吉神社,,大阪府,,34.6753127,135.4778728,C,神社,,
上宮寺,,愛知県,,34.9422554,137.1239703,C,寺院,上宮寺（じょうぐうじ）は、愛知県岡崎市上佐々木町にある寺。本證寺（安城市野寺町）、勝鬘寺（岡崎市針崎町）とともに、三河一向一揆を主導した「三河三ヶ寺」のひとつ。,
称名寺,,兵庫県,,34.7685642,134.8305183,C,寺院,,
保呂羽山波宇志別神社,,秋田県,,39.3711219,140.3103064,C,神社,保呂羽山波宇志別神社（ほろわさんはうしわけじんじゃ）は、秋田県横手市大森町八沢木の保呂羽山山腹にある神社。式内小社「出羽国平鹿郡 波宇志別神社」、旧社格は県社。,
長瀧寺,,岐阜県,郡上市,35.920282,136.8306022,C,寺院,,
常照寺,,京都府,,35.0552487,135.7328268,C,寺院,常照寺（じょうしょうじ）は、京都市北区鷹峯にある日蓮宗の寺院。山号は寂光山。,
頼政神社,,茨城県,,36.1953984,139.6957091,C,神社,,
六甲八幡神社,,兵庫県,,34.7191805,135.2350205,C,神社,六甲八幡神社（ろっこうやはたじんじゃ）は、兵庫県神戸市灘区八幡町（菟原郡八幡村）にある神社。旧社格は県社。,
正寿院,,京都府,,34.8498602,135.9207734,C,寺院,正寿院（しょうじゅいん）は、京都府綴喜郡宇治田原町にある高野山真言宗の寺院。創建は800年前、鎌倉時代に飯尾教寺の塔頭寺院として建立。,
氷川神社,,東京都,,35.7023244,139.6829679,C,神社,氷川神社 （ひかわじんじゃ）は東京都中野区東中野一丁目にある神社。旧中野村の総鎮守社。,
船橋東照宮,,千葉県,,35.6988674,139.9892836,C,神社,,
山名八幡宮,,群馬県,,36.2784602,139.037741,C,神社,山名八幡宮（やまなはちまんぐう）は、群馬県高崎市山名町にある神社。旧社格は郷社。,
放光寺,,山梨県,,35.7344065,138.7135023,C,寺院,放光寺（ほうこうじ）は、山梨県甲州市塩山藤木にある寺院。山号は高橋山。,
八坂神社,,千葉県,,35.7167526,139.9623359,C,神社,八坂神社（やさかじんじゃ）は、千葉県船橋市印内にある神社。旧社格は村社。,
善福院,,和歌山県,,34.1305002,135.177095,C,寺院,善福院（ぜんぷくいん）は、和歌山県海南市にある仏教寺院。天台宗、山号は宝遊山。,
旗岡八幡神社,,東京都,,35.6046604,139.708052,C,神社,旗岡八幡神社（はたがおかはちまんじんじゃ）、または旗ヶ岡八幡神社は、東京都品川区旗の台にある神社。,
萬行寺,,福岡県,,33.5925365,130.4117886,C,寺院,萬行寺（まんぎょうじ）は、福岡県福岡市博多区にある浄土真宗本願寺派の寺院である。,
自性院,,東京都,,35.7216339,139.6823536,C,寺院,,
犬山神社,,愛知県,,35.3860754,136.9385092,C,神社,,
津峯神社,,徳島県,,33.8947325,134.6436111,C,神社,津峯神社（つのみねじんじゃ）は、徳島県阿南市の津乃峰山山頂にある神社である。式内社で、旧社格は郷社。,
八心大市比古神社,,富山県,,36.8722938,137.443057,C,神社,八心大市比古神社（やごころおおいちひこじんじゃ）は、富山県黒部市にある神社である。,
孝勝寺,,宮城県,仙台市,38.2575171,140.890491,C,寺院,孝勝寺（こうしょうじ）は、宮城県仙台市宮城野区榴岡にある仏教寺院である。山号は光明山。,
護法山示現寺,,福島県,,37.729007,139.8859084,C,寺院,示現寺（じげんじ）は、福島県喜多方市熱塩加納町にある曹洞宗の寺院。山号は護法山、本尊は虚空蔵菩薩。,
王鳳寺,,東京都,,35.6439117,139.7384282,C,寺院,玉鳳寺（ぎょくほうじ）は、東京都港区三田四丁目に所在する曹洞宗の寺院。山号は梧棲山。,
岩津天満宮,,愛知県,,35.0051861,137.1767339,C,神社,岩津天満宮（いわづてんまんぐう）は、愛知県岡崎市岩津町東山にある天満宮。通称は岩津天神。,
本龍寺,,東京都,,35.7184811,139.8037112,C,寺院,本龍寺（ほんりゅうじ）は、東京都台東区にある真宗大谷派の寺院。山号は臨川山。,
風間神社,,長野県,,36.6335295,138.2200637,C,神社,,
善導寺,,群馬県,,36.2431475,139.5674871,C,寺院,善導寺（ぜんどうじ）は、群馬県館林市楠町にある浄土宗の寺院である。徳川四天王の一人であり、館林城主でもあった榊原康政の墓がある。,
龍華寺,,静岡県,,34.9904911,138.4844679,C,寺院,,
誉田八幡神社,,千葉県,,35.6900281,140.052512,C,神社,,
若宮八幡宮,,愛知県,,34.9506171,137.1782993,C,神社,,
阿紀神社,,奈良県,,34.4782984,135.9240353,C,神社,,
槻神社,,愛知県,,35.0808317,137.6622406,C,神社,槻神社（つきじんじゃ）は、愛知県北設楽郡東栄町大字月にある神社。旧社格は郷社。,
一乗山 実行寺,,北海道,函館市,41.7687996,140.7018843,C,寺院,実行寺（じつぎょうじ）は、北海道函館市船見町にある日蓮宗の寺院。箱館（現在の函館）開港後は一時ロシア領事館の仮止宿所としても使用された。,
北岡神社,,熊本県,,32.792974,130.6916459,C,神社,北岡神社（きたおかじんじゃ）は、熊本県熊本市西区春日1丁目に鎮座する神社である。,
関善光寺,,岐阜県,,35.4893252,136.9152489,C,寺院,,
宝厳寺,,愛媛県,,33.8516618,132.7899764,C,寺院,宝厳寺（ほうごんじ）は、愛媛県松山市道後湯月町にある時宗の寺院。山号は豊国山。,
光明寺,,京都府,,35.3896994,135.4422212,C,寺院,光明寺（こうみょうじ）は、京都府綾部市にある真言宗醍醐派の寺院。山号は君尾山（きみのおさん）、本尊は千手観音。,
福智院,,奈良県,,34.6769868,135.8353063,C,寺院,,
一宮神社,,愛媛県,,33.9616228,133.279467,C,神社,一宮神社（いっくじんじゃ）は、愛媛県新居浜市にある神社である。社名は、新居郡の一宮として崇敬されていたことによる。,
姫路神社,,兵庫県,,34.8398687,134.6958237,C,神社,姫路神社（ひめじじんじゃ）は、兵庫県姫路市に鎮座する藩祖を祀った神社のひとつ。,
上目黒氷川神社,,東京都,,35.6528634,139.6881476,C,神社,氷川神社（ひかわじんじゃ）は、東京都目黒区大橋にある神社。上目黒氷川神社、大橋氷川神社とも称される。,
別格8番 永徳寺十夜ヶ橋,,愛媛県,大洲市,33.5318441,132.5747077,C,寺院,永徳寺（えいとくじ）は愛媛県大洲市に所在する真言宗御室派の寺院である。山号は正法山。,
美和神社,,長野県,,36.6628666,138.2031622,C,神社,美和神社（みわじんじゃ）は、長野県長野市三輪にある神社。式内社で、旧社格は県社。,
七松八幡神社,,兵庫県,尼崎市,34.7349443,135.4034562,C,神社,七松八幡神社（ななまつはちまんじんじゃ）は、兵庫県尼崎市七松町にある神社である。八幡神を主祭神とする八幡宮の一つである。,
龍泉寺,,東京都,,35.7261598,139.7891614,C,寺院,,
鳴尾八幡神社,,兵庫県,,34.7216639,135.3688283,C,神社,,
江島杉山神社,,東京都,,35.6913373,139.7926126,C,神社,江島杉山神社（えじますぎやまじんじゃ）は、東京都墨田区千歳にある神社。,
若山神社,,大阪府,,34.8916193,135.6544811,C,神社,,
水主神社,,京都府,城陽市,34.8433299,135.7616806,C,神社,水主神社（みずしじんじゃ）は、京都府城陽市水主宮馬場に鎮座する神社である。式内大社で、旧社格は府社。,
飽富神社,,千葉県,,35.4208163,139.9852362,C,神社,,
一蓮寺,,山梨県,,35.6520223,138.5712603,C,寺院,一蓮寺（いちれんじ）は、山梨県甲府市太田町に所在する寺院。時宗系寺院（単立）で、山号は稲久山。,
出水神社,,熊本県,,32.7918944,130.7343299,C,神社,出水神社（いずみじんじゃ）は、熊本県熊本市中央区の水前寺成趣園内にある神社である。熊本藩歴代藩主を祀る神社として、明治時代にかつての家臣らによって創建された。,
坂東30番 平野山 高蔵寺 (高倉観音）,,千葉県,木更津市,35.3388053,139.9944496,C,寺院,,
戒行寺,,東京都,,35.6843031,139.723972,C,寺院,戒行寺（かいぎょうじ）は、東京都新宿区にある日蓮宗の寺院。,
巨椋神社,,京都府,,34.8981181,135.7847966,C,神社,巨椋神社（おぐらじんじゃ）は、京都府宇治市小倉町寺内にある神社である。式内小社で、旧社格は村社。,
永福寺,,東京都,,35.6722482,139.6441076,C,寺院,永福寺（えいふくじ）は、東京都杉並区にある曹洞宗の寺院。,
総禅寺,,東京都,,35.7414861,139.732701,C,寺院,摠禅寺（そうぜんじ）は、東京都豊島区にある曹洞宗の寺院。なお「摠」の字が常用漢字外であることから、常用漢字の「総」を用いて「総禅寺」と書かれることもある。,
本光寺,,東京都,,35.655056,139.7295218,C,寺院,本光寺（ほんこうじ）は、東京都港区元麻布にある、法華宗陣門流の寺院。新潟県三条市西本成寺にある法華宗陣門流の総本山である長久山本成寺の末寺である。,
本願寺金沢別院,,石川県,,36.5774377,136.6557513,C,寺院,本願寺金沢別院（ほんがんじかなざわべついん）は金沢市笠市町にある浄土真宗本願寺派（西本願寺）の別院である。,
香林寺,,神奈川県,川崎市,35.6161914,139.5135251,C,寺院,,
岡田国神社,,京都府,,34.7295538,135.8245007,C,神社,岡田国神社（おかだくにじんじゃ）は、京都府木津川市木津大谷にある神社。式内社（式内大社）で、旧社格は郷社。,
法善寺,,山梨県,,35.603176,138.4852427,C,寺院,法善寺（ほうぜんじ）は、山梨県南アルプス市加賀美にある寺。高野山真言宗寺院。,
春日神社,,大分県,,33.2449945,131.5982246,C,神社,春日神社（かすがじんじゃ）は、大分県大分市にある神社である。旧社格は県社で、現在は神社本庁の別表神社。,
龍泉寺,,大阪府,,34.4616446,135.5977351,C,寺院,,
筑摩神社,,滋賀県,,35.3164156,136.2666133,C,神社,筑摩神社（ちくまじんじゃ）は滋賀県米原市にある神社。国史見在社で旧県社。,
西寿寺,,京都府,,35.0339328,135.7065737,C,寺院,,
佐良志奈神社,,長野県,,36.4873422,138.1418636,C,神社,佐良志奈神社（さらしなじんじゃ）は長野県千曲市にある神社。『延喜式神名帳』に記載される式内社である。,
金山神社,,愛知県,,35.140534,136.9005107,C,神社,,
榧寺,,東京都,,35.7052583,139.7922683,C,寺院,榧寺（かやでら）は、東京都台東区にある浄土宗の寺院。,
川口神社,,埼玉県,川口市,35.798148,139.7227169,C,神社,川口神社（かわぐちじんじゃ）は、埼玉県川口市にある神社である。旧社格は県社。,
三明寺,,愛知県,,34.8208868,137.3992357,C,寺院,三明寺（さんみょうじ）は、愛知県豊川市豊川町波通にある曹洞宗の寺院。豊川弁財天（とよかわべんざいてん）の通称で知られる。,
若桜神社,,鳥取県,,35.3430416,134.3918097,C,神社,若桜神社（わかさじんじゃ）は鳥取県八頭郡若桜町にある神社。旧・社格は郷社。,
坂戸神社,,千葉県,,35.425944,139.9547594,C,神社,坂戸神社（さかとじんじゃ）は、千葉県袖ケ浦市の神社。,
坂東報恩寺,,東京都,,35.7129523,139.7848199,C,寺院,報恩寺（ほうおんじ）は、東京都台東区東上野にある真宗大谷派の寺院。「坂東報恩寺」と通称される。,
国清寺,,岡山県,,34.6568429,133.9367893,C,寺院,国清寺（こくせいじ）は岡山県岡山市中区にある臨済宗妙心寺派の寺院。山号は萬歳山。,
蹉跎神社,,大阪府,,34.7927414,135.6330126,C,神社,,
西澄寺,,東京都,,35.6396089,139.6778634,C,寺院,,
善養寺,,東京都,,35.7278655,139.8935214,C,寺院,善養寺（ぜんようじ）は、東京都江戸川区東小岩にある寺院。真言宗豊山派に属し、大永7年（1527年）の創建と伝わる。,
圓頓寺,,愛知県,名古屋市,35.1765669,136.8908345,C,寺院,圓頓寺（えんどんじ）は愛知県名古屋市西区那古野一丁目11番7号にある日蓮宗の寺院。山号は長久山（ちょうきゅうさん）。,
妙立寺,,静岡県,,34.7188927,137.5258791,C,寺院,妙立寺（みょうりゅうじ）は、静岡県湖西市吉美2745番地にある日蓮宗の本山（由緒寺院）。山号は延兼山。,
阿蘇神社,,東京都,,35.7628821,139.297963,C,神社,,
興徳寺,,福島県,,37.4963665,139.9290001,C,寺院,,
最勝寺,,東京都,,35.7133941,139.68526,C,寺院,最勝寺（さいしょうじ）は東京都新宿区上落合3の4の12にある真言宗豊山派の寺院。本尊は釈迦牟尼如来。,
松平西福寺,,東京都,,35.703504,139.7887341,C,寺院,,
平群坐紀氏神社,,奈良県,,34.6356958,135.7034986,C,神社,平群坐紀氏神社（へぐりにますきしじんじゃ/へぐりにますきのうじじんじゃ/へぐりにいますきうじのじんじや）は、奈良県生駒郡平群町上庄にある神社。式内社（名神大社）で、旧社格は村社。,
蔵前神社,,東京都,台東区,35.7047922,139.7918332,C,神社,藏前神社（くらまえじんじゃ）は、東京都台東区蔵前にある神社。,
与楽寺,,東京都,,35.7346041,139.7615617,C,寺院,与楽寺（よらくじ）は、東京都北区田端1丁目にある真言宗豊山派の寺院。,
常高寺,,福井県,,35.4896373,135.7347618,C,寺院,常高寺（じょうこうじ）は、福井県小浜市小浜浅間にある臨済宗妙心寺派の寺院。山号は凌霄山。,
清瀧神社,,千葉県,,35.6621431,139.8912165,C,神社,,
廣田神社,,青森県,,40.8224856,140.7426408,C,神社,"廣田神社（ひろたじんじゃ）は、青森県青森市長島にある神社。
JR青森駅の東方、国道4号沿いに青森市役所に向かう途中、青森地方裁判所の南向かいに鎮座している。",
円成院,,東京都,,35.7293258,139.5142083,C,寺院,円成院（えんじょういん）は、東京都小平市にある黄檗宗の寺院。,
御幸森天神宮,,大阪府,,34.6602351,135.5344659,C,神社,御幸森天神宮（みゆきもりてんじんぐう）は、大阪市生野区桃谷3丁目（旧摂津国東生郡猪飼野村）（明治時代は天王寺村）にある神社。,
松久寺,,神奈川県,鎌倉市,35.3174712,139.5732463,C,寺院,松久寺（しょうきゅうじ）は、神奈川県鎌倉市にある曹洞宗の寺院。,
熊野神社,,東京都,,35.6106401,139.6688923,C,神社,,
多賀神社,,宮城県,仙台市,38.217988,140.8595395,C,神社,多賀神社（たがじんじゃ）は、宮城県旧名取郡にある神社である。,
廣瀬神社,,静岡県,,35.0106057,138.9461682,C,神社,広瀬神社（ひろせじんじゃ）は、静岡県伊豆の国市田京にある神社。式内社で、旧社格は県社。,
東禪寺,,東京都,,35.7242048,139.8001649,C,寺院,東禅寺（とうぜんじ）は、東京都台東区にある曹洞宗の寺院。,
廣園寺,,東京都,八王子市,35.6468824,139.3165108,C,寺院,広園寺（こうおんじ、旧字体：廣園寺）は、東京都八王子市にある臨済宗南禅寺派の寺院である。山号は兜卒山（とそつざん）。,
鹿島神社,,神奈川県,,35.2822234,139.6508827,C,神社,,
須賀神社,,京都府,,35.0183547,135.7815274,C,神社,,
西方寺,,東京都,,35.7428131,139.7299358,C,寺院,,
興禅寺,,長野県,,35.8532953,137.7029888,C,寺院,,
金峯神社,,山形県,,38.682298,139.7982439,C,神社,,
網走神社,,北海道,網走市,44.015745,144.2702362,C,神社,網走神社（あばしりじんじゃ）は、北海道網走市にある神社である。旧社格は県社。,
佐貫観音院,,栃木県,,36.7497109,139.7991996,C,寺院,佐貫観音院（さぬきかんのんいん）は、栃木県塩谷郡塩谷町佐貫にある真言宗智山派の寺院である。,
高部屋神社,,神奈川県,伊勢原市,35.4063095,139.3204181,C,神社,,
徳願寺,,千葉県,,35.6954558,139.9219898,C,寺院,徳願寺（とくがんじ）は、千葉県市川市本行徳にある浄土宗の寺院。山号は海蔵山。,
浅間山 慈恵院,,東京都,,35.6811436,139.4982346,C,寺院,慈恵院（じけいいん）は、東京都府中市浅間町二丁目にある臨済宗の寺院。山号は浅間山（せんげんざん）。,
光照寺,,東京都,,35.700505,139.738053,C,寺院,光照寺（こうしょうじ）は、東京都新宿区袋町にある浄土宗の寺院。増上寺の末寺で樹王山 正覚院 光照寺という。,
宗像神社,,京都府,,35.0189415,135.7612907,C,神社,宗像神社（むなかたじんじゃ）は、京都府京都市上京区の京都御苑内にある神社。国史見在社で、旧社格は府社。,
遠照寺,,長野県,,35.8456773,138.1006758,C,寺院,,
上野國一社八幡宮,,群馬県,,36.3407389,138.9490196,C,神社,上野國一社八幡宮（こうずけのくにいっしゃはちまんぐう）は、群馬県高崎市八幡町にある神社である。旧社格は郷社。,
十念寺,,京都府,,35.0330405,135.7668843,C,寺院,十念寺（じゅうねんじ）は、京都市上京区にある西山浄土宗の寺院。山号は華宮山。,
朝日神明社,,大阪府,,34.6796272,135.4522815,C,神社,朝日神明社（あさひしんめいしゃ）は、大阪府大阪市此花区にある神社。別称として、逆櫓社（さかろのやしろ）。,
金澤八幡宮,,秋田県,,39.3735063,140.5764664,C,神社,,
北野神社,,東京都,文京区,35.7077915,139.7467515,C,神社,北野神社（きたのじんじゃ）は、東京都文京区春日一丁目にある神社である。通称の牛天神（うしてんじん）としても知られる。,
本蓮寺,,岡山県,,34.616791,134.1639587,C,寺院,本蓮寺（ほんれんじ）は、岡山県瀬戸内市牛窓町にある仏教寺院。山号は経王山、大本山本興寺末。,
春日神社,,東京都,,35.7479075,139.6434785,C,神社,春日神社（かすがじんじゃ）は、東京都練馬区春日町にある神社。所在地の町名「春日町」は、当社に由来する。,
氷川神社,,東京都,,35.7437043,139.7112088,C,神社,,
村國真墨田神社,,岐阜県,,35.398814,136.9417784,C,神社,村国真墨田神社（むらくにますみだじんじゃ、旧字体: 村國眞墨󠄀田神󠄀社󠄁）は、岐阜県各務原市にある神社。式内社であり、各務原市鵜沼地区の産土神とされている。,
切目神社,,和歌山県,,33.8028104,135.2316302,C,神社,切目王子（きりめおうじ）は和歌山県日高郡印南町にある神社。九十九王子の一つで、五体王子の一社（『紀伊続風土記』）。,
諏訪神社,,三重県,,34.9681887,136.6224792,C,神社,,
一向寺,,栃木県,,36.5542572,139.874326,C,寺院,一向寺（いっこうじ）は、栃木県宇都宮市西原二丁目にある時宗一向派の寺院である。山号は清照山。,
遠光寺,,山梨県,,35.6478414,138.5683521,C,寺院,,
重蔵神社,,石川県,石川県輪島市河井町,37.3945985,136.9063005,C,神社,,
賀来神社,,神奈川県,藤沢市,35.3217576,139.4823167,C,神社,,
屯倉神社,,大阪府,,34.5888354,135.5551241,C,神社,屯倉神社（みやけじんじゃ）は、大阪府松原市三宅中にある神社。旧社格は村社。,
大庭神社,,神奈川県,,35.360488,139.4585014,C,神社,大庭神社（おおばじんじゃ）とは、延長5年（927年）の『延喜式神名帳』に記載された相模国の延喜式内社十三社の内の一社（小社）であるが、二つの論社（比定社）が存在する。,
正覚寺,,東京都,,35.6412944,139.7004073,C,寺院,正覚寺（しょうがくじ）は、東京都目黒区中目黒（もと荏原郡中目黒村）にある日蓮宗の寺院。山号は実相山。,
金澤神社,,石川県,,36.5604815,136.6628621,C,神社,,
御野縣主神社,,大阪府,,34.6346091,135.6210405,C,神社,御野縣主神社（みのあがたぬしじんじゃ）は、大阪府八尾市にある神社。式内小社で、旧社格は村社。,
幡頭神社,,愛知県,西尾市,34.7780955,137.0873696,C,神社,幡頭神社（はずじんじゃ）は、愛知県西尾市吉良町宮崎にある神社。式内社で、旧社格は県社。,
平林寺,,兵庫県,,34.7950793,135.3511136,C,寺院,平林寺（へいりんじ）は、兵庫県宝塚市にある真言宗単立の寺院。武庫七寺の一つ。,
武並神社,,岐阜県,,35.4506353,137.420821,C,神社,武並神社（たけなみじんじゃ）は、岐阜県恵那市に合計7社がある。ここでは恵那市大井町の武並神社を主に記述する。,
洲宮神社,,千葉県,館山市,34.9525773,139.8384778,C,神社,洲宮神社（すのみやじんじゃ）は、千葉県館山市洲宮にある神社。式内社（大社）論社で、旧社格は県社。,
山科神社,,京都府,,34.9685829,135.7955555,C,神社,山科神社（やましなじんじゃ）は、京都府京都市山科区西野山岩ヶ谷町にある神社。式内社（名神大社）で、旧社格は村社。,
宇受賀命神社,,島根県,,36.11622,133.1089647,C,神社,宇受賀命神社（うづかみことじんじゃ）は、島根県隠岐郡海士町に鎮座する神社。式内社（名神大社）で旧社格は郷社。,
興禪寺,,東京都,,35.7244477,139.7681036,C,寺院,興禅寺（こうぜんじ）は、東京都台東区にある臨済宗興聖寺派の寺院。山号は清徳山。,
愚渓寺,,岐阜県,,35.4358785,137.1277903,C,寺院,愚渓寺（ぐけいじ）は、岐阜県可児郡御嵩町にある臨済宗妙心寺派の寺院。山号は大智山。,
武蔵野八幡宮,,東京都,,35.7076267,139.5800416,C,神社,武蔵野八幡宮（むさしのはちまんぐう）は、東京都武蔵野市の神社。武蔵野吉祥七福神の寺社の一つである。,
廣瀬神社,,埼玉県,,35.8585872,139.3892007,C,神社,広瀬神社（ひろせじんじゃ）は、埼玉県狭山市広瀬にある神社。式内社で、旧社格は県社。,
遍照院,,愛知県,,34.9956702,137.0449692,C,寺院,,
羊神社,,愛知県,,35.2074056,136.926584,C,神社,,
白雲神社,,京都府,,35.0215287,135.7612357,C,神社,白雲神社（しらくもじんじゃ）は、京都市上京区京都御苑内にある神社。旧社格は無格社。,
秋津神社,,東京都,,35.7787186,139.4925637,C,神社,秋津神社（あきつじんじゃ）は、東京都東村山市にある神社。祭神は日本武尊。,
別格20 大瀧寺,,徳島県,美馬市,34.1220183,134.1274975,C,寺院,大瀧寺（おおたきじ）は徳島県美馬市脇町に所在する真言宗御室派準別格本山の寺院。福大山（ふくだいさん）、慈眼院（じげんいん）と号す。,
醫王寺,,東京都,,35.6219577,139.6524613,C,寺院,医王寺（いおうじ）は、東京都世田谷区深沢六丁目にある真言宗智山派の寺院。ここでは医王寺と関係が深い深沢不動教会についても言及する。,
蒲田八幡神社,,東京都,大田区,35.5607381,139.7224446,C,神社,,
直指庵,,京都府,,35.0342319,135.6773957,C,寺院,直指庵（じきしあん）は、京都市右京区にある浄土宗の寺院。山号は祥鳳山。,
悲田院,,京都府,,34.9794638,135.7768514,C,寺院,悲田院（ひでんいん）は、京都市東山区にある真言宗泉涌寺派の寺院。泉涌寺の塔頭のひとつで、本尊は阿弥陀如来。,
門田稲荷神社,,栃木県,足利市,36.3239897,139.4354848,C,神社,下野國一社八幡宮（しもつけのくにいっしゃはちまんぐう）は栃木県足利市八幡町にある神社である。源頼義・義家父子の創建とされる。,
渭伊神社,,静岡県,,34.8329048,137.6636795,C,神社,渭伊神社（いいじんじゃ）は、静岡県浜松市浜名区引佐町（いなさちょう）井伊谷（いいのや）にある神社。式内社で、旧社格は郷社。,
佛向寺,,山形県,,38.353872,140.3727768,C,寺院,佛向寺（ぶっこうじ）は、山形県天童市にある浄土宗の寺院。昭和17年（1942年）までは、時宗の中本寺(時宗宗憲並宗規及び時宗寺院名鑑)山号は宝樹山。,
佐井寺,,大阪府,,34.7834244,135.5185813,C,寺院,佐井寺（さいでら）は、大阪府吹田市佐井寺にある真言宗の寺院。山田寺（さんでんじ）とも号する。,
秩父15番 母巣山 少林寺,,埼玉県,,35.9952331,139.085269,C,寺院,少林寺（しょうりんじ）は、埼玉県秩父市にある臨済宗建長寺派の寺院で、山号は母巣山と号する。,
東南院,,奈良県,,34.365741,135.861452,C,寺院,東南院（とうなんいん）は、奈良県吉野郡吉野町吉野山にある金峯山修験本宗の別格本山の寺院。山号は大峯山。,
秋保神社,,宮城県,,38.2635975,140.6596246,C,神社,,
芝山仁王尊,,千葉県,,35.6926545,140.4267529,C,寺院,,
宗参寺,,東京都,,35.7048359,139.7247845,C,寺院,宗参寺（そうさんじ）は、東京都新宿区弁天町にある曹洞宗の寺院。,
宿院頓宮,,大阪府,,34.5748129,135.4725662,C,神社,宿院頓宮（しゅくいんとんぐう）は、大阪府堺市堺区にある頓宮・神社である。,
佐奈部神社,,大阪府,,34.8103077,135.5768006,C,神社,佐奈部神社（さなべじんじゃ）は大阪府茨木市稲葉町に鎮座する神社。,
曹源寺,,群馬県,,36.3243281,139.3867756,C,寺院,曹源寺（そうげんじ）は、群馬県太田市にある曹洞宗の寺院。,
日野神社,,兵庫県,,34.749006,135.3704027,C,神社,日野神社（ひのじんじゃ）は、兵庫県西宮市日野町にある神社。主祭神は天照大神、他に豊受大神、春日大明神を祀る。,
菅生神社,,大阪府,,34.5272691,135.561628,C,神社,,
妙法寺,,茨城県,,36.3639269,140.0568,C,寺院,妙法寺（みょうほうじ）は、茨城県桜川市にある天台宗の寺院。,
彌高神社,,秋田県,,39.7229723,140.125378,C,神社,彌高神社（いやたかじんじゃ）は、秋田県秋田市千秋公園にある神社である。,
鴨江寺,,静岡県,,34.7052633,137.7199752,C,寺院,,
本立寺,,東京都,,35.6557297,139.3301645,C,寺院,本立寺（ほんりゅうじ）は東京都八王子市上野町にある日蓮宗の寺院。山号は長光山。,
茂侶神社,,千葉県,,35.8704901,139.9087784,C,神社,,
豊積神社,,静岡県,,35.1051554,138.5583406,C,神社,,
徳満寺,,茨城県,,35.856992,140.140056,C,寺院,徳満寺（とくまんじ）は、茨城県北相馬郡利根町にある真言宗豊山派の寺院。,
禅居庵,,京都府,,34.999381,135.7726791,C,寺院,禅居庵（ぜんきょあん）は、京都府京都市東山区小松町146にある臨済宗建仁寺派の寺院。大本山建仁寺の塔頭。,
信濃比叡 廣拯院,,長野県,阿智村,35.4601471,137.667964,C,寺院,信濃比叡広拯院（しなのひえいこうじょういん）は長野県阿智村智里園原にある天台宗の寺院。院号を広拯院と称する。,
比治山神社,,広島県,,34.3885775,132.4730584,C,神社,比治山神社（ひじやまじんじゃ）は、広島県広島市南区にある神社である。旧社格は村社で、現在は神社本庁の別表神社。,
石田寺,,東京都,,35.668195,139.424381,C,寺院,,
長禅寺,,山梨県,,35.6656519,138.5770916,C,寺院,,
小日向神社,,東京都,,35.7108585,139.7348991,C,神社,小日向神社（こひなたじんじゃ、こびなたじんじゃ）は、東京都文京区小日向にある神社である。,
佐毘賣山神社,,島根県,,35.0991275,132.4316738,C,神社,佐毘売山神社（さひめやまじんじゃ）は、島根県大田市大森町の石見銀山（大森銀山）の中に鎮座する神社。祭神は金山彦命。,
等覚寺,,愛媛県,,33.2171585,132.5740074,C,寺院,等覚寺（とうがくじ）は、愛媛県宇和島市に所在する寺院である。山号は龍華山（りゅうげさん）。,
佐和良義神社,,大阪府,,34.7997149,135.569741,C,神社,佐和良義神社（さわらぎじんじゃ）は大阪府茨木市にある神社で、島下郡の式内社。通称「大宮さん」。,
箭弓稲荷神社,,東京都,台東区,35.7066305,139.7703347,C,神社,,
普門院,,東京都,,35.7034983,139.8225033,C,寺院,普門院（ふもんいん）は、東京都江東区亀戸にある真言宗智山派の寺院。山号は福聚山。,
補陀洛寺,,京都府,,35.085331,135.7617775,C,寺院,,
慈眼院,,群馬県,,36.3106696,138.9811299,C,寺院,慈眼院（じげんいん）は、群馬県高崎市にある高野山真言宗の寺院。観音山丘陵に位置する高野山（金剛峯寺）の別格本山である。,
円光院,,山梨県,,35.6828925,138.5870848,C,寺院,円光院（えんこういん）は、山梨県甲府市にある臨済宗妙心寺派の寺院。山号は瑞岩山。,
多聞寺,,兵庫県,,34.6577015,135.0413401,C,寺院,多聞寺（たもんじ）は、兵庫県神戸市垂水区多聞台にある天台宗の寺院。山号は吉祥山。,
熊野神社,,埼玉県,,35.7817742,139.6223609,C,神社,熊野神社（くまのじんじゃ）は、埼玉県和光市の神社。,
丹生神社,,千葉県,,35.6848105,140.0126885,C,神社,丹生神社（にうじんじゃ）は、千葉県習志野市谷津にある神社である。旧社格は村社。,
八菅神社,,神奈川県,,35.5124858,139.3233716,C,神社,八菅神社（はすげじんじゃ）は神奈川県愛甲郡愛川町八菅山にある神社。旧社格は郷社。,
烈々布神社,,北海道,札幌市,43.1125762,141.3591876,C,神社,烈々布神社（れつれっぷじんじゃ）は北海道札幌市東区北42条東10丁目1番地にある神社。「烈々布」とは付近一帯の旧称である。,
坂東28番 滑河山 龍正院,,千葉県,,35.8670762,140.341954,C,寺院,,
長野神社,,大阪府,,34.4499901,135.57148,C,神社,,
佐志能神社,,茨城県,,36.3824349,140.2676151,C,神社,佐志能神社（さしのうじんじゃ）は、茨城県笠間市笠間にある、佐白山の「笠間城跡」に鎮座する神社。延喜式神名帳の佐志能神社（常陸国新治郡。,
石川護国神社,,石川県,,36.5593553,136.6640135,C,神社,,
西光寺 58,,香川県,香川県小豆郡土庄町甲,34.4830691,134.1872718,C,寺院,,
諏訪神社,,北海道,札幌市,43.0760498,141.353924,C,神社,,
鳥谷ヶ崎神社,,岩手県,,39.3896259,141.1221986,C,神社,,
法持寺,,愛知県,,35.1277613,136.903498,C,寺院,法持寺（ほうじじ）は、愛知県名古屋市熱田区白鳥にある曹洞宗の寺院。 山号は白鳥山（はくちょうざん）。,
徳昌寺,,新潟県,,37.5389712,138.808887,C,寺院,徳昌寺（とくしょうじ）は、新潟県長岡市与板町与板にある曹洞宗の寺院。直江氏の菩提寺。,
高乘寺,,東京都,,35.6334715,139.2754669,C,寺院,,
温泉寺本堂,,兵庫県,豊岡市,35.6242405,134.8005131,C,寺院,温泉寺（おんせんじ）は兵庫県豊岡市城崎町の大師山にある仏教寺院。山号は末代山（まつだいさん）。,
西院春日神社,,京都府,,35.0049826,135.7295663,C,神社,,
長崎縣護國神社,,長崎県,,32.7771088,129.85555,C,神社,,
菅原神社,,大阪府,堺市,34.5791889,135.4766449,C,神社,,
天寧寺,,広島県,,34.4095729,133.2008118,C,寺院,天寧寺（てんねいじ）は、広島県尾道市東土堂町にある曹洞宗の寺院。,
新長谷寺,,岐阜県,,35.4841138,136.9231774,C,寺院,新長谷寺（しんちょうこくじ）は、岐阜県関市長谷寺町1にある真言宗智山派の寺院である。山号は吉田山。,
新小岩香取神社,,東京都,,35.7115659,139.866924,C,神社,香取神社（かとりじんじゃ）は、東京都江戸川区中央にある神社。通称は新小岩香取神社（しんこいわかとりじんじゃ）。,
養玉院如来寺,,東京都,,35.5969185,139.7171653,C,寺院,,
王子神社,,徳島県,,34.0410189,134.5256905,C,神社,"王子神社（おうじじんじゃ）は、徳島県徳島市八万町にある神社である。
向寺山の徳島県文化の森総合公園内に鎮座し、「猫神さん」の愛称で親しまれている。",
本福寺,,滋賀県,,35.1113107,135.9193751,C,寺院,本福寺（ほんぷくじ）は、滋賀県大津市本堅田にある浄土真宗本願寺派の寺院。山号は夕陽山（せきようさん）。,
収玄寺,,神奈川県,,35.3119451,139.5352941,C,寺院,収玄寺（しゅうげんじ）は、神奈川県鎌倉市にある日蓮宗の寺院。山号は四条山。,
天寧寺,,秋田県,,39.5955087,140.5661506,C,寺院,天寧寺（てんねいじ）は、秋田県仙北市角館町上新町に所在する曹洞宗の寺院。山号は萬松山、本尊は釈迦如来（釈迦牟尼仏）。,
慈眼寺,,東京都,世田谷区,35.6204791,139.626177,C,寺院,慈眼寺（じげんじ）は、東京都世田谷区瀬田四丁目にある真言宗智山派の寺院。大山道（矢倉沢往還）に面しており、瀬田玉川神社と隣接している。,
青大悲寺,,愛知県,,35.1327595,136.9023406,C,寺院,,
遠石八幡宮,,山口県,,34.0399224,131.8231876,C,神社,,
清瀧山 浄光院 萬福寺,,島根県,,34.678588,131.8600633,C,寺院,,
瑜伽神社,,奈良県,,34.6788435,135.8357029,C,神社,瑜伽神社（ゆうがじんしゃ）は、奈良県奈良市高畑町の瑜伽山に鎮座する神社。,
出雲大社京都分院,,京都府,,35.0036106,135.568141,C,神社,出雲大社京都分院（いづもたいしゃきょうとぶんいん・京都大教会）は、京都府亀岡市にある神社。出雲大社教の一分院として、京都市内より平成5年に亀岡の地に遷宮造営した。,
多聞院,,東京都,,35.6774336,139.5975946,C,寺院,多聞院（たもんいん）は、東京都世田谷区北烏山にある寺院。真言宗豊山派に属し、本山は長谷寺、正式名を「金剛山 悲願寺 多聞院」という。,
東光寺,,東京都,,35.6055103,139.7267392,C,寺院,東光寺（とうこうじ）は、東京都品川区二葉1丁目にある天台宗の寺院である。山号は久遠山不動院、本尊は阿弥陀如来。,
涌泉寺,,京都府,,35.0543998,135.7840622,C,寺院,,
別格6番 臨海山龍光院,,愛媛県,宇和島市,33.2249875,132.5692336,C,寺院,,
梅岳寺,,福岡県,,33.6868758,130.4717234,C,寺院,梅岳寺（ばいがくじ）は、福岡県糟屋郡新宮町立花にある曹洞宗の寺院である。等級は三等法地。,
臨江寺,,徳島県,,34.0753696,134.5410943,C,寺院,,
観龍寺,,岡山県,,34.5980296,133.7715397,C,寺院,,
原江寺,,山口県,,34.0311746,131.8300354,C,寺院,原江寺（げんこうじ）は、山口県周南市に所在する曹洞宗の寺院である。,
雲光院,,東京都,,35.680673,139.8033843,C,寺院,,
三熊野神社,,静岡県,,34.6824872,137.9834824,C,神社,三熊野神社（みくまのじんじゃ、英語: Mikumano Jinja）は、静岡県掛川市の神社である。近代社格制度における社格は県社。,
錫杖寺,,埼玉県,,35.7995542,139.7260878,C,寺院,,
足柄神社,,神奈川県,南足柄市,35.3327695,139.0809296,C,神社,,
真龍寺,,東京都,,35.6638042,139.6675721,C,寺院,真龍寺（しんりゅうじ）は、東京都世田谷区北沢二丁目にあった寺院。曹洞宗に属し、大雄山最乗寺（神奈川県南足柄市）の末寺として1929年（昭和4年）に創建された。,
荘厳寺,,神奈川県,,35.3471977,139.4803539,C,寺院,,
来迎院,,京都府,,34.9786627,135.7809646,C,寺院,来迎院（らいごういん）は、京都市東山区泉涌寺山内町にある真言宗泉涌寺派の寺院。山号は明応山。,
朝日神社,,愛知県,,35.1691361,136.9038982,C,神社,朝日神社（あさひじんじゃ）とは、愛知県名古屋市中区錦の広小路通沿いにある神社。,
行田八幡神社,,埼玉県,,36.1389158,139.4615222,C,神社,,
本法寺,,東京都,,35.7095268,139.7901354,C,寺院,本法寺（ほんぽうじ）は、東京都台東区寿二丁目にある日蓮宗の寺院である。山号は長瀧山。,
猿田彦神社 (道祖神),,奈良県,,34.6796894,135.8305704,C,神社,猿田彦神社（さるたひこじんじゃ）は、奈良県奈良市今御門町にある神社。道祖神社とも呼ばれる。,
青森県護国神社,,青森県,,40.6116164,140.465459,C,神社,,
大円寺,,青森県,,40.5219275,140.5728247,C,寺院,大円寺（だいえんじ）は、青森県南津軽郡大鰐町の大鰐温泉郷にある高野山真言宗の寺院である。通称は「大鰐の大日様」。,
英信寺,,東京都,,35.7212114,139.7828308,C,寺院,,
大井神社,,茨城県,,36.424385,140.4146879,C,神社,大井神社（おおいじんじゃ）は、茨城県水戸市にある神社。式内社論社で、旧社格は村社。,
海禅院,,和歌山県,,34.1876096,135.1745074,C,寺院,海禅院（かいぜんいん）は、和歌山県和歌山市和歌浦中にある日蓮宗の寺院である。,
遍照寺,,京都府,,35.0234379,135.6891582,C,寺院,,
泉殿宮,,大阪府,吹田市,34.7609184,135.5173443,C,神社,泉殿宮（いづどのぐう）は、大阪府吹田市にある神社。,
八幡神社,,東京都,,35.6565342,139.276705,C,神社,梶原八幡神社（かじわらはちまんじんじゃ）は、東京都八王子市元八王子町にある神社。,
圓福寺,,東京都,,35.7021478,139.735085,C,寺院,圓福寺（えんぷくじ）は、東京都新宿区にある日蓮宗の寺院。,
源寿院,,東京都,,35.7421573,139.8507226,C,寺院,源寿院（げんじゅいん）は、東京都葛飾区にある浄土宗系の単立寺院。,
石浜神社,,東京都,,35.7297671,139.8083762,C,神社,石浜神社（いしはまじんじゃ）は東京都荒川区南千住三丁目に所在する神社。隅田川の西岸（石浜と呼ばれた長く伸びる微高地）に在る。,
藤基神社,,新潟県,,38.2208945,139.4789725,C,神社,,
明長寺,,神奈川県,,35.5352911,139.7315553,C,寺院,明長寺（みょうちょうじ）は、神奈川県川崎市川崎区にある天台宗の寺院。,
法徳寺,,東京都,,35.6147846,139.6313666,C,寺院,法徳寺（ほうとくじ）は、東京都世田谷区瀬田一丁目にある浄土宗の寺院。東京都港区芝にある西応寺の末寺。,
亀田八幡宮,,北海道,,41.7915423,140.736239,C,神社,亀田八幡宮（かめだはちまんぐう）は、北海道函館市八幡町にある神社。旧社格は郷社。,
武井神社,,長野県,,36.6565136,138.1895432,C,神社,武井神社（たけいじんじゃ）は、長野県長野市東町に鎮座し、妻科神社・湯福神社とともに善光寺三社（善光寺三鎮守）と言われる。,
玉桂寺,,滋賀県,,34.884542,136.0695638,C,寺院,,
鹿島天足和気神社,,宮城県,,38.0421239,140.8435684,C,神社,,
雙栗神社,,京都府,久御山町,34.875867,135.757346,C,神社,,
八尾神社,,大阪府,,34.6303715,135.5997263,C,寺院,八尾神社（やおじんじゃ）は、大阪府八尾市にある神社。『延喜式神名帳』河内国若江郡の「栗栖神社（くるす — ）」に比定され（式内社）、社格は旧村社。,
蟠竜寺,,東京都,,35.6304026,139.7084332,C,寺院,,
穴観音 (興宗寺),,福岡県,,33.557391,130.4017232,C,寺院,,
飯盛神社本社（下宮）,,福岡県,,33.5383628,130.309419,C,神社,,
万松院,,長崎県,,34.2044353,129.2841511,C,寺院,万松院（ばんしょういん）は、長崎県対馬市厳原町にある、天台宗の寺院。,
蓮台寺,,熊本県,,32.7739819,130.6902331,C,寺院,,
大圓寺,,東京都,,35.7245491,139.7655663,C,寺院,大円寺（だいえんじ）は、東京都台東区台東区にある日蓮宗の寺院。山号は高光山。,
尼崎えびす神社,,兵庫県,尼崎市,34.7195995,135.4133313,C,神社,"尼崎戎神社（あまがさきえびすじんじゃ）は、兵庫県尼崎市にある神社。別名倉持戎大宮、または「ちぢみさん（後述）」と呼ばれている
。",
大山不動尊,,千葉県,,35.1373896,139.9666941,C,寺院,大山寺（おおやまじ）は、千葉県鴨川市にある真言宗智山派の寺院である。大山不動、大山不動尊の通称で親しまれている。,
諸羽神社,,京都府,,34.9942064,135.8206871,C,神社,,
神原神社,,島根県,,35.3464835,132.8957729,C,神社,,
多禰寺,,京都府,,35.5314463,135.3866066,C,寺院,多禰寺（たねじ）は、京都府舞鶴市にある真言宗東寺派の寺院。山号は医王山、本尊は薬師如来（薬師瑠璃光如来）。,
智香寺,,東京都,,35.7222547,139.7368733,C,寺院,智香寺（ちこうじ）は、東京都文京区にある浄土宗の寺院。,
長浜神社,,島根県,,35.3459483,132.6810368,C,神社,,
坂東32番 音羽山 清水寺,,千葉県,,35.2901839,140.3563617,C,寺院,清水寺（きよみずでら）は、千葉県いすみ市岬町鴨根にある天台宗の寺院。山号は音羽山。,
須山浅間神社,,静岡県,,35.2545395,138.8489577,C,神社,,
桑田神社,,京都府,,35.0142605,135.6097775,C,神社,桑田神社（くわだじんじゃ、くわた-）は、『延喜式神名帳』に記載されている丹波国桑田郡の式内社。以下の二社が論社とされている。,
仲源寺,,京都府,,35.0035631,135.7732874,C,寺院,仲源寺（ちゅうげんじ）は、京都市東山区にある浄土宗の寺院。山号は寿福山。,
妙正寺,,東京都,,35.7159485,139.617619,C,寺院,妙正寺（みょうしょうじ）は、東京都杉並区清水にある日蓮宗の寺院である。山号は法光山（ほうこうさん）。,
神木山等覚院,,神奈川県,,35.6043975,139.5798572,C,寺院,,
吉祥寺,,埼玉県,,35.8738416,139.6871769,C,寺院,吉祥寺（きちじょうじ）は、埼玉県さいたま市緑区にある天台宗の寺院。山号は宝珠山。,
建穂寺,,静岡県,,34.9868965,138.3389818,C,寺院,建穂寺（たきょうじ）は、静岡県静岡市葵区建穂にあった真言宗醍醐派の寺院。現在は廃寺となり、観音堂のみが残る。,
能義神社,,島根県,,35.3995871,133.2181201,C,神社,,
富部神社,,愛知県,,35.1048309,136.9312802,C,神社,富部神社（とべじんじゃ）は、愛知県名古屋市南区呼続にある神社。戸部天王、蛇毒神天王とも呼ばれていた。,
御所八幡宮,,京都府,,35.0105166,135.7626502,C,神社,御所八幡宮（ごしょはちまんぐう）は、京都市中京区にある神社。旧社格は村社。,
疋野神社,,熊本県,,32.9381468,130.5524114,C,神社,疋野神社（ひきのじんじゃ）は、熊本県玉名市に鎮座する神社である。延喜式内社で、旧社格は県社。,
東明寺,,埼玉県,,35.9286651,139.4846222,C,寺院,東明寺（とうみょうじ）は、埼玉県川越市志多町にある時宗の寺院である。山号は稲荷山（いなりさん）、院号は称名院（しょうみょういん）、本尊は虚空蔵菩薩。,
證願寺,,東京都,,35.7417664,139.8502827,C,寺院,,
三島神社,,東京都,,35.724701,139.7861395,C,神社,三島神社（みしまじんじゃ）は、東京都台東区下谷三丁目にある神社。本社は伊予国一宮で日本総鎮守と称される愛媛県今治市（大三島）の大山祇神社である。,
小平潟天満宮,,福島県,,37.5178399,140.1179379,C,神社,小平潟天満宮（こびらがたてんまんぐう）は福島県耶麻郡猪苗代町中小松にある神社。猪苗代湖畔にある。,
雄徳山八幡宮,,兵庫県,,34.8418039,134.6893119,C,神社,男山八幡宮（おとこやまはちまんぐう）は兵庫県姫路市山野井町にある神社。男山の中腹に鎮座している。,
若八幡宮,,福岡県,,33.5951008,130.4179485,C,神社,,
青蓮寺,,神奈川県,,35.325683,139.5081256,C,寺院,,
真盛寺,,東京都,,35.6956818,139.6531705,C,寺院,,
王舎山 長生院 長寶寺,,大阪府,,34.624809,135.5532539,C,寺院,,
雉子神社,,東京都,,35.6288373,139.7269517,C,神社,,
東福寺,,東京都,渋谷区,35.6577878,139.7065922,C,寺院,東福寺（とうふくじ）は、東京都渋谷区渋谷三丁目5番8号にある、天台宗の寺院。山号は渋谷山（しぶやさん）。,
春日神社,,兵庫県,,35.0782136,135.2184954,C,神社,春日神社（かすがじんじゃ）は、兵庫県丹波篠山市黒岡75にある神社。奈良の春日大社から分霊された。,
愛宕神社,,埼玉県,,35.8346667,139.387963,C,神社,愛宕神社（あたごじんじゃ）は、埼玉県入間市にある神社である。,
白山神社,,新潟県,,37.9166709,139.0714778,C,神社,白山神社（はくさんじんじゃ）は、新潟県新潟市中央区沼垂東1丁目1番17号にある神社。式内社。,
馬絹神社,,神奈川県,川崎市,35.583601,139.6009531,C,神社,,
五智山蓮華寺,,京都府,,35.030666,135.6988614,C,寺院,,
挙母神社,,愛知県,,35.0853585,137.1620276,C,神社,挙母神社（ころもじんじゃ）は、愛知県豊田市挙母町5-1にある神社。旧社格は郷社。,
伴林氏神社,,大阪府,,34.5757622,135.611235,C,神社,伴林氏神社（ともばやしのうじのじんじゃ）は、大阪府藤井寺市林（河内国志紀郡拝志郷）にある神社。式内社で、旧社格は府社。,
鶴見神社,,大阪府,大阪市,34.7012524,135.5654061,C,神社,,
科長神社,,大阪府,,34.5120275,135.6585634,C,神社,,
元三島神社,,東京都,,35.7224607,139.7779181,C,神社,元三島神社（もとみしまじんじゃ）は、東京都台東区根岸にある神社。JR鶯谷駅北口の正面にある。,
光林寺,,愛媛県,,34.0064206,132.9502929,C,寺院,光林寺（こうりんじ）は、愛媛県今治市玉川町畑寺にある寺院。山号は摩尼山。,
由良神社,,京都府,,35.5186972,135.2776332,C,神社,,
淡海国玉神社,,静岡県,,34.7278481,137.8571358,C,神社,淡海國玉神社（おうみくにたまじんじゃ）は、静岡県磐田市見付にある神社。式内社、遠江国総社で、旧社格は県社。,
櫛田神社,,富山県,,36.6919657,137.045069,C,神社,櫛田神社（くしだじんじゃ）は、富山県射水市にある神社である。式内社で、旧社格は県社。,
廣智寺,,大阪府,,34.8557229,135.6167988,C,寺院,廣智寺（こうちじ）は、大阪府高槻市にある黄檗宗の仏教寺院である。本尊は不空羂索観世音菩薩。,
榴岡天満宮,,宮城県,仙台市,38.2608084,140.8932694,C,神社,榴岡天満宮（つつじがおかてんまんぐう）は、宮城県仙台市にある神社。,
金岡神社,,大阪府,堺市,34.5595575,135.5199543,C,神社,,
八坂神社,,茨城県,,36.0992674,140.200667,C,神社,八坂神社（やさかじんじゃ）は、茨城県土浦市真鍋にある神社。江戸時代は牛頭天王社と呼ばれていた。,
岩屋神社,,兵庫県,,34.6437152,134.9881276,C,神社,岩屋神社（いわやじんじゃ）とは兵庫県明石市材木町に鎮座する神社。海上神事である「おしゃたか祭」で知られる。,
日吉神社,,愛知県,,35.1759483,137.0091677,C,神社,日吉神社（ひよし じんじゃ）は愛知県名古屋市名東区上社にある神社。,
宗林寺,,京都府,,35.0022513,135.7816627,C,寺院,,
小笠神社,,静岡県,,34.7363052,138.012765,C,神社,小笠神社（おがさじんじゃ、英語: Ogasa Jinja）は、静岡県掛川市の神社である。近代社格制度における社格は県社。,
金玉神社,,宮城県,,38.358117,140.8749782,C,神社,,
西福寺,,大阪府,,34.4818361,135.4322822,C,寺院,,
出雲大社 沖縄分社,,沖縄県,,26.2300931,127.7035543,C,神社,出雲大社沖縄分社（いずもたいしゃおきなわぶんしゃ）は沖縄県那覇市古島に鎮座している神社である。出雲大社の正式な分社であり、国内最南・西端の出雲大社の分社である。,
常福寺,,茨城県,,36.0744246,140.1887367,C,寺院,常福寺（じょうふくじ）は、茨城県土浦市下高津にある新義真言宗の寺院である。土浦旧市街の南側に位置し、旧水戸街道の西側にほぼ隣接している。,
恵龍山 大聖寺,,岡山県,,35.0418141,134.2827741,C,寺院,大聖寺（だいしょうじ）は岡山県美作市にある真言宗の寺院。山号は恵龍山（けいりゅうざん）。,
得浄明院,,京都府,,35.0077055,135.7809105,C,寺院,得浄明院（とくじょうみょういん）は、京都府京都市東山区にある善光寺大本願の京都別院の尼寺である。山号は本覚山。,
桜岡大神宮,,宮城県,,38.2596692,140.8619,C,神社,櫻岡大神宮（さくらがおかだいじんぐう）は、宮城県仙台市青葉区の西公園内にある神社である。旧社格は県社。,
観福寺,,千葉県,香取市,35.7882934,140.5341272,C,寺院,,
法園寺,,兵庫県,,34.7178613,135.4129347,C,寺院,,
大智寺,,埼玉県,,35.9673383,139.4098462,C,寺院,大智寺（だいちじ）は、埼玉県坂戸市石井に所在する真言宗智山派の寺院。山号は龍護山。,
久久比神社,,兵庫県,,35.5570438,134.8436584,C,神社,久久比神社（くくひじんじゃ）、兵庫県豊岡市下宮にある神社である。式内小社で、旧社格は村社。,
亀井院,,千葉県,,35.7387017,139.9095191,C,寺院,亀井院（かめいいん）は、千葉県市川市真間四丁目にある日蓮宗の寺院である。境内には井戸がある。,
宇多須神社,,石川県,,36.5730488,136.6681409,C,神社,宇多須神社（うたすじんじゃ）は、石川県金沢市にある神社。金沢五社（金沢市に江戸時代から鎮座する5神社の総称）のひとつ。,
良玄寺,,千葉県,,35.2808903,140.2471613,C,寺院,良玄寺（りょうげんじ）は、千葉県夷隅郡大多喜町にある浄土宗の寺院。山号は金澤山。,
大泉寺,,静岡県,,35.142692,138.7957991,C,寺院,大泉寺（だいせんじ）とは、静岡県沼津市東井出744、根方街道沿いにある、曹洞宗の寺院。山号は士詠山。,
雲龍寺,,東京都,,35.6411169,139.3159383,C,寺院,,
信楽寺,,神奈川県,,35.2587657,139.6957847,C,寺院,信楽寺（しんぎょうじ）は神奈川県横須賀市大津にある浄土宗の仏教寺院である。山号は宮谷山で、正式名称は宮谷山至心院信楽寺。,
無量寺,,和歌山県,,33.4707287,135.7779588,C,寺院,,
熊野神社,,東京都,,35.6723917,139.7140534,C,神社,青山熊野神社（あおやまくまのじんじゃ）は、東京都渋谷区神宮前にある神社である。神宮前・北青山の総鎮守。,
氷川神社,,東京都,,35.6529021,139.7310569,C,神社,氷川神社（ひかわじんじゃ）は東京都港区元麻布にある神社である。,
湯神社,,愛媛県,松山市,33.8513638,132.7870545,C,神社,湯神社（ゆじんじゃ）は、愛媛県松山市冠山にある神社。式内社で、旧社格は県社。,
桂春院,,京都府,,35.0247607,135.722461,C,寺院,桂春院（けいしゅんいん）は、京都市右京区花園にある臨済宗の寺院。臨済宗妙心寺派大本山妙心寺の塔頭である。,
大魚神社,,佐賀県,,33.0301739,130.1757723,C,神社,大魚神社（おおうおじんじゃ）は、佐賀県藤津郡太良町多良にある神社。有明海に面した場所にあり、複数の鳥居が海中に建てられている。,
萬福寺,,東京都,大田区,35.5901189,139.7135427,C,寺院,萬福寺（まんぷくじ）は、東京都大田区にある曹洞宗の寺院。山号は慈眼山、開基は梶原景時と伝えられる。,
剣山神社,,徳島県,,34.0683542,134.5374644,C,神社,剣山神社（つるぎさんじんじゃ）は、徳島県徳島市眉山町の眉山公園に鎮座する神社。眉山剣山神社（びざんつるぎやまじんじゃ）などとも称される。,
安浄寺,,岩手県,,39.3838471,141.1135343,C,寺院,安浄寺（あんじょうじ）は、岩手県花巻市桜木町にある真宗大谷派の仏教寺院。本尊は阿弥陀如来。,
清水寺,,長野県,,36.5865521,138.2720165,C,寺院,阿弥陀山清水寺（せいすいじ）は、長野県長野市若穂保科にある真言宗智山派の寺院。信濃三十三観音霊場第16番札所。,
鳴海八幡宮,,愛知県,,35.0744699,136.9434195,C,神社,,
松蔭寺,,神奈川県,,35.5013166,139.6502308,C,寺院,松蔭寺（しょういんじ）は、神奈川県横浜市にある臨済宗建長寺派の寺院。山号は仙鶴山、本尊は木造釈迦如来立像。,
西雲院,,京都府,,35.0200399,135.789552,C,寺院,,
放生寺,,東京都,,35.7067352,139.7177314,C,寺院,放生寺（ほうしょうじ）は、東京都新宿区西早稲田二丁目にある高野山真言宗準別格本山の寺院である。山号は光松山（こうしょうざん）。,
小山八幡神社,,東京都,,35.6118782,139.6996,C,神社,小山八幡神社（こやまはちまんじんじゃ）は、東京都品川区荏原にある神社。旧小山村の鎮守。,
別宮大山祇神社,,愛媛県,,34.0687269,132.9952125,C,神社,別宮大山祇神社（べっくおおやまづみじんじゃ）は、愛媛県今治市にある神社。伊予国一宮の大山祇神社の別宮。,
公智神社,,兵庫県,,34.8322023,135.2369993,C,神社,公智神社（くちじんじゃ、こうちじんじゃ）は、兵庫県西宮市にある神社。延喜式神名帳に記されている式内小社で、旧社格は県社。,
正龍寺,,埼玉県,,36.1232531,139.1824105,C,寺院,正龍寺（しょうりゅうじ）は、埼玉県大里郡寄居町にある曹洞宗の寺院。,
府八幡宮,,静岡県,,34.7198672,137.8534369,C,神社,府八幡宮（ふはちまんぐう）は、静岡県磐田市中泉にある神社。旧社格は県社。,
大覚寺,,北海道,札幌市,43.0765034,141.3704014,C,寺院,大覚寺（だいかくじ）は北海道札幌市東区北10条東11丁目2-10にある曹洞宗の寺院。,
大隆寺,,愛媛県,,33.2152819,132.5763182,C,寺院,大隆寺（だいりゅうじ）は、愛媛県宇和島市に所在する寺院である。山号は金剛山。,
八坂神社,,大阪府,,34.6988323,135.4708959,C,神社,"八坂神社（やさかじんじゃ）は大阪市福島区海老江に鎮座する神社。
通称、海老の宮、海老江八坂神社。",
天真寺,,東京都,,35.6517078,139.7291649,C,寺院,天真寺（てんしんじ）は、東京都港区にある臨済宗大徳寺派の寺院。,
萱野神社,,滋賀県,,34.9868161,135.9245277,C,神社,,
法雲寺,,茨城県,,36.1290058,140.1457172,C,寺院,法雲寺（ほううんじ）は、茨城県土浦市にある臨済宗建長寺派の寺院。山号は大雄山。,
須賀神社,,栃木県,,36.3122835,139.7988694,C,神社,,
琴崎八幡宮,,山口県,,33.971881,131.270459,C,神社,,
八坂神社,,鹿児島県,,31.6055239,130.5681909,C,神社,八坂神社（やさかじんじゃ）は、鹿児島県鹿児島市清水町にあるJR鹿児島駅の北東約500mの稲荷川河口北側に鎮座する神社。鹿児島五社の第二の神社である。,
補陀落山 慈眼寺 観音院,,鳥取県,鳥取市,35.4962521,134.2417311,C,寺院,,
八坂神社,,千葉県,香取市,35.889686,140.5015808,C,神社,八坂神社（やさかじんじゃ）は、千葉県香取市佐原本宿にある神社である。佐原の大祭（祇園祭）で知られる。,
長松院,,滋賀県,,35.268942,136.2545394,C,寺院,,
文殊院,,東京都,,35.7559487,139.7096385,C,寺院,文殊院（もんじゅいん）は、東京都板橋区にある真言宗豊山派の寺院。,
勝専寺,,東京都,足立区,35.7495119,139.8010312,C,寺院,勝専寺（しょうせんじ）は、東京都足立区にある浄土宗の寺院。山門の色が赤いことから、別名「赤門寺」と呼ばれている。,
岩屋神社,,京都府,,34.9699991,135.8263424,C,神社,岩屋神社（いわやじんじゃ）は、京都府京都市山科区にある神社である。近代社格制度では郷社。,
東林院,,徳島県,,34.161389,134.5361193,C,寺院,東林院（とうりんいん）は徳島県鳴門市大麻町大谷に所在する高野山真言宗の寺院。八葉山 神宮寺 東林院と号す。,
源証寺,,東京都,,35.8075184,139.7644898,C,寺院,源証寺（げんしょうじ）は、東京都足立区にある浄土宗系の単立寺院。,
杜本神社,,大阪府,,34.5457111,135.6253297,C,神社,杜本神社（もりもとじんじゃ）は、大阪府にある神社。同名神社として羽曳野市・柏原市に1社ずつがあり、いずれも河内国安宿郡の式内社（名神大社）「杜本神社二座」の論社。,
豊中稲荷神社,,大阪府,,34.7908316,135.4654618,C,神社,,
千束稲荷神社,,東京都,,35.7269338,139.7903457,C,神社,千束稲荷神社（せんぞくいなりじんじゃ）は、東京都台東区竜泉にある神社。登記上の宗教法人名称は稲荷神社（いなりじんじゃ）。,
加太春日神社,,和歌山県,,34.2752027,135.0746458,C,神社,加太春日神社（かだかすがじんじゃ）は、和歌山県和歌山市加太にある神社。旧社格は村社。,
大宮神社,,和歌山県,,34.2541214,135.3122874,C,神社,大宮神社（おおみやじんじゃ）は和歌山県岩出市にある神社。,
星田神社,,大阪府,,34.7653434,135.6722481,C,神社,星田神社（ほしだじんじゃ）は、大阪府交野市星田にある神社。旧社格は村社。,
六所神社,,東京都,,35.6585234,139.6432292,C,神社,六所神社（ろくしょじんじゃ）とは、東京都世田谷区赤堤にある神社。地名を冠して赤堤六所神社（あかつつみろくしょじんじゃ）とも通称される。,
東観音寺,,愛知県,,34.6834027,137.4394663,C,寺院,東観音寺（とうかんのんじ）は、愛知県豊橋市にある臨済宗妙心寺派の寺院。山号は小松原山。,
鴻八幡宮,,岡山県,,34.4772148,133.8277635,C,神社,,
伝香寺,,奈良県,,34.6806285,135.8257577,C,寺院,伝香寺（でんこうじ）は、奈良県奈良市にある律宗の寺院。山号はなし。,
高屋敷稲荷神社,,福島県,,37.4069681,140.4481258,C,神社,,
櫻井寺,,奈良県,,34.3521664,135.6958809,C,寺院,桜井寺（さくらいじ）は、奈良県五條市にある浄土宗の寺院。山号は潤生山。,
大國玉神社,,茨城県,,36.3277129,140.0743506,C,神社,大国玉神社（おおくにたまじんじゃ）は、茨城県桜川市にある大国主命を祭神とする神社。愛称は明神さま。,
大国寺,,兵庫県,,35.0660409,135.1477971,C,寺院,大国寺（だいこくじ、大國寺）は 兵庫県丹波篠山市にある天台宗の寺院である。重要文化財指定の本堂や仏像を有し、「丹波の正倉院」と呼ばれる。,
相馬神社,,福島県,,37.7982324,140.9145294,C,神社,相馬神社（そうまじんじゃ）は相馬中村城跡に奉られた福島県相馬市にある神社。旧社格は県社。,
橘本神社,,和歌山県,海南市,34.1243055,135.1957817,C,神社,橘本神社（きつもとじんじゃ）は、和歌山県海南市にある神社である。菓祖・田道間守および熊野坐大神を祀り、菓子の神として崇敬される。,
岩槻大師彌勒密寺,,埼玉県,,35.943746,139.6949523,C,寺院,弥勒密寺（みろくみつじ、旧字体：彌勒密寺）は、埼玉県さいたま市岩槻区本町にある真言宗智山派の寺院。,
三寳寺,,京都府,,35.0352257,135.7012995,C,寺院,三宝寺（さんぽうじ）は、京都府京都市右京区鳴滝松本町にある日蓮宗の寺院。寺号の金映山妙護国院三寳寺は後水尾天皇より賜ったと伝わる。,
八幡神社,,東京都,,35.6046674,139.7423128,C,神社,,
綱敷天満宮,,兵庫県,,34.6444349,135.1191974,C,神社,綱敷天満宮（つなしきてんまんぐう）は、兵庫県神戸市須磨区にある神社（天満宮）。旧社格は村社。,
養寿院,,埼玉県,,35.9238722,139.4808687,C,寺院,,
大村神社,,三重県,,34.6703803,136.1837049,C,神社,大村神社（おおむらじんじゃ）は、三重県伊賀市阿保（あお）にある神社。式内社で、旧社格は県社。,
札幌伏見稲荷神社,,北海道,札幌市,43.0349657,141.3253697,C,神社,札幌伏見稲荷神社（さっぽろふしみいなりじんじゃ）は、北海道札幌市中央区伏見にある神社。旧社格は郷社。,
満福寺,,栃木県,,36.2093889,139.6987669,C,寺院,満福寺（まんぷくじ）は、栃木県下都賀郡野木町野渡にある曹洞宗の寺院。正式には、山号を西光山、院号を乾亨院、寺号を満福寺という。,
久多島神社,,鹿児島県,,31.5522453,130.3354402,C,神社,久多島（くたじま）は、鹿児島県日置市に属し、東シナ海に所在する島（無人島）である。,
法性寺,,東京都,,35.7075973,139.8180297,C,寺院,法性寺（ほっしょうじ）は、東京都墨田区業平五丁目にある日蓮宗の寺院。,
南湖神社,,福島県,,37.112358,140.2188612,C,神社,南湖神社（なんこじんじゃ）は、福島県白河市にある南湖県立自然公園（南湖公園）に鎮座する神社。祭神は松平定信。,
矢作神社,,愛知県,,34.9627303,137.1481442,C,神社,矢作神社（やはぎじんじゃ）は、愛知県岡崎市矢作町にある神社。主祭神は素盞嗚尊（すさのおのみこと）。,
桑津天神社,,大阪府,,34.6389542,135.5300158,C,神社,桑津天神社（くわづてんじんじゃ）は、大阪市東住吉区桑津三丁目にある神社。,
上新田天神社,,大阪府,,34.8039181,135.4969979,C,神社,上新田天神社（かみしんでんてんじんしゃ）は、大阪府豊中市上新田にある神社。旧社格は村社。,
松應寺,,愛知県,,34.9645865,137.1617438,C,寺院,松應寺（しょうおうじ）は、愛知県岡崎市松本町にある浄土宗の寺院。山号は能見山。,
與田寺,,香川県,,34.2419325,134.3210854,C,寺院,,
東高津宮,,大阪府,,34.6682109,135.5216797,C,神社,東高津宮（ひがしこうづぐう）は、大阪市天王寺区東高津町にある神社。旧社格は村社。,
薩都神社,,茨城県,,36.5684866,140.5388549,C,神社,,
秩父13番 旗下山 慈眼寺,,埼玉県,,35.9923956,139.0827014,C,寺院,慈眼寺（じげんじ）は、埼玉県秩父市にある曹洞宗の寺院で、山号は旗下山と号する。,
浄安寺,,埼玉県,,35.9540795,139.7012368,C,寺院,浄安寺（じょうあんじ）は、埼玉県さいたま市岩槻区にある浄土宗の寺院。,
仏眼寺,,宮城県,仙台市,38.2475481,140.8843587,C,寺院,仏眼寺（佛眼寺）（ぶつげんじ）は、宮城県仙台市若林区に所在する日蓮正宗の寺院。山号は法龍山（ほうりゅうざん）。,
富島神社,,大阪府,,34.713405,135.4954166,C,神社,富島神社（とみしまじんしゃ）は、大阪府大阪市北区中津に鎮座する神社。,
小野神社,,神奈川県,厚木市,35.4324296,139.3190489,C,神社,小野神社（おのじんじゃ）は、神奈川県厚木市小野に鎮座する神社。延長5年（927年）の『延喜式神名帳』に記載されている相模国の延喜式内社十三社の内の一社（小社）とされる。,
中嶋神社,,兵庫県,,35.5252499,134.862579,C,神社,中嶋神社（なかしまじんじゃ）は、兵庫県豊岡市にある神社である。式内社で、旧社格は県社。,
小戸神社,,兵庫県,,34.8290358,135.418999,C,神社,小戸神社（おおべじんじゃ）は、兵庫県川西市小戸に鎮座する神社。摂津国河辺郡の式内社。,
迫間不動,,岐阜県,,35.4312353,136.9422761,C,寺院,,
東海山 本源寺,,岡山県,,35.0622444,133.9939552,C,寺院,本源寺（ほんげんじ）は岡山県津山市にある臨済宗妙心寺派の寺院。,
三方石観世音,,福井県,,35.5617549,135.9145508,C,寺院,三方石観世音（三方石観音）は、福井県三方上中郡若狭町三方にある曹洞宗の観音堂。山号は大悲山、本尊は花崗岩の表面に彫られた磨崖仏の聖観世音菩薩。,
宝厳院,,京都府,,35.0141602,135.6740106,C,寺院,宝厳院（ほうごんいん）は、京都市右京区嵯峨天竜寺芒ノ馬場町にある臨済宗天龍寺派の寺院。大本山天龍寺の塔頭。,
上徳寺,,京都府,,34.995513,135.7640452,C,寺院,上徳寺（じょうとくじ）は、京都市下京区本塩竈町にある浄土宗の寺院。山号は塩竈山（えんそうざん）。,
丸山神明社,,愛知県,,35.1637027,136.9462903,C,神社,丸山神明社（まるやましんめいしゃ）とは愛知県名古屋市千種区丸山町に鎮座する神社である。単に丸山神社ともいう。,
若宮八幡宮,,高知県,,33.494949,133.5437238,C,神社,,
信光明寺,,愛知県,,35.0029995,137.1750969,C,寺院,信光明寺（しんこうみょうじ）は、愛知県岡崎市岩津町東山にある浄土宗の寺院。山号は弥勒山。,
大圓寺,,埼玉県,,35.9345845,139.6659723,C,寺院,大圓寺（だいえんじ）は、埼玉県さいたま市見沼区にある曹洞宗の寺院。,
柴岡山 光珍寺,,岡山県,,34.6648575,133.9244302,C,寺院,光珍寺（こうちんじ）は、岡山県岡山市北区にある天台宗の寺院。山号は柴岡山（しばおかやま）。,
天祖神社,,東京都,,35.7303153,139.7543391,C,神社,駒込天祖神社（こまごめてんそじんじゃ）は、東京都文京区本駒込にある神社。文治5年（1189年）源頼朝の奥州征伐の時、霊夢のお告げがあり神明を祀ると伝えられている。,
松江神社,,島根県,,35.4739328,133.0503341,C,神社,松江神社（まつえじんじゃ）は、島根県松江市殿町にある神社。松江城跡地にある。,
藤戸寺,,岡山県,,34.5600899,133.8094786,C,寺院,,
神坂神社,,長野県,阿智村,35.4600772,137.6505742,C,神社,,
明善寺,,岐阜県,,36.2559174,136.9065427,C,寺院,明善寺（みょうぜんじ）は、岐阜県大野郡白川村の荻町集落にある真宗大谷派の寺院で、山号を松原山と称する。合掌造りの寺として知られる。,
勝利八幡神社,,東京都,,35.6626787,139.6302918,C,神社,勝利八幡神社（しょうりはちまんじんじゃ）は東京都世田谷区桜上水にある神社である。旧上北沢村の鎮守。,
伊達神社,,宮城県,,38.5452986,140.8511851,C,神社,伊達神社（いだてじんじゃ）は、宮城県加美郡色麻町にある神社。式内社（名神大社）で、旧社格は村社。,
和泉國分寺,,大阪府,,34.4371456,135.4845055,C,寺院,和泉国分寺（いずみこくぶんじ）は、大阪府和泉市国分町にある高野山真言宗の寺院。山号は護国山。,
神門神社,,宮崎県,,32.3863281,131.3305749,C,神社,,
宮前御霊神社,,神奈川県,,35.3373896,139.5083919,C,神社,御霊神社（ごりょうじんじゃ）は神奈川県藤沢市宮前にある神社。,
長岳寺,,長野県,,35.4423372,137.7474167,C,寺院,,
最福寺,,千葉県,,35.562722,140.3602732,C,寺院,最福寺（さいふくじ）は、千葉県東金市にある単立寺院で、古くは顕本法華宗に属していた。山号は安國山。,
護国之寺,,岐阜県,,35.4462508,136.7955519,C,寺院,護国之寺（ごこくしじ）は、岐阜県岐阜市長良雄総にある高野山真言宗の寺院である。,
豊玉姫神社,,鹿児島県,,31.372623,130.4307571,C,神社,,
別格03 慈眼寺,,徳島県,上勝町,33.9402321,134.4307338,C,寺院,慈眼寺（じげんじ）は、徳島県勝浦郡上勝町に所在する高野山真言宗の寺院。山号は月頂山、院号は宝珠院と号す。,
豊鹿嶋神社,,東京都,,35.7578658,139.412845,C,神社,,
間々田八幡宮,,栃木県,,36.2742769,139.7658251,C,神社,,
荘厳浄土寺,,大阪府,,34.6123585,135.4990518,C,寺院,,
性翁寺,,東京都,,35.7639007,139.7662641,C,寺院,木余り 性翁寺（きあまり・しょうおうじ）は、東京都足立区にある浄土宗の寺院。通称は木余り。,
浄発願寺,,神奈川県,,35.4358812,139.2698618,C,寺院,浄発願寺（じょうほつがんじ）は、神奈川県伊勢原市にある天台宗の寺院。,
菩提院大御堂（十三鐘）,,奈良県,,34.6817397,135.8335732,C,寺院,,
定光院,,滋賀県,,35.0988383,135.8540113,C,寺院,横川定光院（よかわじょうこういん）は、滋賀県大津市坂本本町にある天台宗の寺院だが、管理は協定により日蓮宗が行っている。,
船津神社,,愛知県,東海市,35.0521205,136.9129092,C,神社,,
江沼神社,,石川県,,36.3090384,136.3082144,C,神社,江沼神社（えぬまじんじゃ）は、石川県加賀市大聖寺八間道55（大聖寺片原町）にある神社。旧社格は県社。,
於岩稲荷田宮神社,,東京都,,35.6747399,139.7831225,C,神社,於岩稲荷田宮神社（おいわいなりたみやじんじゃ）は、東京都中央区新川の神社。四谷怪談のお岩を祀っていることで知られている。,
西代神社,,大阪府,,34.4527931,135.5643717,C,神社,,
味舌天満宮,,大阪府,,34.7782881,135.5534056,C,神社,味舌天満宮（ましたてんまんぐう）は、大阪府摂津市三島にある神社。旧社格は村社。,
光泉寺,,群馬県,,36.6218107,138.5952868,C,寺院,光泉寺（こうせんじ）は、群馬県吾妻郡草津町にある真言宗豊山派の寺院である。山号は草津山。,
菖蒲池神社,,奈良県,,34.6935676,135.7592927,C,神社,あやめ池神社（あやめいけじんじゃ）は、奈良県奈良市あやめ池南九丁目にある神社。,
日鷲神社,,福島県,,37.545621,141.009942,C,神社,日鷲神社（ひわしじんじゃ）は、福島県南相馬市小高区にある神社である。旧社格は村社。,
寒河江八幡宮,,山形県,,38.3783794,140.2708179,C,神社,寒河江八幡宮（さがえはちまんぐう）は、山形県寒河江市にある神社である。旧社格は県社で、現在は神社本庁の別表神社。,
別格12 延命寺,,愛媛県,四国中央市,33.9565499,133.4203938,C,寺院,延命寺（えんめいじ）は、愛媛県四国中央市土居町土居に所在する真言宗御室派準別格本山の寺院。摩尼山（まにざん）、玲光院（れいこういん）と号す。,
来迎寺,,大阪府,松原市,34.5593357,135.5551017,C,寺院,来迎寺（らいこうじ/らいごうじ）は、大阪府松原市丹南3丁目にある融通念仏宗の寺院。詳名を諸仏山護念院と称し、中本山格六別寺の一寺である。,
長徳寺,,埼玉県,,35.8415979,139.6903669,C,寺院,,
豊足神社,,北海道,,43.1427055,141.1607401,C,神社,,
清岸寺,,滋賀県,,35.3146253,136.2953895,C,寺院,,
鎧神社,,東京都,新宿区,35.7044992,139.6915901,C,神社,,
町田天満宮,,東京都,,35.5384643,139.451726,C,神社,町田天満宮（まちだてんまんぐう）は、東京都町田市原町田にある神社である。,
新十津川神社,,北海道,,43.5714968,141.8695643,C,神社,"新十津川神社（しんとつかわじんじゃ）は、北海道樺戸郡新十津川町字中央37番地に所在する神社。
旧社格は県社。",
宗鏡寺,,兵庫県,豊岡市,35.4635955,134.8800021,C,寺院,宗鏡寺（すきょうじ）は兵庫県豊岡市出石町東條にある臨済宗大徳寺派の寺院。 山号は圓覚山。,
和貴宮神社,,京都府,,35.5355218,135.1941151,C,神社,和貴宮神社（わきのみやじんじゃ）は、京都府宮津市宮本に所在する神社。社格は旧村社。,
弘法寺,,岡山県,,34.6155106,134.1149261,C,寺院,弘法寺（こうぼうじ）は岡山県瀬戸内市牛窓町に所在する寺院。宗派は高野山真言宗。,
白笹稲荷神社,,神奈川県,,35.3651253,139.216448,C,神社,白笹稲荷神社（しらささいなりじんじゃ）は、神奈川県秦野市今泉にある神社。関東三大稲荷の一社。,
尾曳稲荷神社,,群馬県,,36.2448901,139.5470939,C,神社,尾曳稲荷神社（おびきいなりじんじゃ）は、群馬県館林市尾曳町にある神社。旧社格は村社、神饌幣帛料供進社。,
月照寺,,兵庫県,明石市,34.6502764,135.0006645,C,寺院,"北緯34度39分0秒 東経135度0分3.9秒
月照寺（げっしょうじ）は、兵庫県明石市人丸町にある曹洞宗の寺院。山号は人丸山。",
温泉神社,,長崎県,,32.7421207,130.2616638,C,神社,"温泉神社（うんぜんじんじゃ）は、長崎県雲仙市小浜町雲仙の湯町に鎮座する神社。
神仏習合により当神社を管理する別当寺として温泉山満明寺が開かれた。",
金輪寺,,東京都,,35.756825,139.7332896,C,寺院,,
泰聖寺,,大阪府,,34.6562093,135.5110077,C,寺院,泰聖寺（たいしょうじ）は、大阪市天王寺区下寺町にある西山浄土宗（浄土宗西山派）の仏教寺院。山号は銀龍山。,
金玉稲荷神社,,新潟県,新潟市,37.844845,139.0237644,C,神社,,
清和院,,京都府,,35.0274252,135.7394595,C,寺院,清和院（せいわいん）は、京都市上京区一観音町にある真言宗智山派の寺院。山号は河崎山。,
龍門寺,,兵庫県,,34.7801821,134.5757859,C,寺院,,
大恩寺,,愛知県,,34.8203819,137.3107933,C,寺院,大恩寺（だいおんじ）は、愛知県豊川市御津町御津山山麓にある浄土宗の寺院。山号は御津山。,
大宝神社,,滋賀県,,35.0403421,135.9805462,C,神社,大宝神社（だいほうじんじゃ）は、滋賀県栗東市にある神社。式内社で旧社格は郷社。,
比比多神社（子易明神）,,神奈川県,,35.4160737,139.2799141,C,神社,比比多神社（ひびたじんじゃ）は神奈川県伊勢原市上粕屋に鎮座する神社。,
三峯神社,,東京都,,35.6407469,139.6133777,C,神社,三峯神社（みつみねじんじゃ）は、東京都世田谷区の神社。地名を冠して砧三峯神社（きぬたみつみねじんじゃ）とも称される。,
安楽寺,,広島県,,34.4093268,132.4706689,C,寺院,安楽寺（あんらくじ）は広島県広島市東区牛田本町1丁目にある浄土真宗本願寺派の寺院。山号を壽永山という。,
岩屋寺,,京都府,,34.9689324,135.7960317,C,寺院,岩屋寺（いわやじ）は、京都市山科区にある曹洞宗の寺院（尼寺）。山号は神遊山。,
悟真寺,,長崎県,,32.7521806,129.8619965,C,寺院,悟真寺（ごしんじ）は長崎県長崎市にある浄土宗の寺院。正式名称は終南山光明院悟真寺。,
諏訪大神,,千葉県,,35.8418797,140.6592505,C,神社,,
阿弥陀寺,,滋賀県,,35.3547516,136.0365151,C,寺院,,
上野天満宮,,愛知県,,35.1807544,136.9570493,C,神社,上野天満宮（うえのてんまんぐう）は、愛知県名古屋市千種区赤坂町にある神社。（天満宮）。,
熊野神社,,兵庫県,,34.7434761,135.3729556,C,神社,,
平潟神社,,新潟県,,37.4468079,138.8457308,C,神社,平潟神社（ひらがたじんじゃ）は新潟県長岡市にある諏訪神社。境内には長岡空襲の犠牲者を慰霊する「長岡市戦災殉難者慰霊塔」もあった（1995年（平成7年）に隣接する平潟公園に移設）。,
法雲山 妙願寺,,岡山県,津山市,35.0589514,133.9986792,C,寺院,妙願寺（みょうがんじ）は、岡山県津山市戸川町にある浄土真宗本願寺派の寺院。通称は「鶴山御坊」。,
二柱神社,,宮城県,,38.319014,140.8858854,C,神社,二柱神社（ふたはしらじんじゃ）は、宮城県仙台市泉区市名坂にある神社。神社の名称は、2柱の神を祀ることに由来する。,
津門神社,,兵庫県,,34.7354401,135.349223,C,神社,津門神社（つとじんじゃ）は、西宮市にある神社（注：全国各地に同名の神社がある）。,
南新宮社,,愛知県,,35.1234969,136.9095652,C,神社,南新宮社（みなみしんぐうしゃ）は、愛知県名古屋市熱田区にある神社である。熱田神宮の境内摂社のひとつ。,
東岳寺 (足立区),,東京都,,35.7977883,139.7885809,C,寺院,東岳寺（とうがくじ）は、東京都足立区にある曹洞宗系の単立寺院。,
五劫院,,奈良県,,34.694545,135.8381476,C,寺院,五劫院（ごこういん）は、奈良県奈良市北御門町にある華厳宗の寺院。東大寺末。,
東圓寺,,埼玉県,,35.8107376,139.5962447,C,寺院,東圓寺（とうえんじ）は、埼玉県朝霞市にある真言宗智山派の寺院。,
正法寺,,東京都,,35.7202002,139.8015604,C,寺院,正法寺（しょうほうじ、または、しょうぼうじ）は、東京都台東区東浅草にある日蓮宗の寺院。山号は誠向山。,
安国寺,,栃木県,,36.4015847,139.8764166,C,寺院,安国寺（あんこくじ）は、栃木県下野市にある真言宗智山派の寺院。山号は医王山。,
萬祥山 大岳院,,鳥取県,倉吉市,35.4318898,133.8276012,C,寺院,大岳院（だいがくいん）とは、鳥取県倉吉市にある曹洞宗の仏教寺院。本尊は釈迦牟尼佛。,
宇波西神社,,福井県,若狭町,35.5869069,135.9064824,C,神社,宇波西神社（うわせじんじゃ）は、福井県三方上中郡若狭町気山字寺谷129-5にある神社。式内社（名神大社）。,
水天宮,,北海道,,43.1927901,141.0042269,C,神社,水天宮（すいてんぐう）は、北海道小樽市にある神社。旧社格は郷社。,
日運寺,,千葉県,南房総市,35.0144124,139.944748,C,寺院,日運寺（にちうんじ）は、千葉県南房総市にある寺院。寺域には昭和45年（1970年）に植樹した約2万株のアジサイが咲き、房総のあじさい寺といわれている。,
皇足穂吉田大御神宮,,長野県,,36.667282,138.212355,C,神社,,
神明神社,,福井県,,36.068561,136.2195729,C,神社,,
慈眼寺,,埼玉県,,35.8997854,139.5929127,C,寺院,慈眼寺（じげんじ）は、埼玉県さいたま市西区にある天台宗の寺院。通称は水波田（みずはた）観音。,
宝珠院,,愛知県,,35.139776,136.8484191,C,寺院,寶珠院（ほうじゅいん）とは愛知県名古屋市中川区中郷にある真言宗智山派の寺院。なごや七福神の大黒天をまつる。,
神津神社,,大阪府,,34.7204778,135.4846045,C,神社,神津神社（かみつじんじゃ）は、大阪市淀川区十三東に鎮座する神社。,
柴島神社,,大阪府,,34.730891,135.5144888,C,神社,,
永明寺,,島根県,,34.4697175,131.77001,C,寺院,永明寺（ようめいじ）は、島根県鹿足郡津和野町にある曹洞宗の寺。山号は覚皇山（かくおうざん）。,
法然寺,,京都府,,35.018265,135.675168,C,寺院,法然寺（ほうねんじ）は、京都市右京区嵯峨天竜寺立石町にある、浄土宗の寺院。 法然上人二十五霊跡第19番札所（熊谷入道護持の御影）。,
御杖神社,,奈良県,,34.4943188,136.1946235,C,神社,御杖神社（みつえじんじゃ）は、奈良県宇陀郡御杖村にある神社。式内小社で、旧社格は郷社。,
正覚院,,千葉県,,35.7295911,140.1152237,C,寺院,正覚院（しょうかくいん）は、千葉県八千代市村上にある真言宗豊山派の寺院。山号は池證山。,
常福寺 (足立区),,東京都,,35.8031923,139.7880701,C,寺院,常福寺（じょうふくじ）は、東京都足立区にある真宗大谷派の寺院。,
白龍神社,,愛知県,,35.1667099,136.8903131,C,神社,白龍神社（はくりゅうじんじゃ）は、愛知県名古屋市中村区にある神社である。,
住吉神社,,大阪府,,34.7093571,135.4630252,C,寺院,,
多聞寺,,東京都,,35.7384884,139.8193072,C,寺院,多聞寺（たもんじ）は、東京都墨田区にある真言宗智山派の寺院。,
八王子神社,,千葉県,,35.7439859,140.0626451,C,神社,八王子神社（はちおうじじんじゃ）は、千葉県船橋市古和釜町にある神社である。旧社格は村社。,
真福寺,,神奈川県,,35.5594841,139.5598472,C,寺院,,
浄法寺,,群馬県,,36.1913617,139.0596987,C,寺院,浄法寺（じょうぼうじ）は、群馬県藤岡市にある天台宗の寺院。正式な名称は広厳山般若浄土院浄法寺。,
秩父14番 長岳山今宮坊,,埼玉県,,35.9950587,139.0786807,C,寺院,今宮坊（いまみやぼう）は、埼玉県秩父市にある臨済宗南禅寺派の寺院で、山号は長岳山と号する。,
満願寺,,神奈川県,,35.234255,139.6761428,C,寺院,,
強巴林,,愛知県,,35.2257451,136.99229,C,寺院,強巴林（チャンバリン）は、日本国：愛知県名古屋市守山区青葉台に所在するチベット仏教の寺院。,
妙覚寺,,東京都,,35.6904499,139.8772905,C,寺院,妙覚寺（みょうかくじ）は、東京都江戸川区一之江六丁目にある日蓮宗の寺院である。山号は金嶋山。,
京善寺,,大阪府,大阪市,34.6386728,135.5304732,C,寺院,京善寺（きょうぜんじ）は、大阪市東住吉区にある真言宗御室派の寺院。山号は心王山。,
北向山不動院,,京都府,,34.9521875,135.75291,C,寺院,北向山不動院（きたむきざんふどういん）は、京都市伏見区にある天台宗系単立の寺院。山号は北向山。,
八幡竃門神社,,大分県,,33.3324043,131.483268,C,神社,八幡竈門神社（はちまんかまどじんじゃ）は、大分県別府市大字内竈に鎮座する神社である。,
徳願寺,,静岡県,,34.9588328,138.3520291,C,寺院,徳願寺（とくがんじ）は静岡県静岡市駿河区に所在する曹洞宗の寺院。山号・大窪山（だいあさん）。,
厳島神社,,福島県,,37.5048169,139.9542575,C,神社,厳島神社（いつくしまじんじゃ）は福島県会津若松市の神社。かつては宗像神社といい、永徳年間に地元の豪族、石塚、石部、堂家の三家によって建てられた。,
慈眼寺,,神奈川県,,35.3498482,139.5020564,C,寺院,慈眼寺（じげんじ、じがんじ）は、神奈川県藤沢市渡内にある曹洞宗の寺院。山号は無量山。,
村檜神社,,栃木県,,36.3696878,139.6244553,C,神社,村檜神社（村桧神社、むらひじんじゃ）は、栃木県栃木市にある神社。旧社格は郷社。,
福島県護國神社,,福島県,,37.7673869,140.4683214,C,神社,,
敬満神社,,静岡県,,34.8174706,138.2038305,C,神社,敬満神社（けいまんじんじゃ/きょうまんじんじゃ）は、静岡県島田市阪本にある神社。式内社（名神大社）で、旧社格は郷社。,
滋賀県護国神社,,滋賀県,,35.2748183,136.2567484,C,神社,滋賀縣護國神社（しがけんごこくじんじゃ）は、滋賀県彦根市にある神社（護国神社）。戊辰戦争から第二次世界大戦までの滋賀県関係の戦歿者3万4千余柱を祀る。,
妙圓寺,,東京都,,35.6707793,139.7122555,C,寺院,妙円寺（みょうえんじ）は、東京都渋谷区にある日蓮宗の寺である。山号は蓮光山。,
貫井神社,,東京都,,35.6984787,139.4937277,C,神社,,
宥勝寺,,埼玉県,,36.2160427,139.1840547,C,寺院,宥勝寺（ゆうしょうじ）は、埼玉県本庄市栗崎にある真言宗智山派の寺院。山号は西光山。,
如意輪寺,,兵庫県,,34.877913,134.660629,C,寺院,如意輪寺（にょいりんじ）は、兵庫県姫路市に所在する寺院である。山号は補陀落山（ふだらくさん）。,
三宿神社,,東京都,,35.6509033,139.6742356,C,神社,三宿神社（みしゅくじんじゃ）は東京都世田谷区三宿にある神社。,
春日神社,,東京都,,35.5814264,139.72045,C,神社,春日神社（かすがじんじゃ）とは、東京都大田区にある神社。新井宿の鎮守であり、新井宿春日神社（あらいじゅくかすがじんじゃ）、大森春日神社（おおもりかすがじんじゃ）等とも称される。,
水神社,,秋田県,秋田県大仙市豊川字観音堂57番,39.5503008,140.5873338,C,神社,水神社（すいじんじゃ）は、秋田県大仙市にある神社。,
金富神社,,福岡県,,33.6504084,131.0659227,C,神社,,
啓運山盛隆寺,,岡山県,,34.6108617,133.8688531,C,寺院,,
薬師院,,岡山県,,34.7893294,133.6200418,C,寺院,,
人見神社,,千葉県,君津市,35.3371585,139.8672404,C,神社,人見神社（ひとみじんじゃ）は、千葉県君津市にある神社。,
荻窪八幡神社,,東京都,杉並区,35.7106212,139.6063292,C,神社,,
安立寺,,神奈川県,,35.6118476,139.5676104,C,寺院,安立寺（あんりゅうじ）は、神奈川県川崎市多摩区にある日蓮宗の寺院。,
東漸寺,,千葉県,,35.6819934,140.0222173,C,寺院,東漸寺（とうぜんじ）は、千葉県習志野市にある真言宗豊山派の寺院。山号は竜宝山。,
芬陀院,,京都府,,34.9763037,135.7720766,C,寺院,芬陀院（ふんだいん）は、京都市東山区にある臨済宗の寺院。臨済宗東福寺派大本山･東福寺の塔頭である。,
済松寺,,東京都,,35.7060223,139.7278589,C,寺院,済松寺（さいしょうじ）は、東京都新宿区榎町にある臨済宗妙心寺派の寺院。山号は蔭凉山。,
専福寺,,東京都,,35.6716925,139.7323703,C,寺院,専福寺（せんぷくじ）は、東京都港区にある浄土真宗本願寺派の寺院。,
松尾神社,,兵庫県,,34.822472,135.3843549,C,神社,松尾神社（まつおじんじゃ）は兵庫県宝塚市山本にある神社である。地元では「東の宮さん」と呼ばれ、西の天満神社と並んで旧川辺郡山本村の産土神。,
西本願寺鹿児島別院,,鹿児島県,鹿児島市,31.5938813,130.5550149,C,寺院,本願寺鹿児島別院（ほんがんじかごしまべついん）は、鹿児島県鹿児島市東千石町にある浄土真宗本願寺派の直属寺院（別院）である。,
見性寺,,徳島県,,34.1319646,134.5228578,C,寺院,,
十日恵比須神社,,福岡県,,33.6042339,130.4186119,C,神社,十日恵比須神社（とおかえびすじんじゃ）は、福岡県福岡市博多区にある神社である。事代主命（恵比須神）・大国主命（大黒神）を祀る。,
日枝神社,,静岡県,,34.9716728,138.92837,C,神社,日枝神社（ひえじんじゃ）は、静岡県伊豆市修善寺に鎮座する神社である。源範頼が兄・源頼朝から幽閉された修禅寺の信功院があった場所。,
北谷稲荷,,東京都,,35.6653973,139.7003348,C,神社,北谷稲荷神社（きたやいなりじんじゃ）は、東京都渋谷区神南一丁目に鎮座する神社である。,
泉福寺,,埼玉県,,35.9815831,139.5244857,C,寺院,泉福寺（せんぷくじ）は、埼玉県桶川市にある天台宗の寺院である。山号は東叡山。,
白髭神社,,埼玉県,,35.9413609,139.389715,C,神社,,
感応寺,,東京都,,35.6886016,139.8786675,C,寺院,感應寺（かんのうじ）は、東京都江戸川区一之江七丁目にある日蓮宗の寺院、山号は江久山、蓮光院とも称す。,
本立寺,,東京都,,35.7269578,139.7150327,C,寺院,本立寺（ほんりゅうじ）は、東京都豊島区にある日蓮宗の寺院。,
大福寺,,静岡県,,34.829281,137.5496933,C,寺院,大福寺（だいふくじ）は、静岡県浜松市浜名区にある高野山真言宗の寺院。山号は瑠璃山。,
新田神社,,群馬県,太田市,36.3175612,139.3776979,C,神社,新田神社（にったじんじゃ）は、群馬県太田市金山町にある神社。新田義貞を祭神として祀る。,
大興寺,,静岡県,,34.7311353,138.1583136,C,寺院,大興寺（だいこうじ）は、静岡県牧之原市西萩間（にしはぎま）にある曹洞宗の寺院。山号は龍門山。,
厳島神社,,京都府,,35.0181409,135.7620463,C,神社,厳島神社（いつくしまじんじゃ）は、京都府京都市上京区、京都御苑内にある神社。堺町御門の西側、九条池の中島に鎮座し、「池の弁天さん」と称される。,
筒井神社,,滋賀県,,35.1281305,136.3698857,C,神社,,
源立寺,,大阪府,,34.8241036,135.4237945,C,寺院,源立寺（げんりゅうじ）は、大阪市池田市に所在する日蓮正宗の寺院だが、正信会僧侶が居住・占有している。山号は恵日山（えにちさん）。,
石堂寺,,千葉県,南房総市,35.0521308,139.9579117,C,寺院,石堂寺（いしどうじ）は、千葉県南房総市にある、天台宗の寺院。山号は長安山。,
中山寺,,福井県,,35.4962221,135.5007309,C,寺院,中山寺（なかやまでら）は、福井県高浜町にある真言宗御室派の寺院。山号は青葉山。,
観音寺,,大阪府,,34.4764046,135.4368863,C,寺院,,
安養寺,,長野県,佐久市,36.2661235,138.5122537,C,寺院,安養寺（あんようじ）は長野県佐久市安原にある臨済宗妙心寺派の寺院。山号は宝林山。,
天照皇大神,,神奈川県,,35.5504333,139.663706,C,神社,天照皇大神（あまてらすすめおおかみ/てんしょうこうたいじん）は神奈川県川崎市幸区南加瀬1丁目にある神社。,
深川神社,,愛知県,瀬戸市,35.2280121,137.102691,C,神社,,
廣福寺,,神奈川県,,35.6148782,139.5593646,C,寺院,広福寺（こうふくじ）は、神奈川県川崎市多摩区にある真言宗豊山派の寺院。,
誓願寺,,静岡県,,34.9480693,138.32675,C,寺院,,
楞厳寺,,愛知県,,34.9760715,136.9895548,C,寺院,楞厳寺（りょうごんじ）は、愛知県刈谷市天王町6-7にある曹洞宗の寺院。山号は神守山。,
尾上神社,,兵庫県,,34.743744,134.8240532,C,神社,尾上神社（おのえじんじゃ）は、兵庫県加古川市にあり住吉四所を祀っている神社。,
泊神社,,兵庫県,,34.7641689,134.8242286,C,神社,泊神社（とまりじんじゃ）は、兵庫県加古川市に鎮座する神社である。旧社格は郷社。,
常栄山自性院,,東京都,,35.5474039,139.7406161,C,寺院,,
厚木神社,,神奈川県,,35.442984,139.3702571,C,神社,厚木神社（あつぎじんじゃ）は、神奈川県厚木市にある神社。旧称は牛頭天王社と称し、厚木村の鎮守であった。,
膳所神社,,滋賀県,,34.9947411,135.8904194,C,神社,膳所神社（ぜぜじんじゃ）は、滋賀県大津市にある神社。旧社格は県社。,
西迎寺,,東京都,,35.6912142,139.7209572,C,寺院,,
半木神社,,京都府,,35.0498029,135.7616882,C,神社,半木神社（なからぎじんじゃ）は京都市左京区の京都府立植物園内に位置する神社である。,
弘仁寺,,奈良県,奈良市,34.6287045,135.8535621,C,寺院,弘仁寺（こうにんじ）は、奈良県奈良市虚空蔵町にある高野山真言宗の寺院。山号は虚空蔵山。,
泉龍院,,愛知県,,34.8974317,137.4704304,C,寺院,,
熊野那智神社,,宮城県,名取市,38.1873445,140.8385957,C,神社,熊野那智神社（くまのなちじんじゃ）は、宮城県名取市にある神社である。名取熊野三社のうちの一社。,
志氐神社,,三重県,,34.9907305,136.6328735,C,神社,志氐神社（しでじんじゃ）は三重県四日市市羽津地区大宮町に立地する古墳跡地の神社。神紋は十六弁菊である。,
真龍寺,,大阪府,,34.8497435,135.5547774,C,寺院,,
高岡神社,,高知県,,33.2210213,133.1244037,C,神社,,
一之宮神社,,鹿児島県,,31.5629925,130.546093,C,神社,一之宮神社（いちのみやじんじゃ）は鹿児島市郡元二丁目にある神社。鹿児島三社の一の宮にあたるが、「一之宮」には薩摩国一宮である枚聞神社の末社という位置づけもある。,
雨宝院,,京都府,,35.0324098,135.7464514,C,寺院,,
二子神社,,神奈川県,,35.6086369,139.6215365,C,神社,二子神社（ふたこじんじゃ）は、神奈川県川崎市高津区二子一丁目にある神社。元は神明社と称していたが、明治時代に大六天と稲荷を合祀し、村名をとって二子神社と改称した。,
中氷川神社,,埼玉県,,35.7895582,139.397982,C,神社,中氷川神社（なかひかわじんじゃ）は、埼玉県所沢市三ケ島にある、氷川信仰の神社である。三ケ島（みかじま）村の鎮守で、旧村社。,
廣済寺,,兵庫県,,34.7469022,135.4314076,C,寺院,広済寺（こうさいじ）は、兵庫県尼崎市にある日蓮宗の寺院。山号は久々知山。,
少林寺,,福岡県,福岡市,33.592932,130.3954341,C,寺院,少林寺（しょうりんじ）は福岡県福岡市にある浄土宗の寺院。山号は大凉山（だいりょうざん）。,
鹽竈神社,,東京都,,35.6631541,139.7545257,C,神社,,
水口神社,,滋賀県,甲賀市,34.9676597,136.1674028,C,神社,水口神社（みなくちじんじゃ）は、滋賀県甲賀市水口町宮の前にある神社。式内社で、旧社格は県社。,
駒留八幡神社,,東京都,,35.641123,139.660535,C,神社,,
熊野新宮社,,宮城県,,38.2030251,140.8467762,C,神社,熊野神社（くまのじんじゃ）は、宮城県名取市にある神社である。名取熊野三社のうちの一社。,
城岡神社,,静岡県,,35.1007132,138.8595763,C,神社,"城岡神社（しろおかじんじゃ）は、静岡県沼津市大手町に所在する神社。
かつて当地に所在した沼津城（の二の丸）の名残となる神社である。",
南方神社,,鹿児島県,,31.6097229,130.5692692,C,神社,南方神社（みなみかたじんじゃ）は鹿児島県鹿児島市清水町に鎮座する神社。鹿児島五社の第一（筆頭）である。,
秀麓斎,,宮城県,,38.1905155,140.8469822,C,寺院,,
敬台寺,,徳島県,,34.0736076,134.5432232,C,寺院,敬台寺（きょうだいじ）は、徳島県徳島市にある日蓮正宗の寺院。山号は心蓮山。,
八幡宮,,新潟県,,37.6328281,138.9514046,C,神社,三条八幡宮（さんじょうはちまんぐう）は、新潟県三条市の神社。,
高山神社,,群馬県,,36.3004551,139.3735911,C,神社,,
無量光寺,,和歌山県,,34.2202047,135.1745574,C,寺院,,
金剛心院,,京都府,,35.6099515,135.2209393,C,寺院,,
玉窓寺,,東京都,,35.6700979,139.723034,C,寺院,,
女塚神社,,東京都,,35.565467,139.7123615,C,神社,女塚神社（おなづかじんじゃ）は東京都大田区の神社。,
高山八幡宮,,奈良県,,34.7450708,135.72226,C,神社,,
大野湊神社,,石川県,,36.5960819,136.5982872,C,神社,大野湊神社（おおのみなとじんじゃ）とは、石川県金沢市に鎮座する猿田彦大神を祭神とする神社である。,
本山寺,,岡山県,,34.9446681,134.0098235,C,寺院,本山寺（ほんざんじ）は岡山県久米郡美咲町にある天台宗の寺院。山号は岩間山（いわまさん）。,
大典寺,,沖縄県,,26.2167643,127.677971,C,寺院,大典寺（だいてんじ）は、沖縄県那覇市にある浄土真宗本願寺派の寺院。,
白幡八幡大神,,神奈川県,,35.5971697,139.5707474,C,神社,白幡八幡大神（しらはたはちまんだいじん）は、神奈川県川崎市宮前区平（武蔵国橘樹郡）にある神社。玉依姫命、応神天皇、神功皇后を祀る。,
満足稲荷神社,,京都府,,35.0106171,135.7785372,C,神社,,
建福寺,,長野県,,35.8380381,138.0565577,C,寺院,建福寺（けんぷくじ）は、長野県伊那市高遠町西高遠にある臨済宗妙心寺派の寺院である。,
円乗院,,東京都,,35.655422,139.6609171,C,寺院,円乗院（えんじょういん）は、東京都世田谷区にある真言宗豊山派の寺院。,
長慶寺,,富山県,,36.7115139,137.1904123,C,寺院,,
金剛院 (豊島区),,東京都,,35.7272703,139.6955505,C,寺院,,
光福寺,,東京都,,35.5974349,139.7317232,C,寺院,光福寺（こうふくじ）は、東京都品川区にある浄土真宗東本願寺派の単立寺院。,
八幡神社,,千葉県,,35.7614145,139.9928174,C,神社,,
天祖神社,,東京都,,35.6534036,139.7405716,C,神社,元神明宮（もとしんめいぐう）は、東京都港区三田一丁目に鎮座する神社である。,
白石神社,,北海道,,43.040252,141.4282887,C,神社,,
秩父03番 岩本山常泉寺,,埼玉県,,36.0123002,139.1069149,C,寺院,常泉寺（じょうせんじ）は埼玉県秩父市にある曹洞宗の寺院で、山号は岩本山と号する。秩父札所の第三番であり、また、秩父市の史跡に指定されている。,
足助八幡宮,,愛知県,,35.1342007,137.3107995,C,神社,,
愛染院,,東京都,新宿区,35.6855585,139.7243823,C,寺院,愛染院（あいぜんいん）は、東京都新宿区にある真言宗豊山派の寺院。,
瓦屋禅寺,,滋賀県,,35.1247585,136.1836998,C,寺院,瓦屋寺（かわらやじ）は、滋賀県東近江市建部瓦屋寺町にある臨済宗妙心寺派の寺院。山号は石崎山。,
弘前天満宮,,青森県,弘前市,40.6015204,140.4595678,C,神社,天満宮（てんまんぐう）は青森県弘前市西茂森、西方岩木山に相対し眼下に先達ヶ渕を見下ろす景勝地に鎮座する神社（天満宮）。地名を冠して弘前天満宮（ひろさきてんまんぐう）とも称される。,
荏名神社,,岐阜県,,36.1351091,137.2709983,C,神社,,
国土安穏寺,,東京都,,35.7817588,139.7951087,C,寺院,国土安穏寺（こくどあんのんじ）は、東京都足立区島根にある日蓮宗の寺院。山号は天下長久山。,
睦神社,,埼玉県,,35.847068,139.6537346,C,神社,睦神社（むつみじんじゃ） は、埼玉県さいたま市南区にある神社。総本社は富士山本宮浅間大社。,
常光 圓満寺,,大阪府,,34.7600055,135.5218724,C,寺院,常光円満寺（じょうこうえんまんじ）は、大阪府吹田市元町にある高野山真言宗の寺院。山号は慧日山。,
光厳寺,,群馬県,,36.4076333,139.0379858,C,寺院,光巌寺（こうがんじ）は、群馬県前橋市にある天台宗の寺院。正式名は秋元山 江月院 光巌寺（あきもとさん こうげついん こうがんじ）、本尊は釈迦如来。,
妙法寺,,静岡県,富士市,35.1405367,138.712735,C,寺院,妙法寺（みょうほうじ）は、静岡県富士市にある日蓮宗の寺院。旧本山は身延山久遠寺(身延門流)、鏡師法縁(善学会)。,
東大社,,千葉県,,35.805916,140.6861695,C,神社,東大社（とうだいしゃ）は、千葉県香取郡東庄町（下総国香取郡）にある神社。旧社格は県社。,
善應寺,,群馬県,,36.3263749,139.1909404,C,寺院,善應寺（ぜんのうじ）は、群馬県伊勢崎市にある天台宗の寺院である。山号は施無畏山。,
玄賓庵,,奈良県,,34.536686,135.855063,C,寺院,玄賓庵（げんぴあん）は奈良県桜井市茅原にあり、三輪山麓に建つ真言宗醍醐派の寺院である。,
普賢寺,,山口県,,33.9216221,131.9681576,C,寺院,"普賢寺（ふげんじ）は、山口県光市室積8-6-1にある臨済宗建仁寺派の寺院。
普賢寺に安置してある普賢菩薩は延命の仏、海の守護仏として信仰を集めている。",
樫原三ノ宮神社,,京都府,,34.9716286,135.69046,C,神社,三ノ宮神社（さんのみやじんじゃ）は、京都市西京区樫原杉原町にある神社である。社格は旧村社。,
安国禅寺（臨済宗）,,長野県,,35.9886929,138.1408839,C,寺院,安国寺（あんこくじ）または安国禅寺は、長野県茅野市にある臨済宗妙心寺派の寺院。山号は泰平山。,
須賀神社,,佐賀県,,33.3027199,130.2050481,C,神社,,
子鍬倉神社,,福島県,,37.0564969,140.885876,C,神社,子鍬倉神社（こくわくらじんじゃ）は、福島県いわき市平字揚土にある神社。式内小社で、旧社格は県社。,
松江護國神社,,島根県,,35.476703,133.0496192,C,神社,松江護國神社（まつえごこくじんじゃ）は、島根県松江市の松江城址にある神社（護国神社）である。,
福善寺,,広島県,,34.4122326,133.2029347,C,寺院,,
鶴峯八幡神社,,千葉県,富津市,35.2529886,139.8692635,C,神社,,
来迎寺,,兵庫県,,34.6684044,135.1755667,C,寺院,来迎寺（らいごうじ）は兵庫県神戸市兵庫区島上町にある浄土宗西山派の仏教寺院。,
妙覚寺 (稲城市),,東京都,,35.6324179,139.5142702,C,寺院,妙覚寺（みょうかくじ）は、東京都稲城市にある臨済宗建長寺派の寺院。山号は雲騰山。,
奥石神社,,滋賀県,,35.1300548,136.1619531,C,神社,奥石神社（おいそじんじゃ）は、滋賀県近江八幡市安土町東老蘇にある神社。式内社で、旧社格は県社。,
青峯山 正福寺,,三重県,,34.4103738,136.826213,C,寺院,正福寺（しょうふくじ）は、三重県鳥羽市松尾町にある、高野山真言宗の仏教寺院。山号は青峯山（あおのみねさん）で、同名の山（海抜336メートル）の頂上付近にある。,
多武峯内藤神社,,東京都,,35.6850093,139.7152927,C,神社,多武峯内藤神社（とうのみねないとうじんじゃ）は、東京都新宿区の神社。,
尾長天満宮,,広島県,,34.4043646,132.4800107,C,神社,尾長天満宮（おながてんまんぐう）は、広島県広島市東区山根町にある神社。,
別格19 寶幢山 香西寺,,香川県,高松市,34.347619,133.9939302,C,寺院,,
別格9番 文殊院,,愛媛県,松山市,33.764466,132.8108093,C,寺院,文殊院（もんじゅいん）は愛媛県松山市に所在する真言宗醍醐派の寺院。大法山（だいほうざん）、文殊院（もんじゅいん）、徳盛寺（とくじょうじ）と号す。,
秩父33番 延命山 菊水寺,,埼玉県,,36.0309044,139.0423706,C,寺院,,
大光寺,,長崎県,,32.7434255,129.8827806,C,寺院,大光寺（だいこうじ）は、長崎市にある浄土真宗本願寺派の寺院。本尊は阿弥陀如来。,
伏木神社,,富山県,,36.7957747,137.0553287,C,神社,伏木神社（ふしきじんじゃ）は、富山県高岡市伏木にある神社である。毎年5月の第3土曜日とその前日である金曜日、2日間にわたって斎行される例祭「伏木曳山祭」（別名「けんか山」）で有名。,
浄土寺,,東京都,,35.6742155,139.7354661,C,寺院,,
真照寺,,神奈川県,,35.4150093,139.6211639,C,寺院,真照寺（しんしょうじ）は、神奈川県横浜市磯子区磯子にある高野山真言宗の寺院。山号は禅馬山。,
常光院,,京都府,,35.0183803,135.7878477,C,寺院,常光院（じょうこういん）は、京都市左京区黒谷町にある浄土宗の寺院。大本山金戒光明寺の塔頭。,
普門山弘安寺,,福島県,,37.5024073,139.8228302,C,寺院,弘安寺（こうあんじ）は、福島県大沼郡会津美里町にある曹洞宗の寺院。山号は普門山。,
彌栄神社,,島根県,,34.4658465,131.7715412,C,神社,弥栄神社（やさかじんじゃ）は、島根県鹿足郡津和野町後田にある神社である。,
第六天神社,,東京都,,35.6789059,139.6121402,C,神社,,
布良崎神社,,千葉県,館山市,34.9173741,139.8263857,C,神社,布良崎神社（めらさきじんじゃ）は、千葉県館山市布良にある神社。旧社格は郷社。,
天神社,,奈良県,,34.5158532,135.7465496,C,神社,天神社（てんじんしゃ）は、奈良県大和高田市三和町にある神社。高田天神社とも呼ばれる。,
綾部神社,,佐賀県,,33.3605868,130.4411269,C,神社,,
智山派宝幢院,,東京都,,35.5481445,139.7064601,C,寺院,宝幢院（ほうどういん）は、東京都大田区西六郷にある真言宗智山派の寺院。,
生子神社（泣き相撲）,,栃木県,,36.5383658,139.7377175,C,神社,生子神社（いきこじんじゃ）は栃木県鹿沼市樅山町（もみやままち）の西部丘陵部の縁辺に鎮座する神社。旧社格は村社。,
大陽寺,,埼玉県,,35.9081437,138.9711833,C,寺院,大陽寺（たいようじ）は、埼玉県秩父市にある臨済宗建長寺派の寺院。なお、字は「太陽寺」ではなく「大陽寺」である。,
斎年寺,,愛知県,,34.9326833,136.8251099,C,寺院,斉年寺（さいねんじ）は、愛知県常滑市大野町にある曹洞宗の寺院。山号は萬松山。,
長生寺,,山梨県,,35.5661139,138.902932,C,寺院,,
廣畑天満宮,,兵庫県,,34.8071626,134.6338329,C,神社,廣畑天満宮（ひろはたてんまんぐう、広畑天満宮）は、兵庫県姫路市広畑区北野町に鎮座する神社。旧社格は村社。,
大正寺,,東京都,,35.655316,139.5456981,C,寺院,大正寺（たいしょうじ）は、東京都調布市にある新義真言宗の寺院。,
蒲生神社,,栃木県,,36.5683107,139.885316,C,神社,,
蓮華寺,,大阪府,,34.7014996,135.5055114,C,寺院,,
西宮成田山圓満寺,,兵庫県,,34.7345857,135.3340412,C,寺院,円満寺（えんまんじ）は兵庫県西宮市社家町一丁目にある仏教寺院。 高野山真言宗別格本山、山号は医王山。,
秋田諏訪宮,,秋田県,,39.4237545,140.5430506,C,神社,,
琴平神社,,神奈川県,,35.5819766,139.5178591,C,神社,琴平神社（ことひらじんじゃ）は神奈川県川崎市麻生区にある神社である。,
摩耶寺,,東京都,,35.6117866,139.7003629,C,寺院,摩耶寺（まやじ）は、東京都品川区荏原7丁目にある寺院。摩耶夫人像を祀っていることで知られる。,
亘理神社,,宮城県,亘理町,38.0337724,140.8507891,C,神社,亘理神社（わたりじんじゃ）は、宮城県亘理町にある神社である。別名「亘理招魂社」、「おだて」とも。,
蓮華寺,,青森県,,40.8240813,140.7493736,C,寺院,,
氷川神社,,神奈川県,,35.581667,139.3612804,C,神社,氷川神社（ひかわじんじゃ）は神奈川県相模原市中央区にある神社。地名を冠して相模原氷川神社（さがみはらひかわじんじゃ）とも。,
八雲神社,,東京都,,35.7860998,139.7249443,C,神社,八雲神社（やくもじんじゃ）は東京都北区の神社。地名を冠して岩淵八雲神社（いわぶちやくもじんじゃ）とも称される。,
寶袋寺,,神奈川県,,35.525342,139.5213083,C,寺院,寶帒寺（ほうたいじ、寶袋寺、宝袋寺）は、神奈川県横浜市緑区にある曹洞宗の仏教寺院である。山号は八幡山。,
若江鏡神社,,大阪府,,34.6529285,135.6040918,C,神社,,
秋葉神社,,長野県,,36.6534271,138.1910939,C,神社,,
小物忌神社,,山形県,,39.1957641,139.5536642,C,神社,小物忌神社（おものいみじんじゃ）は、山形県酒田市の離島、飛島にある神社である。旧社格は郷社。,
大豊神社,,京都府,,35.0182325,135.7962164,C,神社,大豊神社（おおとよじんじゃ）は、京都市左京区鹿ケ谷宮ノ前町にある神社。狛犬ではなく鼠の像があることで有名である。,
久居八幡宮,,三重県,,34.6753807,136.4730454,C,神社,久居八幡宮（ひさいはちまんぐう）は、三重県津市久居二ノ町にある神社。本殿の建築様式は神明造、社殿は破風(唐破風)向拝寄棟造。,
胸肩神社,,青森県,,40.5945684,140.4780725,C,神社,,
法華寺,,愛媛県,,34.0156627,133.0332092,C,寺院,法華寺（ほっけいじ）は、愛媛県今治市桜井に所在する真言律宗の寺院である。本尊は十一面観音菩薩。,
大井俣窪八幡神社,,山梨県,,35.7047379,138.6900153,C,神社,大井俣窪八幡神社（おおいまたくぼはちまんじんじゃ）は、山梨県山梨市にある神社。通称窪八幡神社。,
大宮大原神社,,千葉県,,35.6868426,140.0639762,C,神社,大原大宮神社（おおはらおおみやじんじゃ）は、千葉県習志野市実籾にある神社。旧社格は村社。,
南泉寺,,東京都,,35.7290683,139.7662515,C,寺院,南泉寺（なんせんじ）は、東京都荒川区にある臨済宗妙心寺派の寺院。,
矢田寺,,京都府,,35.0089073,135.7672571,C,寺院,,
正蓮寺,,大阪府,,34.6855659,135.4484759,C,寺院,正蓮寺（しょうれんじ）は大阪府大阪市此花区伝法にある日蓮宗の仏教寺院。旧本山は大本山本圀寺（六条門流）。,
淀川神社,,大阪府,,34.7182433,135.521205,C,神社,淀川神社（よどがわじんじゃ）は、大阪市都島区毛馬町にある神社。,
多珂神社,,福島県,,37.6005356,140.9926314,C,神社,多珂神社（たかじんじゃ）は、福島県南相馬市原町区にある神社。式内社（名神大社）論社で、旧社格は県社。,
大久寺,,東京都,,35.735918,139.7549082,C,寺院,大久寺（だいきゅうじ）は、東京都北区にある法華宗陣門流の寺院。,
三八城神社,,青森県,,40.5139533,141.4878045,C,神社,三八城神社（みやぎじんじゃ）は、青森県八戸市内丸にある三八城公園内にある神社。江戸時代後期から明治時代初期に流行した藩祖を祀った神社のひとつ。,
石坐神社,,滋賀県,,35.0003864,135.8880128,C,神社,石坐神社（いわいじんじゃ）は、滋賀県大津市にある神社。式内社で、旧社格は村社。,
青龍山 勝国寺,,東京都,,35.6479578,139.6524011,C,寺院,勝国寺（しょうこくじ）は、東京都世田谷区にある新義真言宗の寺院。所在地が世田谷城の裏鬼門に位置しており、鬼門除けのために薬師如来を安置して祀ったのが起りとされる。,
安養院,,埼玉県,,36.2420586,139.1833283,C,寺院,安養院（あんよういん）は、埼玉県本庄市にある曹洞宗の寺院。山号は若泉山。,
篠路神社,,北海道,札幌市,43.1462251,141.3649652,C,神社,,
倭文神社,,奈良県,,34.6568016,135.8045824,C,神社,倭文神社（しずりじんじゃ）は、奈良県奈良市西九条町二丁目にある神社。,
卯子酉神社,,岩手県,,40.0093402,141.8521764,C,神社,,
功徳林寺,,東京都,,35.7249979,139.7688748,C,寺院,功徳林寺（くどくりんじ）は、東京都台東区にある浄土宗の寺院。,
念仏寺,,奈良県,,34.6836169,135.824707,C,寺院,念佛寺（ねんぶつじ）は、奈良県奈良市漢国町7番地にある浄土宗の寺院である。山号は降魔山。,
安養寺,,岡山県,,34.6359524,133.7589735,C,寺院,安養寺（あんようじ）は、岡山県倉敷市にある高野山真言宗の寺院である。,
長久寺,,大阪府,,34.6715584,135.5161996,C,寺院,,
蓮光寺,,東京都,,35.7253494,139.7554121,C,寺院,,
大神山神社,,東京都,小笠原村,27.0965518,142.1941532,C,神社,"大神山神社（おおがみやまじんじゃ）は、東京都小笠原村父島にある神社。
父島中心部の大村集落裏手にある大神山の山腹に位置し、大神山公園（大神山地区）に隣接する。",
海蔵寺,,東京都,,35.6137593,139.7407019,C,寺院,海蔵寺（かいぞうじ）は、東京都品川区にある時宗の寺院。,
春光院,,京都府,,35.024193,135.7195354,C,寺院,春光院（しゅんこういん）は、京都市右京区花園の臨済宗大本山妙心寺の塔頭寺院で、大庫裏の北に位置する。,
妖怪神社,,鳥取県,,35.5458594,133.2257888,C,神社,妖怪神社（ようかいじんじゃ）とは、鳥取県境港市の水木しげるロードにある神社。運営会社は境港市大正町のアイズ。,
石神社,,東京都,,35.795948,139.2254612,C,神社,石神社（いしがみしゃ）は東京都青梅市二俣尾にある神社である。,
稱念寺,,奈良県,橿原市今井町,34.5060757,135.7856068,C,寺院,称念寺（稱念寺・しょうねんじ）は、奈良県橿原市今井町にある浄土真宗本願寺派の寺院。山号は今井山。,
壱岐神社,,長崎県,,33.8110902,129.7626475,C,神社,壱岐神社（いきじんじゃ）は、長崎県壱岐市に鎮座する神社である。,
仲仙寺,,長野県,,35.8882985,137.9148591,C,寺院,仲仙寺（ちゅうせんじ）は、長野県伊那市にある天台宗の寺院。山号は羽広山。,
大泉寺,,東京都,,35.5992615,139.4112809,C,寺院,大泉寺（だいせんじ）は、東京都町田市にある曹洞宗の寺院。,
妙延寺,,東京都,,35.7515682,139.5885461,C,寺院,妙延寺（みょうえんじ）は、東京都練馬区東大泉3丁目にある日蓮宗の寺院。旧本山は大本山法華経寺、達師法縁。,
秩父07番 青苔山 法長寺,,埼玉県,,35.9838863,139.1078763,C,寺院,法長寺（ほうちょうじ）は、埼玉県秩父郡横瀬町にある曹洞宗の寺院で、山号は青苔山と号する。秩父札所の第七番であり、横瀬町の史跡に指定されている。,
宝生寺,,東京都,,35.6850243,139.2704949,C,寺院,宝生寺（ほうしょうじ、旧字体：寶生寺）は、東京都八王子市にある真言宗智山派の寺院。,
薬王寺,,東京都,,35.8115434,139.3094564,C,寺院,,
厭離庵,,京都府,,35.0228446,135.6708608,C,寺院,厭離庵（えんりあん）は、京都府京都市右京区にある臨済宗天龍寺派の寺院（尼寺）。山号は如意山。,
松井神社,,熊本県,,32.5093052,130.5987846,C,神社,松井神社（まついじんじゃ）は、熊本県八代市北の丸町に鎮座する神社である。旧社格は郷社。,
縣神社,,千葉県,,35.5424959,140.2981211,C,神社,,
願成寺,,岩手県,,38.9203167,141.1306509,C,寺院,,
本覚寺,,東京都,,35.7132424,139.7865172,C,寺院,本覚寺（ほんがくじ）は、東京都台東区松が谷にある日蓮宗の寺院。山号は龍鳴山。,
光明寺,,東京都,,35.6624221,139.7454417,C,寺院,光明寺（こうみょうじ）は、東京都港区にある浄土真宗本願寺派の寺院。梅の花で有名。,
海徳寺,,東京都,,35.6160487,139.7428905,C,寺院,海徳寺（かいとくじ）は、東京都品川区南品川にある日蓮宗の寺院。自覚山松陽院。,
安楽寺,,神奈川県,寒川町,35.3713658,139.3879025,C,寺院,安楽時（あんらくじ）は神奈川県高座郡寒川町にある高野山真言宗の寺院。元中本寺。,
阿太加夜神社,,島根県,,35.4329949,133.126233,C,神社,,
金剛寺,,東京都,,35.7519978,139.7299245,C,寺院,,
威徳寺,,東京都,,35.6763252,139.7350992,C,寺院,威徳寺（いとくじ）は、東京都港区にある真言宗智山派の寺院。,
岡山県護国神社,,岡山県,,34.6573346,133.9551511,C,神社,岡山県護国神社（おかやまけんごこくじんじゃ）とは岡山県岡山市中区奥市にある護国神社である。旧社格は内務大臣指定護国神社で、戦後別表神社となった。,
浮羽稲荷,,福岡県,,33.3229674,130.791678,C,神社,浮羽稲荷神社（うきはいなりじんじゃ）は、福岡県うきは市浮羽町流川1513-9に鎮座する神社である。,
小国両神社,,熊本県,小国町,33.1200294,131.0732608,C,神社,小国両神社（おぐにりょうじんじゃ）は、熊本県阿蘇郡小国町宮原に鎮座する神社。,
不動堂明王院,,京都府,,34.9867692,135.7537044,C,寺院,不動堂明王院（ふどんどうみょうおういん）は、京都府京都市下京区にある寺院である。,
春日神社,,大阪府,,34.8313479,135.511476,C,神社,春日神社（かすがじんじゃ）は大阪府箕面市小野原西に鎮座する神社。,
居神神社,,神奈川県,小田原市,35.246798,139.1481812,C,神社,居神神社（いがみじんじゃ）は、神奈川県小田原市の旧小田原宿、板橋口（上方口）近くに鎮座する三浦荒次郎義意公を主祭神に祀る神社。,
水観寺,,滋賀県,,35.011477,135.8545257,C,寺院,水観寺（すいかんじ）は、滋賀県大津市園城寺町にある天台寺門宗の寺院。総本山園城寺の別所。,
塩尾寺,,兵庫県,,34.805753,135.3260607,C,寺院,塩尾寺(えんぺいじ)は、兵庫県宝塚市にある浄土宗の寺院。山号は潮泉山 (ちょうせんざん)。,
香積院,,愛知県,,35.1469683,136.9571842,C,寺院,,
白毫寺,,兵庫県,,35.1961105,135.0939921,C,寺院,,
久修園院,,大阪府,,34.8781599,135.6822505,C,寺院,久修園院（くしゅうおんいん）は、大阪府枚方市楠葉にある真言律宗の別格本山の寺院。行基四十九院の一つである。,
正受院,,東京都,,35.7514979,139.7337059,C,寺院,正受院（しょうじゅいん）は、東京都北区滝野川二丁目にある浄土宗の寺院。,
高売布神社,,兵庫県,,34.9587453,135.2673418,C,神社,,
福勝寺,,京都府,,35.0217386,135.7413127,C,寺院,福勝寺（ふくしょうじ）は、京都市上京区にある真言宗善通寺派の寺院。山号は竹林山。,
東霧島神社,,宮崎県,,31.8454173,131.0599526,C,神社,東霧島神社（つまきりしまじんじゃ）は、宮崎県都城市東霧島（つまぎりしま）にある神社。延喜式内社の論社であり、旧社格は県社。,
福應神社,,兵庫県,,34.7257852,135.3552399,C,神社,,
磯良神社,,宮城県,,38.5379143,140.8641722,C,神社,,
眞観寺,,大阪府,,34.6197371,135.5756498,C,寺院,真観寺（しんかんじ）は、大阪府八尾市にある臨済宗南禅寺派の寺院。,
法清寺,,大阪府,,34.698683,135.5028597,C,寺院,法清寺（ほうせいじ）は、大阪府大阪市北区曾根崎に位置する日蓮宗の寺院である。山号は光智山。,
昌伝庵,,宮城県,仙台市,38.2477684,140.8834398,C,寺院,昌傳庵（しょうでんあん）は、宮城県仙台市若林区荒町にある曹洞宗の寺院。新字体を用いて「昌伝庵」と書く場合もある。,
藤川天神,,鹿児島県,薩摩川内市,31.9337616,130.3131444,C,神社,,
水上山 龍源院,,神奈川県,座間市,35.4853959,139.3950287,C,寺院,,
鉾持神社,,長野県,,35.8403062,138.0556423,C,神社,,
桜井神社,,愛知県,,34.9253016,137.0962498,C,神社,櫻井神社（さくらいじんじゃ、桜井神社）は、愛知県安城市桜井町桜林17番地にある神社。,
半田稲荷神社,,東京都,,35.7757003,139.8775367,C,神社,半田稲荷神社（はんだいなりじんじゃ）は、東京都葛飾区東金町にある稲荷神社である。尾張徳川家の立願所であった。,
眞光寺,,群馬県,,36.4994641,139.0001795,C,寺院,,
落合白山神社,,東京都,,35.6224267,139.4286801,C,神社,白山神社（はくさんじんじゃ）は東京都多摩市落合字青木葉に鎮座する神社。旧社格は村社。,
璉珹寺,,奈良県,,34.6732179,135.8333325,C,寺院,璉珹寺（れんじょうじ）は、奈良市西紀寺町にある浄土真宗遣迎院派の寺院。,
牛尾観音 (法厳寺),,京都府,,34.9689561,135.8478398,C,寺院,,
応声教院,,静岡県,,34.7374432,138.0706318,C,寺院,応声教院（おうしょうきょういん）は、静岡県菊川市にある浄土宗の寺院。山号は松風霊山。,
下居神社,,京都府,,34.8801492,135.8011738,C,神社,下居神社（おりいじんじゃ）は、京都府宇治市にある神社である。額田王の歌碑がある。,
土崎神明社,,秋田県,,39.7571846,140.0709375,C,神社,土崎神明社（つちざきしんめいしゃ）は、秋田県秋田市にある神社である。旧社格は県社。,
霊丘神社,,長崎県,,32.7821965,130.3759774,C,神社,,
鹿児島県護国神社,,鹿児島県,,31.6085208,130.5409521,C,神社,,
相馬神社,,北海道,札幌市,43.0205123,141.3648016,C,神社,相馬神社（そうまじんじゃ）は北海道札幌市豊平区平岸にある神社。旧社格は無格社。,
神明神社,,愛知県,,34.6772512,137.0059046,C,神社,,
薬林寺,,埼玉県,,35.8078718,139.7324047,C,寺院,,
盛雲寺,,東京都,,35.7426563,139.7304911,C,寺院,,
奈良町天神社,,奈良県,,34.6783489,135.8371819,C,神社,天神社（てんじんしゃ）は、奈良県奈良市高畑町にある神社。奈良町天神社とも呼ばれる。,
難波寺,,大阪府,,34.6537721,135.5433899,C,寺院,,
永弘院,,愛知県,,35.1817941,136.9530197,C,寺院,永弘院（ようこういん/えいこういん）は、名古屋市千種区にある臨済宗妙心寺派の寺院。山号を上野山と称する。,
心清水八幡神社,,福島県,,37.5748676,139.7982514,C,神社,心清水八幡神社（こころしみずはちまんじんじゃ）は、福島県河沼郡会津坂下町塔寺にある神社。塔寺八幡宮とも呼ばれている。,
長圓寺,,東京都,,35.7535369,139.8057222,C,寺院,,
阿保神社,,大阪府,,34.5820764,135.5568043,C,神社,,
恵明寺,,東京都,,35.7648568,139.850223,C,寺院,恵明寺（えみょうじ）は、東京都葛飾区にある真言宗智山派の寺院。新四国四箇領八十八箇所霊場第11番札所。,
五十鈴神社,,宮城県,,38.9070893,141.5791857,C,神社,五十鈴神社（いすずじんじゃ）は、宮城県気仙沼市神明崎に鎮座する神社。旧社格は村社。,
行善寺,,東京都,,35.616065,139.6295428,C,寺院,,
草加神社,,埼玉県,,35.8275706,139.8005179,C,神社,,
白山神社,,宮城県,,38.2513533,140.9034815,C,神社,"白山神社（はくさんじんじゃ）は、仙台市若林区木ノ下にある神社。
日本各地に数ある白山神社の一つで、陸奥国分寺の境内にある。",
本松寺,,兵庫県,,34.6506392,134.9993929,C,寺院,本松寺（ほんしょうじ）は、兵庫県明石市上ノ丸にある日蓮宗の寺院。旧本山は大本山本圀寺(六条門流)、奠師法縁(奠統会)。,
願教寺,,岩手県,,39.71303,141.1541726,C,寺院,,
磐椅神社,,福島県,,37.571246,140.1048732,C,神社,磐椅神社（いわはしじんじゃ）は福島県猪苗代町の神社。旧社格は県社。,
艮御崎神社,,岡山県,,34.6425275,133.7188122,C,神社,,
足立神社,,埼玉県,,35.8886417,139.6466324,C,神社,,
寂光寺,,大阪府,,34.7532379,135.5541559,C,寺院,寂光寺（じゃっこうじ）は、大阪市東淀川区南江口にある日蓮宗の寺院（尼寺）。山号は寶林山。,
春日神社,,福岡県,,33.8654335,130.7729915,C,神社,"春日神社（かすがじんじゃ）は福岡県北九州市八幡西区黒崎地区にある神社で、春日宮や黒田神社とも称される。
『日本三代実録』に記載される「筑前国鳥野神」に充てられる国史見在社の論社。",
随念寺,,愛知県,,34.9595374,137.1724619,C,寺院,,
秩父17番 実正山 定林寺,,埼玉県,,36.0057418,139.0843054,C,寺院,定林寺（じょうりんじ）は、埼玉県秩父市にある曹洞宗の寺院で、山号は実正山と号する。,
法華寺,,北海道,,41.429292,140.1132307,C,寺院,法華寺（ほっけじ）は、北海道松前郡松前町にある日蓮宗の寺院である。,
十二所神社,,茨城県,大子町,36.7737217,140.3525631,C,神社,十二所神社（じゅうにしょじんじゃ）は、茨城県久慈郡大子町大子にある神社である。,
城興寺,,京都府,,34.9801294,135.7589847,C,寺院,城興寺（じょうこうじ）は、京都市南区にある真言宗の寺院。山号は瑞寶山（ずいほうざん）。,
鴨大神御子神主玉神社,,茨城県,,36.3507502,140.1598576,C,神社,,
洪福寺,,神奈川県,,35.4562759,139.606551,C,寺院,洪福寺（こうふくじ）は、神奈川県横浜市西区にある臨済宗建長寺派の寺院。洪福寺交差点は交通の要衝として知られる。,
福徳稲荷神社,,山口県,下関市豊浦町宇賀2960-1,34.1971183,130.9342158,C,神社,,
銀杏岡八幡神社,,東京都,,35.6980619,139.7858458,C,神社,,
沼津日枝神社,,静岡県,沼津市,35.101249,138.8688565,C,神社,日枝神社（ひえじんじゃ）は、静岡県沼津市平町にある神社。,
七所社,,愛知県,,35.1584931,136.8403914,C,神社,七所社（しちしょしゃ）は、愛知県名古屋市中村区にある神社。『延喜式神名帳』の尾張国愛智郡「御田神社」の有力な論社とされる。,
鹿島大神宮,,福島県,郡山市,37.4729132,140.4743651,C,神社,,
観音寺,,埼玉県,,35.8566969,139.3129002,C,寺院,,
法性寺,,神奈川県,,35.3073374,139.567708,C,寺院,法性寺（ほっしょうじ）は、神奈川県逗子市久木にある日蓮宗の寺院。,
瀬田玉川神社,,東京都,世田谷区,35.6199662,139.6259308,C,神社,,
久成寺,,神奈川県,,35.3513065,139.5097028,C,寺院,久成寺（くじょうじ）は、神奈川県鎌倉市にある日蓮宗の寺院。,
差出磯大嶽山神社,,山梨県,,35.696913,138.6845063,C,神社,差出磯大嶽山神社（さしでのいそ だいたけさんじんじゃ）は、山梨県山梨市の差出の磯にある神社。,
照光山無量寺 禅定院,,東京都,練馬区,35.7375471,139.6048523,C,寺院,,
春日神社,,岐阜県,,35.4822542,136.9172464,C,神社,春日神社（かすがじんじゃ）は、岐阜県関市にある神社。,
往生寺,,長野県,,36.6659378,138.1773226,C,寺院,往生寺（おうじょうじ）は、長野県長野市にある浄土宗の寺院。山号は安楽山、院号は菩提院。,
埴生護国八幡宮,,富山県,,36.6668085,136.8516465,C,神社,埴生護国八幡宮（はにゅう ごこく はちまんぐう）は、富山県小矢部市にある神社（八幡宮）。,
蓮谷稲荷神社,,埼玉県,,36.0209626,139.7203895,C,神社,,
十輪寺,,兵庫県,,34.7472544,134.7998374,C,寺院,十輪寺（じゅうりんじ）は、兵庫県高砂市高砂町横町にある浄土宗西山禅林寺派の寺院。山号は宝瓶山。,
野田恵美須神社,,大阪府,,34.6883879,135.4792308,C,神社,,
澤田八幡神社,,大阪府,,34.5710361,135.6114696,C,神社,沢田八幡神社（さわだはちまんじんじゃ）は、大阪府藤井寺市沢田にある神社。旧社格は村社。,
成身院,,埼玉県,,36.1674389,139.123524,C,寺院,成身院（じょうしんいん）は、埼玉県本庄市にある真言宗豊山派の寺院。平等山成身院小平百体観音として児玉三十三霊場第1番札所となっている。,
大泉寺,,愛知県,,35.4190677,136.96697,C,寺院,大泉寺（だいせんじ）は、愛知県犬山市栗栖768にある臨済宗妙心寺派の寺院。山号は補陀落山。,
国領神社,,東京都,,35.6528239,139.5526131,C,神社,國領神社（こくりょうじんじゃ）は東京都調布市国領町1丁目に鎮座する神社。登記上の宗教法人名称は新字体を用いた国領神社（こくりょうじんじゃ）。,
本法寺,,東京都,,35.7036039,139.8102037,C,寺院,本法寺（ほんぽうじ）は、東京都墨田区横川一丁目にある日蓮宗の寺院。山号は妙栄山。,
健田須賀神社,,茨城県,,36.302448,139.8748632,C,神社,健田須賀神社（たけだすがじんじゃ）は、茨城県結城市にある神社である。旧社格は県社。,
龍雲禅院,,東京都,文京区,35.7213241,139.7502473,C,寺院,,
白山神社,,東京都,,35.6293821,139.3589034,C,神社,,
善行寺,,愛知県,,35.1551922,136.8744547,C,寺院,善行寺（ぜんぎょうじ）は、愛知県名古屋市中川区愛知町にある真宗大谷派の寺院。山号は安井山（やすいさん）、本尊は阿弥陀如来。,
別格4 鯖大師本坊 本堂,,徳島県,海陽町,33.6481435,134.3849201,C,寺院,八坂寺（やさかでら）は徳島県海部郡海陽町に所在する高野山真言宗の寺院。八坂山（やさかざん）、正覚院（ しょうがくいん）と号す。,
久延彦神社,,奈良県,,34.5309371,135.8514223,C,神社,久延彦神社（くえびこじんじゃ）は、奈良県桜井市三輪にある神社。久延彦社（くえびこしゃ）とも。,
南禅院,,京都府,,35.0102073,135.7939013,C,寺院,南禅院（なんぜんいん）は、京都市左京区南禅寺福地町にある臨済宗南禅寺派の寺院。大本山南禅寺の塔頭。,
玉山神社,,鹿児島県,,31.6463672,130.3523989,C,神社,玉山神社（たまやまじんじゃ）は鹿児島県日置市東市来町美山に鎮座する神社。旧社格は村社。,
福海寺,,兵庫県,,34.6699554,135.168172,C,寺院,福海寺（ふくかいじ）は、兵庫県神戸市兵庫区西柳原町にある寺院。臨済宗南禅寺派の諸山の格式を持つ。,
玄要寺,,香川県,,34.28836,133.7931181,C,寺院,玄要寺（げんようじ）は、香川県丸亀市南条町にある寺院。臨済宗妙心寺派に属する。,
渡海神社,,千葉県,銚子市,35.7053564,140.8476404,C,神社,渡海神社（とかいじんじゃ）は、千葉県銚子市にある神社である。社格は郷社。,
別格14 常福寺椿堂,,愛媛県,四国中央市,33.9897032,133.6351332,C,寺院,常福寺（じょうふくじ）は愛媛県四国中央市川滝町にある高野山真言宗の寺院。邦治山(ほうちざん)、不動院(ふどういん)、椿堂（つばきどう）常福寺（じょうふくじ）と号す。,
萩原寺,,香川県,,34.0711003,133.6884286,C,寺院,,
性海寺,,兵庫県,,34.742845,135.0261147,C,寺院,潮海寺（しょうかいじ）は、兵庫県神戸市西区にある高野山真言宗の寺院。山号は高和山。,
四恩寺,,埼玉県,,35.9167802,139.6261219,C,寺院,四恩寺（しおんじ）は、埼玉県さいたま市大宮区土手町にある日蓮宗の寺院。山号は立正山（りっしょうざん）。,
采女神社,,奈良県,,34.6818475,135.8302127,C,神社,,
実光院,,京都府,,35.1205517,135.8341564,C,寺院,実光院（じっこういん）は、京都市左京区大原勝林院町にある天台宗の寺院。大原寺勝林院の塔頭。,
美作国分寺,,岡山県,津山市,35.0500544,134.0418442,C,寺院,,
但馬国分寺,,兵庫県,,35.4724176,134.7731267,C,寺院,但馬国分寺（たじまこくぶんじ）は、兵庫県豊岡市日高町国分寺にある浄土宗の寺院。山号は護国山。,
浄土寺,,神奈川県,横須賀市,35.2829848,139.6505712,C,寺院,浄土寺（じょうどじ）は、神奈川県横須賀市西逸見町にある、親鸞を宗祖とする浄土真宗本願寺派（西本願寺）の寺院。鎌倉時代の武将・畠山重忠の建立。,
津島神社,,奈良県,,34.5527508,135.7922384,C,神社,津島神社（つしまじんじゃ）は、奈良県磯城郡田原本町にある神社である。旧田原本村（現田原本町中心部）の産土神。,
神明大一社,,愛知県,,35.2810735,136.8743235,C,神社,,
大洞弁財天,,滋賀県,,35.2855952,136.2651636,C,寺院,,
阿弥陀寺,,神奈川県,,35.2381899,139.0967513,C,寺院,,
鮎貝八幡宮,,山形県,,38.1900839,140.0755652,C,神社,,
浄正寺,,東京都,,35.7355732,139.7797706,C,寺院,浄正寺（じょうしょうじ）は、東京都荒川区にある浄土宗の寺院。,
随徳寺,,東京都,,35.7227039,139.7841871,C,寺院,,
羽咋神社,,石川県,,36.8970634,136.7796907,C,神社,,
沖田神社,,岡山県,,34.637854,133.9830426,C,神社,沖田神社（おきたじんじゃ）は、岡山県岡山市中区にある神社。岡山市の干拓地総鎮守。,
Habu shrine,,千葉県,,35.7840636,140.3108558,C,神社,埴生神社（はぶじんじゃ）は、千葉県成田市にある神社である。旧社格は郷社。,
鏡神社,,奈良県,,34.6753377,135.8459354,C,神社,南都鏡神社（なんとかがみじんじゃ）は、奈良県奈良市高畑町にある神社。旧社格は村社。,
諏訪神社,,徳島県,,34.0756958,134.5355603,C,神社,諏訪神社（すわじんじゃ）は、徳島県徳島市にある神社である。眉山北麓の諏訪山に位置し、「佐古のお諏訪さん」として親しまれている。,
天翁院,,栃木県,,36.321405,139.8010473,C,寺院,天翁院（てんのういん）は、栃木県小山市本郷町一丁目にある曹洞宗の寺院。,
下神明天祖神社,,東京都,,35.606756,139.7263753,C,神社,下神明天祖神社（しもしんめいてんそじんじゃ）は、東京都品川区二葉にある神社。登記上の宗教法人名称は天祖神社（てんそじんじゃ）。,
萩原神社,,大阪府,,34.5373714,135.5324815,C,神社,,
縁城寺,,京都府,京丹後市,35.659675,135.0703805,C,寺院,,
秩父22 華台山童子堂,,埼玉県,,36.0072798,139.0731686,C,寺院,,
浜名惣社神明宮,,静岡県,,34.8115475,137.5524517,C,神社,濱名惣社神明宮（はまなそうしゃしんめいぐう）は、静岡県浜松市浜名区三ケ日町にある神社である。,
本龍寺,,北海道,札幌市,43.0817308,141.3762092,C,寺院,本龍寺（ほんりゅうじ）は北海道札幌市東区にある日蓮宗の寺院。山号は妙見山。,
星影神社,,千葉県,,35.7428843,140.0173827,C,神社,星影神社（ほしかげじんじゃ）は、千葉県船橋市二和西にある神社である。旧社格は村社。,
網野神社,,京都府,,35.683737,135.0271246,C,神社,網野神社（あみのじんじゃ）は、京都府京丹後市網野町網野にある神社。式内社であり、府社であった。,
長善寺,,東京都,,35.6901027,139.7148102,C,寺院,,
西方寺,,京都府,,35.012967,135.7781119,C,寺院,,
報佛寺,,茨城県,,36.366319,140.4155469,C,寺院,報仏寺（ほうぶつじ）は、茨城県水戸市にある真宗大谷派の寺院。,
妙教寺,,京都府,,34.9101072,135.719307,C,寺院,妙教寺（みょうきょうじ）は京都府京都市伏見区にある法華宗真門流の寺である。,
三の丸神社,,大阪府,岸和田市岸城町,34.457764,135.3680169,C,神社,三の丸神社（さんのまるじんじゃ）は、大阪府岸和田市にある神社。,
金光山 岡山寺,,岡山県,,34.6646359,133.9248918,C,寺院,岡山寺（おかやまじ）は、岡山県岡山市北区にある天台宗の仏教寺院。山号は金光山（こんこうざん）。,
神楽坂若宮八幡宮,,東京都,,35.6997288,139.7401145,C,神社,,
中禅寺,,長野県,,36.3361166,138.1855094,C,寺院,中禅寺（ちゅうぜんじ）は、長野県上田市前山にある真言宗智山派の寺院。山号は竜王山、院号は延命院。,
明徳寺,,静岡県,,34.9039871,138.927514,C,寺院,明徳寺（みょうとくじ）は、静岡県伊豆市にある曹洞宗の古刹。東司（便所）の守護神とされる「烏枢沙摩明王（うすさまみょうおう）」を祀る。,
福厳寺,,東京都,,35.7075118,139.8034852,C,寺院,福厳寺（ふくごんじ）は、東京都墨田区にある曹洞宗の寺院。,
恵明寺,,東京都,,35.7665493,139.7637969,C,寺院,恵明寺（えみょうじ）は、東京都足立区江北二丁目にある真言宗（単立）の寺院。,
春日神社,,大阪府,,34.8768417,135.6246106,C,神社,春日神社（かすがじんじゃ）は大阪府高槻市成合北の町に鎮座する神社。,
荒田八幡神社,,鹿児島県,,31.5742094,130.5535442,C,神社,,
猿江神社,,東京都,江東区,35.6858031,139.814253,C,神社,,
成田山萬福院,,愛知県,名古屋市,35.1623141,136.9127474,C,寺院,,
不空院 (Fukūin),,奈良県,,34.6766352,135.8466241,C,寺院,不空院（ふくういん）は、奈良県奈良市高畑町にある真言律宗の寺院。山号は春日山（しゅんにちさん）。,
遍照寺,,栃木県,,36.4093952,139.9569963,C,寺院,,
霊松寺,,大阪府,,34.8564045,135.61517,C,寺院,,
正定寺,,茨城県,,36.1964604,139.7006796,C,寺院,正定寺（しょうじょうじ）は、茨城県古河市大手町（東片町）にある浄土宗の寺院。正式には、山号を証誠山、院号を宝地院、寺号を正定寺という。,
浅間神社,,千葉県,,35.7738237,139.8975676,C,神社,,
八幡神社,,静岡県,,34.9696692,138.4005923,C,神社,八幡神社（はちまんじんじゃ）は、静岡県静岡市駿河区八幡山にある神社。静岡市の代表的な八幡神社なので、静岡八幡神社（しずおかはちまんじんじゃ）とも称される。,
室泉寺,,東京都,,35.6508338,139.7116716,C,寺院,室泉寺（しつせんじ）は、東京都渋谷区にある高野山真言宗の寺院。,
應聖寺,,兵庫県,,34.9805136,134.7218257,C,寺院,應聖寺（おうしょうじ）は、兵庫県神崎郡福崎町にある天台宗の寺院。山号は妙見山。,
別格05 大善寺,,高知県,須崎市,33.3881758,133.2815632,C,寺院,大善寺（だいぜんじ）は高知県須崎市に所在する高野山真言宗の寺院。高野山、明星院と号す。,
木花神社,,宮崎県,,31.8277399,131.4325384,C,神社,木花神社（きばなじんじゃ）は、宮崎県宮崎市にある神社。日子番能邇邇芸命（ひこほのににぎのみこと）と木花佐久夜毘売（このはなのさくやびめ）を祀る。,
甚大寺,,千葉県,,35.7209069,140.2333917,C,寺院,,
秩父08番 清泰山 西善寺,,埼玉県,,35.973034,139.1087262,C,寺院,西善寺（さいぜんじ）は、埼玉県秩父郡横瀬町にある臨済宗南禅寺派の寺院で、山号は清泰山と号する。樹齢600年を超えるコミネカエデの巨木が県の指定天然記念物となっている。,
仁壁神社,,山口県,,34.1891819,131.4918303,C,神社,仁壁神社（にかべじんじゃ）は、山口県山口市三の宮にある神社。式内社、周防国三宮で、旧社格は県社。,
鳥取神社,,北海道,,43.0126124,144.3529081,C,神社,,
石狩弁天社,,北海道,,43.2476446,141.353067,C,神社,,
本光寺,,東京都,,35.6153981,139.7407225,C,寺院,本光寺（ほんこうじ）は、東京都品川区南品川にある、単立寺院。山号は経王山。,
多聞寺,,東京都,,35.7549966,139.5293155,C,寺院,多聞寺（たもんじ）は東京都東久留米市本町にある真言宗智山派の寺院。,
遍照院,,愛媛県,,34.0334102,132.8379426,C,寺院,,
御井神社,,島根県,,35.3800698,132.8280944,C,神社,御井神社（みいじんじゃ）は島根県出雲市斐川町直江にある神社である。,
泉龍寺,,東京都,,35.6330567,139.5757177,C,寺院,泉龍寺（せんりゅうじ）は、東京都狛江市元和泉1丁目にある曹洞宗の寺院。,
宝池山 眞龍寺,,東京都,,35.7130797,139.7880389,C,寺院,,
神應寺,,茨城県,,36.3795083,140.4569446,C,寺院,,
国分寺,,栃木県,,36.3907402,139.8148805,C,寺院,下野国分寺（しもつけこくぶんじ）は、栃木県下野市にある真言宗豊山派の寺院。山号は瑠璃光山。,
南蔵院,,東京都,葛飾区,35.7795617,139.8709875,C,寺院,南蔵院（なんぞういん）は、東京都葛飾区にある天台宗の寺院。,
秩父31番 鷲窟山 観音院,,埼玉県,,36.041017,138.9539125,C,寺院,,
円徳寺,,岐阜県,,35.4155229,136.7596767,C,寺院,円徳寺（えんとくじ）は岐阜県岐阜市にある浄土真宗本願寺派の寺院。織田氏ゆかりの寺として知られる。,
青倉神社,,兵庫県,,35.2521115,134.8672816,C,神社,,
願泉寺,,大阪府,大阪市,34.6561151,135.494574,C,寺院,,
講安寺,,東京都,,35.7107179,139.767009,C,寺院,,
海禅寺,,東京都,,35.8034884,139.2178583,C,寺院,海禅寺（かいぜんじ）は、東京都青梅市にある曹洞宗の寺院。,
刈田神社,,北海道,登別市,42.4152361,141.1092577,C,神社,刈田神社（かったじんじゃ）は、北海道登別市中央町（胆振国幌別郡）にある神社。創祀は平安時代末期とされる。,
港住吉神社,,大阪府,,34.6533543,135.4382636,C,神社,,
妙情寺,,東京都,,35.720111,139.7681396,C,寺院,妙情寺（みょうじょうじ）は、東京都台東区谷中にある日蓮宗の寺院。山号は究竟山。,
寳性寺,,東京都,,35.6542036,139.6172197,C,寺院,宝性寺（ほうしょうじ）は、東京都世田谷区にある真言宗智山派の寺院。,
仏隆寺,,奈良県,,34.5151975,136.0096692,C,寺院,仏隆寺（ぶつりゅうじ）は、奈良県宇陀市榛原赤埴（はいばらあかばね）にある真言宗室生寺派の寺院である。山号は摩尼山。,
長福寺,,奈良県,,34.7056233,135.6949794,C,寺院,,
金剛城寺,,兵庫県,,34.9846968,134.7250357,C,寺院,,
誠心院,,京都府,,35.0067339,135.7675074,C,寺院,,
男乃宇刀神社,,大阪府,,34.4217751,135.4873282,C,神社,男乃宇刀神社（おのうとじんじゃ）は、大阪府和泉市仏並町にある神社。式内社で、旧社格は郷社。,
眞勝院,,東京都,,35.7591228,139.8765209,C,寺院,真勝院（しんしょういん）は、東京都葛飾区にある真言宗豊山派の寺院。新四国四箇領八十八箇所霊場第28番札所。,
定福寺,,高知県,大豊町,33.7930811,133.7692502,C,寺院,定福寺（じょうふくじ）は高知県長岡郡大豊町粟生に所在する寺院である。真言宗智山派。,
熊野神社,,千葉県,,35.8055271,139.9516544,C,神社,,
佐賀県護国神社,,佐賀県,,33.2527696,130.2929249,C,神社,佐賀縣護國神社（さがけんごこくじんじゃ）は、佐賀県佐賀市川原町にある神社（護国神社）である。,
桜天神社,,愛知県,,35.172779,136.9011306,C,神社,桜天神社（さくらてんじんしゃ）は、愛知県名古屋市中区錦二丁目、桜通沿いに鎮座する神社（天満宮）。,
温泉神社,,福島県,,37.0083013,140.8454315,C,神社,温泉神社（おんせんじんじゃ）は、福島県いわき市常磐湯本町にある神社。式内小社で、旧社格は県社。,
興禅寺,,愛知県,,35.3530428,136.9490962,C,寺院,,
安祥院,,京都府,,34.9956422,135.7784811,C,寺院,安祥院（あんしょういん）は、京都市東山区にある浄土宗の寺院。山号は東山。,
松橋神社,,熊本県,,32.6529187,130.674716,C,神社,松橋神社（まつばせじんじゃ）は、熊本県宇城市松橋町松橋にある神社である。松橋熊野宮（まつばせくまのぐう）、松橋権現社（まつばせごんげんしゃ）とも称する。,
本澄寺,,大阪府,,34.8665309,135.6612212,C,寺院,本澄寺（ほんちょうじ）は大阪府高槻市上牧にある日蓮宗の仏教寺院。山号は法華山。,
浄願寺,,香川県,,34.3432389,134.043388,C,寺院,浄願寺（じょうがんじ）は、香川県高松市番町二丁目にある浄土宗の寺院である。山号は超世山。,
蕃松院,,長野県,佐久市,36.1990837,138.5032255,C,寺院,蕃松院（ばんしょういん）は長野県佐久市田口にある曹洞宗の寺院。山号は大梁山。,
医王寺,,愛知県,,34.9303199,137.557839,C,寺院,医王寺（いおうじ）は、愛知県新城市にある曹洞宗の寺院。,
西音寺,,東京都,,35.7655603,139.7249851,C,寺院,,
常性寺,,東京都,,35.6514007,139.5514034,C,寺院,常性寺（じょうしょうじ）は、東京都調布市にある真言宗豊山派の寺院。,
多賀神社,,東京都,,35.6638743,139.3131087,C,神社,多賀神社（たがじんじゃ）は、東京都八王子市元本郷町にある神社である。,
府中八幡宮,,新潟県,,37.172276,138.2372286,C,神社,府中八幡宮（ふちゅうはちまんぐう）は、新潟県上越市の神社。,
大福田寺,,三重県,,35.0667072,136.6791587,C,寺院,大福田寺（だいふくでんじ）は、三重県桑名市東方（ひがしかた）にある高野山真言宗の仏教寺院。,
萬祥山 龍徳寺,,鳥取県,若桜町,35.343659,134.3941622,C,寺院,,
祥應寺,,東京都,,35.7072518,139.4814497,C,寺院,,
長幡部神社,,茨城県,,36.5360844,140.5451501,C,神社,,
興慶寺,,東京都,,35.6743844,139.2271471,C,寺院,,
海蔵寺,,神奈川県,小田原市,35.2411741,139.1424,C,寺院,海蔵寺（かいぞうじ）は、神奈川県小田原市にある曹洞宗の寺院。,
烏山神社,,東京都,,35.6679223,139.6058309,C,神社,烏山神社（からすやまじんじゃ）は東京都世田谷区の神社。,
光明院,,大阪府,堺市,34.5541262,135.4957826,C,寺院,光明院（こうみょういん）は、大阪府堺市北区にある高野山真言宗の寺院。境内の地蔵堂に安置される頭守地蔵は頭痛、中風除けとして親しまれている。,
香福寺,,神奈川県,,35.60104,139.3412462,C,寺院,,
岡崎別院,,京都府,,35.0173095,135.7881352,C,寺院,真宗大谷派岡崎別院（しんしゅうおおたにはおかざきべついん）は、京都市左京区岡崎にある真宗大谷派の寺院。本山東本願寺の別院。,
蓮長寺,,奈良県,,34.6851989,135.8233077,C,寺院,,
浄国寺,,埼玉県,,35.9452254,139.6891497,C,寺院,浄国寺（じょうこくじ）は、埼玉県さいたま市岩槻区にある浄土宗の寺院である。山号は仏眼山。,
白兎神社,,鳥取県,,35.4144554,134.2482197,C,神社,"白兎神社（はくとじんじゃ）は鳥取県八頭郡八頭町福本にある神社。
旧社格は村社。",
大安寺,,岐阜県,,35.4139673,136.9349887,C,寺院,大安寺（たいあんじ）は、岐阜県各務原市鵜沼大安寺町1-11にある臨済宗妙心寺派の寺院。,
佐波神社,,山口県,,34.0612128,131.5825968,C,神社,佐波神社（さばじんじゃ）は、山口県防府市惣社町にある神社。周防国総社で、旧社格は県社。,
八雲神社,,東京都,,35.6838802,139.8941966,C,神社,八雲神社（やくもじんじゃ）は東京都江戸川区の神社。,
請田神社,,京都府,,35.0156717,135.6077524,C,神社,,
真福寺,,東京都,,35.7623428,139.8028713,C,寺院,,
廓信寺,,埼玉県,,35.8751278,139.6445544,C,寺院,廓信寺（かくしんじ）は、埼玉県さいたま市浦和区にある浄土宗の寺院。,
赤岩寺,,愛知県,,34.7651341,137.4461626,C,寺院,,
長円寺,,京都府,,34.9985906,135.7464608,C,寺院,,
蓮華寺,,東京都,,35.7189955,139.7506009,C,寺院,蓮華寺（れんげじ）は、東京都文京区白山にある日蓮宗の寺院。山号は本松山。,
廣徳寺,,東京都,あきる野市,35.7218109,139.2173622,C,寺院,広徳寺（こうとくじ）は、東京都あきる野市にある臨済宗建長寺派の寺院。東京都指定史跡、秋の大銀杏が有名である。,
如宝寺,,福島県,,37.395894,140.3792264,C,寺院,如宝寺（にょほうじ）は、福島県郡山市に所在する真言宗豊山派の寺院。山号は高岳山。,
飛鳥神社（京終天神社）,,奈良県,,34.6725512,135.8291903,C,神社,,
小汐井神社,,滋賀県,,35.0196482,135.9639254,C,神社,"小汐井神社（おしおいじんじゃ）は、滋賀県草津市大路に鎮座する神社である。
中山道第一の宮として旅人からも厚い信仰を受けてきた。",
山邊神社,,島根県,,35.0087469,132.2268403,C,神社,山辺神社（やまのべじんじゃ、山邊神社）は、島根県江津市江津町（ごうつちょう）に鎮座する神社である。旧社格は村社。,
阿比太神社,,大阪府,,34.8252436,135.4565609,C,神社,,
天徳寺,,福井県,,35.4608803,135.8421574,C,寺院,天徳寺（てんとくじ）は、福井県三方上中郡若狭町にある高野山真言宗所属の寺である。山号は宝篋山。,
長谷八幡宮,,京都府,,35.078535,135.7955841,C,神社,,
三島神社,,愛媛県,,33.9851333,133.5452348,C,神社,三島神社（みしまじんじゃ）は、愛媛県四国中央市三島宮川1丁目1番53号にある神社である。,
首途八幡宮,,京都府,,35.0304068,135.7463148,C,神社,,
多賀神社,,宮城県,,38.3003333,140.9980985,C,神社,多賀神社（たがじんじゃ）は、陸奥国宮城郡の延喜式内社で、宮城県多賀城市六月坂、高崎にある神社である。浮島神社も延喜式内社の宮城郡多賀神社の論社の一つである。,
長應寺,,東京都,,35.6211148,139.711441,C,寺院,,
正覚院,,長野県,,36.639134,138.166003,C,寺院,正覚院（しょうがくいん）は、長野県長野市安茂里に存在する真言宗智山派の寺院。山号は慶紫山、寺号は月輪寺。,
炎天寺,,東京都,,35.7871841,139.7911784,C,寺院,,
勝速日神社,,三重県,,34.8345745,136.5909087,C,神社,勝速日神社（かつはやひじんじゃ）とは、三重県鈴鹿市白子本町にある神社。,
出雲大社神戸分祠,,兵庫県,,34.6841913,135.1774442,C,神社,出雲大社神戸分祠（いずもおおやしろ／たいしゃ こうべぶんし）は兵庫県神戸市中央区楠町、神戸の市街地に鎮座する神社。「縁結びの神」「福の神」そして「幽冥主宰の神」として知られる。,
素盞嗚尊神社,,大阪府,,34.7687129,135.4924679,C,神社,,
妙日寺,,静岡県,,34.757428,137.945969,C,寺院,妙日寺（みょうにちじ）は、静岡県袋井市広岡にある日蓮宗の寺院。山号は貫名山。,
乾向山 大雲院 東隆寺,,鳥取県,鳥取市,35.4922919,134.2446898,C,寺院,大雲院（だいうんいん）は、鳥取県鳥取市立川町にある天台宗の寺院。山号は乾向山、寺号は東隆寺。,
西願寺,,静岡県,長泉町,35.1436988,138.8868888,C,寺院,,
永専寺,,北海道,,44.0196223,144.2701039,C,寺院,永専寺（えいせんじ）は、北海道網走市にある真宗大谷派の寺院。網走市街地の国道244号沿いに建つ。,
真田神社,,神奈川県,平塚市,35.3700371,139.2871172,C,神社,真田神社（さなだじんじゃ）は神奈川県平塚市真田にある神社。,
杉山神社 (横浜市港北区新吉田町),,神奈川県,,35.5462085,139.608173,C,神社,杉山神社（すぎやまじんじゃ）は神奈川県横浜市港北区の神社。旧新田村吉田の郷社で、横浜市内唯一かつ旧武蔵国の式内社である「杉山神社」の有力論社の一つとされている。,
深川神明宮,,東京都,,35.6865453,139.7973145,C,神社,深川神明宮（ふかがわしんめいぐう）は、東京都江東区森下にある神社。,
八景天祖神社,,東京都,,35.5885135,139.7268674,C,神社,天祖神社（てんそじんじゃ）は、東京都大田区の氏神神社。現在では八景天祖神社（はっけいてんそじんじゃ）、一昔前では神明山天祖神社（しんめいやまてんそじんじゃ）とも。,
山科聖天,,京都府,,35.0019207,135.8175864,C,寺院,双林院（そうりんいん）は、京都市山科区にある天台宗の寺院。毘沙門堂門跡の塔頭。,
秩父16番 無量山 西光寺,,埼玉県,,36.0005587,139.0774972,C,寺院,,
諏訪神社(下社),,神奈川県,,35.3173795,139.4865441,C,神社,,
太江寺,,三重県,,34.5048364,136.7916793,C,寺院,太江寺（たいこうじ）は、三重県伊勢市にある真言宗醍醐派の寺院である。山号は潮音山（ちょうおんざん）、大江寺の表記もある。,
正見寺,,東京都,,35.7096679,139.6810918,C,寺院,,
揖宿神社,,鹿児島県,,31.2534496,130.6236486,C,神社,揖宿神社（いぶすきじんじゃ）は鹿児島県指宿市東方にある神社。旧名「開聞新宮九社大明神」、かつては「しんぐう神社」と訓んだ。,
清水寺,,岩手県,,39.3703157,141.0301124,C,寺院,清水寺（きよみずでら）は岩手県花巻市にある天台寺門宗の寺院。 山号は音羽山。,
八神社,,京都府,,35.0281678,135.7973114,C,神社,八神社（はちじんじゃ）は、京都市左京区銀閣寺町にある神社。かつては慈照寺の鎮守社であった。,
大唐大巖深心山九品院 玄忠寺,,鳥取県,鳥取市,35.5068984,134.2220464,C,寺院,,
真宗寺,,長野県,,36.8492603,138.3614933,C,寺院,真宗寺（しんしゅうじ）は長野県飯山市にある浄土真宗本願寺派の寺院。,
折上稲荷神社,,京都府,,34.9722847,135.8033271,C,神社,折上稲荷神社（おりがみいなりじんじゃ）とは、京都府京都市山科区にある神社。旧社格は村社。,
久留里神社,,千葉県,君津市,35.2891693,140.0828081,C,神社,久留里神社（くるりじんじゃ）は、千葉県君津市浦田（上総国望陀郡）に鎮座する神社。旧社格は郷社。,
兵主神社,,大阪府,,34.4705967,135.3917732,C,神社,兵主神社（ひょうずじんじゃ）は、大阪府岸和田市にある神社。延喜式神名帳に記載されている和泉国の式内社である。,
由豆佐売神社,,山形県,,38.6941904,139.7680676,C,神社,由豆佐売神社（ゆずさめじんじゃ）は、山形県鶴岡市にある神社である。,
諏訪神社(上社),,神奈川県,,35.3177311,139.4888095,C,神社,,
天神社,,東京都,,35.7539286,139.5610764,C,神社,天神社（てんじんじゃ）は、東京都西東京市北町にある菅原道真を祭神とする神社である。旧地名を冠して下保谷天神社（しもほうやてんじんしゃ）とも。,
札幌祖霊神社,,北海道,札幌市,43.0533143,141.3468846,C,神社,"札幌祖霊神社（さっぽろそれいじんじゃ）は、北海道札幌市中央区南5条西8丁目1番地にある神社。
社紋は赤星紋で、サッポロビールと同じである。",
鷲峰寺,,香川県,,34.2853658,133.9447689,C,寺院,,
本源寺,,宮城県,登米市,38.6769955,141.2505829,C,寺院,本源寺（ほんげんじ）は、宮城県登米市に所在する日蓮正宗の寺院。山号は法龍山（ほうりゅうざん）。,
宗仙寺,,東京都,,35.7488996,139.7099773,C,寺院,宗仙寺（そうせんじ）は、東京都板橋区にある日蓮本宗の寺院。,
本願寺 近松別院,,滋賀県,,35.0070772,135.8608787,C,寺院,本願寺近松別院（ほんがんじちかまつべついん）は、滋賀県大津市にある浄土真宗本願寺派の直属寺院。 住職は浄土真宗本願寺派門主が兼ねるが、別院輪番が置かれて実務を主管している。,
徳蔵寺,,茨城県,,36.4573602,140.2494589,C,寺院,徳蔵寺（とくぞうじ）は、茨城県東茨城郡城里町にある真言宗智山派の寺院。,
立正寺,,山梨県,,35.6800722,138.7163383,C,寺院,,
妙安寺,,東京都,,35.7738782,139.6263759,C,寺院,妙安寺（みょうあんじ）は、東京都練馬区旭町にある日蓮宗の寺院。旧本山は三松蓮永寺、親師法縁。,
櫻井神社,,兵庫県,,34.7155141,135.417907,C,神社,,
法楽寺,,兵庫県,,35.076174,134.7831542,C,寺院,,
木山寺,,岡山県,,35.0169249,133.7150415,C,寺院,木山寺（きやまじ）は岡山県真庭市木山に所在する高野山真言宗別格本山の寺。山号は医王山。,
宇谷山 豊乗寺,,鳥取県,智頭町,35.2603381,134.206396,C,寺院,,
安国寺,,沖縄県,,26.2186976,127.7134642,C,寺院,安国寺（あんこくじ）は、沖縄県那覇市首里寒川町にある臨済宗妙心寺派の寺院。山号は太平山、開山は熙山周雍。,
菅原神社,,神奈川県,小田原市,35.2822541,139.2074442,C,神社,,
長遠寺,,東京都,,35.5910349,139.7096574,C,寺院,,
玉津岡神社,,京都府,,34.8042594,135.819886,C,神社,玉津岡神社（たまつおかじんじゃ）は、京都府綴喜郡井手町にある神社。旧社格は郷社。,
重林寺,,東京都,,35.7397666,139.7099518,C,寺院,,
新福寺,,東京都,,35.7179615,139.7448755,C,寺院,新福寺（しんぷくじ）は、東京都文京区にある真宗大谷派系（浄土真宗東本願寺派）の単立寺院。,
善勝寺,,群馬県,,36.4114863,139.0999868,C,寺院,善勝寺（ぜんしょうじ）は、群馬県前橋市端気町にある天台宗の寺院である。本尊は鉄造阿弥陀如来坐像（重要文化財）。,
信濃神社,,北海道,,43.0427065,141.4637387,C,神社,信濃神社（しなのじんじゃ）は、北海道札幌市厚別区厚別中央4条3丁目3番3号にある神社である。旧社格は村社。,
凌雲寺,,愛知県,,35.1695569,136.837924,C,寺院,凌雲寺（りょううんじ）は、愛知県名古屋市中村区稲葉地本通にある臨済宗妙心寺派の寺院。山号は集慶山。,
貴船神社,,東京都,,35.6154986,139.7262651,C,神社,,
加茂神社,,埼玉県,,35.945309,139.6090783,C,神社,加茂神社（かもじんじゃ）は、埼玉県さいたま市北区の神社。,
岡山神社,,岡山県,,34.6676784,133.9313284,C,神社,岡山神社（おかやまじんじゃ）は、岡山県岡山市北区にある神社である。旧社格は県社。,
安樂寺,,岐阜県,,35.3839596,136.5814707,C,寺院,安楽寺（あんらくじ）は、岐阜県大垣市赤坂町にある浄土宗の寺院。釈迦如来を本尊とする。,
実相寺,,千葉県,,36.0873587,139.7899142,C,寺院,実相寺（じっそうじ）は、千葉県野田市にある日蓮宗の寺院。,
山国神社,,京都府,,35.1729587,135.6555502,C,神社,山国神社（やまぐにじんじゃ）は、京都市右京区京北鳥居町にある神社。式内社で、旧社格は府社。,
蛭児神社,,鹿児島県,,31.7611665,130.7501712,C,神社,,
豊受神社,,千葉県,,35.6604275,139.8975971,C,神社,,
常在寺,,東京都,,35.6390709,139.6501303,C,寺院,常在寺（じょうざいじ）は、東京都世田谷区弦巻一丁目にある寺院。日蓮宗に属し、詳名は「宝樹山常在寺」という。,
総見院,,愛知県,,35.2285068,136.8360764,C,寺院,,
多久神社,,京都府,,35.6355094,135.0794215,C,神社,多久神社（たくじんじゃ）は、京都府京丹後市峰山町丹波小字涌田山にある神社。式内社。,
善明寺,,東京都,,35.6684274,139.4759122,C,寺院,善明寺（ぜんみょうじ）は、東京都府中市にある天台宗の寺院。,
四谷山 笹寺,,東京都,新宿区,35.6865753,139.7178568,C,寺院,,
秩父06番 向陽山 卜雲寺,,埼玉県,,35.9837188,139.1142688,C,寺院,卜雲寺（ぼくうんじ）は埼玉県秩父郡横瀬町にある曹洞宗の寺院で、山号は向陽山と号する。秩父札所の第六番である。,
常清寺,,神奈川県,横浜市,35.4428699,139.6082679,C,寺院,常清寺（じょうせいじ）は、神奈川県横浜市南区清水ケ丘にある日蓮宗の寺院。山号は栄玉山。,
八雲神社,,千葉県,君津市,35.3202816,139.9413919,C,神社,八雲神社（やぐもじんじゃ）は、千葉県君津市にある神社。,
義安寺,,愛媛県,,33.8487986,132.789923,C,寺院,義安寺（ぎあんじ）は、愛媛県松山市道後にある曹洞宗の寺院。通称お六部（ろくぶ）さま。,
心光寺,,東京都,,35.7212816,139.7514467,C,寺院,心光寺（しんこうじ）は、東京都文京区にある浄土宗の寺院。,
薬師寺東京別院,,東京都,,35.6284483,139.722403,C,寺院,,
善養寺,,東京都,,35.7434921,139.7312143,C,寺院,善養寺（ぜんようじ）は、東京都豊島区にある天台宗の寺院。,
八幡神社,,千葉県,,35.7585627,140.0143629,C,神社,八幡神社（はちまんじんじゃ）は、千葉県鎌ケ谷市鎌ケ谷にある神社である。地名から、鎌ヶ谷八幡神社、鎌ヶ谷八幡宮とも称される。,
本立寺,,東京都,,35.7285321,139.5747813,C,寺院,本立寺（ほんりゅうじ）は、東京都練馬区関町北4丁目にある日蓮宗の寺院。旧本山は小榑妙福寺、達師法縁。,
龍照院,,愛知県,,35.147488,136.7876259,C,寺院,,
長国寺,,岐阜県,,35.4565397,137.4174991,C,寺院,,
彌榮神社,,大阪府,,34.6594012,135.5858016,C,神社,彌榮神社（いやさかじんじゃ）は、大阪府東大阪市にある神社。正式な発音は「いやさかじんじゃ」だが、通称として「やえじんじゃ」とも発音される。,
神明神社,,大阪府,,34.5809711,135.4668891,C,神社,,
法禅寺,,東京都,,35.6195398,139.7415478,C,寺院,法禅寺（ほうぜんじ）は、東京都品川区にある浄土宗の寺院。,
円通寺,,東京都,,35.7975962,139.5344035,C,寺院,円通寺（えんつうじ）は、東京都清瀬市にある真言宗豊山派の寺院。,
須佐男神社,,兵庫県,,34.7691539,135.4125672,C,神社,,
崋山神社,,愛知県,,34.6733499,137.268103,C,神社,崋山神社（かざんじんじゃ）は愛知県田原市にある神社。,
聖現寺,,沖縄県,,26.228455,127.6822602,C,寺院,,
北野天満神社,,兵庫県,,34.7017856,135.1895899,C,神社,天満神社（てんまんじんじゃ）は、兵庫県神戸市中央区北野町に鎮座する神社。通称：北野天満神社（きたのてんまんじんじゃ）。,
大勝院,,千葉県,,35.8357563,139.9237672,C,寺院,大勝院（だいしょういん）は、千葉県松戸市にある真言宗豊山派の寺院。,
桜神明社,,愛知県,,35.1053019,136.9341628,C,神社,桜神明社（さくらしんめいしゃ）は愛知県名古屋市南区にある神社。,
庄内神社,,大阪府,,34.7444758,135.4697044,C,神社,庄内神社（しょうないじんじゃ）は、大阪府豊中市南部（庄内地区）に鎮座する神社。,
若宮八幡宮,,茨城県,,36.5430875,140.5208133,C,神社,若宮八幡宮（わかみや はちまんぐう）は、茨城県常陸太田市にある神社。旧社格は郷社。,
稱念寺,,東京都,,35.7084606,139.7859103,C,寺院,,
小虫神社,,京都府,,35.5008386,135.1088139,C,神社,小虫神社（こむしじんじゃ）は、京都府与謝郡与謝野町温江（あつえ）に鎮座する神社。式内社（名神大社）で近代社格制度における社格は村社。,
心法寺,,東京都,,35.6857881,139.7331755,C,寺院,心法寺（しんぽうじ）は、東京都千代田区にある浄土宗の寺院。,
密厳院,,東京都,,35.5841933,139.7332305,C,寺院,密厳院（みつごんいん）は、東京都大田区にある真言宗智山派の寺院。山号は八幡山。,
高倉寺宝積院,,大阪府,,34.4925899,135.5210634,C,寺院,,
東漸寺,,千葉県,,35.7233907,140.6679381,C,寺院,東漸寺（とうぜんじ）は、千葉県旭市にある真言宗智山派の寺院。殿玉山西徳院と号し、本尊は愛染明王。,
野田八幡宮,,愛知県,,34.9790005,137.0274074,C,神社,,
如意寺,,京都府,,35.6100511,134.8896591,C,寺院,如意寺（にょいじ）は、京都府京丹後市にある高野山真言宗の寺院。山号は宝珠山。,
洞昌院,,神奈川県,,35.4101949,139.2941201,C,寺院,"洞昌院（とうしょういん）は神奈川県伊勢原市上粕屋にある曹洞宗の寺院。
境内には、扇谷上杉氏の家宰であった太田道灌の胴塚とされる宝篋印塔がある。",
妙義神社,,東京都,,35.7385678,139.7450568,C,神社,妙義神社（みょうぎじんじゃ）は、東京都豊島区駒込にある神社。,
積翠寺,,山梨県,,35.7019523,138.5914275,C,寺院,積翠寺（せきすいじ）は、山梨県甲府市上積翠町にある寺院。宗派は臨済宗妙心寺派で、山号は万松山。,
須賀神社,,東京都,,35.6991993,139.7870937,C,神社,,
陽岳寺,,東京都,,35.6752865,139.7966026,C,寺院,,
河桁御河辺神社,,滋賀県,,35.1123028,136.2223045,C,神社,河桁御河邊神社（かわけたみかべじんじゃ）は、滋賀県東近江市神田町（じんでんちょう）にある神社。式内社論社で、旧社格は郷社。,
浄妙寺,,和歌山県,,34.07636,135.114535,C,寺院,浄妙寺（じょうみょうじ）は、和歌山県有田市にある臨済宗妙心寺派の仏教寺院。山号は醫王山。,
本傳寺,,大阪府,,34.6998836,135.5030493,C,寺院,本傳寺（ほんでんじ）は、大阪府大阪市北区兎我野町にある日蓮宗の寺院。山号は高照山。,
宇都母知神社,,神奈川県,藤沢市,35.3920508,139.4216141,C,神社,宇都母知神社（うつもちじんじゃ）は、神奈川県藤沢市打戻に鎮座する神社。延長5年（927年）の『延喜式神名帳』に記載されている相模国の延喜式内社十三社の内の一社（小社）とされる。,
片岡神社,,奈良県,,34.5895738,135.7049812,C,神社,片岡神社（かたおかじんじゃ）は、奈良県北葛城郡王寺町本町二丁目にある神社。式内社（名神大社）で旧社格は郷社。,
妙純寺,,神奈川県,,35.4645782,139.3666006,C,寺院,妙純寺（みょうじゅんじ）は、神奈川県厚木市にある日蓮宗の本山（由緒寺院）。山号は明星山。,
林泉寺,,東京都,,35.7161707,139.7369655,C,寺院,林泉寺は、東京都文京区小日向にある曹洞宗の寺院である。山号は青龍山。,
小坂観音院,,長野県,,36.0351877,138.0686362,C,寺院,,
本興寺,,神奈川県,,35.4347815,139.4760208,C,寺院,本興寺（ほんこうじ）は、神奈川県横浜市泉区上飯田町に所在する日蓮宗の本山（由緒寺院）。山号は法華山。,
常栄寺(ぼたもち寺),,神奈川県,,35.3158179,139.5543433,C,寺院,常栄寺（じょうえいじ）は神奈川県鎌倉市大町に所在する日蓮宗寺院。山号は慧雲山。,
秩父05番 小川山 語歌堂,,埼玉県,,35.9988057,139.1060061,C,寺院,,
無量寺,,東京都,,35.6282128,139.6318653,C,寺院,無量寺（むりょうじ）は、東京都世田谷区用賀四丁目にある浄土宗の寺院。,
崇福寺,,群馬県,,36.2202838,138.919985,C,寺院,崇福寺（そうふくじ）は、群馬県甘楽郡甘楽町にある臨済宗妙心寺派の寺院。,
成願寺,,神奈川県,,35.1478482,139.1017468,C,寺院,城願寺（じょうがんじ）は、神奈川県足柄下郡湯河原町にある曹洞宗の寺院。山号は万年山。,
宝泰寺,,静岡県,,34.9743025,138.3892768,C,寺院,宝泰寺（ほうたいじ）は、静岡県静岡市葵区伝馬町12-2にある臨済宗妙心寺派の禅寺。山号は金剛山。,
臨川寺,,長野県,,35.7725742,137.7014177,C,寺院,臨川寺（りんせんじ）は 長野県木曽郡上松町にある臨済宗妙心寺派の寺院。山号は寝覚山。,
光明寺,,広島県,,34.407984,133.197682,C,寺院,光明寺（こうみょうじ）は、広島県尾道市にある浄土宗西山禅林寺派の寺院。山号は清浄山。,
澪標住吉神社,,大阪府,,34.689636,135.4542489,C,神社,"澪標住吉神社（みおつくしすみよしじんじゃ）は、大阪府大阪市此花区伝法に鎮座する神社。
伝法川跡の北岸（右岸）に鎮座する。",
印岐志呂神社,,滋賀県,,35.0567854,135.9513255,C,神社,印岐志呂神社（いきしろじんじゃ）は、滋賀県草津市片岡町に鎮座する神社である。,
結神社,,岐阜県,,35.3731706,136.6608649,C,神社,,
岩湧寺,,大阪府,,34.3806262,135.556877,C,寺院,岩湧寺（いわわきじ）は、大阪府河内長野市加賀田にある融通念仏宗の寺院。標高898メートルの岩湧山の中腹に位置する。,
服部神社,,大阪府,,34.8666345,135.6000923,C,神社,,
妙蓮寺,,東京都,,35.6151196,139.7414885,C,寺院,妙蓮寺（みょうれんじ）は、東京都品川区にある顕本法華宗系の単立寺院。,
浅間神社,,東京都,,35.6956268,139.844308,C,神社,亀戸浅間神社（かめいどせんげんじんじゃ）は、東京都江東区亀戸にある神社である。浅間神社の1つ。,
長柄八幡宮,,大阪府,,34.7159413,135.5140882,C,神社,,
伊川谷惣社神社,,兵庫県,,34.6773248,135.0204275,C,神社,伊川谷惣社（いかわだにそうしゃ）は兵庫県神戸市西区伊川谷町上脇にある神社。延喜式神名帳の物部神社に比定される神社のひとつ。,
長谷本寺,,奈良県,,34.5107782,135.7415462,C,寺院,,
鷲神社 (足立区),,東京都,,35.785087,139.7969228,C,神社,,
大雲寺,,埼玉県,,36.0029547,139.5623086,C,寺院,大雲寺（だいうんじ）は、埼玉県桶川市にある曹洞宗の寺院である。山号は龍谷山。,
荒雄川神社,,宮城県,,38.7171898,140.8206798,C,神社,,
泉光寺,,大阪府,,34.4412293,135.4011555,C,寺院,泉光寺（せんこうじ）は、大阪府岸和田市門前町にある臨済宗妙心寺派の寺院。山号は天瑞山、本尊は釈迦牟尼である。,
北条寺,,静岡県,,35.0520334,138.931439,C,寺院,北條寺（ほうじょうじ）は、静岡県伊豆の国市にある臨済宗建長寺派の寺院。,
生出神社,,山梨県,,35.5670685,138.9198017,C,神社,生出神社（おいでじんじゃ）は、山梨県都留市四日市場に鎮座する神社。祭神は建御名方命（たけみなかたのかみ）・八坂刀売命（やさかとめのかみ）。,
舊城寺,,神奈川県,,35.5177398,139.5297725,C,寺院,,
杉山神社,,神奈川県,,35.5545675,139.5763065,C,神社,杉山神社（すぎやまじんじゃ）は、神奈川県横浜市都筑区のセンター北駅近くに鎮座している神社。,
徳融寺,,奈良県,,34.6756927,135.8285333,C,寺院,徳融寺（とくゆうじ）は、奈良県奈良市鳴川町25にある融通念仏宗の寺院。山号は豊成山。,
林光寺,,神奈川県,,35.510565,139.5736108,C,寺院,林光寺（りんこうじ）は、神奈川県横浜市緑区にある、高野山真言宗の仏教寺院。山号は鴨居山。,
長谷寺,,愛知県,,34.8138139,137.3791492,C,寺院,,
龍神堂,,大阪府,,34.5810908,135.46577,C,神社,,
戀志谷神社,,京都府,,34.7688698,135.987784,C,神社,"恋志谷神社（こいしだにじんじゃ）は、京都府南山城村に鎮座する神社である。
南山城村天満宮の末社の斎神社（いつきじんじゃ）を恋志谷神社ともいう。",
龍尾神社,,静岡県,,34.7829816,138.017,C,神社,,
大乗寺,,東京都,,35.7034437,139.3174898,C,寺院,大乗寺（だいじょうじ）は、東京都八王子市加住町にある日蓮宗の寺院。山号は十行山。,
妙雲寺,,茨城県,,36.3720036,140.4374546,C,寺院,妙雲寺（みょううんじ）は、茨城県水戸市にある日蓮宗の寺院。,
北星神社,,千葉県,,35.8767625,139.992573,C,神社,北星神社（ほくせいじんじゃ）は、千葉県我孫子市の神社。,
徳藏院,,千葉県,,35.7884988,139.9407026,C,寺院,徳蔵院（とくぞういん）は、千葉県松戸市日暮にある真言宗豊山派の寺院。,
阿含宗関東別院,,東京都,,35.6463454,139.7422484,C,寺院,,
懐古神社,,長野県,,36.3267215,138.4176896,C,神社,懐古神社（かいこじんじゃ）は、長野県小諸市にある神社。小諸城址公園・懐古園の主要部の地主でもある。,
海宝寺,,京都府,,34.9432922,135.771749,C,寺院,海宝寺（かいほうじ）は、京都市伏見区桃山町正宗にある、黄檗宗の寺院である。,
大井神社,,岐阜県,,35.4380318,136.6909019,C,神社,大井神社（おおいじんじゃ）は、岐阜県本巣郡北方町にある神社である。旧社格は郷社。,
成顕寺,,千葉県,流山流山市,35.8741177,139.9398976,C,寺院,成顕寺（じょうけんじ）は、千葉県流山市駒木にある日蓮宗の寺院。山号は通法山。,
阿波山上神社,,茨城県,,36.519107,140.3630141,C,神社,,
櫻川磯部稲村神社,,茨城県,,36.368292,140.1409376,C,神社,,
Chinju Hikawa,,埼玉県,,35.8172243,139.7230076,C,神社,,
善龍寺,,福島県,,37.4797418,139.9409376,C,寺院,善龍寺（ぜんりゅうじ）は、福島県会津若松市にある曹洞宗の寺院。山号は祥雲山。,
正慶寺,,東京都,,35.7140952,139.7659376,C,寺院,正慶寺（しょうけいじ）は、東京都台東区にある臨済宗妙心寺派の寺院である。,
西方寺,,長野県,,36.6565207,138.185288,C,寺院,,
雲照寺,,東京都,,35.6716052,139.6823165,C,寺院,,
春日神社,,東京都,,35.6927346,139.6094067,C,神社,春日神社（かすがじんじゃ）は、東京都杉並区宮前にある神社。当地の地名・宮前の由来とも言われている。,
薬王寺,,東京都,,35.6422687,139.737986,C,寺院,,
菊名山 蓮勝寺,,神奈川県,横浜市,35.5101836,139.6334974,C,寺院,,
千早神社,,大阪府,,34.4160815,135.6527794,C,神社,千早神社（ちはやじんじゃ）は、大阪府南河内郡千早赤阪村大字千早にある神社である。旧社格は府社。,
鹿島御子神社,,福島県,,37.7029245,140.9666666,C,神社,,
大宮,,大阪府,,34.7420395,135.5470474,C,神社,大宮（おおみや）は、大阪市東淀川区大道南に鎮座する神社。旧称で大宮神社（おおみやじんじゃ）とも呼ばれる。,
白山比咩神社,,岐阜県,,35.3410058,137.3577601,C,神社,,
横曽根神社,,埼玉県,,35.8019614,139.7030162,C,神社,横曽根神社（よこそねじんじゃ）は、埼玉県川口市の神社。,
神崎寺,,茨城県,,36.3752891,140.4602204,C,寺院,,
応其寺,,和歌山県,,34.3166212,135.6133048,C,寺院,応其寺（應其寺、おうごじ）は、和歌山県橋本市橋本にある高野山真言宗の寺院。山号を中興山、本尊は救世観世音菩薩、開基は同地を開発した僧侶、木食応其である。,
浄林寺,,長野県,,36.2337313,137.9655596,C,寺院,浄林寺（じょうりんじ）は、長野県松本市中央にある浄土宗の寺院。山号・院号は清水山華厳院。,
報徳二宮神社,,栃木県,,36.7256592,139.6894921,C,神社,報徳二宮神社（ほうとくにのみやじんじゃ）は、栃木県日光市にある神社である。,
倭文神社,,鳥取県,,35.440447,134.2006023,C,神社,倭文神社（しとりじんじゃ）は、鳥取県鳥取市倭文にある神社。式内社で、旧社格は郷社。,
五十稲荷神社,,東京都,,35.6942059,139.7620976,C,神社,栄寿稲荷神社（えいじゅいなりじんじゃ）は、東京都千代田区神田小川町にある神社である。通称、五十稲荷神社（ごとおいなりじんじゃ）。,
龍護寺,,岐阜県,,35.3063751,137.3923479,C,寺院,,
東覚寺,,東京都,,35.7354782,139.7585831,C,寺院,東覚寺（とうがくじ）は、東京都北区田端2丁目にある真言宗豊山派の寺院。,
暁光山 正覺寺,,奈良県,,34.6781975,135.8279868,C,寺院,正覚寺（しょうがくじ）は、奈良県奈良市南中町にある、浄土真宗本願寺派の寺院である。閣号　暁光閣、山号　暁光山　正覺寺である。,
久保市乙剣宮,,石川県,,36.5718719,136.662994,C,神社,久保市乙剣宮（くぼいちおとつるぎぐう）は、石川県金沢市下新町6番21号にある神社。祭神は、素戔嗚尊。,
法乗院 (江東区),,東京都,,35.6755766,139.7966866,C,寺院,法乗院（ほうじょういん）は、東京都江東区深川二丁目にある真言宗豊山派の寺院。,
龍禅寺,,茨城県,,35.922792,140.0232596,C,寺院,,
富士嶽神社,,群馬県,,36.2392844,139.5206113,C,神社,富士嶽神社（ふじたけじんじゃ）は、群馬県館林市の神社。,
大戸神社,,千葉県,,35.8841439,140.4624702,C,神社,大戸神社（おおとじんじゃ）は、千葉県香取市大戸にある神社。香取神宮摂社で、旧社格は県社。,
大覚寺,,兵庫県,,34.7181232,135.412532,C,寺院,大覚寺（だいかくじ）は、兵庫県尼崎市寺町にある律宗の寺院。山号は月峯山、本尊は千手十一面観音。,
圓福寺,,広島県,,34.3816302,133.383276,C,寺院,円福寺（えんぷくじ）は、広島県福山市鞆町鞆にある真言宗大覚寺派の寺院。山号は南林山。,
本居宣長ノ宮,,三重県,,34.5741104,136.5249045,C,神社,本居宣長ノ宮（もとおりのりながのみや）は、三重県松阪市殿町にある神社。本居宣長を国学神として祀る。,
八宮神社,,兵庫県,,34.6847,135.1752846,C,神社,八宮神社（はちのみやじんじゃ）は神戸市中央区楠町に鎮座し、生田裔神八社の六宮神社と八宮神社とが合祀された神社。,
白山宮,,富山県,南砺市,36.4112167,136.9306337,C,神社,"上梨白山宮（かみなしはくさんぐう）は、富山県南砺市（旧平村）上梨にある神社。
上梨白山宮の本殿は富山県内に現存する最古の木造建造物として貴重であり、国の重要文化財に指定されている。",
一峰院,,東京都,,35.762016,139.300605,C,寺院,一峰院（いっぽういん）は、東京都羽村市にある臨済宗建長寺派の寺院。,
牛窓神社,,岡山県,,34.622819,134.1725264,C,神社,牛窓神社（うしまどじんじゃ）は、岡山県瀬戸内市牛窓町にある神社。牛窓八幡宮とも称される。,
妙福寺,,東京都,,35.5747772,139.4998679,C,寺院,妙福寺（みょうふくじ）は、東京都町田市三輪町にある日蓮宗の寺院。日億によって1391年（明徳2年）に創建された。,
世尊寺,,東京都,,35.7233913,139.7823338,C,寺院,世尊寺（せそんじ）は、東京都台東区にある真言宗豊山派の寺院。,
旧府神社,,大阪府,,34.506541,135.4422445,C,神社,,
松島神社,,東京都,,35.6846471,139.7854395,C,神社,松島神社（まつしまじんじゃ）は、東京都中央区の神社。現在はオフィスビルの1階部分にある神社である。,
榮閑院,,東京都,,35.6651577,139.7479791,C,寺院,栄閑院（えいかんいん）は、東京都港区にある浄土宗の寺院。,
垂裕神社,,福岡県,,33.4653424,130.6963849,C,神社,垂裕神社（すいようじんじゃ）は、福岡県朝倉市にある神社である。旧社格は県社。,
法泉寺,,山梨県,,35.6855168,138.5589774,C,寺院,法泉寺（ほうせんじ）は、山梨県甲府市にある臨済宗妙心寺派の寺院。山号は金剛福聚山。,
薬王院,,茨城県,,36.3566265,140.4780554,C,寺院,"薬王院（やくおういん）は、茨城県水戸市元吉田町にある天台宗の仏教寺院。
本堂は重要文化財で、仁王門、本尊の薬師如来と十二神将像なども茨城県の文化財に指定されている。",
堂島薬師堂,,大阪府,,34.6970956,135.496931,C,寺院,堂島薬師堂（どうじまやくしどう）は、大阪府大阪市北区堂島の堂島アバンザにある薬師堂。「堂島」の地名の由来になったといわれている。,
三輪神社,,岐阜県,,35.4890608,136.5732289,C,神社,三輪神社（みわじんじゃ）は、岐阜県揖斐郡揖斐川町にある神社である。揖斐川の総鎮守であり、旧社格は県社。,
伊豆神社,,滋賀県,,35.1110706,135.9207501,C,神社,伊豆神宮（いずじんじゃ）は、滋賀県大津市にある神社。旧社格は村社。,
大雲寺,,岐阜県,,35.4866927,136.9213292,C,寺院,大雲寺（だいうんじ）は、岐阜県関市伊勢町の安桜山東南麓にある日蓮宗の寺院。山号は妙興山。,
龍宮寺,,福岡県,,33.5945042,130.4134048,C,寺院,,
大東神社,,沖縄県,,25.8424169,131.2265755,C,神社,大東神社（だいとうじんじゃ）は、沖縄県島尻郡南大東村にある神社である。,
長遠寺,,山梨県,,35.615717,138.4954852,C,寺院,,
永山神社,,北海道,,43.8084827,142.4348321,C,神社,永山神社（ながやまじんじゃ）は北海道旭川市永山地区にある神社。旧社格は県社。,
龍源寺,,秋田県,,39.2315323,140.1310322,C,寺院,,
尾針神社,,岡山県,,34.6747778,133.908582,C,神社,尾針神社（おはりじんじゃ）は、岡山県岡山市北区にある神社。式内社論社で、旧社格は村社。,
霊山寺,,東京都,,35.7031691,139.8100951,C,寺院,,
妙厳寺,,埼玉県,,35.9714371,139.6164255,C,寺院,妙厳寺（みょうごんじ）は、埼玉県上尾市にある曹洞宗の寺院。,
西光寺,,香川県,,34.3084931,133.827722,C,寺院,,
天宮神社,,静岡県,,34.8439616,137.934327,C,神社,天宮神社（あめのみやじんじゃ）は、静岡県周智郡森町にある神社。旧社格は県社。,
乗蓮寺,,愛知県,,35.0297543,137.0190027,C,寺院,乗蓮寺（じょうれんじ）は、愛知県刈谷市今川町2丁目602にある真宗大谷派の寺院である。山号は今川山。,
能満寺,,神奈川県,,35.5768893,139.6200491,C,寺院,,
蘆別神社,,北海道,,43.5232671,142.1847652,C,神社,,
萬隆寺,,東京都,,35.7166224,139.7919951,C,寺院,,
浄牧院,,東京都,,35.7637412,139.5385348,C,寺院,,
豊平神社,,北海道,札幌市,43.0443884,141.3807015,C,神社,,
天徳院,,和歌山県,,34.2120395,135.5840161,C,寺院,天徳院（てんとくいん）は、和歌山県伊都郡の高野山にある寺。金剛峯寺の南、高野山大学の西に位置する。,
観音寺,,東京都,,35.7255741,139.7680796,C,寺院,,
法光寺,,東京都,,35.7294483,139.7664826,C,寺院,法光寺（ほうこうじ）は、東京都荒川区西日暮里三丁目（日暮里富士見坂下）にある法華宗陣門流の寺院。山号は日照山。,
朝山神社,,島根県,,35.3192453,132.7727844,C,神社,"朝山神社（あさやまじんじゃ）は島根県出雲市朝山町にある神社である。
『出雲国風土記』所載の宇比多伎山に比定される山の上に鎮座しており、神社の周囲は「朝山森林公園」となっている。",
今宮神社,,東京都,,35.7125214,139.7313726,C,神社,今宮神社（いまみやじんじゃ）は、東京都文京区音羽にある神社。地名を冠して、音羽今宮神社（おとわいまみやじんじゃ）とも。,
安養寺,,東京都,,35.7075123,139.5804858,C,寺院,安養寺（あんようじ）は、東京都武蔵野市にある真言宗豊山派の寺院。武蔵野吉祥七福神の寺社の一つである。,
長久寺,,愛知県,,35.1854314,136.9190131,C,寺院,,
法界山 大蓮寺,,鳥取県,倉吉市,35.432434,133.823217,C,寺院,大蓮寺（だいれんじ）は鳥取県倉吉市の打吹玉川地区にある浄土宗の仏教寺院。豪商淀屋清兵衛歴代の墓や武将脇屋義助所縁の寺として知られる。,
七座神社,,秋田県,,40.2019799,140.2571301,C,神社,七座神社（ななくらじんじゃ）とは、秋田県能代市二ツ井町小繋にある神社である。「ななざじんじゃ」とは、読まない。,
神宮寺,,三重県,,34.8374237,136.5567741,C,寺院,,
榛名神社,,群馬県,,36.6486549,139.0352838,C,神社,榛名神社（はるなじんじゃ）は、群馬県沼田市榛名町にある神社。旧社格は県社。,
久我山稲荷神社,,東京都,,35.6883238,139.5965264,C,神社,久我山稲荷神社（くがやまいなりじんじゃ）は、東京都杉並区久我山にある神社。登記上の宗教法人名称は稲荷神社（いなりじんじゃ）。,
安養寺,,東京都,,35.702514,139.738195,C,寺院,安養寺（あんようじ）は、東京都新宿区にある天台宗の寺院。,
箭幹八幡宮,,東京都,町田市,35.5792917,139.4054826,C,神社,箭簳八幡宮（箭幹八幡宮、矢幹八幡宮、やがらはちまんぐう）とは、東京都町田市矢部町に所在する神社。矢部八幡宮とも呼ばれる。,
大穴持神社,,鹿児島県,,31.7153478,130.7567352,C,神社,大穴持神社（おおなむぢじんじゃ）は、鹿児島県霧島市国分広瀬にある神社。式内社で、旧社格は県社。,
妙典寺,,埼玉県,,35.7914321,139.6286269,C,寺院,"妙典寺（みょうでんじ）は、埼玉県和光市にある日蓮宗の寺院である。
山号を長光山、一塔両尊四士を本尊とし、池上・芳師法縁に属する。",
妙見山別院,,東京都,,35.7026539,139.807137,C,寺院,,
東長寺,,東京都,,35.6906525,139.7154785,C,寺院,東長寺（とうちょうじ）は、東京都新宿区にある曹洞宗の寺院。,
米津寺,,東京都,,35.7572365,139.5173755,C,寺院,,
羽田山 長照寺,,東京都,,35.5478178,139.7360207,C,寺院,,
塚本神社,,大阪府,,34.7151552,135.4737122,C,神社,塚本神社（つかもとじんじゃ）は、大阪市淀川区塚本に鎮座する神社。,
若宮神社,,三重県,,34.3661567,136.4260307,C,神社,,
氷川神社,,東京都,,35.6328657,139.2694379,C,神社,氷川神社 （ひかわじんじゃ）は、東京都八王子市高尾町にある神社。高尾山麓氷川神社（たかおさんろく ひかわじんじゃ）とも称される。,
山縣神社,,山梨県,,35.657579,138.5222194,C,神社,山縣神社（やまがたじんじゃ）もしくは山県神社は、山梨県甲斐市にある神社。,
鴨神社,,兵庫県,,34.8205796,135.4078443,C,神社,,
海神社,,和歌山県,,34.2874229,135.3631986,C,神社,海神社（かいじんじゃ）は、和歌山県紀の川市神領にある神社。旧社格は県社。,
蓮光院,,東京都,,35.5694242,139.6842727,C,寺院,,
足高神社,,岡山県,,34.5773287,133.7644529,C,寺院,,
来迎寺,,千葉県,千葉市,35.6270337,140.108019,C,寺院,来迎寺（らいこうじ）は、千葉市稲毛区轟町にある浄土宗系の単立寺院。,
龍光寺,,東京都,,35.7249798,139.7523959,C,寺院,,
光照院,,東京都,,35.7238398,139.8020842,C,寺院,光照院（こうしょういん）は、東京都台東区にある浄土宗の寺院。,
枕石寺,,茨城県,,36.5050203,140.5109185,C,神社,枕石寺（ちんせきじ）は、茨城県常陸太田市上河合町にある真宗大谷派の寺院である。山号は大門山（おおかどさん）、院号は伝灯院（でんとういん）。,
北辰妙見神社,,和歌山県,,34.327513,135.4968869,C,神社,北辰妙見神社（ほくしんみょうけんじんじゃ）は、和歌山県伊都郡かつらぎ町に所在する神社。主祭神は妙見尊。,
西江寺,,愛媛県,,33.2195266,132.5714703,C,寺院,,
留辺蘂神社,,北海道,,43.7901253,143.6203526,C,神社,留辺蘂神社（るべしべじんじゃ）は、北海道北見市留辺蘂町に鎮座する、神社本庁被包括（北海道神社庁網走支部管内）の神社。旧社格は村社。,
瑞輪寺,,大阪府,大阪府豊中市,34.7801752,135.4674241,C,寺院,瑞輪寺（ずいりんじ）は、大阪府豊中市にある宇治黄檗山萬福寺の僧千呆（せんがい）禅師が再興し瑞輪寺と名付けた黄檗宗の寺である。本尊は木造漆箔薬師如来座像。,
進雄神社,,群馬県,,36.3186362,139.0489831,C,神社,,
愛染院,,大阪府,,34.5766504,135.5147335,C,寺院,愛染院（あいぜんいん）は、大阪府堺市北区にある真言宗系単立の寺院。かつては真言宗山階派勧修寺の末寺であった。,
高田天満宮,,神奈川県,,35.5543202,139.619977,C,神社,天満宮（てんまんぐう）は、神奈川県横浜市港北区高田西にある神社。旧都筑郡高田村の総鎮守で、一般には高田天満宮（たかたてんまんぐう）の通称で知られる。,
高靇神社,,千葉県,,35.7946987,139.982493,C,神社,,
闇無浜神社,,大分県,,33.6110497,131.1941146,C,神社,,
大歳神社,,山口県,,33.9514539,130.9255134,C,神社,大歳神社（おおとしじんじゃ）は、山口県下関市竹崎町にある神社。旧社格は村社。,
崇久寺,,福岡県,,33.1852773,130.4053194,C,寺院,崇久寺（そうきゅうじ）とは、福岡県柳川市東蒲池にある臨済宗妙心寺派の寺院。本尊は十一面観音。,
薬王院,,茨城県,,36.2356242,140.0767598,C,寺院,,
最宝寺,,神奈川県,,35.2188389,139.6869014,C,寺院,最宝寺（さいほうじ）は、神奈川県横須賀市にある浄土真宗本願寺派の寺院。,
魚津神社,,富山県,,36.8182548,137.3976263,C,神社,,
安立寺,,東京都,,35.7247591,139.767351,C,寺院,安立寺（あんりゅうじ）は、東京都台東区谷中にある日蓮宗の寺院である。山号は常観山。,
西蔵院,,東京都,,35.7239948,139.7814431,C,寺院,,
善能寺,,埼玉県,,35.9436277,139.3892002,C,寺院,善能寺（ぜんのうじ）は、埼玉県鶴ヶ島市脚折町六丁目にある真言宗智山派の寺院である。山号は安養山。,
氷川鍬神社,,埼玉県,,35.9726946,139.5902333,C,神社,"氷川鍬神社（ひかわくわじんじゃ）は埼玉県上尾市にある神社である。
上尾宿の鎮守で、地元では「お鍬さま」と呼ばれて親しまれている。",
遣迎院,,京都府,,34.9745642,135.7711431,C,寺院,,
興道寺,,愛知県,岩倉市,35.2828954,136.8684483,C,寺院,,
妙善寺,,東京都,港区,35.6598813,139.7272966,C,寺院,妙善寺（みょうぜんじ）は、東京都港区西麻布三丁目にある日蓮宗の寺院。山号は、日通山。,
薬王院,,東京都,,35.7177681,139.6973312,C,寺院,薬王院（やくおういん）は、東京都新宿区下落合四丁目にある真言宗豊山派の寺院。,
金鶏山　眞成院,,東京都,,35.6849231,139.7247196,C,寺院,,
稲村神社,,茨城県,,36.5274667,140.5010328,C,神社,稲村神社（いなむらじんじゃ、稻村神社）は、茨城県常陸太田市天神林町にある神社。式内社論社で、旧社格は郷社。,
尾鷲神社,,三重県,,34.0773073,136.1957422,C,神社,尾鷲神社（おわせじんじゃ）は、三重県尾鷲市北浦町12-5にある神社。尾鷲七郷の総鎮守（氏神）であり、例大祭のヤーヤ祭りで知られる。,
聖徳寺,,東京都,,35.7127501,139.7865762,C,寺院,,
満願寺,,愛媛県,,34.0059512,133.020325,C,寺院,満願寺（まんがんじ）は、愛媛県今治市朝倉にある寺院。山号は金毘羅山。,
観音寺（三石観音）,,千葉県,君津市,35.2092433,140.0891777,C,寺院,,
泉神社,,滋賀県,,35.3749896,136.4011335,C,神社,泉神社（いずみじんじゃ）は、滋賀県米原市に鎮座する神社である。,
高徳寺,,東京都,,35.6723173,139.7152713,C,寺院,,
秩父25 岩谷山 久昌寺,,埼玉県,,35.9720976,139.0479661,C,寺院,久昌寺（きゅうしょうじ）は、埼玉県秩父市にある曹洞宗の寺院で、山号は岩谷山と号する。,
大楽寺,,山口県,,34.0466457,131.5686528,C,寺院,大楽寺(だいらくじ)は、山口県防府市にある曹洞宗の寺院。桑山(くわのやま)の東の麓にある。,
西郷寺,,広島県,,34.4140784,133.2081054,C,寺院,,
普門寺,,岩手県,,39.0261139,141.6573616,C,寺院,普門寺（ふもんじ）は、岩手県陸前高田市米崎町にある曹洞宗の寺院。山号は海岸山。,
清林寺,,東京都,,35.7241476,139.7554467,C,寺院,清林寺（せいりんじ）は、東京都文京区にある浄土宗の寺院。,
氷室神社,,兵庫県,,34.6875575,135.1561081,C,神社,氷室神社（ひむろじんじゃ）は兵庫県神戸市兵庫区氷室町に鎮座する神社。,
香林寺,,宮城県,登米市,38.6022086,141.2597509,C,寺院,,
盛巌寺,,岐阜県,,35.3664544,137.4432752,C,寺院,,
神明神社,,大阪府,大阪市,34.6395604,135.4557255,C,神社,,
金光寺,,京都府,,34.994108,135.7644592,C,寺院,,
諏訪大神社,,神奈川県,,35.2806943,139.6652763,C,神社,,
成願寺,,滋賀県,,35.11698,136.1831285,C,寺院,成願寺（じょうがんじ）は、滋賀県東近江市小脇町にある天台宗の寺院。山号は赤神山。,
白山神社,,京都府,,34.877128,135.8127887,D,神社,,
六地蔵寺（水戸大師）,,茨城県,,36.3514048,140.5106167,D,寺院,六地蔵寺（ろくじぞうじ）は、茨城県水戸市六反田町にある真言宗豊山派の寺院。末寺二十五ヶ寺を有する本山。,
神明神社,,京都府,,35.0026375,135.7616139,D,神社,神明神社（しんめいじんじゃ）は、京都府京都市下京区の神社。天照大神と菅原道真公を祭神とする。,
諏訪神社 (板橋区),,東京都,,35.7847038,139.6483137,D,神社,,
霊山寺,,静岡県,,35.0285966,138.4358694,D,寺院,,
四十九所神社,,鹿児島県,,31.343299,130.9468108,D,神社,四十九所神社（しじゅうくしょじんじゃ）は、鹿児島県肝属郡肝付町新富（にいとみ）にある神社。,
大乗院 満明寺,,長崎県,,32.7410777,130.2606189,D,寺院,大乗院満明寺（だいじょういん まんみょうじ）は長崎県雲仙市小浜町雲仙にある仏教寺院（真言宗御室派）である。山号は雲仙山（うんぜんさん）。,
西蓮寺,,茨城県,,36.07173,140.439143,D,寺院,,
多治神社,,京都府,,35.1987138,135.5215183,D,神社,多治神社（たじじんじゃ）は、京都府南丹市日吉町にある神社。式内社で、旧社格は郷社。,
三友寺,,岡山県,,34.6565788,133.9400647,D,寺院,三友寺（さんゆうじ）は、岡山県岡山市中区門田屋敷にある臨済宗妙心寺派の寺院。山号は鳳祥山。,
稲葉根王子,,和歌山県,,33.7129122,135.4540747,D,神社,稲葉根王子（いなばねおうじ）は和歌山県西牟婁郡上富田町にある神社。熊野参詣道中辺路沿いに位置する。,
鬼岩寺,,静岡県,,34.8734417,138.2501286,D,寺院,,
関守稲荷神社,,兵庫県,,34.6448836,135.1135017,D,神社,,
常楽寺,,埼玉県,,35.9936302,139.0910016,D,寺院,常楽寺（じょうらくじ）は、埼玉県秩父市にある曹洞宗の寺院で、山号は南石山と号する。,
泰岳寺,,愛知県,,35.2308782,136.9842206,D,寺院,泰岳寺（たいがくじ）は愛知県春日井市上条町にある臨済宗妙心寺派の寺院。山号は寶雲山。,
龍善寺,,千葉県,,35.8029332,139.9151468,D,寺院,,
吾妻神社,,神奈川県,,35.2983197,139.2503473,D,神社,吾妻神社（あずまじんじゃ）は、神奈川県中郡二宮町の吾妻山公園にある神社。,
玄信寺,,東京都,,35.6755465,139.7973453,D,寺院,玄信寺（げんしんじ）は、東京都江東区にある浄土宗の寺院。,
福田寺,,兵庫県,,34.7554617,135.4471511,D,寺院,,
榊山稲荷神社,,岩手県,,39.7188603,141.1521482,D,神社,榊山稲荷神社（さかきやまいなりじんじゃ）は、岩手県盛岡市にある神社。もりおかかいうん神社という異名でも知られる。,
感田神社,,大阪府,,34.4472933,135.3586831,D,神社,感田神社（かんだじんじゃ）は、大阪府貝塚市にある神社である。社格は旧郷社。,
来迎寺,,兵庫県,,35.544239,134.8226869,D,寺院,来迎寺（らいこうじ）は、兵庫県豊岡市に存在する浄土宗の寺である。,
薬祖神社,,大阪府,,34.5791532,135.4767294,D,神社,,
法道寺,,大阪府,堺市,34.4643941,135.5174141,D,寺院,法道寺（ほうどうじ）は、大阪府堺市南区にある高野山真言宗の寺院。山号は鉢峯山。,
千代神社,,滋賀県,,35.2679921,136.2557852,D,神社,千代神社（ちよじんじゃ）は、滋賀県彦根市にある神社。旧社格は県社。,
春日神社,,神奈川県,,35.5859717,139.6453398,D,神社,春日神社（かすがじんじゃ）は、神奈川県川崎市中原区の神社。,
神野神社,,香川県,,34.1659015,133.86574,D,神社,神野神社（かんのじんじゃ）は、香川県仲多度郡まんのう町神野にあり、満濃池の守護神として奉斎され延喜式内讃岐二十四社の一つにかぞえられた古社である。,
浄泉寺,,神奈川県,,35.3073303,139.4935136,D,寺院,,
永勝寺,,神奈川県,,35.346328,139.480198,D,寺院,永勝寺（えいしょうじ）は、神奈川県藤沢市にある浄土真宗本願寺派の寺院。山号は法谷山。,
威光寺,,東京都,,35.6308129,139.515754,D,寺院,威光寺（いこうじ）は、東京都稲城市にある真言宗豊山派の寺院。,
大宮八幡宮,,兵庫県,,34.7952112,134.9850973,D,神社,大宮八幡宮（おおみやはちまんぐう）は、兵庫県三木市本町二丁目にある神社。,
円照寺,,埼玉県,,35.8396843,139.3464891,D,寺院,圓照寺（えんしょうじ）は、埼玉県入間市野田にある真言宗智山派の寺院。,
潮音寺,,愛知県,,34.6267488,137.0990305,D,寺院,,
浄光寺,,東京都,,35.730324,139.7675999,D,寺院,浄光寺（じょうこうじ）は、東京都荒川区にある真言宗豊山派の寺院。,
吾妻神社,,群馬県,,36.5917415,138.861685,D,神社,吾妻神社（あがつまじんじゃ）は、群馬県吾妻郡中之条町横尾にある神社。別名は和利宮（わりのみや）、旧社格は郷社、主祭神は大穴牟遅神。,
明月寺,,東京都,,35.7365149,139.761788,D,寺院,明月寺（めいげつじ、ミョンウォルサ、朝鮮語: 명월사）は、東京都北区にある韓国仏教曹渓宗の寺院。,
朝日森天満宮,,栃木県,,36.3211159,139.5737779,D,寺院,朝日森天満宮（あさひもりてんまんぐう）は栃木県佐野市天神町にある神社。かつては「旭森」とも書かれた。,
秩父30番 瑞龍山 法雲寺,,埼玉県,,35.9512756,138.9914804,D,寺院,法雲寺（ほううんじ）は、埼玉県秩父市にある臨済宗建長寺派の寺院で、山号は瑞龍山と号する。,
満願寺,,宮城県,,38.2655431,140.8775147,D,寺院,満願寺（まんがんじ）は、宮城県仙台市青葉区本町（なお、「大日本寺院総覧・下巻」での所在地は旧名取町区元寺小路）に所在する天台宗寺院。等級は七等。,
白髭神社,,千葉県,,35.7899154,139.9403347,D,神社,,
田端八幡神社,,東京都,,35.7360632,139.7588103,D,神社,,
琴浦神社,,兵庫県,,34.7214166,135.396474,D,神社,,
荒穂神社,,佐賀県,,33.4338207,130.5095341,D,神社,,
圓福寺,,徳島県,,34.0479954,134.5351504,D,寺院,圓福寺（えんぷくじ）は、徳島県徳島市八万町に位置する寺院である。阿波秩父観音霊場33番札所。,
文殊寺,,埼玉県,,36.1043955,139.3628442,D,寺院,文殊寺（もんじゅじ）は、埼玉県熊谷市野原にある曹洞宗の寺院である。山号は五台山。,
春日神社,,大阪府,,34.6897995,135.4798565,D,神社,春日神社（かすがじんじゃ）は、大阪市福島区にある神社。古くから藤の名所であったことから藤之宮とも呼ばれていた。,
泊船寺,,東京都,,35.6065008,139.742664,D,寺院,泊船寺（はくせんじ）は、東京都品川区にある臨済宗大徳寺派の寺院。,
飯玉神社,,群馬県,,36.2921855,139.1819622,D,神社,,
多田寺,,福井県,,35.4783008,135.7689727,D,寺院,多田寺（ただじ）は、福井県小浜市多田にある高野山真言宗の寺院。山号は石照山。,
旭山神社,,広島県,,34.3976514,132.4248348,D,神社,旭山神社（あさひやまじんじゃ）は、広島県広島市西区己斐（こい）にある神社。地元では「鯉の神社」と親しまれている。,
岡村天満宮,,神奈川県,,35.4159827,139.6131179,D,神社,岡村天満宮（おかむらてんまんぐう）は、神奈川県横浜市磯子区岡村にある天満宮である。,
六所神社,,東京都,,35.569345,139.6831562,D,神社,六所神社（ろくしょじんじゃ）は東京都大田区の神社。地名を冠して下丸子六所神社（しもまるころくしょじんじゃ）とも称される。,
太平寺,,大阪府,,34.659298,135.513845,D,寺院,太平寺（たいへいじ）は、大阪市天王寺区にある曹洞宗の寺院。山号は護國山。,
一心寺,,東京都,,35.6193279,139.7430536,D,寺院,一心寺（いっしんじ）は、東京都品川区にある真言宗智山派の寺院。,
三福寺,,宮崎県,,32.5828767,131.6657124,D,寺院,三福寺（さんふくじ）は、宮崎県延岡市にある浄土宗の寺院。山号は九品山。,
玄性寺,,栃木県,,36.8019444,140.0575519,D,寺院,玄性寺（げんしょうじ）は、栃木県大田原市にある曹洞宗の寺院である。山号は須峯山。,
松崎神社,,千葉県,,35.7718509,140.5317232,D,神社,松崎神社（まつさきじんじゃ）は、千葉県香取郡多古町（下総国香取郡）にある神社。旧社格は郷社。,
臨海寺,,沖縄県,,26.2385624,127.6822771,D,寺院,,
満願寺,,東京都,,35.7785823,139.7852538,D,寺院,満願寺（まんがんじ）は、東京都足立区にある真言宗豊山派の寺院。新四国四箇領八十八箇所霊場第3番札所。,
陽雲寺,,埼玉県,,36.2642449,139.134409,D,寺院,,
郡頭神社,,高知県,,33.5519103,133.4991307,D,神社,,
忌部神社,,島根県,,35.3990776,133.0310496,D,神社,忌部神社（いんべじんじゃ）は、島根県松江市東忌部町にある神社である。明治末までは大宮神社と称していた。,
真宗会館,,東京都,練馬区,35.749147,139.6244675,D,寺院,東本願寺真宗会館（ひがしほんがんじしんしゅうかいかん）は、東京都練馬区谷原にある真宗大谷派の会館である。首都圏における教法の聞信・宣布の拠点として設立された。,
妙音寺,,東京都,,35.7122637,139.7855125,D,寺院,妙音寺（みょうおんじ）は、東京都台東区松が谷にある江戸十大祖師の一つとして知られる日蓮宗の寺院である。山号は、妓楽山。,
大林寺,,愛知県,,34.9605705,137.15949,D,寺院,大林寺（だいりんじ）は、愛知県岡崎市魚町にある浄土宗西山深草派の寺院。山号は拾玉山。,
淀川天神社,,大阪府,,34.7101904,135.5153098,D,神社,淀川天神社（よどがわてんじんしゃ）は、大阪市北区国分寺にある神社。旧社格は村社。,
多田神社,,東京都,,35.6832633,139.6637755,D,神社,多田神社（ただじんじゃ）は、東京都中野区南台にある神社。,
願成寺,,愛知県,,35.1565082,136.8641593,D,寺院,,
庚申寺,,静岡県,,34.828508,137.770989,D,寺院,庚申寺（こうしんじ）は、静岡県浜松市浜名区宮口にある臨済宗方広寺派の寺院である。山号は金剛山（こんごうざん）。,
古熊神社,,山口県,,34.1786852,131.4886827,D,神社,古熊神社（ふるくまじんじゃ）は、山口県山口市にある神社（天満宮）である。「山口の天神様」と通称される。,
谷地八幡宮,,山形県,,38.426052,140.3130698,D,神社,,
称福寺,,東京都,,35.7206058,139.8055235,D,寺院,,
紀州神社,,東京都,,35.7643629,139.7448257,D,神社,紀州神社（きしゅうじんじゃ）は東京都北区の神社。,
今堀日吉神社,,滋賀県,,35.0946677,136.1917253,D,神社,今堀日吉神社（いまほりひよしじんじゃ）は、滋賀県東近江市にある神社。旧社格は村社。,
銚港神社,,千葉県,,35.7316842,140.8404531,D,神社,,
到津八幡神社,,福岡県,,33.8776975,130.8532504,D,神社,到津八幡神社（いとうづはちまんじんじゃ）は、福岡県北九州市小倉北区上到津に鎮座する神社。旧社格は県社。,
宝塚神社,,兵庫県,,34.7944545,135.351007,D,神社,"宝塚神社（たからづかじんじゃ）は、兵庫県宝塚市にある神社。
東斜面の高台にあり、境内からは大阪市街、生駒山地や金剛山地まで望めることから初日の出の名所としても知られる。",
守山八幡宮,,静岡県,,35.04605,138.9385356,D,神社,守山八幡宮（もりやまはちまんぐう）は、静岡県伊豆の国市にある神社。,
普済寺,,埼玉県,,36.2073428,139.2513066,D,寺院,普済寺（ふさいじ）は、埼玉県深谷市にある曹洞宗の寺院。,
全勝寺,,東京都,,35.6907002,139.721302,D,寺院,全勝寺（ぜんしょうじ）は、東京都新宿区舟町にある曹洞宗系の単立寺院。,
聖通寺,,香川県,,34.3146878,133.8331295,D,寺院,,
隔夜寺,,奈良県,,34.6771209,135.8481405,D,寺院,,
八坂神社 社殿,,千葉県,,35.6890371,140.0241998,D,神社,八坂神社（やさかじんじゃ）は、千葉県習志野市津田沼にある神社。二宮神社（船橋市三山）の兼務社で、津田沼一丁目公園の隣に位置している。,
宝蔵寺,,京都府,,35.0066518,135.7685363,D,寺院,宝蔵寺（ほうぞうじ）は、京都市中京区にある浄土宗西山深草派の寺院。山号は無量山。,
佐野原神社,,静岡県,,35.1697024,138.9081308,D,神社,佐野原神社（さのはらじんじゃ）は、静岡県裾野市平松にある神社。,
熊野神社,,静岡県,,34.689447,137.6803772,D,神社,,
白瀑神社,,秋田県,,40.3389954,140.0381153,D,神社,白瀑神社（しらたきじんじゃ）は秋田県山本郡八峰町にある神社である。境内には八幡神社、菅原神社、唐松神社がある。,
興安寺,,東京都,,35.703775,139.7579874,D,寺院,,
稲荷森稲荷神社,,東京都,,35.6469251,139.6242635,D,神社,稲荷森稲荷神社（とうかもりいなりじんじゃ、いなりもりいなりじんじゃ）は、東京都世田谷区の神社。,
法徳寺,,奈良県,,34.6763575,135.8328512,D,寺院,法徳寺（ほうとくじ）は、奈良県奈良市十輪院町にある融通念仏宗の寺院である。山号は光明山、院号は倍巌院。,
浮島神社,,宮城県,,38.3037049,140.9944656,D,神社,浮島神社（うきしまじんじゃ）は、宮城県多賀城市浮島にある神社である。奥塩老翁神と奥塩老女神の2神を祀る。,
熱日高彦神社,,宮城県,,37.9374529,140.8319295,D,神社,熱日高彦神社（あつひたかひこじんじゃ）は、宮城県角田市にある神社である。旧社格は郷社。,
保元寺,,東京都,,35.723117,139.8062312,D,寺院,保元寺（ほげんじ、ほうげんじ）は、東京都台東区にある浄土宗の寺院。,
山王宮日吉神社,,京都府,,35.5402125,135.1879773,D,神社,山王宮日吉神社（さんのうぐうひよしじんじゃ）は、京都府宮津市にある神社。宮津郷の総産土神とされた。,
千住神社,,東京都,,35.7472792,139.7967387,D,神社,千住神社（せんじゅじんじゃ）は、東京都足立区千住宮元町にある神社である。旧称西森神社および千崎稲荷神社。,
蓮昌寺,,神奈川県,小田原市,35.2450395,139.1559568,D,寺院,蓮昌寺（れんしょうじ）は神奈川県小田原市にある日蓮宗の寺。山号は妙珍山（みょうちんさん）。,
松連寺,,岡山県,,34.7888621,133.619897,D,寺院,松連寺（しょうれんじ）は、岡山県高梁市にある真言宗御室派の寺院。山号は東向山。,
淨教寺,,奈良県,,34.682376,135.8251735,D,寺院,淨教寺（じょうきょうじ）は、奈良県奈良市上三條町にある浄土真宗本願寺派の寺院である。山号は九条山。,
打吹山 長谷寺,,鳥取県,倉吉市,35.4271017,133.8180287,D,寺院,,
深専寺,,和歌山県,,34.034948,135.1773899,D,寺院,深専寺（じんせんじ）は、和歌山県有田郡湯浅町湯浅785にある西山浄土宗の仏教寺院。山号は玉光山。,
空知神社,,北海道,,43.3327907,141.8571674,D,神社,,
長良天神神社,,岐阜県,,35.4509123,136.7764482,D,神社,,
宝来山神社,,和歌山県,,34.2914533,135.4687564,D,神社,寶來山神社（ほうらいさんじんじゃ）は、和歌山県伊都郡かつらぎ町にある神社。新字体表記の宝来山神社も一般的に用いられる。,
天神社,,大阪府,,34.6886037,135.4825018,D,神社,天神社（てんじんしゃ）は、大阪市福島区玉川にある神社。旧社格は村社。,
椎葉厳島神社,,宮崎県,,32.4638816,131.1545314,D,神社,椎葉厳島神社（しいばいつくしまじんじゃ）は、宮崎県東臼杵郡椎葉村に鎮座する神社である。,
豊川進雄神社,,愛知県,,34.8260701,137.3964517,D,神社,,
新善光寺,,京都府,,34.9803148,135.7788997,D,寺院,新善光寺（しんぜんこうじ）は、京都市東山区にある真言宗泉涌寺派の寺院。泉涌寺の塔頭のひとつで、本尊は阿弥陀如来。,
智泉院,,東京都,,35.6809216,139.7793097,D,寺院,智泉院（ちせんいん）は、東京都中央区にある天台宗の寺院。,
弁天寺,,愛知県,,35.1000504,136.84153,D,寺院,,
伊豆佐比賣神社,,宮城県,,38.3223459,140.9637617,D,神社,伊豆佐比賣神社（いずさひめじんじゃ）は、宮城県宮城郡利府町にある神社である。『延喜式神名帳』に小社として記載されている式内社で、旧社格は村社。,
熊野本宮社,,宮城県,,38.2080524,140.8368455,D,神社,熊野本宮社（くまのほんぐうしゃ）は、宮城県名取市にある神社である。名取熊野三社のうちの一社。,
市原稲荷神社,,愛知県,,34.9859502,136.9821674,D,神社,"市原稲荷神社（いちばらいなりじんじゃ）は、愛知県刈谷市司町にある神社。
旧社格は郷社。",
新橋浅間神社,,静岡県,,35.3005928,138.9305101,D,神社,新橋浅間神社（にいはしせんげんじんじゃ）は、静岡県御殿場市新橋（にいはし）にある神社。,
小松山 福寿院 金剛寺,,奈良県,,34.3456852,135.7017711,D,寺院,,
大黒寺,,大阪府,,34.5430139,135.6199724,D,寺院,大黒寺（だいこくじ）は、大阪府羽曳野市にある曹洞宗の寺院。大黒天発祥の寺とされる。,
東福寺,,東京都,,35.7273567,139.6680027,D,寺院,東福寺（とうふくじ）は、東京都中野区にある真言宗豊山派の寺院。,
西来院,,沖縄県,,26.21769,127.7225462,D,寺院,,
亀崎熊野神社,,千葉県,,35.6985718,140.1968847,D,神社,熊野神社（くまのじんじゃ）は、千葉県四街道市亀崎字殿台にある熊野弐社大権現である。旧社格は村社。,
萬徳寺,,愛知県,,35.256134,136.8166159,D,寺院,,
本福寺,,千葉県,,35.7957871,139.9145551,D,寺院,本福寺（ほんぷくじ）は、千葉県松戸市上本郷にある時宗の寺院。,
綱敷天満宮,,福岡県,福岡市博多区,33.596921,130.40738,D,神社,,
曽屋神社,,神奈川県,,35.3795604,139.2204657,D,神社,曽屋神社（曾屋神社、そやじんじゃ）とは、神奈川県秦野市曽屋（そや）にある神社。現在でも旧字体の表記も多く使われる。,
亀岡神社,,長崎県,,33.3679477,129.5567932,D,神社,亀岡神社（かめおかじんじゃ）は、長崎県平戸市に鎮座する神社。平戸城本丸跡に鎮座する。,
熊野神社,,埼玉県,川越市,35.9190112,139.4832389,D,神社,熊野神社（くまのじんじゃ）は、埼玉県川越市連雀町にある神社。地名を冠して川越熊野神社（かわごえくまのじんじゃ）とも。,
倉賀野神社,,群馬県,,36.2961736,139.043148,D,神社,倉賀野神社（くらがのじんじゃ）は、群馬県高崎市倉賀野町にある神社。倉賀野町の総鎮守とされ、旧社格は村社。,
宗禅寺,,東京都,,35.751187,139.318622,D,寺院,宗禅寺（そうぜんじ）は東京都羽村市にある臨済宗の寺院。山号は医王山。,
二本松神社,,福島県,,37.5926484,140.4345172,D,神社,二本松神社（にほんまつじんじゃ）とは福島県二本松市本町にある神社である。旧社格は県社である。,
文殊寺,,埼玉県,,35.883574,139.6812805,D,寺院,文殊寺（もんじゅじ）は、埼玉県さいたま市緑区にある天台宗の寺院。,
竹駒寺,,宮城県,,38.1042648,140.8686586,D,寺院,,
延命山 地蔵院 道仙寺,,岡山県,,35.1676382,134.3824552,D,寺院,,
唱行寺,,千葉県,,35.7364935,139.9711633,D,寺院,唱行寺（しょうぎょうじ）は、千葉県市川市柏井町にある日蓮宗の寺院。山号は今島山。,
鳩峯八幡神社,,埼玉県,,35.7768197,139.4579791,D,神社,,
蓮華寺,,長野県,,35.8383163,138.0615854,D,寺院,,
源空寺,,京都府,,34.9334182,135.7623756,D,寺院,,
興徳寺,,大阪府,,34.6725414,135.5270058,D,寺院,,
合槌稲荷大明神,,京都府,,35.009783,135.7840975,D,神社,合槌稲荷神社（あいづちいなりじんじゃ）は京都府京都市東山区にある稲荷神社。,
誕生寺,,奈良県,,34.6752141,135.8295507,D,寺院,,
安養寺,,東京都,,35.670745,139.4146569,D,寺院,安養寺（あんようじ）は、東京都日野市にある真言宗智山派の寺院。,
善性寺,,東京都,,35.7270931,139.7738175,D,寺院,善性寺（ぜんしょうじ）は、東京都荒川区にある日蓮宗の寺院。,
宮の陣神社,,福岡県,,33.3290836,130.5339037,D,神社,宮ノ陣神社（みやのじんじんじゃ）は、福岡県久留米市宮ノ陣にある神社。旧社格は村社（神饌幣帛料供進社）。,
手力雄神社,,千葉県,館山市,35.0024629,139.9354885,D,神社,手力雄神社（たぢからおじんじゃ）は、千葉県館山市にある神社。,
本学神社,,長野県,高森町,35.5789538,137.8737468,D,神社,本学神社（ほんがくじんじゃ）は、長野県下伊那郡高森町山吹に鎮座する神社。,
妙音教会,,福岡県,,33.5055684,130.5221768,D,寺院,妙音教会（みょうおんきょうかい）は、福岡県筑紫野市二日市北にある日蓮宗の寺院。大相撲の横綱で日本相撲協会理事長も務めた双葉山定次が現役引退後の理事長時代に建立した。,
坂城神社,,長野県,,36.469635,138.1804956,D,神社,坂城神社（さかきじんじゃ）は、長野県埴科郡坂城町坂城にある神社。式内社で、旧社格は県社。,
千住本氷川神社,,東京都,,35.7525259,139.8022537,D,神社,千住本氷川神社（せんじゅもとひかわじんじゃ）は、東京都足立区千住3丁目にある神社。,
愛宕神社,,千葉県,,35.9489495,139.861843,D,神社,愛宕神社（あたごじんじゃ）は千葉県野田市の神社。,
八幡社,,東京都,,35.6609966,139.6214486,D,神社,八幡社（はちまんしゃ）は東京都世田谷区八幡山にある神社である。旧八幡山村の鎮守で、地名の由来となった。,
与賀神社,,佐賀県,,33.2488679,130.2948509,D,神社,與賀神社（よかじんじゃ、与賀神社）は、佐賀県佐賀市にある神社。旧社格は県社。,
永厳寺,,宮城県,,38.4296527,141.3051706,D,寺院,永巌寺（えいがんじ）は、宮城県石巻市羽黒町1丁目にある曹洞宗の寺院。本尊は釈迦如来。,
曹洞宗 天徳院,,東京都,,35.708588,139.6765019,D,寺院,天徳院（てんとくいん）は、東京都中野区にある曹洞宗の寺院。,
熊野神社,,広島県,,34.4374389,132.4610625,D,神社,,
千歳神社,,北海道,千歳市,42.8181536,141.6421144,D,神社,千歳神社、千歲神社（ちとせじんじゃ）は、北海道千歳市真町1番地にある神社。創祀は享和3年（1803年）である。,
竹鼻別院,,岐阜県,,35.3241698,136.7006254,D,寺院,,
祥雲寺,,岩手県,,38.9186089,141.1299406,D,寺院,祥雲寺（しょううんじ）は、岩手県一関市に所在する臨済宗妙心寺派の寺院である。山号は大慈山。,
東城寺,,茨城県,土浦市,36.1642698,140.1478162,D,寺院,東城寺（とうじょうじ）は、茨城県土浦市東城寺にある真言宗系の単立寺院。山号は朝望山。,
桶狭間神明社,,愛知県,,35.0520116,136.9684575,D,神社,桶狭間神明社（おけはざましんめいしゃ）は、名古屋市緑区桶狭間神明にある神社である。正式名称は神明社（しんめいしゃ）という。,
了俒寺,,東京都,,35.7256106,139.7690955,D,寺院,了俒寺（りょうごんじ）は、東京都台東区にある天台宗の寺院。,
小岩神社,,東京都,,35.7352702,139.8886334,D,神社,小岩神社（こいわじんじゃ）は、東京都江戸川区東小岩にある神社。,
立源寺,,東京都,,35.6133881,139.6735562,D,寺院,,
徳林寺,,愛知県,,35.104462,136.9712862,D,寺院,徳林寺（とくりんじ）は、愛知県名古屋市天白区天白町大字野並字相生にある曹洞宗の仏教寺院。,
足助神社,,愛知県,,35.1344277,137.3112273,D,神社,,
成正寺,,大阪府,,34.7001525,135.5100171,D,寺院,成正寺（じょうしょうじ）は、大阪市北区にある日蓮宗の寺院。旧本山は身延山久遠寺。,
明光寺,,京都府,,35.0380175,135.7601724,D,寺院,明光寺（みょうこうじ）は、京都市にある浄土真宗本願寺派の寺院。山号は能谷山。,
寳蔵院,,東京都,,35.7529635,139.7627255,D,寺院,宝蔵院（寳蔵院、ほうぞういん）は、東京都荒川区にある新義真言宗の寺院。,
長泉寺,,埼玉県,,36.1734145,139.1072061,D,寺院,,
塩湯彦神社,,秋田県,横手市,39.3675128,140.6347827,D,神社,塩湯彦神社（しおゆひこじんじゃ）は、秋田県横手市にある神社である。式内小社、旧社格は郷社。,
花岳寺,,愛知県,,34.8433101,137.0822462,D,寺院,,
金蓮院,,東京都,,35.7723968,139.8745881,D,寺院,,
西岸寺,,長野県,,35.6589647,137.93484,D,寺院,,
御厨神社,,兵庫県,,34.7009652,134.8835776,D,神社,御厨神社（みくりやじんじゃ）は、兵庫県明石市東二見にある神社。菅原道真が休息した仮寝の松や菅公腰掛松があったとされ石碑が残る。,
妙円寺（松ヶ崎大黒天）,,京都府,,35.053901,135.785704,D,寺院,妙円寺（みょうえんじ）は、京都市左京区松ヶ崎にある日蓮宗の寺院。山号は松崎山。,
台雲寺,,東京都,,35.6476505,139.7137962,D,寺院,台雲寺（だいうんじ）は、東京都渋谷区にある曹洞宗の寺院。,
荒神山神社,,滋賀県,,35.2335411,136.1978718,D,神社,,
滝宮神社,,埼玉県,,36.1909161,139.2794268,D,神社,瀧宮神社（たきのみやじんじゃ）は、埼玉県深谷市西島にある神社。,
常在寺,,東京都,,35.7246889,139.7684187,D,寺院,常在寺（じょうざいじ）は、東京都台東区谷中にある日蓮宗の寺院。山号は感応山。,
本然寺,,東京都,,35.7169247,139.7905061,D,寺院,本然寺（ほんねんじ）は、東京都台東区にある曹洞宗の寺院。,
明西寺,,東京都,,35.6581146,139.5857726,D,寺院,明西寺（みょうさいじ）は、東京都調布市にある浄土真宗本願寺派の寺院。,
誓願寺,,東京都,,35.7383138,139.7960004,D,寺院,,
三光院,,東京都,,35.7066744,139.5115066,D,寺院,三光院（さんこういん）は、東京都小金井市にある臨済宗の尼寺院。檀家制度は取っておらず、竹之御所流精進料理の総本山として存在。,
法福寺,,新潟県,,37.6434549,138.7695873,D,寺院,法福寺（ほうふくじ）は、新潟県長岡市寺泊（旧寺泊町）にある日蓮宗の寺院である。山号は寺泊山。,
諸杉神社,,兵庫県,,35.460648,134.875048,D,神社,,
龍谷寺,,東京都,,35.7125958,139.7825067,D,寺院,,
済廣寺,,静岡県,東伊豆町,34.7734223,139.0380096,D,寺院,,
駒形大神社,,千葉県,,35.7601888,139.9619383,D,神社,,
元景寺,,群馬県,,36.4149716,139.0400027,D,寺院,元景寺（げんけいじ）は、群馬県前橋市総社町植野にある曹洞宗の寺院。,
本応寺,,埼玉県,,35.9261713,139.4799422,D,寺院,本応寺（ほんのうじ）は、埼玉県川越市石原町にある日蓮宗の寺院。山号は長久山。,
池尻稲荷神社,,東京都,世田谷区,35.6485359,139.6812985,D,神社,池尻稲荷神社（いけじりいなりじんじゃ）は、東京都世田谷区池尻にある神社。古くから「火伏せの稲荷、子育て稲荷」として住民に信仰されてきた。,
秩父24 光智山 法泉寺,,埼玉県,,35.9875147,139.0610687,D,寺院,,
十二神社,,奈良県,,34.5804688,135.8531475,D,神社,"十二神社（じゅうにじんじゃ）は、奈良県天理市にある神社である。
式内小社「大和国山辺郡 夜都伎神社」の論社である（他の論社は同市乙木町の夜都岐神社と田井庄町の八剣神社）。",
荒神山観音寺,,三重県,鈴鹿市,34.902721,136.5153906,D,寺院,,
清泰寺,,岐阜県,,35.5481005,136.9083177,D,寺院,,
妙照寺,,岐阜県,,35.4315442,136.7712713,D,寺院,妙照寺（みょうしょうじ）は、岐阜県岐阜市の金華山の麓にある、日蓮宗の寺院。山号は三光山。,
海隣寺,,千葉県,,35.722761,140.2247047,D,寺院,海隣寺（かいりんじ）は、千葉県佐倉市海隣寺町にある時宗の寺院。,
三嶋神社,,神奈川県,,35.3251125,139.3586004,D,神社,三嶋神社（みしまじんじゃ）は神奈川県平塚市夕陽ヶ丘に鎮座する神社。別名「湘南のえびすさま(七福神の一柱)」。,
龍光院,,京都府,,35.020268,135.7868077,D,寺院,,
宝樹院,,神奈川県,,35.3278194,139.6074426,D,寺院,宝樹院（ほうじゅいん）は、神奈川県横浜市金沢区にある真言宗御室派の寺院。,
聖神社,,鳥取県,,35.5000575,134.2200563,D,神社,,
徳林寺,,愛知県,,35.3439678,136.9091398,D,寺院,徳林寺（とくりんじ）は、愛知県丹羽郡大口町にある臨済宗妙心寺派の寺院。山号は大龍山。,
松源寺,,岐阜県,,35.4802818,137.5009136,D,神社,松源寺（しょうげんじ）は、岐阜県中津川市手賀野にある臨済宗妙心寺派の寺院。山号は圓通山。,
遠妙寺 (笛吹市),,山梨県,,35.6505808,138.6402733,D,寺院,,
乎加神社,,滋賀県,,35.1771166,136.1842617,D,神社,乎加神社（おかじんじゃ）は、滋賀県東近江市にある神社である。式内社で、旧社格は県社。,
慈雲寺,,山梨県,,35.7184075,138.7562451,D,寺院,慈雲寺（じうんじ）は、山梨県甲州市塩山中萩原にある臨済宗妙心寺派の寺院。山号は天龍山。,
高昌寺,,愛媛県,,33.5600142,132.6536116,D,寺院,,
小槻神社,,滋賀県,,35.0010195,135.9772646,D,神社,小槻神社（おつきじんじゃ/おつぎじんじゃ）は、滋賀県草津市青地町にある神社。式内社で、旧社格は郷社。,
氷川神社,,埼玉県,,35.9787592,139.6035447,D,神社,氷川神社（ひかわじんじゃ）は埼玉県上尾市二ツ宮にある氷川信仰の神社である。,
来福寺,,東京都,,35.6015376,139.7378646,D,寺院,来福寺（らいふくじ）は、東京都品川区にある真言宗智山派の寺院。,
村富神社,,神奈川県,相模原市,35.5734016,139.3814066,D,神社,村富神社（むらとみじんじゃ）は、神奈川県相模原市中央区矢部にある神社である。,
松原神社,,鹿児島県,鹿児島市,31.5866366,130.5576716,D,神社,松原神社（まつばらじんじゃ）は鹿児島県鹿児島市松原町に鎮座する神社である。,
宝泉寺,,東京都,,35.71195,139.6788349,D,寺院,宝泉寺（ほうせんじ）は、東京都中野区にある曹洞宗の寺院。,
正福寺,,埼玉県,,35.8892061,139.6487052,D,寺院,正福寺（しょうふくじ）は、埼玉県さいたま市浦和区にある天台宗の寺院。,
極楽寺,,愛知県,,35.1616566,136.9015705,D,寺院,極楽寺（ごくらくじ）は愛知県名古屋市にある単立の寺院。山号は教報山、本尊は阿弥陀如来坐像で恵心僧都の作と伝わる。,
冨吉建速神社・八剱社,,愛知県,,35.147455,136.7873739,D,神社,冨吉建速神社・八劔社（とみよしたけはやじんじゃ・はちけんしゃ）は、愛知県海部郡蟹江町大字須成にある2つの神社。2社を合わせて須成神社（すなりじんじゃ）とも呼ばれる。,
林光寺,,埼玉県,,35.8923769,139.596197,D,寺院,,
加茂神社,,富山県,,36.7421525,137.1419584,D,神社,加茂神社（かもじんじゃ）は、富山県射水市にある神社である。賀茂御祖神社領倉垣荘の惣社で、旧社格は郷社。,
大念寺,,京都府,,34.8944128,135.6803556,D,寺院,大念寺（だいねんじ）は京都府乙訓郡大山崎町にある浄土宗の仏教寺院。山号は見仏山。,
祐綏神社,,山口県,,34.0616142,131.8145262,D,神社,祐綏神社（ゆうすいじんじゃ）は、山口県周南市にある神社。祭神は徳山藩初代藩主･毛利就隆と9代藩主･毛利元蕃。,
天皇寺,,宮城県,,38.4406494,140.8851823,D,寺院,天皇寺（てんのうじ）は、宮城県黒川郡大和町にある臨済宗妙心寺派の寺院。,
妙光寺,,東京都,,35.676263,139.8738097,D,寺院,妙光寺（みょうこうじ）は、東京都江戸川区にある日蓮宗の寺院。,
明福寺,,東京都,,35.6853939,139.8952444,D,寺院,明福寺（めいふくじ）（みょうふくじ）は、東京都江戸川区にある浄土宗の寺院。,
東雲寺,,愛知県,,35.2131202,136.8789964,D,寺院,東雲寺（とううんじ）は、愛知県名古屋市西区中小田井にある臨済宗の寺院。山号は龍光山（りゅうこうざん）。,
富士浅間神社,,愛知県,,35.0864671,137.046419,D,神社,富士浅間神社（ふじせんげんじんじゃ）は、愛知県愛知郡東郷町にある神社。『延喜式神名帳』の尾張国愛智郡「伊副神社」に比定する説があるが、異論も多い。,
隅田稲荷神社,,東京都,,35.7316072,139.8241899,D,神社,,
湯里住吉神社,,大阪府,,34.6126918,135.5352113,D,神社,湯里住吉神社（ゆざとすみよしじんじゃ）は、大阪府大阪市東住吉区湯里にある神社。旧社格は村社。,
満福寺,,宮城県,仙台市,38.2499768,140.8865379,D,寺院,満福寺（まんぷくじ）は、宮城県仙台市若林区荒町にある真言宗智山派の仏教寺院である。荒町商店街の東部に所在する。,
西應寺,,東京都,,35.6838162,139.7229183,D,寺院,,
荻窪白山神社,,東京都,,35.7054959,139.6160504,D,神社,,
御嶽神社,,千葉県,,35.702361,140.0333412,D,神社,御獄神社 （みたけじんじゃ）は、千葉県船橋市前原東にある神社である。旧社格は村社。,
別所琴平神社,,熊本県,,32.7860135,130.7052401,D,神社,別所琴平神社（べっしょことひらじんじゃ）は、熊本県熊本市中央区に鎮座する神社である。通称は別所のこんぴらさん。,
今宮神社,,京都府,,35.0204234,135.7184684,D,神社,今宮神社（いまみやじんじゃ）は、京都府京都市右京区花園にある神社（御霊社）。かつては祇花園社（ぎけおんしゃ、ぎはなぞのしゃ）、花園社（はなぞのしゃ）とも呼ばれた。,
安布知神社,,長野県,阿智村,35.4475923,137.745303,D,神社,安布知神社（あふちじんじゃ）は、長野県下伊那郡阿智村駒場にある神社。旧社格は郷社。,
気多神社,,兵庫県,,35.4783482,134.7932976,D,神社,気多神社（けたじんじゃ）は、兵庫県豊岡市日高町上郷にある神社。式内社、但馬国総社で、旧社格は郷社。,
延浄寺,,東京都,,35.6634218,139.5705916,D,寺院,延浄寺（えんじょうじ）は、東京都調布市にある浄土真宗本願寺派の寺院。,
氷川神社,,東京都,,35.7853801,139.6400122,D,神社,氷川神社（ひかわじんじゃ）は東京都板橋区の神社。地名を冠して赤塚氷川神社（あかつかひかわじんじゃ）とも称される。,
神明社,,東京都,,35.6503471,139.6073408,D,神社,,
乗福寺,,神奈川県,,35.4121937,139.4257492,D,寺院,乗福寺（じょうふくじ）は、神奈川県藤沢市にある曹洞宗の寺院。山号は万年山。,
善仁寺,,東京都,,35.7112134,139.7373145,D,寺院,善仁寺（ぜんにんじ）は、東京都文京区にある浄土真宗本願寺派の寺院。,
西光寺,,東京都,,35.7344396,139.8340088,D,寺院,,
大泉院,,埼玉県,,35.8703577,139.6028545,D,寺院,大泉院（だいせんいん）は、埼玉県さいたま市桜区にある曹洞宗の寺院。,
延命寺,,東京都,,35.7315668,139.4977646,D,寺院,延命寺（えんめいじ）は、東京都小平市にある真言宗豊山派の寺院。,
勝興寺,,東京都,,35.6845765,139.7227867,D,寺院,勝興寺（しょうこうじ）は、東京都新宿区にある曹洞宗の寺院。,
深光寺,,東京都,,35.7157871,139.7374102,D,寺院,深光寺（じんこうじ）は、東京都文京区にある浄土宗の寺院。,
久度神社,,奈良県,,34.5992618,135.6979315,D,神社,久度神社（くどじんじゃ）は、奈良県北葛城郡王寺町にある神社。式内社で旧社格は、村社。,
比賣神社,,奈良県,,34.6754438,135.8463579,D,神社,比賣神社（ひめがみしゃ）は、奈良県奈良市高畑町にある神社。比賣塚と呼ばれる小さな古墳の上に建てられている。,
妙行寺,,愛知県,,35.1736073,136.8560107,D,寺院,,
龍泉寺,,東京都,,35.7233902,139.7461667,D,寺院,,
天祖諏訪神社,,東京都,,35.5973781,139.7390016,D,神社,天祖・諏訪神社（てんそすわじんじゃ）は、東京都品川区南大井にある神社。,
胤重寺,,千葉県,千葉市,35.6037658,140.1260201,D,寺院,,
医王寺,,東京都,,35.6740277,139.6119292,D,寺院,医王寺（いおうじ）は、東京都杉並区にある真言宗智山派の寺院。,
光明寺,,東京都,,35.7103468,139.7856142,D,寺院,光明寺（こうみょうじ）は、東京都台東区にある浄土宗の寺院。,
羅漢寺,,東京都,,35.6895961,139.8266777,D,寺院,,
長福寺,,愛知県,,35.1580799,136.9001542,D,寺院,,
妙源寺,,東京都,,35.7460827,139.8316532,D,寺院,妙源寺（みょうげんじ）は、東京都葛飾区堀切にある日蓮宗の寺院。山号は正覚山。,
伊去波夜和氣命神社,,宮城県,,38.4155704,141.3630511,D,神社,"伊去波夜和氣命神社（いこはやわけ（わき）のみことじんじゃ）は、宮城県石巻市にある神社である。
延喜式式内社のうちの一座である。",
本願寺新潟別院,,新潟県,,37.5405823,138.8149863,D,寺院,本願寺新潟別院（ほんがんじにいがたべついん）は新潟県長岡市与板町にある浄土真宗本願寺派（西本願寺）の直属寺院（別院）である。,
香積寺,,宮城県,,38.5623643,141.25792,D,寺院,,
柏原八幡宮,,兵庫県,,35.1309253,135.0794184,D,寺院,柏原八幡宮（かいばらはちまんぐう）は、兵庫県丹波市柏原町柏原（かいばら）にある神社。旧社格は県社。,
福住厳島神社,,北海道,札幌市,43.0155452,141.3974083,D,神社,福住厳島神社（ふくずみいつくしまじんじゃ）は、北海道札幌市豊平区福住にある神社である。旧社格は無格社。,
真照寺,,東京都,,35.7218459,139.2682114,D,寺院,真照寺（しんしょうじ）は、東京都あきる野市にある真言宗豊山派の寺院。,
城官寺,,東京都,,35.7449788,139.7466584,D,寺院,城官寺（じょうかんじ）は、東京都北区上中里1丁目にある真言宗豊山派の寺院。,
天龍寺,,東京都,,35.614492,139.7399617,D,寺院,天龍寺（てんりゅうじ）は、東京都品川区にある曹洞宗の寺院。,
天祖神社,,東京都,,35.7065574,139.8209451,D,神社,天祖神社（てんそじんじゃ）は東京都江東区の神社。江東天祖神社（こうとうてんそじんじゃ）とも。,
倍賀春日神社,,大阪府,,34.8243552,135.564646,D,神社,倍賀春日神社（へかかすがじんじゃ）は、大阪府茨木市にある春日神社九社の一つ。,
漢陽寺,,山口県,,34.2355661,131.8150624,D,寺院,漢陽寺（かんようじ）は、山口県周南市鹿野上にある臨済宗南禅寺派の寺院。大本山南禅寺派別格地鹿苑山漢陽寺が、正式名称である[1]。,
嶋田神社,,奈良県,,34.6475524,135.8455827,D,神社,嶋田神社（しまだじんじゃ）は、奈良県奈良市八島町にある神社。式内小社、旧社格は村社、神饌幣帛料供進社。,
伊居太神社,,兵庫県,,34.7472796,135.4338017,D,神社,"伊居太神社（いこたじんじゃ）は、兵庫県尼崎市下坂部にある神社。
摂津国河辺郡の式内社の伊居太神社の論社の1つ（もう1つは池田市の伊居太神社（いけだじんじゃ））。",
宝勝寺,,愛知県,,35.1972294,136.9493819,D,寺院,宝勝寺（ほうしょうじ）とは、愛知県名古屋市守山区市場にある曹洞宗の寺院である。山号を玉峯山と称する。,
霊松院,,岐阜県,,35.4698345,136.7810596,D,寺院,,
一岡神社,,大阪府,,34.3758112,135.2890034,D,神社,一岡神社（いちおかじんじゃ）は、大阪府泉南市にある神社。一丘神社とも書く。,
王日神社,,長野県,,36.7450065,138.3780475,D,神社,,
川面神社,,兵庫県,,34.8088627,135.3507292,D,神社,川面神社（かわもじんじゃ）は、兵庫県宝塚市にある神社。旧武庫郡川面村の産土神。,
印鑰神社,,熊本県,,32.5674239,130.6611979,D,神社,印鑰神社（いんにゃくじんじゃ）は、熊本県八代市鏡町鏡村にある神社である。旧社格は村社。,
八幡神社,,東京都,,35.6752302,139.6304234,D,神社,下高井戸浜田山八幡神社（しもたかいどはまだやまはちまんじんじゃ）は、東京都杉並区下高井戸にある神社。登記上の宗教法人名称は八幡神社（はちまんじんじゃ）。,
常林寺,,東京都,,35.6443034,139.739385,D,寺院,常林寺（じょうりんじ）は、東京都港区にある曹洞宗の寺院。新庄藩主戸沢家と結城藩主水野家の江戸に於ける菩提寺であった。,
南部神社,,岩手県,,39.3273736,141.5277152,D,神社,南部神社（なんぶじんじゃ）は岩手県遠野市にある神社。鍋倉公園の入り口にある。,
久遠寺,,神奈川県,,35.4423913,139.6148142,D,寺院,久遠寺（くおんじ）は、横浜市南区に所在する日蓮正宗の寺院。山号は霊松山（れいしょうさん）。,
円政寺,,山口県,,34.4113587,131.3940402,D,寺院,円政寺（えんせいじ）は、山口県萩市南古萩町（萩城下町）にある真言宗御室派の寺院。建長6年（1254年）に現在の山口市円政寺町に創建され、明治3年（1870年）に現在地に移転した。,
大胡神社,,群馬県,,36.4217221,139.1592537,D,神社,大胡神社（おおごじんじゃ）は群馬県前橋市河原浜町にある神社。旧社格は郷社。,
福泉寺,,東京都,,35.7536564,139.5665374,D,寺院,福泉寺（ふくせんじ）は東京都西東京市下保谷にある日蓮宗の寺、山号は保谷山、院号は妙解院と号する。保谷駅北口ロータリーを発しこの寺院の前を通る道路は、「福泉寺通り」と呼ばれる。,
西徃寺,,埼玉県,,35.8122396,139.8124007,D,寺院,,
大倭神社,,埼玉県,,35.9150127,139.5918655,D,神社,大倭神社（おおやまとじんじゃ）は、埼玉県さいたま市西区の神社。,
源昌寺,,東京都,,35.6387759,139.7323079,D,寺院,源昌寺（げんしょうじ）とは東京都港区高輪1-23-28にある曹洞宗の寺院。,
圓勝寺,,東京都,,35.739641,139.7525073,D,寺院,円勝寺（えんしょうじ）は、東京都北区にある浄土宗の寺院。,
慶珊寺,,神奈川県,,35.372018,139.6345796,D,寺院,"慶珊寺（けいさんじ）は、神奈川県横浜市金沢区富岡東に存在する真言宗御室派の寺。
寛永元年（1624年）に領主の豊島明重が両親の菩提を弔うため建立した寺。",
明泉寺 (大日寺),,兵庫県,,34.6814278,135.1440131,D,寺院,明泉寺（みょうせんじ）は兵庫県神戸市長田区明泉寺町にある臨済宗の仏教寺院。寺名よりも大日寺、大日さんで知られている。,
白鳥神社,,岐阜県,,35.8888612,136.8580971,D,神社,,
阿弥陀寺,,神奈川県,,35.3669311,139.5973263,D,寺院,,
本願寺函館別院,,北海道,,41.7638572,140.7227269,D,寺院,本願寺函館別院（ほんがんじはこだてべついん）は、北海道函館市にある浄土真宗本願寺派の寺院である。,
西圓寺,,岐阜県,,35.3986547,136.5893684,D,寺院,,
祇園寺,,東京都,,35.6592891,139.5556918,D,寺院,祇園寺（ぎおんじ）は、東京都調布市にある天台宗の寺院。山号は虎狛山。,
足立神社,,埼玉県,,35.8974857,139.5895903,D,神社,,
福王神社,,三重県,,35.0845429,136.4769576,D,神社,,
天湯川田神社,,大阪府,,34.5737512,135.6327283,D,神社,天湯川田神社（あまゆかわたじんじゃ）は、大阪府柏原市高井田にある神社。式内社で、旧社格は村社。,
大聖寺,,福島県,,37.4976264,141.0146205,D,寺院,大聖寺（だいしょうじ）は、福島県双葉郡浪江町にある真言宗室生寺派の寺院。,
錦山天満宮,,北海道,江別市,43.0962884,141.5197018,D,神社,,
祝言寺,,東京都,,35.7115695,139.786265,D,寺院,祝言寺（しゅうげんじ）は、東京都台東区にある曹洞宗の寺院。,
長福寺,,長野県,,35.852563,137.7012853,D,寺院,,
善門寺,,埼玉県,,35.8161947,139.8597649,D,寺院,普門寺（ふもんじ）は、埼玉県八潮市南川崎にある真言宗豊山派の寺院である。正式名所は大悲山 観音院 普門寺。,
真木山長福寺,,岡山県,,34.926635,134.1504342,D,寺院,,
妻神社,,愛知県,瀬戸市,35.2893933,137.1253967,D,神社,妻神社（さいのかみしゃ）は愛知県瀬戸市に鎮座する神社。創建年代は不明。,
熊野若宮神社,,新潟県,,38.0541645,139.4031358,D,神社,,
巨田神社,,宮崎県,,32.0578312,131.4038008,D,神社,巨田神社（こたじんじゃ）は、宮崎県宮崎市佐土原町にある神社。古名は巨田八幡宮で旧社格は郷社。,
松帆神社,,兵庫県,,34.5341177,134.9889624,D,神社,松帆神社（まつほじんじゃ）は、兵庫県淡路市久留麻にある神社である。,
妙顕寺,,福井県,,35.6568747,136.0720881,D,寺院,妙顕寺（みょうけんじ）は、福井県敦賀市元町にある日蓮宗の寺院。山号は最初具足山。,
浄土寺,,大分県,,33.2427412,131.5886539,D,寺院,浄土寺（じょうどじ）は、大分県大分市王子西町にある浄土宗鎮西義の寺院である。山号は見仏山、院号は西巌院。,
心行寺,,東京都,,35.6759861,139.7968621,D,寺院,心行寺（しんぎょうじ）は、東京都江東区深川にある浄土宗の寺院。,
松雲院,,愛知県,,35.0072307,137.0153877,D,寺院,松雲院（しょううんいん）,
宗猷寺,,岐阜県,,36.1414624,137.2668109,D,寺院,宗猷寺（そうゆうじ）は岐阜県高山市にある臨済宗妙心寺派の寺院で、山号は真龍山。金森可重の菩提寺であり、山岡鉄舟ゆかりの寺院としても知られる。,
淨照寺,,奈良県,,34.5539794,135.7920757,D,寺院,"浄照寺（じょうしょうじ）は、奈良県磯城郡田原本町にある浄土真宗本願寺派の寺院。
山号は松慶山。",
旭岡山神社,,秋田県,横手市,39.2955078,140.5845195,D,神社,旭岡山神社（あさひおかやまじんじゃ）は、秋田県横手市大沢にある神社。旧社格は村社。,
景光山くらしき不洗観音寺,,岡山県,,34.6045445,133.8002987,D,寺院,不洗観音寺（あらわずかんのんじ）は岡山県倉敷市に所在する寺院。宗派は真言宗の単立寺院。,
報恩寺,,神奈川県,綾瀬市,35.4507451,139.4260445,D,寺院,報恩寺（ほうおんじ）は、神奈川県綾瀬市に所在する曹洞宗の寺院。,
天神社,,大阪府,,34.7448183,135.582838,D,神社,天神社（てんじんじゃ）は、大阪府門真市月出町にある神社。,
明正寺,,愛媛県,,33.985581,133.3467208,D,寺院,明正寺（みょうしょうじ）は、愛媛県新居浜市黒島にある寺院。山号は龍宝山、宗派は真言宗善通寺派、本尊は聖観音菩薩。,
円頓寺,,東京都,大田区,35.5650119,139.7238304,D,寺院,円頓寺（えんとんじ）は、東京都大田区にある日蓮宗の寺院。,
鞍岡神社,,京都府,,34.7766021,135.786268,D,神社,,
中道寺,,東京都,,35.6965344,139.6194957,D,寺院,中道寺（ちゅうどうじ）は、東京都杉並区荻窪にある日蓮宗の寺院。大光山千葉院。,
玉林院,,長野県,,35.7861046,137.6962249,D,寺院,玉林院（ぎょくりんいん）は 長野県木曽郡上松町にある臨済宗妙心寺派の寺院。山号は聖岩山。,
曹洞宗 宗清禅寺,,東京都,,35.708559,139.677313,D,寺院,宗清寺（そうせいじ）は、東京都中野区にある曹洞宗の寺院。,
真福寺,,東京都,,35.6861184,139.5840768,D,寺院,真福寺（しんぷくじ）は、東京都三鷹市牟礼にある日蓮宗の寺院。山号は高栄山。,
延命寺,,宮城県,,38.0078531,140.6244856,D,寺院,延命寺（えんめいじ）は、宮城県白石市にある真言宗智山派の寺院。新西國霊場刈田札所第三十三番。,
西善寺,,東京都,,35.7195631,139.7565425,D,寺院,,
絹巻神社,,兵庫県,,35.6406314,134.8284414,D,神社,絹巻神社（きぬまきじんじゃ）は、兵庫県豊岡市にある神社。式内社（名神大社）海神社と比定される。,
泊船軒,,東京都,,35.7421537,139.7822586,D,寺院,泊船軒（はくせんけん）は、東京都荒川区にある臨済宗妙心寺派の寺院。,
高木神社,,東京都,,35.7654592,139.8398903,D,神社,,
應典院,,大阪府,,34.6654373,135.5114275,D,寺院,應典院（おうてんいん）は、大阪府大阪市天王寺区にある浄土宗知恩院末の寺院。創建当初は、大蓮寺の第3世に当たる誓誉在慶の隠棲所として開基された塔頭であった。,
八幡神社,,大阪府,,34.391895,135.590528,D,神社,八幡神社（はちまんじんじゃ）は、大阪府河内長野市にある神社。旧社格は村社。,
秩父20 法王山 岩之上堂,,埼玉県,,36.0174232,139.0844927,D,寺院,岩之上堂（いわのうえどう）は、埼玉県秩父市にある臨済宗南禅寺派の寺院で、山号は法王山と号する。,
浄輪寺,,東京都,,35.7027266,139.7274307,D,寺院,浄輪寺（じょうりんじ）は、東京都新宿区弁天町にある日蓮宗の寺院。旧本山は池上本門寺。,
萩生寺,,愛媛県,,33.9261575,133.2740747,D,寺院,,
杉山神社,,神奈川県,,35.4711682,139.5700803,D,神社,杉山神社（すぎやまじんじゃ）は神奈川県横浜市保土ケ谷区川島町にある神社。川島町の鎮守で、横浜市内唯一かつ旧武蔵国の式内社である「杉山神社」の論社の一つとされる。,
宝珠院,,大阪府,,34.7000107,135.5145106,D,寺院,宝珠院（ほうしゅいん）は、大阪府大阪市北区与力町にある真言宗御室派の仏教寺院。寺伝により「ほうじゅ」と濁らないで読む。,
十番稲荷神社,,東京都,,35.6570211,139.7350897,D,神社,十番稲荷神社（じゅうばんいなりじんじゃ）は、東京都港区麻布十番にある神社。,
大宮神社,,千葉県,,35.7115775,140.0266347,D,神社,大宮神社（おおみやじんじゃ）は、千葉県船橋市にある神社。旧社格は村社。,
瑞巌寺,,徳島県,,34.0679373,134.5443939,D,寺院,瑞巌寺（ずいがんじ）は、徳島県徳島市にある臨済宗妙心寺派の寺院。山号は鳳翔山。,
即清寺,,東京都,青梅市,35.7935104,139.2137073,D,寺院,即清寺（そくせいじ）は、東京都青梅市柚木町（多摩郡杣保永川郷由木村）にある真言宗豊山派の寺院。,
高天神社,,静岡県,,34.6980994,138.0340793,D,神社,,
日枝社,,埼玉県,,35.8670154,139.6042806,D,神社,日枝社（ひえしゃ）は、埼玉県さいたま市桜区の神社。,
微妙寺,,滋賀県,,35.0110264,135.8531026,D,寺院,微妙寺（びみょうじ）は、滋賀県大津市園城寺町にある天台寺門宗の寺院。総本山園城寺の別所。,
正崇寺,,滋賀県,,35.0140038,136.2484169,D,寺院,正崇寺（しょうそうじ）は、滋賀県蒲生郡日野町大窪にある浄土真宗本願寺派の仏教寺院。山号は川原山（せんげんさん）。,
満珠山勝楽寺,,神奈川県,,35.5216676,139.2904802,D,寺院,勝楽寺（しょうらくじ）は、神奈川県愛甲郡愛川町にある曹洞宗の寺院。,
御田八幡宮,,高知県,,33.3317592,134.1007111,D,神社,御田八幡宮（おんだはちまんぐう）は、高知県室戸市吉良川町にある神社。社格は旧郷社。,
諏訪神社,,千葉県,,35.8912618,140.4898113,D,神社,,
蓮清寺,,東京都,,35.5848453,139.4808423,D,寺院,,
本覚寺,,静岡県,,34.9788149,138.4292181,D,寺院,本覚寺（ほんがくじ）は、静岡県静岡市駿河区池田にある日蓮宗の本山（由緒寺院）。山号は青龍山。,
善心寺,,東京都,,35.722402,139.7308183,D,寺院,善心寺（ぜんしんじ）は、東京都文京区大塚に所在する、法華宗陣門流の寺院。長清山、守慶院と号する。,
山桜神社,,岐阜県,,36.1421349,137.2577871,D,神社,山桜神社（やまざくらじんじゃ）は、岐阜県高山市にある神社である。鎮火、火の用心、家内安全、無病息災、商売繁盛、交通安全にご利益があるという。,
札幌村神社,,北海道,札幌市,43.0830745,141.3722017,D,神社,札幌村神社（さっぽろむらじんじゃ）は北海道札幌市東区北16条東14丁目3番1号にある神社。旧社格は無格社。,
国分八幡宮,,香川県,,34.3078886,133.9504809,D,神社,國分八幡宮（こくぶはちまんぐう）は、香川県高松市国分寺町に鎮座する神社である。讃岐国分寺正八幡。,
長照寺,,埼玉県,,35.7942861,139.6237159,D,寺院,,
厳島神社,,兵庫県,,34.3393432,134.8960387,D,神社,"厳島神社（いつくしまじんじゃ）は、兵庫県洲本市に鎮座する神社。
祭神の市杵島姫命が弁才天と習合していたため、現在でも「淡路島弁財天」として親しまれている。",
汾陽寺,,岐阜県,,35.5625107,136.8234597,D,寺院,汾陽寺（ふんようじ）は、岐阜県関市武芸川町にある臨済宗妙心寺派の寺院である。山号は乾徳山、本尊は釈迦牟尼如来である。,
円通寺,,埼玉県,,35.9898528,139.4951911,D,寺院,円通寺（えんつうじ、旧字体：圓通寺）は、埼玉県比企郡川島町にある真言宗系の単立寺院。,
願行寺,,東京都,,35.6140094,139.7416981,D,寺院,,
念仏寺,,兵庫県,,34.7960585,135.2486226,D,寺院,念仏寺（ねんぶつじ）は、兵庫県神戸市北区有馬町にある浄土宗の寺院。山号は摂取山。,
吉備寺,,岡山県,,34.62967,133.6845768,D,寺院,吉備寺（きびじ）は、岡山県倉敷市真備町にある真言宗御室派の寺院。山号は鏡林山。,
東光寺,,岐阜県,,35.5198155,136.7282583,D,寺院,東光寺（とうこうじ）は、岐阜県山県市小倉にある臨済宗妙心寺派の寺院。山号は富士山。,
柳原神社,,長野県,,36.6425363,138.1844954,D,神社,柳原神社（やなぎはらじんじゃ）は、長野県長野市中御所一丁目にある神社（村社）。通称は笹焼神社・笹焼大明神、旧称は諏訪大明神。,
三大神社,,滋賀県,,35.0485466,135.9375273,D,神社,三大神社（さんだいじんじゃ）は、滋賀県草津市志那町に鎮座する神社である。式内社論社である。,
本光寺 (Honkō-ji),,岐阜県,,36.2338302,137.1883321,D,寺院,本光寺（ほんこうじ）は、岐阜県飛騨市古川町にある浄土真宗本願寺派の寺院。山号は白豹山。,
祥雲寺,,東京都,町田市,35.5376684,139.4583146,D,寺院,祥雲寺（しょううんじ）は、東京都町田市にある曹洞宗の寺院。,
珊瑚寺,,和歌山県,,34.2227342,135.1754338,D,寺院,珊瑚寺（さんごじ）は、和歌山県和歌山市鷹匠町にある曹洞宗の仏教寺院である。山号は仙境山と称する。,
綱生山 当光寺,,東京都,,35.6526017,139.7390717,D,寺院,當光寺（とうこうじ）は、東京都港区にある浄土真宗本願寺派の寺院。,
日間賀神社,,愛知県,,34.706569,137.0115041,D,神社,日間賀神社（ひまかじんじゃ）は、愛知県知多郡南知多町大字日間賀島北地にある神社。『尾張国内神名帳』の智多郡「杞摩加天神」に比定されている。,
春日神社,,大阪府,,34.807443,135.4642863,D,神社,春日神社（かすがじんじゃ）は、大阪府豊中市宮山町にある神社である。社殿北側のつつじの園は満開時、大勢の見物客で賑う。,
澄江寺,,山形県,,38.3780103,140.2738477,D,寺院,澄江寺（ちょうこうじ）は山形県寒河江市にある曹洞宗の寺院。,
天満神社,,兵庫県,,34.8215113,135.3778893,D,神社,天満神社（てんまんじんじゃ）は兵庫県宝塚市山本にある神社である。地元では「西の宮さん」と呼ばれ、東の松尾神社と並んで旧川辺郡山本村の産土神。,
神明社,,愛知県,,34.8856137,136.8399152,D,神社,神明社（しんめいしゃ）は、愛知県常滑市栄町6丁目200にある神社。社格は旧郷社。,
妙蓮寺,,千葉県,,35.7588391,139.9927765,D,寺院,妙蓮寺（みょうれんじ）は、千葉県鎌ケ谷市東道野辺にある日蓮宗の寺院。,
有松天満社,,愛知県,,35.0708818,136.9682264,D,神社,有松天満社（ありまつてんましゃ）は、愛知県名古屋市緑区鳴海町にある神社。旧社格は村社。,
妙法寺,,岐阜県,,35.3682698,137.4419468,D,寺院,妙法寺（みょうほうじ）は、岐阜県恵那市岩村町にある日蓮宗の寺院。,
称名寺,,茨城県,,36.3024106,139.872714,D,寺院,,
白坂神社,,大阪府,,34.5709472,135.6378114,D,神社,宿奈川田神社（すくなかわたじんじゃ）は、大阪府柏原市にある神社。式内社で、旧社格は村社。,
妙円寺,,東京都,,35.6354977,139.7218464,D,寺院,妙圓寺は、東京都港区白金台にある日蓮宗の寺院。山号は誠瀧山。,
射矢止神社,,和歌山県,,34.2622017,135.2045686,D,神社,射矢止神社（いやとじんじゃ）は、和歌山県和歌山市六十谷（むそた）に鎮座する神社。六十谷と紀ノ川南岸有本地区の字新出、字船所の産土神。,
施無畏寺,,和歌山県,,34.0474689,135.162009,D,寺院,施無畏寺（せむいじ）は、和歌山県有田郡湯浅町にある真言宗御室派の寺院。山号は補陀落山。,
栄福寺,,千葉県,千葉市,35.5949497,140.1713314,D,寺院,栄福寺（えいふくじ）は、千葉市若葉区大宮町にある天台宗の寺院である。山号は坂尾山。,
富士浅間神社,,群馬県,,36.250322,139.0741066,D,神社,富士浅間神社（ふじせんげんじんじゃ）は、群馬県藤岡市の神社。浅間神社の1つ。,
滑石太神宮,,長崎県,,32.8038136,129.836949,D,神社,滑石太神宮（なめしだいじんぐう）は、長崎県長崎市滑石に位置する神社。 御祭神は天照大御神。,
八溝嶺神社,,茨城県,,36.9300095,140.2730149,D,神社,八溝嶺神社（やみぞみねじんじゃ）は、茨城県久慈郡大子町の神社。,
石部神社,,兵庫県,豊岡市,35.4609575,134.8819911,D,神社,石部神社（いそべじんじゃ）は、兵庫県豊岡市出石町下谷にある神社。式内社で、旧社格は郷社。,
遍照院,,秋田県,,40.2729927,140.5678375,D,寺院,,
大浜八幡神社,,愛媛県,,34.0993706,132.9819324,D,神社,大浜八幡大神社 （おおはまはちまんだいじんじゃ）は、愛媛県今治市大浜町にある神社。旧社格は県社。,
座間神社,,神奈川県,座間市,35.4930806,139.3931247,D,神社,座間神社（ざまじんじゃ）は、神奈川県座間市座間に所在する神社。,
長源寺,,東京都,,35.7292985,139.7508345,D,寺院,,
鎌倉八幡神社,,東京都,,35.7473961,139.880648,D,神社,,
善導寺,,福島県,,37.3970093,140.3818119,D,寺院,善導寺（ぜんどうじ）は、福島県郡山市清水台に所在する浄土宗の寺院。正式には光明山悟真院善導寺。,
軍太利神社,,埼玉県,,35.8571097,139.2943509,D,神社,,
青葉神社,,宮城県,,38.4344263,141.2652362,D,神社,,
蓮華寺,,富山県,,36.7366507,137.0371759,D,寺院,,
三代王神社,,千葉県,,35.6658022,140.0603356,D,神社,三代王神社（さんだいおうじんじゃ）は、千葉市花見川区武石町にある神社である。,
真福寺,,東京都,,35.6286835,139.6346159,D,寺院,真福寺（しんぷくじ）は、東京都世田谷区用賀四丁目にある真言宗智山派の寺院。,
良観寺,,東京都,,35.7602743,139.874617,D,寺院,,
恵光寺,,大阪府,,34.6399164,135.6053016,D,寺院,恵光寺（えこうじ）は、大阪府八尾市にある浄土真宗本願寺派の仏教寺院。通称「萱振御坊」。,
釣石神社,,宮城県,,38.5695188,141.4346005,D,神社,,
常泉寺,,福島県,,37.8338585,140.4517464,D,寺院,常泉寺（じょうせんじ）は、福島県福島市飯坂町にある曹洞宗の寺院。山号は厳湯山。,
東円坊,,愛媛県,,34.246129,133.0048388,D,寺院,東円坊（とうえんぼう）は愛媛県今治市大三島町宮浦にある寺院。本尊は薬師三尊。,
長泉寺,,東京都,,35.7101788,139.7570841,D,寺院,長泉寺（ちょうせんじ）は、東京都文京区にある曹洞宗の寺院。,
教恩寺,,大阪府,,34.7170726,135.50428,D,寺院,教恩寺（きょうおんじ）は、大阪市北区本庄西にある浄土真宗本願寺派の寺院。山号は明鏡山。,
慧然寺,,東京都,,35.6769217,139.7988586,D,寺院,慧然寺（えねんじ）は、東京都江東区にある臨済宗円覚寺派の寺院。,
今宮神社,,栃木県,,36.5667213,139.7459977,D,神社,今宮神社（いまみやじんじゃ）は、栃木県鹿沼市の神社。,
地蔵院,,栃木県,,36.4505835,140.1393774,D,寺院,地蔵院（じぞういん）は、栃木県芳賀郡益子町にある真言宗智山派の寺院である。山号は大羽山。,
長源寺,,福井県,,35.4937713,135.7441825,D,寺院,,
鳩ヶ嶺八幡宮,,長野県,,35.4966244,137.8372202,D,神社,,
伊古乃速御玉比売神社,,埼玉県,,36.0741451,139.3397619,D,神社,伊古乃速御玉比売神社（いこのはやみたまひめじんじゃ）は、埼玉県比企郡滑川町の滑川沿いにある神社。祭神は気長足姫命、大鞆和気命、武内宿禰の三神。,
乎彌神社,,滋賀県,,35.5323916,136.2047215,D,神社,乎彌神社（おみじんじゃ）は滋賀県長浜市余呉町下余呉に鎮座する神社である。,
明治神社,,千葉県,,35.7971321,139.9154037,D,神社,明治神社（めいじじんじゃ）は、千葉県松戸市上本郷にある神社。,
表米神社,,兵庫県,,35.2970198,134.8323459,D,神社,,
岩戸八幡神社,,東京都,,35.6297203,139.5882124,D,神社,岩戸八幡神社（いわどはちまんじんじゃ）は、東京都狛江市岩戸南二丁目に鎮座する神社（八幡宮）である。単に八幡神社とも呼ばれる。,
法善寺,,東京都,,35.6966168,139.7126194,D,寺院,法善寺（ほうぜんじ）は、東京都新宿区にある日蓮宗の寺院。,
法音院,,京都府,,34.9807783,135.777505,D,寺院,,
霊山寺,,大分県,,33.1627465,131.5817682,D,寺院,,
本遠寺,,愛知県,,35.1251653,136.9042828,D,寺院,本遠寺（ほんのんじ）は、愛知県名古屋市熱田区白鳥にある日蓮宗の寺院。別名、熱田法華堂。,
渋川八幡宮,,群馬県,,36.5015883,138.9902711,D,神社,渋川八幡宮（しぶかわはちまんぐう）は、群馬県渋川市渋川にある神社。旧社格は郷社で、渋川の総鎮守であった。,
薬師寺,,高知県,,33.5494021,133.6123837,D,寺院,薬師寺（やくしじ）は高知県高知市に所在する寺院である。山号は岩屋山。,
八重垣稲荷神社,,東京都,,35.698604,139.5140229,D,神社,八重垣稲荷神社（やえがきいなりじんじゃ）は、東京都小金井市中町にある神社。元社ははじめ元禄13年に建てられ、現在は本殿の裏手にあたる。,
青龍山 薬王院 浄光寺 木下川薬師,,東京都,,35.7259317,139.8407913,D,寺院,浄光寺（じょうこうじ）は、東京都葛飾区東四つ木1丁目にある天台宗の寺院。木下川薬師（きねがわやくし）として知られる。,
霊源寺,,東京都,,35.6217503,139.7129095,D,寺院,,
延命寺,,東京都,,35.7747118,139.6922339,D,寺院,延命寺（えんめいじ）は、東京都板橋区にある真言宗豊山派の寺院。なお、当寺の1.4キロメートル西南西の中台に寺号が同一の「延命寺」がある。,
皇太神社,,兵庫県,,34.8129401,135.3467636,D,神社,,
矢切神社,,千葉県,,35.7609249,139.8980787,D,神社,,
松音寺,,宮城県,仙台市,38.2536351,140.892173,D,寺院,松音寺（しょうおんじ）は、宮城県仙台市若林区にある曹洞宗の寺院。仙台三十三観音二十三番札所。,
西岡八幡宮,,北海道,,43.0071175,141.3871037,D,神社,,
水上布奈山神社,,長野県,,36.4895075,138.1504666,D,神社,"水上布奈山神社（みずかみふなやまじんじゃ）は、長野県千曲市にある神社である。
本殿は国の重要文化財。",
稲荷神社,,埼玉県,,36.0037902,139.5659107,D,神社,,
長福寺,,神奈川県,,35.5394818,139.636216,D,寺院,,
大沢寺,,静岡県,,34.681102,138.1973722,D,寺院,大澤寺（だいたくじ）は、静岡県牧之原市にある真宗大谷派の寺院。山号は釘浦山（ていほざん）。,
八幡神社,,兵庫県,,34.8189151,135.377032,D,神社,八幡神社（はちまんじんじゃ）は、兵庫県宝塚市にある神社である。地名から、中筋八幡神社（なかすじはちまんじんじゃ）とも称される。,
鹿骨鹿島神社,,東京都,,35.7155435,139.8883006,D,神社,,
篠崎八幡神社,,福岡県,,33.8648683,130.8697378,D,神社,篠崎八幡神社（しのざきはちまんじんじゃ）は、福岡県北九州市小倉北区にある神社。旧社格は県社。,
島頭天満宮,,大阪府,,34.7460854,135.609057,D,神社,島頭天満宮（しまがしらてんまんぐう）は、大阪府門真市にある神社。旧社格は村社。,
櫛原天満宮,,福岡県,,33.3229244,130.5220903,D,神社,櫛原天満宮（くしはらてんまんぐう）は、福岡県久留米市東櫛原町1324番地にある神社。菅原道真を祀る。,
富知六所浅間神社,,静岡県,,35.1669551,138.6758169,D,神社,,
三翁神社,,広島県,,34.2964235,132.3210688,D,神社,三翁神社（さんのうじんじゃ）は広島県廿日市市宮島町（厳島）に鎮座する嚴島神社の摂社である。,
妙福寺,,神奈川県,横浜市,35.4770572,139.5728732,D,寺院,妙福寺（みょうふくじ）は、神奈川県横浜市保土ケ谷区西谷にある日蓮宗の寺院。山号は星川山。,
九品寺,,宮城県,大和町,38.4439312,140.8913465,D,寺院,九品寺（くほんじ）は、宮城県黒川郡大和町吉岡字志田町71番地にある浄土宗の寺院。,
香取神社,,埼玉県,,35.9016408,139.7818106,D,神社,,
観音寺,,兵庫県,,35.4443708,134.7123226,D,寺院,,
了源寺,,東京都,,35.7078553,139.7855795,D,寺院,了源寺（りょうげんじ）は、東京都台東区にある浄土宗の寺院。,
金剛寺,,東京都,,35.7125889,139.6797666,D,寺院,,
等光寺,,東京都,,35.7108394,139.7906657,D,寺院,等光寺（とうこうじ）は、東京都台東区にある真宗大谷派の寺院。,
報恩講寺,,和歌山県,,34.306634,135.0891271,D,寺院,報恩講寺（ほうおんこうじ）は、和歌山県和歌山市大川にある西山浄土宗の寺院である。大川寺と通称する。,
蓮泉寺,,愛知県,,34.9089479,137.0920871,D,寺院,,
伊甘神社,,島根県,,34.9298456,132.1105234,D,神社,伊甘神社（いかんじんじゃ）は島根県浜田市下府町にある神社である。石見国庁跡であると伝えられる。,
妙傳寺,,神奈川県,,35.3273456,139.5522659,D,寺院,妙傳寺（みょうでんじ）は、神奈川県鎌倉市扇ガ谷（おうぎがやつ）にある日蓮宗の寺院。山号は正信山もしくは多宝谷山。,
思古渕社（志古淵神社）,,京都府,京都市,35.2653246,135.8189081,D,神社,思古渕社（しこぶちしゃ）は、京都府京都市左京区久多中の町にある神社である。志古淵神社（しこぶちじんじゃ）とも称される。,
永井寺,,茨城県,,36.1968491,139.6962733,D,寺院,,
不老山寿松院,,東京都,,35.7024769,139.7870153,D,寺院,寿松院（じゅしょういん）は、東京都台東区にある浄土宗の寺院。,
大念寺,,茨城県,,35.9594961,140.3187196,D,寺院,大念寺（だいねんじ）は、茨城県稲敷市江戸崎にある浄土宗の寺院である。山号は正定山。,
鹿野山白鳥神社,,千葉県,君津市,35.2548585,139.9720454,D,神社,白鳥神社（しらとりじんじゃ）は、千葉県君津市に鎮座する神社である。旧社格は村社。,
東漸寺,,神奈川県,,35.3088039,139.4956134,D,寺院,東漸寺（とうぜんじ）は、神奈川県鎌倉市腰越にある日蓮宗の寺院。旧本山は大本山法華経寺。,
長源寺,,京都府,,35.0807482,135.7881559,D,寺院,,
福満寺,,千葉県,,35.8529979,140.0043045,D,寺院,,
長玄寺,,東京都,,35.6558999,139.7287459,D,寺院,,
円光寺,,東京都,,35.724081,139.7801113,D,寺院,円光寺（えんこうじ）は、東京都台東区にある臨済宗妙心寺派の寺院。,
超心寺,,大阪府,,34.6608519,135.5113699,D,寺院,,
別格11 生木地蔵,,愛媛県,西条市,33.8955962,133.0535803,D,寺院,,
西光院,,東京都,,35.7410298,139.7017307,D,寺院,,
長仙寺,,東京都,,35.7046703,139.6481654,D,寺院,,
氷川神社,,東京都,,35.7594007,139.7010981,D,神社,氷川神社（ひかわじんじゃ）は、東京都板橋区の神社。地名を冠して双葉町氷川神社（ふたばちょうひかわじんじゃ）とも称される。,
宗圓寺,,東京都,,35.6347849,139.6643064,D,寺院,宗円寺（そうえんじ）は、東京都世田谷区にある曹洞宗の寺院。,
霊松寺,,長野県,,36.5150155,137.8706359,D,寺院,,
龍海寺,,大阪府,,34.6998958,135.5162909,D,寺院,,
神宮寺,,愛知県,,35.1450921,136.9237379,D,寺院,,
大林寺,,東京都,,35.567892,139.7322409,D,寺院,大林寺（だいりんじ）は、東京都大田区大森中にある日蓮宗の寺院。山号は長享山薬王院。,
金剛院,,兵庫県,,34.7833266,135.4159721,D,寺院,,
円徳寺,,大阪府,,34.6444416,135.5508058,D,寺院,圓徳寺（えんとくじ）は、大阪府大阪市生野区にある真宗大谷派の寺院。,
地蔵院,,埼玉県,,35.8386149,139.740526,D,寺院,地蔵院（じぞういん）は、埼玉県川口市にある真言宗智山派の寺院。,
引接寺,,山口県,,33.9590166,130.9459463,D,寺院,引接寺（いんじょうじ）は、山口県下関市中之町にある浄土宗の寺院。山号は関亀山。,
常圓寺,,東京都,目黒区,35.6199355,139.674043,D,寺院,常圓寺（じょうえんじ）は、東京都目黒区にある日蓮宗の寺院。「大いちょうの寺」としても知られている。,
春日神社,,神奈川県,平塚市,35.3282177,139.3339757,D,神社,春日神社（かすがじんじゃ）は、神奈川県平塚市に鎮座する神社である。平塚宿鎮守。,
慈光寺,,栃木県,,36.5653802,139.8868536,D,寺院,慈光寺（じこうじ）は、栃木県宇都宮市にある浄土宗の寺院である。桜の名所でもあり、宇都宮市で最も早く咲くといわれる樹齢150年越えのヒガンザクラの木がある。,
下之坊,,静岡県,,35.2616916,138.5798529,D,寺院,下之坊（しものぼう）は、静岡県富士宮市に所在する日蓮正宗の寺院。山号は大日蓮華山（だいにちれんげさん）。,
徳運寺,,長野県,,36.2213915,138.0447212,D,寺院,徳運寺（とくうんじ）は、長野県松本市入山辺にある曹洞宗の寺院。山号は福田山。,
白山社,,長野県,,35.5253159,137.8079422,D,神社,白山社（はくさんしゃ）は、長野県飯田市の風越山に所在する神社。旧社格は県社である。,
田原神社,,島根県,,35.4824137,133.0521829,D,神社,田原神社（たわらじんじゃ）は島根県松江市奥谷町に鎮座する神社。元来は2社であったが江戸時代の延宝2年（1674年）に1社に合わさった。,
篠津神社,,滋賀県,,34.9906857,135.8932302,D,神社,篠津神社（しのづじんじゃ）は、滋賀県大津市中庄に鎮座する神社である。,
親縁寺,,神奈川県,,35.3910806,139.5291571,D,寺院,,
天桂寺,,東京都,,35.697112,139.6370235,D,寺院,天桂寺（てんけいじ）は、東京都杉並区成田東に所在する曹洞宗の寺院。,
千姫天満宮,,兵庫県,,34.841538,134.6889915,D,神社,千姫天満宮（せんひめてんまんぐう）は兵庫県姫路市山野井町にある神社。男山の中腹に鎮座している。,
龍蔵院,,広島県,,34.4101877,132.4825627,D,寺院,,
朝日神社,,東京都,,35.6618516,139.7325349,D,神社,朝日神社（あさひじんじゃ）は、東京都港区六本木にある神社。地名を冠して六本木朝日神社（ろっぽんぎあさひじんじゃ）とも。,
大仁神社,,静岡県,,34.9958656,138.9405269,D,神社,大仁神社（おおひとじんじゃ）は、静岡県伊豆の国市大仁にある、山王信仰（日吉神社・日枝神社・山王神社）系統の神社。,
長栄寺,,愛知県,名古屋市,35.1910437,136.9077347,D,寺院,,
長安寺,,東京都,,35.725195,139.7684441,D,寺院,,
鷹合神社,,大阪府,,34.6108255,135.53111,D,神社,,
平井諏訪神社,,東京都,,35.7080784,139.8391727,D,神社,,
天満宮,,京都府,,35.5024799,135.0915443,D,神社,天満神社（てんまじんじゃ）は、京都府与謝郡与謝野町加悦に鎮座する神社である。加悦天満宮とも称される。,
秩父19 飛渕山 龍石寺,,埼玉県,,36.0174612,139.0891687,D,寺院,,
若宮八幡神社,,広島県,,34.800475,132.8577237,D,神社,,
松林寺,,愛知県,,35.2398991,136.8591584,D,寺院,松林寺（しょうりんじ）は、愛知県北名古屋市沖村字西之郷21にある真宗大谷派の寺院。山号は光明山。,
青雲寺,,東京都,,35.7311748,139.7660097,D,寺院,,
長禄寺,,福島県,,37.2942489,140.3737951,D,寺院,,
窓泉寺,,静岡県,掛川市,34.6863528,137.980173,D,寺院,窓泉寺（そうせんじ）は静岡県掛川市にある仏教寺院。,
神戸神社,,兵庫県,,34.8265817,134.5205484,D,神社,,
大将軍神社,,京都府,,35.0089676,135.776861,D,神社,大将軍神社（たいしょうぐんじんじゃ）は、京都府京都市東山区にある神社。,
如来院,,兵庫県,,34.7183579,135.4114108,D,寺院,珠光山徧照寺如来院（にょらいいん）は、兵庫県尼崎市寺町にある浄土宗の寺院。法然上人二十五霊跡第四番札所。,
新川大神宮,,東京都,,35.6777961,139.7828761,D,神社,新川大神宮（しんかわだいじんぐう）は、東京都中央区新川一丁目に所在する神社である。江戸酒問屋の守り神として知られる。,
鹿島神社,,茨城県,土浦市,36.077213,140.2519584,D,神社,,
白鳥神社,,愛知県,,35.1057656,137.0703393,D,神社,白鳥神社（しらとりじんじゃ）は、愛知県愛知郡東郷町にある神社である。旧社格は郷社。,
亀之森住吉神社,,大阪府,,34.8015755,135.4400921,D,神社,亀之森住吉神社（かめのもりすみよしじんじゃ）は大阪府池田市住吉に鎮座する神社。法人名は住吉神社。,
宋雲院,,東京都,,35.7121977,139.7803087,D,寺院,宋雲院（そううんいん）は、東京都台東区にある臨済宗大徳寺派の寺院。,
長純寺,,群馬県,,36.3985916,138.9417193,D,寺院,,
天志良波神社,,茨城県,,36.5724903,140.5516019,D,神社,天志良波神社（あめのしらはのじんじゃ）は、茨城県常陸太田市白羽町にある神社。式内社で旧社格は郷社。,
金輪院,,奈良県,大和郡山市,34.6276358,135.7593608,D,寺院,,
妙蓮寺,,千葉県,鴨川市,35.1218513,140.1998012,D,寺院,妙蓮寺（みょうれんじ）は、千葉県鴨川市小湊にある日蓮宗の寺院。山号は妙日山。,
徳守神社,,岡山県,,35.0602782,133.9952376,D,神社,徳守神社（とくもりじんじゃ）は、岡山県津山市宮脇町にある神社。津山藩総鎮守。,
加茂神社,,神奈川県,小田原市,35.2771725,139.1758097,D,神社,"加茂神社（かもじんじゃ）は、神奈川県小田原市鴨宮（かものみや）にある神社。
現在は宗我神社の兼務社となっている。",
願行寺,,東京都,,35.7181766,139.7588188,D,寺院,,
大悲山光明寺,,神奈川県,,35.6067385,139.6191886,D,寺院,光明寺（こうみょうじ）は、川崎市高津区二子一丁目にある真宗大谷派の寺院。山号は大悲山（だいひさん）。,
宝蔵寺,,東京都,,35.7815815,139.7537523,D,寺院,宝蔵寺（ほうぞうじ）は、東京都足立区にある真言宗智山派の寺院。,
吉祥院 (足立区),,東京都,,35.7626568,139.7780976,D,寺院,吉祥院 (きちじょういん) は、東京都足立区本木西町にある真言宗豊山派の寺院。山号は渕江山 (ふちえさん) 。,
霊山院,,埼玉県,,36.0102046,139.2254749,D,寺院,,
秩父29番 笹戸山 長泉院,,埼玉県,,35.9602869,139.0498987,D,寺院,,
花岡八幡宮,,山口県,,34.039415,131.8722788,D,神社,,
川口神社,,千葉県,,35.73828,140.8553325,D,神社,川口神社（かわぐちじんじゃ）は、千葉県銚子市にある神社である。旧社格は村社。,
石城神社,,山口県,,33.9874424,132.0356608,D,神社,石城神社（いわきじんじゃ）は、山口県光市大字塩田にある神社。式内社で、旧社格は県社。,
補陀寺,,宮城県,,38.9112195,141.5599503,D,寺院,,
龍王寺,,滋賀県,,35.0723334,136.1433969,D,寺院,,
泉州磐船神社,,大阪府,,34.4134862,135.3369592,D,神社,"泉州航空神社（せんしゅうこうくうじんじゃ）は大阪府泉佐野市にある航空神社。
関西国際空港の建設を契機として創建され、航空安全祈願と渡航安全祈願を行っている。",
長楽寺,,大阪府,,34.4362568,135.3545508,D,寺院,,
西福寺,,東京都,,35.7587319,139.74515,D,寺院,,
琴平神社,,愛知県,,34.7559596,137.4263638,D,神社,琴平神社（ことひらじんじゃ）は、愛知県豊橋市にある神社である。神紋は丸金。,
新宿日枝神社,,東京都,,35.7596128,139.8570359,D,神社,日枝神社（ひえじんじゃ）は、東京都葛飾区新宿の神社。地名を冠して新宿日枝神社（にいじゅくひえじんじゃ）とも。,
常泉院,,東京都,,35.708832,139.747593,D,寺院,常泉院（じょうせんいん）は、東京都文京区にある真言宗豊山派の寺院。,
右京塚神社,,千葉県,,35.7643239,140.0048974,D,神社,"右京塚神社（うきょうづかじんじゃ）は、千葉県鎌ケ谷市右京塚にある神社である。
通称三塚さん、三塚様といわれる。",
観蔵院,,東京都,,35.7358668,139.6126639,D,寺院,,
圓光院,,東京都,,35.7426559,139.6351684,D,寺院,円光院（えんこういん）は、東京都練馬区にある真言宗豊山派の寺院。豊島八十八ヶ所霊場第十一番札所。,
寶樹院,,東京都,,35.7392929,139.5507428,D,寺院,寶樹院（ほうじゅいん）は、東京都西東京市泉町にある真言宗智山派の寺。宝樹院と記されることもある。,
吉備津岡辛木神社,,岡山県,岡山市,34.6631887,133.9817062,D,神社,吉備津岡辛木神社（きびつおかからきじんじゃ）は、岡山県岡山市中区にある神社。祭神は吉備若武彦命である。,
唯念寺,,東京都,,35.7108372,139.7835039,D,寺院,唯念寺（ゆいねんじ）は、東京都台東区にある真宗高田派の寺院。,
常光寺,,東京都,,35.7027232,139.8303753,D,寺院,常光寺（じょうこうじ）は、東京都江東区にある曹洞宗の寺院。,
大龍寺,,東京都,,35.615257,139.7399562,D,寺院,大龍寺（だいりゅうじ）は、東京都品川区南品川にある黄檗宗の寺院。山号は瑞雲山。,
桜木神社,,東京都,,35.707698,139.7593639,D,神社,桜木神社（櫻木神社、さくらぎじんじゃ）は、東京都文京区本郷四丁目にある神社。桜木（櫻木）天神とも称される。,
養源寺,,東京都,,35.5759994,139.7077356,D,寺院,,
利生護国寺,,和歌山県,,34.3245073,135.6336518,D,寺院,利生護国寺（りしょうごこくじ）は、和歌山県橋本市に所在する真言律宗の寺院。山号は覚王山。,
桂昌寺,,岐阜県,,35.6406673,136.9593254,D,寺院,桂昌寺（けいしょうじ）は岐阜県郡上市美並町にある寺。境内に咲くぼたんの花が有名。,
真言宗成就院,,東京都,台東区,35.710662,139.7824171,D,寺院,成就院（じょうじゅいん）は、東京都台東区にある真言宗智山派の寺院。なお、当院の約400メートル東の同区元浅草に同名の寺がある。,
庭田神社,,兵庫県,,35.1133079,134.6077524,D,神社,庭田神社（にわたじんじゃ）は、兵庫県宍粟市にある神社。式内小社で、旧社格は村社。,
了徳寺,,京都府,,35.0295952,135.7064097,D,寺院,了徳寺（りょうとくじ）は、京都市右京区鳴滝にある真宗大谷派の寺。山号は法輪山（ほうりんざん）。,
日進神社,,埼玉県,,35.9273934,139.604627,D,神社,日進神社（にっしんじんじゃ）は、埼玉県さいたま市北区の神社。,
福良天満宮,,大分県,,33.1156147,131.7946971,D,神社,,
妙行寺,,埼玉県,,35.8725095,139.6265007,D,寺院,妙行寺（みょうぎょうじ）は、埼玉県さいたま市中央区鈴谷にある日蓮宗の寺院。山号は東永山。,
葛谷御霊神社,,東京都,,35.721733,139.6760164,D,神社,,
徳丸北野神社,,東京都,,35.7787344,139.6604291,D,神社,北野神社（きたのじんじゃ）は東京都板橋区の神社。板橋区最古の神社である。,
善慶寺,,東京都,,35.5841316,139.7219927,D,寺院,善慶寺（ぜんけいじ）は、東京都大田区山王3丁目にある日蓮宗の寺院。旧本山は品川本光寺、什師法縁。,
荒倉神社,,山形県,,38.7341296,139.7150592,D,神社,,
梅龍寺,,岐阜県,,35.4796811,136.9199517,D,寺院,梅龍寺（ばいりゅうじ）は岐阜県関市の梅龍寺山西麓にある臨済宗妙心寺派の寺院で、山号は大雲山。中濃八十八ヶ所霊場の第一番札所。,
長浦神社,,東京都,,35.7234984,139.8227298,D,神社,,
天眼寺,,東京都,,35.7187753,139.7670267,D,寺院,天眼寺（てんげんじ）は東京都台東区谷中にある臨済宗妙心寺派の寺院。武蔵国忍藩松平家の菩提寺である。,
門真神社,,大阪府,,34.7389372,135.577886,D,神社,,
青砥神社,,東京都,,35.756179,139.8563754,D,神社,,
種徳寺,,東京都,,35.6711739,139.7318259,D,寺院,,
永源寺,,埼玉県,,35.9623397,139.3975525,D,寺院,永源寺（えいげんじ）は、埼玉県坂戸市にある曹洞宗の寺院。,
宝泉寺,,兵庫県,,34.8094694,135.3511126,D,寺院,宝泉寺（ほうせんじ）は兵庫県宝塚市にある曹洞宗の寺院である。山号は慈雲山。,
岡崎神社,,広島県,,34.4635034,132.4036605,D,神社,岡崎神社（おかざきじんじゃ、旧称：岡崎八幡宮、通称：はちまんさん）は、広島県広島市安佐南区にある神社。,
石塔寺,,京都府,,34.9415912,135.7008125,D,寺院,,
豊成山高坊高林寺,,奈良県,,34.6747745,135.8301844,D,寺院,,
長姫神社,,長野県,,35.5118699,137.8327014,D,神社,,
内宮神社,,愛媛県,,33.920217,133.3057162,D,神社,内宮神社（うちのみやじんじゃ）は、愛媛県新居浜市にある神社。正式名称は「内宮天照皇大神宮」（うちのみやていしょうこうたいじんぐう）。,
遍照寺,,群馬県,,36.2405506,139.5316004,D,寺院,,
宝幢院,,茨城県,,36.4581443,140.408488,D,寺院,宝幢院（ほうどういん）は、茨城県東茨城郡城里町にある真言宗豊山派の寺院。,
常楽寺,,神奈川県,,35.5865147,139.6448535,D,寺院,常楽寺（じょうらくじ）は、神奈川県川崎市中原区にある真言宗智山派の寺院。,
勝胤寺,,千葉県,佐倉市,35.7322822,140.2537896,D,寺院,勝胤寺（しょういんじ）は、千葉県佐倉市にある曹洞宗の寺院。,
北野神社,,東京都,,35.5401702,139.7082612,D,神社,北野神社（きたのじんじゃ）は、東京都大田区仲六郷にある神社（天満宮）である。正式社号は北野天神（きたのてんじん）。,
田端神社,,東京都,,35.6939753,139.6262037,D,神社,,
圓通寺,,東京都,,35.672484,139.7327414,D,寺院,圓通寺（えんつうじ）は、東京都港区赤坂にある日蓮宗の寺院。山号は佛智山。,
西方寺,,京都府,,35.0590739,135.7401591,D,寺院,,
曹洞宗 保善寺,,東京都,,35.7087213,139.6769953,D,寺院,保善寺（ほぜんじ）は、東京都中野区にある曹洞宗の寺院。,
千貫神社,,宮城県,,38.0908315,140.8428007,D,神社,"千貫神社（せんがんじんじゃ）は、宮城県岩沼市南長谷にある神社である。
旧社格は村社。",
天祖神社,,東京都,,35.7503531,139.8649159,D,神社,天祖神社（てんそじんじゃ）は東京都葛飾区の神社。,
長久寺,,岐阜県,,35.3277418,137.2312032,D,寺院,,
妙典寺,,東京都,,35.5674135,139.7250302,D,寺院,妙典寺（みょうてんじ）は、東京都大田区にある日蓮宗の寺院。,
蓮乗寺,,長野県,,36.5616743,138.2040446,D,寺院,,
香取神社,,茨城県,,36.0988088,139.8977131,D,神社,,
浅間神社,,埼玉県,,36.0796768,139.7231179,D,神社,浅間神社（せんげんじんじゃ）は、埼玉県幸手市北2丁目4-28（旧地名：大字幸手字荒宿浅間町）に所在する神社である。,
円福寺,,宮城県,川崎町,38.1723952,140.714784,D,寺院,"圓福寺（えんぷくじ）は、宮城県柴田郡川崎町にある真言宗智山派の仏教寺院である。
本尊は延命地蔵菩薩、脇待としてマリア観音を安置している。",
勝手社,,愛知県,,35.2530948,137.0362696,D,神社,勝手社（かってしゃ）は愛知県名古屋市守山区にある神社。社殿は古墳の墳頂に置かれている。,
善徳寺,,東京都,,35.7751351,139.707541,D,寺院,善徳寺（ぜんとくじ）は、東京都北区にある浄土宗の寺院。,
篠座神社,,福井県,,35.971617,136.4889169,D,神社,篠座神社（しのくらじんじゃ）は、福井県大野市篠座にある神社。式内小社で、旧社格は県社。,
大賀島寺,,岡山県,,34.6430051,134.0893781,D,寺院,大賀島寺（おおがしまじ）は岡山県瀬戸内市邑久町に所在する天台宗の寺院。山号は大雄山。,
瀧神社,,岐阜県,,35.6260122,136.8598652,D,神社,,
金山神社,,愛知県,,35.1599443,136.8752909,D,神社,金山神社（かなやまじんじゃ）は愛知県名古屋市中村区長戸井町1丁目2番地にある神社。,
龍雲院,,宮城県,仙台市,38.276792,140.8515925,D,寺院,,
教安寺,,神奈川県,,35.5274211,139.6968176,D,寺院,教安寺（きょうあんじ）は、神奈川県川崎市川崎区にある浄土宗の寺院。,
總持院,,神奈川県,海老名市,35.452285,139.3767846,D,寺院,,
安養寺,,静岡県,,35.2184887,138.6590845,D,寺院,安養寺（あんようじ）は、静岡県富士宮市杉田にある曹洞宗の仏教寺院。,
慧日寺,,兵庫県,,35.0778461,135.0694858,D,寺院,慧日寺（えにちじ）は、兵庫県丹波市山南町太田にある臨済宗妙心寺派の寺院。山号は萬松山。,
阿弥陀寺,,千葉県,千葉市,35.5973618,140.1301514,D,寺院,,
霊泉寺,,長野県,,36.2963498,138.1743699,D,寺院,,
猿田彦神社,,静岡県,掛川市,34.7262153,138.0447762,D,神社,,
相即寺,,東京都,,35.6722446,139.3023293,D,寺院,,
花尾神社,,鹿児島県,,31.7063165,130.5009753,D,神社,,
龍原寺,,大分県,,33.1172917,131.7954874,D,寺院,,
曹洞宗 曹源寺,,東京都,,35.7154003,139.7864315,D,寺院,曹源寺（そうげんじ）は、東京都台東区松が谷にある曹洞宗の寺院。かっぱ寺として知られる。,
神田寺,,東京都,,35.7013571,139.7703476,D,寺院,,
泉澤寺,,神奈川県,,35.582462,139.6494598,D,寺院,泉澤寺（せんたくじ）は、神奈川県川崎市中原区にある浄土宗の寺院。,
大山白山神社,,岐阜県,,35.6194956,137.2278939,D,神社,大山白山神社（おおやまはくさんじんじゃ）は、岐阜県加茂郡白川町に鎮座する神社。白山（標高862m）の山頂にある。,
妙勝寺,,東京都,,35.6771594,139.8796945,D,寺院,妙勝寺（みょうしょうじ）は、東京都江戸川区江戸川にある日蓮宗の寺院。山号は本覚山。,
臨江寺,,東京都,,35.7201038,139.7663443,D,寺院,臨江寺（りんこうじ）は、東京都台東区にある臨済宗大徳寺派の寺院。,
西蓮寺,,東京都,,35.7818444,139.7332715,D,寺院,,
守田迺神社,,長野県,,36.6490316,138.2077851,D,神社,守田迺神社（もりたのじんじゃ）は、長野県長野市高田にある神社（村社）。通称は守田神社。,
本照寺,,東京都,,35.7542631,139.5817757,D,寺院,本照寺（ほんしょうじ）は、東京都練馬区にある日蓮宗の寺院。,
秩父18 白道山神門寺,,埼玉県,,36.0099671,139.0924177,D,寺院,神門寺（こうどじ）は、埼玉県秩父市にある曹洞宗の寺院で、山号は白道山と号する。,
重秀寺,,東京都,,35.6424633,139.7316929,D,寺院,,
金龍寺,,東京都,,35.6605538,139.5734819,D,寺院,,
円通寺,,岐阜県,大垣市,35.36245,136.6117352,D,寺院,円通寺（えんつうじ）は、岐阜県大垣市西外側町にある浄土宗の寺院。山号は旭光山。,
末多武利神社,,京都府,,34.89165,135.809256,D,神社,末多武利神社（またふりじんじゃ）は、京都府宇治市宇治又振にある神社。,
薬師寺,,茨城県,,35.9801347,140.1384352,D,寺院,,
正覚寺,,東京都,,35.6771335,139.7985648,D,寺院,正覚寺（しょうがくじ）は、東京都江東区にある浄土宗の寺院。,
牟禮神社,,大阪府,,34.8207666,135.5809357,D,神社,牟禮神社（むれじんじゃ、簡体字：牟礼神社）は、大阪府茨木市にある神社。式内社で、旧社格は村社。,
玄中寺,,青森県,,40.5159709,141.5033819,D,寺院,,
泰平寺,,愛媛県,,33.2127701,132.5623286,D,寺院,泰平寺 （たいへいじ）は、愛媛県宇和島市神田川原にある寺院。宗派は曹洞宗、本尊は釈迦牟尼仏で、新四国曼荼羅霊場第54番札所。,
九木神社,,三重県,尾鷲市,34.0134377,136.2551163,D,神社,九木神社（くきじんじゃ）は、三重県尾鷲市九鬼町455にある神社。近代社格制度における社格は村社。,
駒繋神社,,東京都,,35.6383223,139.6802583,D,神社,,
金剛寺,,埼玉県,,35.8424916,139.7541915,D,寺院,,
東陽寺,,宮城県,,38.7087357,141.297858,D,寺院,東陽寺（とうようじ）は、宮城県登米市にある曹洞宗の寺院。山号は亀松山。,
龍泉寺,,愛知県,,35.1185392,136.9299998,D,寺院,,
朝代神社,,京都府,,35.444068,135.3240166,D,神社,朝代神社（あさしろじんじゃ）は、京都府舞鶴市朝代13に鎮座する神社。旧社格は府社。,
春慶院,,東京都,,35.7237468,139.8007313,D,寺院,春慶院（しゅんけいいん）は、東京都台東区にある浄土宗の寺院。,
寿福寺,,東京都,,35.7479967,139.6438672,D,寺院,寿福寺（じゅふくじ）は、東京都練馬区春日町三丁目に所在する真言宗豊山派の寺院。本山は、長谷寺。,
八王子神社,,岐阜県,,35.3062415,137.3912938,D,神社,八王子神社（はちおうじじんじゃ）は、岐阜県恵那市明智町に鎮座する神社。岐阜県神社庁による金幣社。,
大興寺,,埼玉県,,35.886773,139.7254217,D,寺院,大興寺（だいこうじ）は、埼玉県さいたま市緑区にある真言宗智山派の寺院。,
光巌寺,,東京都,,35.7255101,139.2017147,D,寺院,光厳寺（こうごんじ）は、東京都あきる野市にある臨済宗建長寺派の寺院。,
日輪寺,,東京都,,35.7111464,139.7377705,D,寺院,日輪寺（にちりんじ）は、東京都文京区にある曹洞宗の寺院。,
大島稲荷神社,,東京都,,35.6863734,139.8366219,D,神社,大島稲荷神社（おおじまいなりじんじゃ）は、江東区大島5丁目に鎮座する神社である。旧社格は村社。,
波寶神社,,奈良県,,34.3115418,135.7563123,D,神社,波宝神社、波寶神社、波寳神社（はほうじんじゃ）は、奈良県五條市夜中にある神社である。式内社で旧社格は郷社。,
桐生西宮神社,,群馬県,,36.4178423,139.3397692,D,神社,桐生西宮神社（きりゅうにしのみやじんじゃ）は、群馬県桐生市宮本町にある神社。美和神社の境内社。,
本成院,,東京都,,35.5764387,139.7045874,D,寺院,本成院（ほんじょういん）は、東京都大田区池上にある日蓮宗の寺院。池上本門寺の子院。,
一心山 称念寺,,奈良県,,34.6745809,135.8286111,D,寺院,,
光恩寺,,群馬県,,36.2083066,139.4395955,D,寺院,光恩寺（こうおんじ）は、群馬県千代田町赤岩にある高野山真言宗の寺院。,
一乗寺,,大阪府,,34.8668641,135.6507475,D,寺院,一乗寺（いちじょうじ）は大阪府高槻市梶原二丁目（かじはら）にある日蓮宗の仏教寺院。山号は昌林山。,
今八幡宮,,山口県,,34.1872326,131.4814991,D,神社,今八幡宮（いまはちまんぐう）は山口県山口市にある神社。山口総鎮守。,
専称寺,,兵庫県,,34.6967291,135.2056309,D,寺院,専称寺（せんしょうじ）は、日本の浄土真宗本願寺派の仏教寺院。正式名称を正立山専稱寺（しょうりゅうざんせんしょうじ）という。,
天桂寺,,群馬県,,36.6493549,139.0492729,D,寺院,天桂寺（てんけいじ）は、群馬県沼田市にある曹洞宗系の単立寺院。,
祇園社八阪神社,,奈良県,,34.6889346,135.8349041,D,神社,八阪神社（やさかじんじゃ）は、奈良県奈良市押上町（おしあげちょう）にある神社。押上町祇園社とも呼ばれ、拝殿の扁額には『祇園社』と記されている。,
梅田神明宮,,東京都,,35.7668297,139.7953362,D,神社,梅田神明宮（うめだしんめいぐう）は、東京都足立区梅田にある神社である。,
比奈麻治比売命神社,,島根県,,36.1182065,133.0721437,D,神社,比奈麻治比売命神社（ひなまじひめみことじんじゃ）は島根県隠岐郡西ノ島町に所在する神社。式内社（小社）で、旧社格は村社。,
法善寺,,千葉県,,35.6935168,139.9205341,D,寺院,法善寺（ほうぜんじ）は、千葉県市川市にある浄土真宗本願寺派の寺院。,
正法寺,,千葉県,,35.5497363,140.3130633,D,寺院,正法寺（しょうぼうじ）は、千葉県大網白里市小西にある日蓮宗の本山（由緒寺院）。山号は妙高山。,
美濃輪稲荷神社,,静岡県,,35.0048528,138.4900858,D,神社,,
佛願寺,,北海道,札幌市,42.9566897,141.3432491,D,寺院,佛願寺、仏願寺（ぶつがんじ）,
善光寺,,愛知県,,35.1013634,136.8865583,D,寺院,善光寺（ぜんこうじ）は、愛知県名古屋市港区にある浄土宗の寺院。山号は臨江山。,
明源寺,,東京都,,35.7072785,139.827756,D,寺院,明源寺（みょうげんじ）は、東京都墨田区立花一丁目にある曹洞宗の寺院。,
海童神社,,長崎県,,32.9868339,129.1142557,D,神社,,
定輪寺,,静岡県,裾野市,35.174483,138.9010364,D,寺院,定輪寺（じょうりんじ）は、静岡県裾野市にある曹洞宗の寺院。,
穴文殊,,京都府,,35.7666026,135.1949859,D,寺院,,
愛宕神社,,茨城県,,36.0741929,140.1894003,D,神社,愛宕神社（あたごじんじゃ）は、茨城県土浦市下高津2丁目8番1号にある神社。江戸時代は愛宕権現と呼ばれていた。,
成宗須賀神社,,東京都,,35.697802,139.6316155,D,神社,,
利神社,,静岡県,,34.7666366,138.0020081,D,神社,利神社（としじんじゃ、英語: Toshi Jinja）は、静岡県掛川市の神社である。古代社格制度における社格は式内小社。,
隠津島神社,,福島県,,37.456555,140.3330128,D,神社,,
羽田八幡宮,,愛知県,,34.7656057,137.376353,D,神社,,
龍峰寺,,岐阜県,,35.5142452,136.6958186,D,寺院,,
八幡山 法蓮寺,,東京都,,35.6042686,139.7079764,D,寺院,法蓮寺（ほうれんじ）は、東京都品川区旗の台3丁目にある寺院。旧本山は大本山池上本門寺。,
出雲大社石見分祠,,島根県,,34.9005976,132.0828255,D,神社,出雲大社石見分祠（いずもおおやしろ / たいしゃ いわみぶんし）は、島根県浜田市田町にある神社。名の通り出雲大社の分社である。,
覚応寺,,群馬県,,36.2490771,139.5272554,D,寺院,,
松源寺,,長野県,高森町,35.5474165,137.8622356,D,寺院,松源寺（しょうげんじ）は、長野県下伊那郡高森町にある臨済宗妙心寺派の寺院。山号は雲龍山。,
恵比寿神社,,沖縄県,,26.2397959,127.6857478,D,神社,,
朝明殿 長明寺,,三重県,,35.0185217,136.6499108,D,寺院,,
安養寺,,東京都,,35.7125103,139.8426167,D,寺院,安養寺（あんようじ）は、東京都江戸川区にある真言宗豊山派の寺院。,
妙法寺,,神奈川県,,35.4297422,139.540207,D,寺院,妙法寺（みょうほうじ）は、神奈川県横浜市戸塚区名瀬町にある日蓮宗の寺院。山号は経王山。,
願成就寺,,千葉県,東金市,35.5829625,140.3701508,D,寺院,,
御笏神社,,東京都,,34.1199758,139.5222407,D,神社,御笏神社（おしゃくじんじゃ）は、東京都三宅村の神社。,
興徳寺,,埼玉県,,35.9289809,139.5936916,D,寺院,,
本願寺西山別院,,京都府,,34.9773096,135.703867,D,寺院,本願寺西山別院（ほんがんじにしやまべついん）は、京都府京都市西京区にある浄土真宗本願寺派の直属寺院。 住職は浄土真宗本願寺派門主が兼ねるが、別院輪番が置かれて実務を主管している。,
満照寺,,東京都,,35.7106748,139.7887659,D,寺院,満照寺（まんしょうじ）は、東京都台東区にある真宗大谷派系の単立寺院（浄土真宗東本願寺派）。,
飛木稲荷神社,,東京都,,35.7140645,139.8153596,D,神社,,
厚別神社,,北海道,,43.0012039,141.4445855,D,神社,厚別神社、厚别神社（あしりべつじんじゃ）は、北海道札幌市清田区平岡2条1丁目3番1号にある神社である。旧社格は旧無格社。,
西光院,,東京都,,35.7703881,139.8550895,D,寺院,,
王子神社,,和歌山県,,33.7171347,136.002073,D,神社,浜王子（はまおうじ）は和歌山県新宮市にある神社。熊野九十九王子のひとつ。,
大門神社,,埼玉県,,35.8856388,139.733265,D,神社,大門神社（だいもんじんじゃ）は、埼玉県さいたま市緑区の神社。,
金蔵院,,東京都,,35.6968808,139.5069614,D,寺院,,
無量寺,,埼玉県,,35.8818421,139.7172454,D,寺院,無量寺（むりょうじ）は、埼玉県さいたま市緑区にある真言宗智山派の寺院。,
能成寺,,山梨県,,35.6642234,138.5816472,D,寺院,能成寺（のうじょうじ）は、山梨県甲府市にある臨済宗妙心寺派の寺院。山号は定林山。,
秩父09 明星山 明智寺,,埼玉県,,35.9840941,139.1028321,D,寺院,明智寺（あけちじ、あけちでら）は、埼玉県秩父郡横瀬町にある臨済宗南禅寺派の寺院で、山号は明星山と号する。,
光明山 賢故坊 浄福寺,,奈良県,,34.6968551,135.8352309,D,寺院,,
石応禅寺,,岩手県,,39.276133,141.8800237,D,寺院,石応寺（せきおうじ）は、岩手県釜石市に所在する曹洞宗の寺院。山号は明峰山。,
鷲神社,,埼玉県,,35.9310889,139.6441741,D,神社,,
福厳寺,,兵庫県,,34.6703573,135.1698851,D,寺院,福厳寺（ふくごんじ）は、神戸市兵庫区にある臨済宗南禅寺派の仏教寺院。,
浄山寺(野島地蔵尊),,埼玉県,越谷市,35.9258438,139.7473013,D,寺院,,
円光寺,,岐阜県,,36.2359002,137.1863343,D,寺院,円光寺（えんこうじ）は、岐阜県飛騨市古川町にある浄土真宗本願寺派の寺院。山号は照耀山。,
眞光寺,,千葉県,,35.6041938,140.2330554,D,寺院,,
住吉神社,,東京都,,35.7896274,139.2613873,D,神社,住吉神社（すみよしじんじゃ）は、東京都青梅市住江町12にある神社。,
三谷八幡神社,,東京都,,35.617075,139.7026995,D,神社,三谷八幡神社（さんやはちまんじんじゃ）は、東京都品川区小山にある神社。登記上の宗教法人名称は八幡神社（はちまんじんじゃ）。,
鶴林寺,,神奈川県,,35.5012402,139.4629112,D,寺院,,
豊田神社,,東京都,,35.6894746,139.898813,D,神社,,
浅間神社,,千葉県,,35.856879,139.8998585,D,神社,浅間神社（せんげんじんじゃ）は、千葉県流山市にある神社。,
圓融寺,,神奈川県,,35.570732,139.6260626,D,寺院,圓融寺（えんゆうじ）は、神奈川県川崎市高津区にある日蓮宗の寺院。「円融寺」とも表記される。,
安楽寺,,東京都,,35.6500726,139.7525464,D,寺院,安楽寺（あんらくじ）は、東京都港区にある浄土真宗本願寺派の寺院。なお、当寺の約200メートル東北東の同区芝1丁目に同名の寺がある。,
栗東寺,,大阪府,,34.7000505,135.5140344,D,寺院,栗東寺（りっとうじ）は、大阪府大阪市北区与力町にある曹洞宗の寺院である。山号は寶樹山。,
正法寺,,大阪府,,34.6676687,135.5144452,D,寺院,正法寺（しょうぼうじ）は、大阪市中央区にある日蓮宗の寺院。山号は本覚山。,
東大島神社,,東京都,,35.6907739,139.8408362,D,神社,東大島神社（ひがしおおじまじんじゃ）は、東京都江東区大島七丁目に鎮座する神社である。天照皇大神、牛島大神（須佐之男命、天之穂日命、貞辰親王の三柱）、稲荷大神を祀る。,
諏訪神社,,宮城県,,38.265565,140.7586298,D,神社,,
光林寺,,新潟県,,37.9221253,139.0419394,D,寺院,光林寺（こうりんじ）は、新潟県新潟市中央区にある浄土真宗本願寺派の寺院。山号は伊南山。,
平群天神社,,千葉県,南房総市,35.1008358,139.9174585,D,神社,平群天神社（へぐりてんじんしゃ）は、千葉県南房総市平久里中（安房国平群郡）にある神社。平久里天神社とする表記もある。,
小田井縣神社,,兵庫県,豊岡市小田井町,35.5504504,134.8240128,D,神社,小田井縣神社（おだいあがたじんじゃ）は、兵庫県豊岡市にある神社。小田井縣神社の末社に「柳ノ宮神社」があり、毎年8月1日、2日に「豊岡柳祭り」が行われる。,
本顕寺,,千葉県,君津市,35.3235144,139.9037689,D,寺院,本顕寺（ほんけんじ）は、千葉県君津市に所在する日蓮正宗の寺院である。山号は法光山（ほうこうさん）。,
小田神社,,滋賀県,,35.1147423,136.0462972,D,神社,小田神社（おだじんじゃ）は、滋賀県近江八幡市小田町にある神社。旧社格は郷社。,
十善戒寺,,東京都,,35.7367579,139.6091713,D,寺院,十善戒寺（じゅうぜんかいじ）は、東京都練馬区にある真言宗東寺派の寺院。,
金乗院,,東京都,,35.760967,139.6666282,D,寺院,,
本願寺沖縄別院,,沖縄県,,26.2572363,127.7269199,D,寺院,本願寺沖縄別院（ほんがんじおきなわべついん）は、沖縄県浦添市にある浄土真宗本願寺派の直属寺院。 住職は浄土真宗本願寺派門主が兼ねるが、輪番が置かれて平時の実務を主管している。,
綱敷天満神社,,愛媛県,,34.0197048,133.042484,D,神社,,
藤並神社,,和歌山県,,34.0637685,135.2050317,D,神社,,
白髭神社,,東京都,,35.7328433,139.8403003,D,神社,,
常照院,,東京都,,35.6575481,139.7519222,D,寺院,常照院（じょうしょういん）は、東京都港区に所在する浄土宗の寺院である。,
蓮生寺,,東京都,,35.6183677,139.3949688,D,寺院,,
龍渓院,,愛知県,,35.0247341,137.1865308,D,寺院,,
賀多神社,,三重県,,34.4834073,136.8398608,D,神社,,
城宝寺,,愛知県,,34.667904,137.2676226,D,寺院,城宝寺（じょうほうじ）は、愛知県田原市田原町稗田にある浄土宗の寺院。山号は弁天山。,
明照寺,,滋賀県,,35.2550011,136.2418312,D,寺院,妙法山明照寺（みょうほうざん めんしょうじ）は、滋賀県彦根市にある浄土真宗本願寺派寺院。,
華報寺,,新潟県,,37.818014,139.301421,D,寺院,,
竹屋神社,,鹿児島県,,31.4306955,130.30988,D,神社,,
真長寺,,岐阜県,,35.5044592,136.8444135,D,寺院,,
妙嚴寺,,東京都,,35.7341039,139.8637627,D,寺院,妙厳寺（みょうごんじ）は、東京都葛飾区にある真言宗豊山派の寺院。新四国四箇領八十八箇所霊場第18番札所。,
真如寺,,大阪府,,34.8565788,135.6038172,D,寺院,,
妙見神社,,徳島県,,34.1783442,134.6182298,D,神社,妙見神社（みょうけんじんじゃ）は、徳島県鳴門市撫養町林崎の妙見山に鎮座する神社。,
宝蔵寺,,埼玉県,,35.8444146,139.7349901,D,寺院,宝蔵寺（ほうぞうじ）は、埼玉県川口市にある真言宗豊山派の寺院。,
前川神社,,埼玉県,,35.8409165,139.7132117,D,神社,前川神社（まえかわじんじゃ）は、埼玉県川口市前川にある神社である。,
法現寺,,福島県,,37.4055231,140.376927,D,寺院,法現寺（ほうげんじ）は、福島県郡山市咲田に所在する日蓮宗の寺院。正式には開郡山 法現寺。,
於菊稲荷神社,,群馬県,,36.2772426,139.110638,D,神社,於菊稲荷神社（おきくいなりじんじゃ）は、群馬県高崎市の神社。,
福寿寺,,三重県,志摩市,34.4089026,136.8079783,D,寺院,,
源正寺,,東京都,,35.6781496,139.5970092,D,寺院,,
御霊神社,,兵庫県,三田市,34.9025806,135.1994635,D,神社,御霊神社（ごりょうじんじゃ）は、兵庫県三田市にある神社。,
無量寿寺,,茨城県,,36.1775089,140.4667309,D,寺院,無量寿寺（むりょうじゅじ）は、茨城県鉾田市にある浄土真宗本願寺派の寺院。なお、当寺の約2キロメートル北西の同市下冨田に同名の寺がある。,
蓮照寺,,広島県,,34.4001138,132.4257476,D,寺院,,
寳福寺,,東京都,,35.6835944,139.663754,D,寺院,宝福寺（ほうふくじ）は、東京都中野区にある真言宗豊山派の寺院。,
妙法寺,,山梨県,,35.509699,138.7509058,D,寺院,妙法寺（みょうほうじ）は、山梨県南都留郡富士河口湖町小立にある法華宗本門流の寺院。山号は蓮華山、岡宮光長寺末。,
永徳寺 観音院,,広島県,広島市,34.3913851,132.4407041,D,寺院,,
立泉寺,,東京都,,35.6699697,139.7149593,D,寺院,,
洞慶院,,静岡県,,34.9957239,138.3293687,D,寺院,洞慶院（とうけいいん）は静岡県静岡市葵区羽鳥に所在する曹洞宗の寺院。山号・久住山。,
河野神社,,鳥取県,智頭町,35.2278529,134.228473,D,神社,,
海蔵寺,,東京都,,35.722526,139.7567957,D,寺院,海蔵寺（かいぞうじ）は、東京都文京区にある曹洞宗の寺院。,
延命寺,,東京都,,35.7535973,139.8487943,D,寺院,延命寺（えんめいじ）は、東京都葛飾区にある天台宗の寺院。,
南蔵院,,東京都,,35.7391711,139.8571878,D,寺院,南蔵院（なんぞういん）は、東京都葛飾区にある真言宗豊山派の寺院。,
大津大神宮,,滋賀県,,35.0079009,135.856507,D,神社,大津大神宮（おおつだいじんぐう）は、滋賀県大津市にある神社。,
法蔵寺,,滋賀県,,35.2214621,136.2291697,D,寺院,獅子吼山法蔵寺（ししくざん ほうぞうじ）は、滋賀県彦根市にある浄土真宗本願寺派寺院。,
永願寺,,東京都,,35.6799441,139.5946958,D,寺院,永願寺（えいがんじ）は、東京都世田谷区にある真宗大谷派の寺院。「烏山寺町」を構成する26の寺院の1つである。,
仏光寺,,静岡県,,34.9679193,139.1011073,D,寺院,仏光寺（ぶっこうじ）は、静岡県伊東市和田にある日蓮宗の寺院。山号は海上山。,
秩父21 要光山観音寺,,埼玉県,,36.0159626,139.0779309,D,寺院,,
将門神社,,千葉県,,35.8523703,140.0360188,D,神社,将門神社（まさかどじんじゃ）は千葉県柏市にある神社。,
龍泉寺,,東京都,,35.6694262,139.7223537,D,寺院,,
泉福寺,,神奈川県,,35.5813822,139.5918139,D,寺院,泉福寺（せんぷくじ）は、神奈川県川崎市宮前区馬絹にある天台宗の寺院。,
亀塚神社,,東京都,,35.6457019,139.7420259,D,神社,亀塚稲荷神社（かめづかいなりじんじゃ）は東京都港区三田四丁目にある稲荷神社。宗教法人格を有する。,
千手山 浄福寺,,東京都,八王子市,35.6673909,139.2480044,D,寺院,浄福寺（じょうふくじ）は、東京都八王子市にある真言宗智山派の寺院。,
十念寺,,福島県,,37.2891559,140.3779233,D,寺院,十念寺（じゅうねんじ）は、福島県須賀川市にある浄土宗の寺院。正式名称は、来迎山白道院十念寺。,
善勝寺,,滋賀県,,35.1743371,136.1715544,D,寺院,善勝寺（ぜんしょうじ）は、滋賀県東近江市にある曹洞宗の寺院。山号は繖山。,
御形神社,,兵庫県,,35.1892538,134.6296067,D,神社,御形神社（みかたじんじゃ）は、兵庫県宍粟市にある神社。式内小社で、旧社格は県社。,
専念寺,,東京都,,35.8022303,139.7894321,D,寺院,専念寺（せんねんじ）は、東京都足立区にある浄土真宗本願寺派の寺院。,
心岩寺,,神奈川県,座間市,35.4829128,139.3963481,D,寺院,心岩寺（しんがんじ）は、神奈川県座間市にある臨済宗建長寺派の寺院で、建長寺第75世悦岩興惟（えつがんこうい）禅師の法弟成英玉（せいえいぎょく）が開山し、この地の郷士白井織部是...,
慈眼寺,,東京都,,35.7469408,139.7994254,D,寺院,慈眼寺（じげんじ）は、日本の東京都足立区にある新義真言宗の寺院。,
紀伊神社,,神奈川県,小田原市,35.2339479,139.1417768,D,神社,,
高萩八幡宮,,茨城県,高萩市,36.7145694,140.7036298,D,神社,八幡宮（はちまんぐう）は、茨城県高萩市の神社。地名を冠して高萩八幡宮（たかはぎはちまんぐう）、安良川八幡宮（あらかわはちまんぐう）とも称される。,
小塞神社,,愛知県,,35.3500276,136.8291781,D,神社,小塞神社（おぜきじんじゃ）は、愛知県一宮市浅井町にある神社である。旧社格は郷社。,
南養寺,,東京都,,35.6805683,139.4323495,D,寺院,南養寺（なんようじ）は、東京都国立市にある臨済宗建長寺派の寺院。,
林昌寺,,岐阜県,,36.2327189,137.195168,D,寺院,林昌寺（りんしょうじ）は岐阜県飛騨市古川町にある曹洞宗の寺院。,
蓮華寺,,東京都,,35.7218002,139.767269,D,寺院,,
愛宕稲荷神社,,長野県,,35.512873,137.8228498,D,神社,愛宕稲荷神社（あたごいなりじんじゃ）は、 長野県飯田市愛宕町にある神社。,
長泉寺,,東京都,,35.7140234,139.7846617,D,寺院,,
仰願寺,,東京都,,35.723327,139.8025292,D,寺院,仰願寺（こうがんじ）は、東京都台東区にある浄土宗の寺院。,
智源寺,,京都府,,35.5320298,135.1909572,D,寺院,智源寺（ちげんじ）は、京都府宮津市にある曹洞宗の寺院（専門僧堂）。寛永2年（1625年）創立。,
光明寺,,大阪府,,34.6620366,135.5114248,D,寺院,光明寺（こうみょうじ）は、大阪府大阪市天王寺区下寺町にある浄土宗の寺院。本堂などが国の登録有形文化財となっている。,
盛泰寺,,東京都,,35.726304,139.7147127,D,寺院,盛泰寺（じょうたいじ）は、東京都豊島区にある日蓮宗の寺院。旧本山は京都妙満寺。,
四所神社,,千葉県,横芝光町,35.6638257,140.4890654,D,神社,四社神社（ししゃじんじゃ）は、千葉県山武郡横芝光町屋形（上総国武射郡）にある神社。旧社格は郷社。,
仏徳寺,,岐阜県,,35.300955,137.2510587,D,寺院,佛徳寺（ぶっとくじ）は岐阜県土岐市曽木町にある曹洞宗の寺院。山号は瑞光山。,
神明宮,,栃木県,,36.3801212,139.7364301,D,神社,,
正泉寺,,東京都,,35.6189454,139.6917995,D,寺院,正泉寺（しょうせんじ）は、東京都目黒区にある浄土宗の寺院。,
浄捷寺,,埼玉県,,35.8289062,139.7971696,D,寺院,浄捷寺（じょうしょうじ）は、埼玉県草加市にある浄土宗の寺院。,
永福寺,,長野県,,36.1015731,137.9825567,D,寺院,永福寺（えいふくじ）は長野県塩尻市にある高野山真言宗の寺院。山号は慈眼山。,
建福寺,,埼玉県,,36.1700065,139.53553,D,寺院,建福寺（けんぷくじ）は、埼玉県羽生市にある曹洞宗の寺院。,
本郷氷川神社,,東京都,,35.6942511,139.6734244,D,寺院,氷川神社（ひかわじんじゃ）は、東京都中野区本町にある神社。本郷氷川神社（ほんごうひかわじんじゃ）とも称される。,
式内赤穂神社,,奈良県,,34.6768236,135.8426098,D,神社,,
薬師寺八幡宮,,栃木県,,36.4007899,139.8783015,D,神社,,
宝池寺,,大阪府,,34.8989624,135.5471491,D,寺院,宝池寺（ほうちじ）は、大阪府茨木市大字忍頂寺にある融通念仏宗の寺院。山号は竜王山（りゅうおうざん）。,
小松天満宮,,石川県,小松市,36.4161187,136.448625,D,神社,小松天満宮（こまつてんまんぐう）は、石川県小松市天神町に所在する神社。前田家ゆかりの創建当初からの社殿等は重要文化財や石川県指定有形文化財に指定されている。,
大雄寺,,北海道,,42.466648,140.869108,D,寺院,,
薬王山三念寺,,東京都,,35.7041818,139.7597581,D,寺院,三念寺（さんねんじ）は、東京都文京区にある真言宗豊山派の寺院。山号は薬王山。,
昌清寺,,東京都,,35.7036293,139.7576751,D,寺院,昌清寺（しょうせいじ）は、東京都文京区にある浄土宗の寺院。,
妙傳寺,,神奈川県,,35.513983,139.3674834,D,寺院,妙伝寺（みょうでんじ）は、神奈川県厚木市にある日蓮宗の寺院。山号は星梅山。,
隆国寺,,兵庫県,,35.4564823,134.7212836,D,寺院,,
熱田神社,,東京都,,35.721361,139.8024137,D,神社,熱田神社（あつたじんじゃ）は、東京都台東区の神社。,
本願寺 塩屋別院,,香川県,,34.2883437,133.7803221,D,寺院,本願寺塩屋別院（ほんがんじしおやべついん）は香川県丸亀市塩屋町にある浄土真宗本願寺派（西本願寺）の別院である。,
大稲荷神社,,神奈川県,小田原市,35.2595474,139.1551012,D,神社,大稲荷神社（だいいなりじんじゃ）は、神奈川県小田原市城山1丁目にある神社。小田原市民をはじめとする一般市民には「だいなりさん」の愛称で親しまれている。,
宝塔寺,,東京都,,35.6284948,139.7270431,D,寺院,宝塔寺（ほうとうじ）は、東京都品川区にある天台宗の寺院。,
素櫻神社,,長野県,,36.6803426,138.1619075,D,神社,,
大龍寺,,福島県,,37.4952265,139.9507787,D,寺院,大龍寺（だいりゅうじ）は、福島県会津若松市にある臨済宗妙心寺派の寺院。山号は宝雲山。,
南和寺,,埼玉県,,35.9121757,139.7496421,D,寺院,南和寺（なんわじ、ベトナム語：Chùa Nam Hòa / 𫴶南和）は、埼玉県越谷市にあるベトナム仏教の寺院。,
神宮寺,,千葉県,,35.8954308,140.4020065,D,寺院,神宮寺（じんぐうじ）は、千葉県香取郡神崎町並木にある真言宗智山派の寺院。山号は妙法山。,
法源寺,,北海道,,41.4321125,140.1075145,D,寺院,法源寺（ほうげんじ）は、北海道松前町にある曹洞宗の寺である。,
宝積寺,,福島県,,37.7531431,140.4740772,D,寺院,宝積寺（ほうしゃくじ）は、福島県福島市舟場町にある曹洞宗の寺院。山号は琥珀山。,
願王寺,,愛知県,,35.2130019,136.8785481,D,寺院,,
大乗院,,東京都,,35.8014078,139.8005465,D,寺院,大乗院（だいじょういん）は、東京都足立区にある真言宗系の単立寺院。,
呑山観音寺,,福岡県,,33.6588993,130.5681729,D,寺院,呑山観音寺（のみやまかんのんじ）は、福岡県糟屋郡篠栗町にある高野山真言宗別格本山の寺院。,
大慈寺,,宮城県,登米市,38.7676267,141.3263565,D,寺院,大慈寺（だいじじ）は、宮城県登米市東和町米川にある曹洞宗の寺院。山号は法輪山。,
見性寺,,東京都,,35.7679091,139.8507472,D,寺院,見性寺（けんしょうじ）は、東京都葛飾区にある曹洞宗の寺院。,
妙宣寺,,千葉県,山武市,35.6555993,140.3708834,D,寺院,妙宣寺（みょうせんじ）は、千葉県山武市埴谷にある日蓮宗の寺院。山号は大丞山。,
法園寺,,兵庫県,,34.768269,135.4258275,D,寺院,法園寺（ほうおんじ）は、兵庫県尼崎市猪名寺にある真言宗御室派の寺院。山号は猪名野山。,
高徳寺,,千葉県,,35.6023241,140.1261924,D,寺院,,
國神社,,岡山県,,34.6696296,133.9032602,D,神社,国神社（くにじんじゃ、國神社）は、岡山県岡山市北区にある神社。式内社で、旧社格は村社。,
金躰寺,,奈良県,,34.6755422,135.8326089,D,寺院,,
乗願寺,,東京都,,35.7911904,139.2672225,D,寺院,乗願寺（じょうがんじ）は、東京都青梅市にある時宗の寺院。,
岡崎天満宮,,愛知県,,34.9593913,137.1769243,D,神社,岡崎天満宮（おかざきてんまんぐう）は、愛知県岡崎市中町にある天満宮。,
笠原神明宮,,岐阜県,,35.3012174,137.1550094,D,神社,,
平田寺,,静岡県,,34.6941743,138.2024531,D,寺院,平田寺（へいでんじ）は、静岡県牧之原市にある臨済宗妙心寺派の寺院。号は吸江山。,
昌林寺,,東京都,,35.7431075,139.7418637,D,寺院,昌林寺（しょうりんじ）は東京都北区西ケ原にある曹洞宗の寺院である。,
岐佐神社,,静岡県,,34.6839451,137.6110245,D,神社,岐佐神社（きさじんじゃ）は、静岡県浜松市中央区舞阪町に鎮座する神社。,
愛宕神社,,群馬県,,36.3488673,139.1839435,D,神社,愛宕神社（あたごじんじゃ）は、群馬県伊勢崎市波志江町にある神社である。祭神は火産霊神、社格は旧村社。,
円成寺,,奈良県,,34.6954159,135.9151918,D,寺院,円成寺、圓成寺（えんじょうじ、えんせいじ）,
櫛代賀姫神社,,島根県,益田市,34.701253,131.840023,D,神社,櫛代賀姫神社（くししろかひめじんじゃ）は島根県益田市にある神社である。式内社で、旧社格は県社。,
日招八幡大神社,,愛媛県,,33.817371,132.7456353,D,神社,日招八幡大神社（ひまねきはちまんだいじんじゃ）は、愛媛県松山市にある神社。神紋は四つ目菱。,
海蔵寺,,東京都,,35.6700996,139.7152288,D,寺院,海蔵寺（かいぞうじ）は、東京都港区にある黄檗宗の寺院。,
観音寺,,神奈川県,,35.5019578,139.466945,D,寺院,,
八幡神社,,岐阜県,,35.3039361,137.1951001,D,神社,八幡神社（はちまんじんじゃ）は、岐阜県土岐市妻木町にある神社。妻木八幡神社とも称す。,
九品寺,,東京都,,35.7526484,139.8321747,D,寺院,九品寺（くほんじ）は、東京都葛飾区にある真言宗豊山派の寺院。,
永伝寺,,東京都,,35.7245112,139.8044446,D,寺院,永傳寺（えいでんじ）は、東京都台東区にある曹洞宗の寺院。,
本性寺,,東京都,,35.7231583,139.8042783,D,寺院,本性寺（ほんしょうじ）は、東京都台東区にある法華宗本門流の寺院。,
長敬寺,,東京都,,35.7106415,139.7900406,D,寺院,,
源照寺,,東京都,,35.7540556,139.8656978,D,寺院,,
永元寺,,大阪府,,34.5261138,135.5686422,D,寺院,永元寺（えいげんじ）は、大阪府堺市美原区にある臨済宗妙心寺派の寺院。 蕪坐離庵は大阪都市景観建築賞を受賞した。,
丹後神社,,埼玉県,,35.8582961,139.885177,D,神社,丹後神社（たんごじんじゃ）は、埼玉県三郷市に在る神社である。旧社格は村社。,
妙見寺 (稲城市),,東京都,,35.6340676,139.4984141,D,寺院,妙見寺（みょうけんじ）は、東京都稲城市にある天台宗の寺院。山号は神王山。,
東陽寺,,埼玉県,,35.9805756,139.7617227,D,寺院,東陽寺（とうようじ）は、埼玉県春日部市にある曹洞宗の寺院。,
代田八幡神社,,東京都,,35.657154,139.6595019,D,神社,代田八幡神社（だいたはちまんじんじゃ）は、東京都世田谷区の神社。,
修性院 (花見寺),,東京都,,35.7300802,139.7660626,D,寺院,修性院（しゅしょういん）は、東京都荒川区にある日蓮宗の寺院。,
寄木神社,,東京都,,35.6181361,139.745707,D,神社,寄木神社（よりきじんじゃ）は、東京都品川区の神社。,
宜雲寺,,東京都,,35.6820166,139.8033618,D,寺院,宜雲寺（ぎうんじ）は、東京都江東区にある臨済宗妙心寺派の寺院。,
高倉寺,,埼玉県,,35.8390757,139.3787378,D,寺院,,
長森稲荷社,,神奈川県,川崎市,35.6127462,139.565597,D,神社,,
光了寺,,茨城県,,36.1520007,139.7112231,D,寺院,光了寺（こうりょうじ）は、茨城県古河市中田にある真宗大谷派の寺院。,
浪合神社,,長野県,,35.3785286,137.691649,D,神社,浪合神社（なみあいじんじゃ）は長野県下伊那郡阿智村浪合（旧浪合村）に鎮座する神社。,
長谷寺,,新潟県,佐渡市,37.9764535,138.4175487,D,寺院,,
高松寺,,神奈川県,,35.3999921,139.5291167,D,寺院,,
浄元寺,,神奈川県,,35.6062027,139.6061704,D,寺院,淨元寺（じょうげんじ）は、神奈川県川崎市高津区にある日蓮宗の寺院。「浄元寺」とも表記される。,
宝光院,,千葉県,,35.7829433,139.896368,D,寺院,宝光院（ほうこういん）は、千葉県松戸市にある真言宗豊山派の寺院。詳名は梅牛山宝光院林泉寺。,
大乗院,,東京都,,35.7559201,139.5689892,D,寺院,大乗院（だいじょういん）は、東京都練馬区西大泉五丁目にある日蓮宗の寺院。新井山円福寺と号する。,
菅原神社,,鹿児島県,,31.3795713,130.777378,D,神社,,
箆取神社,,岡山県,倉敷市連島町西之浦,34.5519591,133.7182987,D,神社,,
住吉神社,,神奈川県,,35.5545408,139.4899689,D,神社,住吉神社（すみよしじんじゃ）は、神奈川県横浜市青葉区奈良町にある神社である。,
柴崎神社,,千葉県,,35.8756886,140.0367559,D,神社,柴崎神社（しばさきじんじゃ）は、千葉県我孫子市（下総国相馬郡）にある神社である。旧社格は村社。,
啓運寺,,東京都,,35.7288072,139.7682496,D,寺院,啓運寺（けいうんじ）は、東京都荒川区西日暮里にある法華宗本門流の寺院。山号は法要山。,
講御堂寺,,奈良県,,34.3510302,135.6952484,D,寺院,,
千手院,,東京都,,35.7229699,139.7815634,D,寺院,千手院（せんじゅいん）は、東京都台東区にある真言宗豊山派の寺院。,
愛宕祠,,群馬県,,36.2489274,139.5365313,D,神社,お茶のおばあさん（おちゃのおばあさん）は群馬県館林市本町1丁目にある小祠。愛宕神を祀る。,
伊美別宮社,,大分県,,33.6848201,131.6004262,D,神社,伊美別宮社（いみべつぐうしゃ）は、大分県国東市国見町伊美にある神社。旧社格は県社。,
妙法寺,,岡山県,,34.6279484,133.9454759,D,寺院,妙法寺（みょうほうじ）は、岡山県岡山市南区浜野にある日蓮宗の寺院。山号は感善山。,
東福寺,,埼玉県,,35.8336105,139.804936,D,寺院,東福寺（とうふくじ）は、埼玉県草加市にある真言宗智山派の寺院。草加八景の一つになっている。,
妙教寺,,宮城県,栗原市,38.7282862,140.9810647,D,寺院,妙教寺（みょうきょうじ）は、宮城県栗原市に所在する日蓮正宗の寺院。山号は石柳山（せきりゅうざん）。,
経王寺,,東京都,,35.7281066,139.7686988,D,寺院,,
牧落八幡宮,,大阪府,,34.8213591,135.4681806,D,神社,牧落八幡宮（まきおちはちまんぐう）は大阪府箕面市牧落に鎮座する神社（八幡宮）。法人名は八幡大神宮（はちまんだいじんぐう）。,
手力雄神社,,奈良県,,34.6821004,135.8293689,D,神社,手力雄神社（たぢからおじんじゃ）は、奈良県奈良市橋本町にある神社。春日大社境外末社。,
文永寺,,長野県,,35.4711608,137.8454115,D,寺院,文永寺（ぶんえいじ）は、長野県飯田市下久堅にある真言宗智山派の寺院。山号は南原山。,
福成寺,,兵庫県,豊岡市,35.4611386,134.8723637,D,寺院,,
文殊院,,東京都,,35.6793509,139.6522858,D,寺院,文殊院（もんじゅいん）は、東京都杉並区にある高野山真言宗の寺院。,
七宮神社,,兵庫県,,34.6716556,135.1758829,D,神社,七宮神社（しちのみやじんじゃ）は神戸市兵庫区七宮町に鎮座する神社。生田裔神八社の一社。,
千手院,,島根県,,35.4808863,133.0560421,D,寺院,千手院（せんじゅいん）は、島根県松江市石橋町にある高野山真言宗の寺院。山号は尊照山。,
寿覚院,,香川県,,34.2889869,133.792889,D,寺院,寿覚院（じゅかくいん）は、香川県丸亀市にある浄土宗京都知恩院末寺の寺院である。山号は光明山。,
伊米神社　八幡宮,,新潟県,,37.3161522,138.7820272,D,神社,伊米神社八幡宮（いめじんじゃはちまんぐう）は、新潟県小千谷市桜町にある神社。『延喜式神名帳』に魚沼郡五座の一つとして記されている「伊米神社」の論社の一つ。,
鶴尾神社,,香川県,高松市,34.3234471,134.031362,D,神社,,
高縄寺,,愛媛県,,33.9454393,132.8530385,D,寺院,,
円満寺,,長野県,佐久市,36.2775347,138.4811712,D,寺院,円満寺（えんまんじ）は、長野県佐久市岩村田の寺院。真言宗智山派で山号は大悲山。,
円興寺,,岐阜県,,35.3986908,136.5558019,D,寺院,円興寺（えんこうじ）は、岐阜県大垣市にある天台宗の寺院である。山号は篠尾山。,
光明寺,,奈良県,,34.4848629,135.9298418,D,寺院,光明寺（こうみょうじ）は、奈良県宇陀市大宇陀西山121にある融通念仏宗の寺院。山号は遍照山。,
諏訪神社,,千葉県,,35.6747706,140.0737244,D,神社,,
瑞光寺,,京都府,,34.9613928,135.7748694,D,寺院,,
勝立寺,,福岡県,,33.593461,130.4008729,D,寺院,勝立寺（しょうりゅうじ）は、福岡県福岡市中央区天神にある日蓮宗の寺院。山号は正興山。,
若雷神社,,神奈川県,横浜市,35.540472,139.6119618,D,神社,,
熊野神社,,東京都,板橋区,35.7418009,139.7066175,D,神社,,
慈徳寺,,福島県,,37.7278076,140.3532061,D,寺院,慈徳寺（じとくじ）は福島県福島市佐原にある曹洞宗の寺院。山号は宝珠山。,
新川皇大神社,,北海道,札幌市,43.1088489,141.301126,D,神社,"新川皇大神社（しんかわこうたいじんじゃ）は、北海道札幌市北区新川に位置する神社。
洪水などに苛まれていた開拓地を鎮めるため、新川（河川）沿いに建てられた。",
実成寺,,福島県,,37.5035776,139.9281865,D,寺院,實成寺（じつじょうじ）は、福島県会津若松市に所在する日蓮正宗の寺院。山号は久遠山（くおんざん）。,
龍雲寺,,北海道,札幌市,43.1499199,141.3721186,D,寺院,,
龍泉寺,,東京都,,35.7266974,139.7677779,D,寺院,,
善應寺,,東京都,,35.7688911,139.7792806,D,寺院,善應寺（ぜんのうじ）とは、東京都足立区興野2-20-5にある真言宗豊山派の寺院。山号は瑠璃山。,
蓮花寺,,東京都,,35.7230408,139.8162898,D,寺院,,
上地八幡宮,,愛知県,,34.9075064,137.1590732,D,神社,上地八幡宮（うえじはちまんぐう）は、愛知県岡崎市上地町にある神社。本殿は重要文化財に指定されている。,
萬福寺,,大阪府,,34.6628462,135.5115482,D,寺院,,
諏訪神社,,宮城県,仙台市,38.2185179,140.8905797,D,神社,,
芳林寺,,埼玉県,,35.9482782,139.6925557,D,寺院,,
若宮神社,,鹿児島県,,31.6073154,130.5642343,D,神社,,
蓮長寺,,東京都,,35.6151562,139.7419043,D,寺院,,
楽命山如意寺,,愛知県,,35.1412817,137.2257009,D,寺院,如意寺（にょいじ）は、愛知県豊田市にある真宗大谷派の寺院。山号は楽命山。,
桑原八幡神社,,愛媛県,,33.8298092,132.8017852,D,神社,桑原八幡神社（くわばらはちまんじんじゃ）は、愛媛県松山市にある神社。神紋は左三つ巴。,
萬慶寺,,福井県,,35.9417206,136.1849971,D,寺院,萬慶寺（ばんけいじ）は 福井県鯖江市深江町にある曹洞宗の寺院。山号は亨浄山。,
正西寺,,福島県,,37.4915949,140.9817507,D,寺院,正西寺（しょうさいじ）は、福島県双葉郡浪江町川添南大坂にある真宗大谷派の寺院である。標葉郡（しねはぐん、現福島県双葉郡の一部）を支配していた標葉氏ゆかりの寺院である。,
根本寺,,茨城県,,35.9659,140.6198348,D,寺院,"根本寺（こんぽんじ）は、茨城県鹿嶋市にある臨済宗妙心寺派の寺院。
聖徳太子の開基と伝えられる。",
法性寺,,埼玉県,,35.836707,139.736936,D,寺院,法性寺（ほうしょうじ）は、埼玉県川口市の鳩ヶ谷地区にある曹洞宗の寺院。,
光明院,,東京都,,35.7362512,139.7548083,D,寺院,光明院（こうみょういん）は、東京都北区にある真言宗豊山派の寺院。,
源光寺,,京都府,,35.0189753,135.7048179,D,寺院,源光寺（げんこうじ）は、京都市右京区常盤馬塚町にある臨済宗天龍寺派の尼寺。山号は常盤山。,
円光院,,東京都,,35.6431274,139.6508712,D,寺院,円光院（えんこういん）は、東京都世田谷区世田谷にある真言宗豊山派の寺院。詳名は大悲山明王寺円光院。,
延命寺,,東京都,,35.562572,139.6945468,D,寺院,延命寺（えんめいじ）は、東京都大田区にある浄土宗の寺院。,
長洲天満宮,,兵庫県,,34.7236643,135.428468,D,神社,,
桂林寺,,栃木県,,36.5657655,139.8776433,D,寺院,桂林寺（けいりんじ）は、栃木県宇都宮市清住一丁目にある曹洞宗の寺院である。山号は松峰山。,
不動寺,,群馬県,,36.3160578,138.8003158,D,寺院,不動寺（ふどうじ）は、群馬県安中市松井田町松井田にある真言宗豊山派の寺院である。山号は龍本山（りゅうほんざん）、院号は松井田院（まついだいん）。,
連紹寺,,島根県,,35.365222,132.7628408,D,寺院,,
八王子神社,,愛知県,,35.0218278,137.0020333,D,神社,八王子神社（はちおうじじんじゃ）は、愛知県刈谷市泉田町中西96番地にある神社。旧社格は村社。,
浄念寺,,長野県,,36.4211859,137.8771957,D,寺院,浄念寺（じょうねんじ）は、長野県北安曇郡池田町にある浄土宗の寺院。山号は聖向山。,
福相寺,,東京都,,35.6931176,139.6531324,D,寺院,,
江岸寺,,東京都,,35.7299316,139.7501834,D,寺院,江岸寺（こうがんじ）は、東京都文京区にある曹洞宗の寺院。,
養願寺,,東京都,,35.6189618,139.7423042,D,寺院,,
高野山 熊谷寺,,和歌山県,Koyasan,34.2125601,135.5947639,D,寺院,熊谷寺（くまがいじ）は、葛原親王の御願により、837年に創建された高野山真言宗の別格本山の寺院である。,
常念寺,,京都府,,34.7471584,135.8707385,D,寺院,常念寺（じょうねんじ）,
蓮休寺,,岡山県,,34.6732106,133.8255088,D,寺院,,
地蔵院,,和歌山県,,34.2130778,135.5928186,D,寺院,地蔵院（じぞういん）は、和歌山県伊都郡高野町の高野山にある高野山真言宗の寺院。本尊は地蔵菩薩。,
洞隣寺,,愛知県,,35.0250021,137.0233663,D,寺院,洞隣寺（とうりんじ）は、愛知県刈谷市今岡町日向14にある曹洞宗の寺院である。山号は今岡山。,
秋葉神社,,愛知県,,34.9872482,136.9927857,D,神社,秋葉神社（あきばじんじゃ）は、愛知県刈谷市銀座2丁目100にある神社。松秀寺の境内にある。,
本願寺 尾崎別院,,大阪府,,34.3630102,135.2392944,D,寺院,本願寺尾崎別院（ほんがんじおざきべついん）は、大阪府阪南市尾崎町にある浄土真宗本願寺派の直属寺院。 住職は浄土真宗本願寺派門主が兼ねるが、別院輪番が置かれて実務を主管している。,
円性寺,,東京都,,35.7687566,139.8384459,D,寺院,円性寺（えんしょうじ）は、東京都足立区にある真言宗豊山派の寺院。,
新田神社,,神奈川県,,35.5208461,139.7063404,D,神社,新田神社（にったじんじゃ）は、神奈川県川崎市川崎区渡田2-14-8にある神社。新田義貞、天照大神、大国主神、厳島媛神を祭神として祀る。,
法音寺,,東京都,,35.7683924,139.6143649,D,寺院,法音寺（ほうおんじ）は、東京都練馬区にある曹洞宗の寺院。,
本住寺,,兵庫県,,35.6275712,134.8121922,D,寺院,本住寺（ほんじゅうじ）は、兵庫県豊岡市にある法華宗真門流の寺院。,
大野天満天神宮,,千葉県,,35.7548596,139.9571371,D,神社,天満天神宮（てんまんてんじんぐう）は、千葉県市川市の大野城跡に鎮座する神社。日蓮宗の寺院の本光寺が管理している。,
浄泉寺,,和歌山県,,33.7280655,135.9861879,D,寺院,浄泉寺（じょうせんじ）は、和歌山県新宮市にある真宗大谷派の寺院。山号は遠松山。,
鵜戸神社,,鹿児島県,,31.330667,130.8978281,D,神社,,
青原寺,,東京都,,35.7094097,139.6803791,D,寺院,,
熊野神社,,神奈川県,横浜市,35.5197977,139.6858891,D,神社,,
宗関寺,,東京都,,35.6579208,139.2677203,D,寺院,宗関寺（そうかんじ）は、東京都八王子市にある曹洞宗の寺院。,
善福寺,,東京都,,35.6202161,139.7407322,D,寺院,善福寺（せんぷくじ）は、東京都品川区にある時宗の寺院。,
玉林寺,,愛知県,,35.2897195,136.9207206,D,寺院,玉林寺（ぎょくりんじ）は、愛知県小牧市小牧5丁目にある曹洞宗の寺院。山号は「大寿山」。,
密蔵院,,愛知県,,35.0201342,137.0354518,D,寺院,密蔵院（みつぞういん）は、愛知県刈谷市一里山町にある臨済宗永源寺派の寺院。山号は天目山。,
神明神社,,千葉県,,35.7078541,140.0417812,D,神社,,
西岡神社,,熊本県,,32.6781462,130.6480368,D,神社,,
神明社,,東京都,,35.6567514,139.5971535,D,神社,,
養源寺,,兵庫県,,35.5476721,134.8237694,D,寺院,養源寺（ようげんじ）は、兵庫県豊岡市元町にある禅宗曹洞宗の寺院。もともとは、豊岡奈佐谷にあって天台宗養寿院といわれていたが、兵火に焼かれ、岩井の大原山に移転・再建された。,
信願山 法融寺,,東京都,,35.7258042,139.5847826,D,寺院,法融寺（ほうゆうじ）は、東京都練馬区にある真宗大谷派の寺院。,
延仁寺,,京都府,,34.9835033,135.783207,D,寺院,延仁寺（えんにんじ）は、京都市東山区にある真宗大谷派の寺院。大谷派では、宗祖親鸞の荼毘所とする。,
雪谷八幡神社,,東京都,,35.5967229,139.6862862,D,神社,,
大雄寺,,東京都,,35.7213782,139.7701152,D,寺院,大雄寺（だいおうじ）は、東京都台東区谷中にある日蓮宗の寺院。山号は長昌山。,
満光寺,,東京都,,35.7443088,139.7750144,D,寺院,満光寺（まんこうじ）は、東京都荒川区にある浄土宗の寺院。,
善立寺,,東京都,,35.7625133,139.7996278,D,寺院,善立寺（ぜんりゅうじ）は、東京都足立区梅田一丁目にある日蓮宗の寺院。身延山久遠寺末触頭で、谷中瑞輪寺、杉並区の宗延寺と並ぶ江戸三大触頭の一つだった。,
西光寺,,東京都,,35.6925978,139.906145,D,寺院,,
隆崇院,,岐阜県,,35.3696543,137.4375259,D,寺院,,
龍蔵寺,,埼玉県,,36.1305994,139.5946948,D,寺院,,
浄土寺,,東京都,,35.7212936,139.7486873,D,寺院,,
寿永寺,,東京都,,35.7285324,139.7917279,D,寺院,寿永寺（じゅえいじ）は、東京都台東区にある浄土宗の寺院。,
要法寺,,神奈川県,,35.328556,139.3356879,D,寺院,,
禅長寺,,福島県,,36.9854971,140.8922655,D,寺院,禅長寺（ぜんちょうじ）は、福島県いわき市小名浜林城にある臨済宗妙心寺派の寺院。,
観音寺,,茨城県,牛久市久野町1249,35.9729415,140.227794,D,寺院,観音寺（かんのんじ）は、茨城県牛久市にある天台宗の寺院。,
平隆寺,,奈良県,,34.6054248,135.6987392,D,寺院,平隆寺（へいりゅうじ）は、奈良県生駒郡三郷町勢野東にある寺院。別名として「平群寺」（へぐりでら）、「施鹿薗寺」（せろくおんじ）がある。,
三沢寺,,静岡県,,35.2508289,138.5634023,D,寺院,三澤寺（さんたくじ）は、静岡県富士宮市大鹿窪にある日蓮宗の寺院。,
氷川神社,,埼玉県,,35.9516219,139.6717615,D,神社,氷川神社（ひかわじんじゃ）は、埼玉県さいたま市見沼区の神社。,
西廣寺,,兵庫県,,34.7715229,135.3639724,D,寺院,,
吉祥院,,東京都,,35.7099021,139.7847221,D,寺院,吉祥院（きっしょういん）は、東京都台東区にある真言宗智山派の寺院。,
千住氷川神社,,東京都,,35.7540268,139.8058487,D,神社,氷川神社（ひかわじんじゃ）は、東京都足立区千住4丁目にある神社。地名を冠して千住氷川神社（せんじゅひかわじんじゃ）とも称される。,
桂福寺,,東京都,,35.708854,139.2959723,D,寺院,桂福寺（けいふくじ）は、東京都八王子市にある曹洞宗の寺院。山号は治龍山。,
専修院,,東京都,,35.7397079,139.7385116,D,寺院,専修院（せんしゅういん）は、東京都豊島区にある浄土宗の寺院。,
臨済宗 松源寺,,東京都,,35.708558,139.677812,D,寺院,松源寺（しょうげんじ）は、東京都中野区にある臨済宗妙心寺派の寺院。,
新城神社,,長崎県,,33.8332351,129.7180789,D,神社,新城神社（しんじょうじんじゃ）は、長崎県壱岐市に鎮座する神社である。,
健命寺,,長野県,,36.9240083,138.4499384,D,寺院,健命寺（けんめいじ）は長野県下高井郡野沢温泉村に存在する曹洞宗の寺院。山号は薬王山。,
妙盛寺,,静岡県,,35.0044323,138.4422462,D,寺院,妙盛寺（みょうじょうじ）は、静岡県静岡市清水区に所在する日蓮正宗の寺院。山号は廣長山（こうちょうさん）。,
信行寺,,栃木県,,36.3683081,139.7049806,D,寺院,信行寺（しんぎょうじ）は、栃木県栃木市にある日蓮正宗の寺院である。山号は法華山（ほっけざん）。,
教願寺,,北海道,札幌市,43.1271528,141.3854154,D,寺院,教願寺（きょうがんじ）は、北海道札幌市北区篠路町上篠路21番地にある真宗大谷派の寺院。本山は京都の東本願寺(真宗本廟=通称：お東)。,
観音寺,,東京都,,35.7368356,139.779012,D,寺院,,
寶幢院,,東京都,,35.782619,139.7185767,D,寺院,宝幢院（ほうどういん）は、東京都北区赤羽三丁目にある真言宗智山派の寺院。,
東禅寺,,東京都,,35.7429774,139.5497447,D,寺院,東禅寺（とうぜんじ）は、東京都西東京市住吉町にある曹洞宗の寺。山号は祥髙山と号し、本尊には釈迦如来を祀る。,
常護寺,,東京都,,35.7471894,139.7978012,D,寺院,常護寺（じょうごじ）は、東京都足立区にある真宗大谷派系（浄土真宗東本願寺派）の単立寺院。,
心海寺,,東京都,,35.6144189,139.7426421,D,寺院,心海寺（しんかいじ）は、東京都品川区にある真宗大谷派の寺院。,
浄真寺,,茨城県,,36.0874583,140.1988762,D,寺院,浄真寺（じょうしんじ）は、茨城県土浦市にある浄土宗の寺院。,
平群神社,,奈良県,,34.622463,135.7040758,D,神社,平群神社（へぐりじんじゃ）は、奈良県生駒郡平群町西宮にある神社。式内社（大社）で、旧社格は村社。,
阿弥陀寺,,宮城県,仙台市,38.2553307,140.8872694,D,寺院,,
妙音寺,,神奈川県,,35.4418812,139.6164715,D,寺院,妙音寺（みょうおんじ）は、神奈川県横浜市南区三春台にある日蓮宗の寺院。山号は経力山。,
宗印寺,,東京都,,35.6449971,139.3825993,D,寺院,宗印寺（そういんじ）は、東京都日野市にある曹洞宗の寺院。,
火幡神社,,奈良県,,34.5800735,135.698733,D,神社,火幡神社（ほばたじんじゃ）は、奈良県北葛城郡王寺町にある神社。式内社（名神大社）で旧社格は村社。,
塩澤寺,,山梨県,,35.6846881,138.5474842,D,寺院,塩澤寺（えんたくじ）は山梨県甲府市にある真言宗智山派の寺院。山号は福田山。,
糟目犬頭神社,,愛知県,,34.9271121,137.1477038,D,神社,,
飯高神社,,千葉県,,35.7387203,140.5303059,D,神社,,
地蔵寺,,香川県,,34.3237879,134.1715508,D,寺院,地蔵寺（じぞうじ）は香川県さぬき市志度に所在する真言宗善通寺派の寺院。山号は如意山、院号は文殊院と号す。,
和爾下神社,,奈良県,,34.6195585,135.8077164,D,神社,和爾下神社（わにしたじんじゃ）は、奈良県大和郡山市横田町にある神社。式内小社、旧社格は村社、神饌幣帛料供進社。,
蟻通神社,,和歌山県,,34.2770908,135.4806185,D,神社,,
総持寺,,滋賀県,,35.3848216,136.2901212,D,寺院,,
松庵稲荷神社,,東京都,,35.6994917,139.5958193,D,神社,,
宗延寺,,東京都,,35.6940103,139.6538479,D,寺院,宗延寺（そうえんじ）は、東京都杉並区堀ノ内三丁目にある日蓮宗の寺院。山号は報新山。,
長遠寺,,神奈川県,,35.4903839,139.6086358,D,寺院,,
観現寺,,広島県,,34.4117913,132.7458019,D,神社,,
八枝神社,,埼玉県,,35.9438735,139.5478191,D,神社,八枝神社（やえだじんじゃ）は、埼玉県上尾市平方に存在する神社。隣接する橘神社の管理を兼務する。,
小金井神社,,東京都,,35.6946246,139.5091347,D,神社,小金井神社（こがねいじんじゃ）は、東京都小金井市中町にある神社である。,
薬師寺,,東京都,,35.7997253,139.7832967,D,寺院,,
野間神社,,鹿児島県,,31.3994002,130.159278,D,神社,,
正覚寺,,埼玉県,,35.7943706,139.732749,D,寺院,正覚寺（しょうがくじ）は、埼玉県川口市にある曹洞宗の寺院。,
広済寺,,千葉県,横芝光町,35.6747123,140.4907453,D,寺院,広済寺（こうさいじ）は、千葉県山武郡横芝光町虫生にある真言宗智山派の寺院。山号は慈士山。,
葛城御縣神社,,奈良県,,34.4868549,135.7175412,D,神社,,
出雲大社 福井分院,,福井県,,36.0443841,136.190663,D,神社,出雲大社福井分院（いずもおおやしろ／たいしゃ　ふくいぶんいん）は、福井県福井市市渕にある神社。,
観音寺,,宮城県,東松島市,38.3356353,141.1564648,D,寺院,,
西根神社,,福島県,,37.8310368,140.4604316,D,神社,,
本立寺,,東京都,,35.6294911,139.7297355,D,寺院,本立寺（ほんりゅうじ）は、東京都品川区にある日蓮宗の寺院。,
来応寺,,愛媛県,,33.2047114,132.547288,D,寺院,来応寺（らいおうじ）は、愛媛県宇和島市宮下にある臨済宗妙心寺派の寺院。山号を真正山と称する。,
本念寺,,東京都,,35.7209524,139.7488265,D,寺院,本念寺（ほんねんじ）は、東京都文京区にある日蓮宗の寺院。,
清水寺,,徳島県,,34.0757899,134.5349152,D,寺院,清水寺（せいすいじ）は、徳島県徳島市に位置する高野山真言宗の寺院である。山号は諏訪山。,
泉竜寺,,栃木県,,36.2629207,139.7567851,D,寺院,泉龍寺 （せんりゅうじ）は、栃木県小山市にある真言宗豊山派の寺院。御瀧山明王院泉龍寺不動坊と号す。,
瑞巌寺,,三重県,,34.5727523,136.4602334,D,寺院,瑞巌寺（ずいがんじ）は三重県松阪市岩内町（ようちちょう）にある浄土宗鎮西義の仏教寺院。地名を冠して岩内瑞巌寺とも称する。,
紅谷庵,,大阪府,,34.5743315,135.4879295,D,寺院,,
本照寺,,静岡県,,35.1825555,138.662643,D,寺院,,
長伝寺,,埼玉県,,35.8897857,139.6193748,D,寺院,,
諏訪神社,,東京都,,35.7839196,139.7085535,D,神社,,
信楽寺,,島根県,,35.4606264,133.0579912,D,寺院,信楽寺（しんぎょうじ）は島根県松江市竪町にある浄土宗の仏教寺院で、山号は獨留山、正式名称は、獨留山至心院信楽寺（どくるざん ししんいん しんぎょうじ）と称する。,
大麻山神社,,島根県,,34.8200914,132.0105863,D,神社,大麻山神社（おおあさやまじんじゃ、たいまさんじんじゃ）は島根県浜田市三隅町の神社。式内社で旧社格は郷社。,
平井神社,,京都府,,34.8650538,135.7743891,D,神社,平井神社（ひらいじんじゃ）は、京都府城陽市大字平川字東垣外にある神社である。旧社格は村社。,
勝林寺,,東京都,,35.6639113,139.6518863,D,寺院,勝林寺（しょうりんじ）は、東京都世田谷区にある浄土真宗本願寺派の寺院。,
成就寺,,東京都,,35.703675,139.8504963,D,寺院,成就寺（じょうじゅじ）は、東京都江戸川区にある天台宗の寺院。,
中目黒八幡神社,,東京都,,35.6395014,139.7003169,D,神社,中目黒八幡神社（なかめぐろはちまんじんじゃ）は、東京都目黒区中目黒にある神社。,
戒長寺 (Kaichō-ji),,奈良県,宇陀市,34.5637672,135.9833556,D,寺院,戒長寺（かいちょうじ）は、奈良県宇陀市榛原戒場にある真言宗御室派の寺院である。山号は戒場山（かいばさん）。,
並滝寺,,広島県,,34.4837888,132.7032668,D,寺院,並滝寺（なみたきじ）は、広島県東広島市志和町志和東にある真言宗御室派の寺院。「並瀧寺」とも書く。,
神明社,,千葉県,,35.8245749,140.002049,D,神社,,
大善寺,,神奈川県,,35.245044,139.6556124,D,寺院,大善寺（だいぜんじ）は、神奈川県横須賀市衣笠町にある曹洞宗の寺院。,
鳳生寺,,東京都,,35.7703696,139.7175406,D,寺院,,
鏡作麻気神社,,奈良県,,34.5622171,135.7970075,D,神社,,
聖輪寺,,東京都,,35.6772716,139.7116159,D,寺院,,
常陸神社,,奈良県,,34.6954846,135.8187529,D,神社,常陸神社（ひだちじんしゃ）は、奈良県奈良市法蓮町にある神社。『子授けの常陸の宮様』として信仰を集める。,
定泉寺,,東京都,,35.7257395,139.7530242,D,寺院,定泉寺（じょうせんじ）は、東京都文京区にある浄土宗の寺院。,
天龍寺,,群馬県,,36.2430003,139.0823771,D,寺院,天龍寺（てんりゅうじ）は、群馬県藤岡市藤岡にある日蓮宗の寺院。山号は福聚山。,
勝善寺,,長野県,,36.6523348,138.3115873,D,寺院,勝善寺（しょうぜんじ）は長野県須坂市にある真宗大谷派の寺院。寺号は柳島山。,
宝祥寺,,東京都,,35.7030326,139.7208098,D,寺院,宝祥寺（ほうしょうじ）は、東京都新宿区にある曹洞宗の寺院。,
玉川寺,,東京都,,35.619506,139.6258493,D,寺院,,
金剛寺,,東京都,世田谷区,35.6128984,139.6448034,D,寺院,,
智福寺,,東京都,,35.7299107,139.5891711,D,寺院,智福寺（ちふくじ）は、東京都練馬区にある浄土宗の寺院。,
天神社,,大阪府,,34.3828815,135.5219755,D,神社,天神社（てんじんしゃ）は、大阪府河内長野市にある神社。旧滝畑7ヶ村の氏神であった。,
本妙寺,,京都府,,35.0120425,135.7790053,D,寺院,本妙寺（ほんみょうじ）は、京都府京都市左京区仁王門通東大路東入北門前町にある日蓮宗の寺院。山号は祥光山。,
善仁寺,,東京都,,35.7156318,139.7438364,D,寺院,善仁寺（ぜんにんじ）は、東京都文京区にある真宗大谷派の寺院。,
茂侶神社,,千葉県,,35.8188249,139.9427812,D,神社,茂侶神社（もろじんじゃ）は千葉県松戸市の神社。,
守綱寺,,愛知県,,35.1648266,136.9034295,D,寺院,守綱寺（しゅこうじ）は、愛知県名古屋市中区栄3丁目にある真宗大谷派の寺院。山号は渡辺山。,
正法寺,,愛知県,,34.8563222,137.3060506,D,寺院,正法寺（しょうぼうじ）は、愛知県豊川市赤坂町西裏にある真宗大谷派の寺院である。山号は太子山。,
安養寺,,千葉県,,35.7379022,140.064831,D,寺院,安養寺（あんようじ）は、千葉県船橋市坪井町にある日蓮宗の寺院である。山号は位光山。,
極楽寺,,京都府,,35.0330185,135.5702135,D,寺院,極楽寺（ごくらくじ）は、京都府亀岡市河原林町にある臨済宗東福寺派の寺である。,
相内神社,,北海道,,43.8007535,143.765178,D,神社,相内神社（あいのないじんじゃ）は、北海道北見市に鎮座する神社本庁包括下（北海道神社庁網走支部管内）の神社。旧社格は無格社。,
宗形神社,,岡山県,岡山市,34.6962009,133.859373,D,神社,宗形神社（むなかたじんじゃ）は、岡山県岡山市北区大窪にある神社。式内社で、旧社格は郷社。,
来振神社,,岐阜県,,35.4979755,136.6550093,D,神社,"来振神社（きぶりじんじゃ）は、岐阜県揖斐郡大野町にある神社である。
式内社（美濃國大野郡來振神社　正二位式内来振大神）であり、旧社格は郷社。",
大原稲荷神社,,東京都,,35.670766,139.6578693,D,神社,大原稲荷神社（おおはらいなりじんじゃ）は、東京都世田谷区の神社。,
藤之寺,,兵庫県,,34.6722162,135.1738411,D,寺院,,
播州西脇成田山,,兵庫県,,34.9935308,134.9603738,D,寺院,,
田嶋神社,,佐賀県,,33.3651059,129.8751145,D,神社,,
浄空院,,埼玉県,,36.0292654,139.3493618,D,寺院,淨空院（じょうくういん）は、埼玉県東松山市にある曹洞宗の寺院。,
西教寺,,東京都,,35.7172124,139.7590029,D,寺院,,
光明寺,,三重県,,34.488839,136.7170558,D,寺院,光明寺（こうみょうじ）は三重県伊勢市岩渕3丁目に位置する臨済宗東福寺派の仏教寺院である。山号は金鼓山（きんこざん）。,
感応院,,神奈川県,,35.3459205,139.4890659,D,寺院,感応院（かんのういん）は、神奈川県藤沢市にある高野山真言宗の寺院。山号は三島山。,
北野神社,,東京都,,35.7373816,139.8957062,D,神社,北野神社（きたのじんじゃ）は東京都江戸川区の神社。旧地名を冠して伊予田北野神社（いよだきたのじんじゃ）とも称される。,
熊野神社,,東京都,,35.5845461,139.7214495,D,神社,,
大東宮,,沖縄県,北大東村,25.9442258,131.3025931,D,神社,大東宮（だいとうぐう）は北大東島（沖縄県島尻郡北大東村）にある神社である。境内の森は夜間、天然記念物のダイトウオオコウモリが飛び回るため生態観察に適している。,
采女神社,,福島県,,37.4214823,140.2952034,D,神社,,
樹林寺,,千葉県,,35.823245,140.625901,D,寺院,樹林寺（じゅりんじ）は、千葉県香取市五郷内にある寺。山号を白華山といい、千手千眼観音を本尊とする臨済宗の寺である。,
西方寺,,長野県,,35.8488019,137.6951983,D,寺院,,
上山鼻神社,,北海道,,43.0161918,141.3452841,D,神社,上山鼻神社（かみやまはなじんじゃ）は、北海道札幌市南区にある神社である。「上山鼻」とは近隣の藻岩下地区の古名である。,
大通寺,,大阪府,,34.6180483,135.6348064,D,寺院,大通寺（だいつうじ）は、大阪府八尾市にある融通念仏宗の仏教寺院。山号は徳宝山。,
賀茂神社,,千葉県,南房総市,35.0153553,139.9450073,D,神社,,
八劔神社,,東京都,,35.7354328,139.8684014,D,神社,八剣神社（やつるぎじんじゃ）は、東京都葛飾区奥戸に鎮座する神社。,
鈴の森神社,,兵庫県,,34.9578662,134.7640722,D,神社,,
長命寺,,大阪府,,34.4878197,135.4374177,D,寺院,,
胡禄神社,,東京都,,35.7384185,139.8071667,D,神社,,
長龍寺,,神奈川県,綾瀬市,35.4382036,139.4311595,D,寺院,,
浪速寺,,大阪府,,34.6550031,135.5035593,D,寺院,浪速寺（なにわじ）は、大阪市浪速区にある東寺真言宗の寺院。,
地蔵倉,,山形県,,38.603557,140.1745848,D,寺院,地蔵倉（じぞうくら）は、山形県最上郡大蔵村肘折温泉近郊にある仏教遺跡・説話伝承地。凝灰岩の断崖の岩陰に地蔵菩薩の石像が安置されている。,
成正寺,,神奈川県,横浜市,35.4143495,139.5457712,D,寺院,成正寺（じょうしょうじ）は、横浜市戸塚区柏尾町にある浄土真宗本願寺派（西本願寺末）の寺院。山号は東谷山。,
金光院,,千葉県,,35.619363,140.2086477,D,寺院,,
宅春日神社,,奈良県,,34.6716737,135.8470788,D,神社,宅春日神社（やけかすがじんじゃ）は、奈良県奈良市白毫寺町にある神社。高円山西北の麓、能登川の南に鎮座する。,
高松神社,,静岡県,,34.6537782,138.0929812,D,神社,,
長学寺,,群馬県,,36.2877936,138.9008134,D,寺院,,
見性寺,,兵庫県,,35.464922,134.8696744,D,寺院,,
木庭神社,,兵庫県,,34.772037,134.7258964,D,神社,木庭神社（きにわじんじゃ）は、兵庫県姫路市木場の海岸近くにある神社。,
一山神社,,埼玉県,,35.8867781,139.6203471,D,神社,一山神社（いっさんじんじゃ）は、埼玉県さいたま市中央区の神社。,
大中神社,,茨城県,,36.7323136,140.4884475,D,神社,大中神社（おおなかじんじゃ）は、茨城県常陸太田市大中町にある神社である。,
棚倉孫神社,,京都府,,34.8214408,135.7634911,D,神社,棚倉孫神社（たなくらひこじんじゃ）は、京都府京田辺市にある神社である。式内大社で、旧社格は郷社。,
六所神社,,東京都,,35.6625222,139.5921262,D,神社,六所神社（ろくしょじんじゃ）は、東京都世田谷区の神社。地名を冠して給田六所神社（きゅうでんろくしょじんじゃ）とも称される。,
興禅寺,,兵庫県,,34.7318293,135.3982343,D,寺院,,
蓮慶寺,,神奈川県,,35.4267088,139.4571645,D,寺院,,
市来知神社,,北海道,,43.2470388,141.868632,D,神社,市来知神社（いちきしりじんじゃ）は、北海道三笠市宮本町488に所在する神社。旧社格は郷社。,
正光院,,東京都,,35.6574234,139.7277011,D,寺院,正光院（しょうこういん）は、東京都港区にある高野山真言宗の寺院。,
船堀日枝神社,,東京都,,35.6796173,139.8694217,D,神社,日枝神社（ひえじんじゃ）は東京都江戸川区船堀にある神社。地名を冠して船堀日枝神社（ふなぼりひえじんじゃ）とも称される。,
塩屋八幡宮,,熊本県,,32.5048027,130.5934886,D,神社,塩屋八幡宮（しおやはちまんぐう）は、熊本県八代市八幡町にある神社である。旧社格は村社。,
東灌森稲荷神社,,東京都,,35.7397766,139.7632495,D,神社,東灌森稲荷神社（とうかんもりいなりじんじゃ）は、東京都北区の神社。,
養福寺,,東京都,,35.7294957,139.7682802,D,寺院,,
福田寺,,兵庫県,,34.7590067,134.8177172,D,寺院,福田寺（ふくでんじ）は、兵庫県加古川市にある曹洞宗の寺院。山号は大津山。,
浪切不動院,,千葉県,,35.6048565,140.4084821,D,寺院,不動院（ふどういん）は、千葉県山武市成東にある真言宗智山派の寺院。山号は成東山。,
圓能寺,,東京都,大田区,35.5918492,139.7278945,D,寺院,圓能寺（えんのうじ）は、東京都大田区にある真言宗智山派の寺院。,
大正寺,,東京都,,35.7137796,139.7665038,D,寺院,大正寺（たいしょうじ）は、東京都台東区池之端にある日蓮宗の寺院。山号は盛林山。,
瑞泰寺,,東京都,,35.7238242,139.7545892,D,寺院,,
洞雲寺,,東京都,,35.733761,139.7023732,D,寺院,洞雲寺（とううんじ）は、東京都豊島区にある黄檗宗の寺院。,
宝蔵院,,東京都,,35.7233276,139.8032379,D,寺院,宝蔵院（ほうぞういん）は、東京都台東区にある真言宗豊山派の寺院。,
西宮神社,,長野県,,36.6573294,138.1898783,D,神社,,
月見岡八幡神社,,東京都,新宿区,35.712595,139.6911216,D,神社,月見岡八幡神社（つきみがおかはちまんじんじゃ）は東京都新宿区の神社。,
眞正寺,,東京都,,35.7336321,139.792561,D,寺院,真正寺（しんしょうじ）は、東京都荒川区にある曹洞宗の寺院。,
二川伏見稲荷,,愛知県,,34.7277001,137.4440811,D,神社,"二川伏見稲荷（ふたがわふしみいなり）は、愛知県豊橋市にある神社。
春には、境内の御衣黄桜（ぎょいこうざくら）が、淡緑色から淡紅色へと変化していく花をつけるので知られている。",
花隈厳島神社,,兵庫県,,34.6887002,135.1821102,D,神社,厳島神社（いつくしまじんじゃ）は兵庫県神戸市中央区花隈町に鎮座する神社。,
春日神社,,大阪府,,34.8385154,135.5246848,D,神社,春日神社（かすがじんじゃ）は大阪府茨木市にある神社。延喜式神名帳に記されている摂津国島下郡の式内社の論社である。,
天祖神社,,東京都,,35.6650628,139.7289663,D,神社,天祖神社（てんそじんじゃ）は、東京都港区の神社。,
北真経寺,,京都府,,34.9435872,135.7062614,D,寺院,北真経寺（きたしんきょうじ）は、京都府向日市鶏冠井町（かいでちょう）にある、日蓮宗の寺院。山号は鶏冠山。,
経王寺,,東京都,,35.6992418,139.7253869,D,寺院,経王寺（きょうおうじ）は、東京都新宿区原町にある日蓮宗の寺院。山号は大乗山。,
蓮昌寺,,埼玉県,,35.8715748,139.6633607,D,寺院,,
大久佐八幡宮,,愛知県,愛知県小牧市大字大草,35.2935282,136.9970147,D,神社,大久佐八幡宮（おおくさはちまんぐう）は、愛知県小牧市大字大草にある神社（八幡宮）。『尾張国内神名帳』の春日井郡「草田天神」を当社に比定する説がある。,
雨櫻神社,,静岡県,,34.8172176,137.9816219,D,神社,,
圓通寺,,栃木県,,36.4852743,140.1009696,D,寺院,円通寺（えんつうじ）は、栃木県芳賀郡益子町にある浄土宗の寺院である。山号は大沢山。,
鶏足寺,,栃木県,,36.3910654,139.3765171,D,寺院,,
稲木神社,,愛知県,,35.3233586,136.8801815,D,神社,"稲木神社（いなぎじんじゃ）は、愛知県江南市にある神社。
式内社の尾張国丹羽郡稲木神社である。",
法音寺,,大分県,,33.118591,131.797503,D,寺院,,
若江神社,,岐阜県,,35.4470041,136.7044969,D,神社,,
祐国寺,,岐阜県,,35.5003982,136.664015,D,寺院,祐国寺（ゆうこくじ）は岐阜県本巣市にある浄土真宗本願寺派の寺院で、本尊は阿弥陀如来。山号は清巣山で、山口領主古田氏の菩提寺である。,
正養寺,,東京都,,35.70059,139.8447731,D,寺院,正養寺（しょうようじ）は、東京都江戸川区にある真言宗豊山派の寺院。,
須久久神社,,大阪府,,34.841651,135.5336799,D,神社,,
古殿八幡神社,,福島県,,37.0978062,140.5654409,D,神社,古殿八幡神社（ふるどのはちまんじんじゃ）は、福島県石川郡古殿町山上古殿38にある神社。社格は旧郷社。,
萬徳寺,,東京都,,35.7256028,139.7863292,D,寺院,,
万法寺,,奈良県,,34.4807989,135.9319171,D,寺院,万法寺 （まんぽうじ）は、奈良県宇陀市大宇陀小出口2284にある真宗本願寺派の寺院。山号は竹林山。,
妙安寺,,東京都,,35.5605297,139.7229086,D,寺院,妙安寺（みょうあんじ）は、東京都大田区蒲田にある日蓮宗の寺院。山号は行方山。,
古川薬師 安養寺,,東京都,,35.5496346,139.7050886,D,寺院,安養寺（あんようじ）は、東京都大田区にある真言宗智山派の寺院。,
龍象寺,,奈良県,,34.6428758,135.827459,D,寺院,,
桂昌寺,,群馬県,,36.3386175,138.8975113,D,寺院,桂昌寺（けいしょうじ）は、群馬県安中市下秋間にある曹洞宗の寺院。本尊は釈迦如来。,
大義寺,,東京都,,35.6621703,139.3376323,D,寺院,大義寺（だいぎじ）は、東京都八王子市にある真言宗智山派の寺院。,
厳王寺,,愛知県,,34.6148832,137.2091837,D,寺院,厳王寺（ごんのうじ）は愛知県田原市赤羽根町にある曹洞宗の寺院。明応九年(1500年)に戸田政光が開基。,
華徳院,,東京都,,35.6958471,139.6471175,D,寺院,華徳院（けとくいん）は、東京都杉並区にある天台宗の寺院。,
丘珠神社,,北海道,札幌市,43.1073629,141.390007,D,神社,丘珠神社（おかだまじんじゃ）は、北海道札幌市東区丘珠町183番地4にある神社である。旧社格は村社。,
梵音寺,,東京都,,35.6680536,139.8782571,D,寺院,梵音寺（ぼんのんじ）は、東京都江戸川区にある曹洞宗の寺院。,
大将軍神社,,奈良県,,34.681135,135.7953215,D,神社,大将軍神社（だいしょうぐんじんじゃ）は、奈良県奈良市四条大路３丁目にある神社。もと斎音寺村から移された。,
天城神社,,静岡県,,34.890413,138.9312778,D,神社,天城神社（あまぎじんじゃ）は、静岡県伊豆市湯ヶ島にある神社。,
毛長神社,,埼玉県,,35.8093061,139.7802496,D,神社,毛長神社（けながじんしゃ）は、埼玉県草加市の神社。,
林松寺,,東京都,,35.8006415,139.8095869,D,寺院,林松寺（りんしょうじ）は、東京都足立区にある浄土宗の寺院。,
専修寺,,東京都,,35.6215583,139.7125279,D,寺院,専修寺（せんしゅうじ）は、東京都品川区にある浄土宗の寺院。,
宗柏寺,,東京都,,35.704441,139.7291251,D,寺院,宗柏寺（そうはくじ）は、東京都新宿区榎町にある日蓮宗の寺院。山号は一樹山。,
忍法寺,,大阪府,,34.7611931,135.4691119,D,寺院,忍法寺（にんぽうじ）は、大阪府豊中市にある浄土真宗本願寺派の寺院。,
串間神社,,宮崎県,,31.4859617,131.2450029,D,神社,串間神社（くしまじんじゃ）は、宮崎県串間市に鎮座する神社。彦火火出見尊を主祭神とし、ほか12柱を配祀する。,
北野神社,,東京都,,35.7519967,139.5836878,D,神社,北野神社（きたのじんじゃ）は東京都練馬区東大泉にある神社。大泉天神（おおいずみてんじん）とも称される。,
真宗寺,,岐阜県,,36.2339436,137.1848645,D,寺院,,
海蔵寺,,京都府,,35.6995654,135.0550966,D,寺院,海蔵寺（かいぞうじ）は、京都府京丹後市網野町掛津102にある曹洞宗の寺院。山号は掛津山（かしんざん）。,
原木山妙行寺,,千葉県,,35.7020643,139.9475041,D,寺院,妙行寺（みょうぎょうじ）は、千葉県市川市にある日蓮宗系単立法人の寺院。山号は原木山。,
徳性寺,,埼玉県,,36.1813547,139.6198583,D,寺院,徳性寺（とくしょうじ）は、埼玉県加須市にある真言宗豊山派の寺院。,
最勝院,,埼玉県,,35.9843436,139.7499939,D,寺院,最勝院（さいしょういん）は、埼玉県春日部市にある真言宗智山派の寺院。,
勝福寺,,兵庫県,,34.8372064,135.4143222,D,寺院,勝福寺（しょうふくじ）は、兵庫県川西市にある浄土真宗本願寺派の寺院。山号は宝塚山。,
波比賣神社,,奈良県,,34.3417069,135.773313,D,神社,波比売神社（はひめじんじゃ）は、奈良県吉野郡下市町栃原にある神社である。式内社で、栃原岳の山頂付近に鎮座している。,
真栄寺,,千葉県,,35.8651695,140.0962132,D,寺院,真栄寺（しんえいじ）は、千葉県我孫子市にある浄土真宗本願寺派の寺院。,
北野神社,,東京都,,35.7151504,139.6664537,D,神社,北野神社（きたのじんじゃ）は東京都中野区の神社。新井天神（あらいてんじん）としても知られる。,
神明神社,,千葉県,,35.7196808,140.0121087,D,神社,神明社（しんめいしゃ）は千葉県船橋市高根町にある神社である。「高根神明社」とも呼ぶ。,
浄照寺,,愛知県,豊田市,35.0314814,137.0997587,D,寺院,淨照寺（浄照寺、じょうしょうじ）は、愛知県豊田市若林西町向屋敷62にある真宗大谷派の寺院。山号は向島山。,
龍眠寺,,静岡県,掛川市,34.6848712,137.9860349,D,寺院,,
慶端寺,,大阪府,,34.8271039,135.587297,D,寺院,慶瑞寺（けいずいじ）は大阪府高槻市にある黄檗宗の仏教寺院。山号は祥雲山。,
陽願寺,,福井県,,35.8997094,136.1644036,D,寺院,,
玄妙寺,,静岡県,,34.7273224,137.8557813,D,寺院,,
男女神社,,佐賀県,,33.3176571,130.2314844,D,神社,男女神社（なんにょじんじゃ）は、佐賀県佐賀市にある神社。旧社格は川上村社。,
龍華山 緑浄寺,,鳥取県,鳥取市,35.3787498,134.2099275,D,寺院,,
正安寺,,東京都,,35.8027082,139.7895244,D,寺院,正安寺（しょうあんじ）は、東京都足立区にある浄土宗の寺院。,
圓福寺,,埼玉県,さいたま市,35.8770898,139.6198907,D,寺院,円福寺（えんぷくじ）は、埼玉県さいたま市中央区にある真言宗智山派の寺院。,
大山田神社,,長野県,下條村,35.377775,137.7832245,D,神社,大山田神社（おおやまだじんじゃ）は、長野県下伊那郡下條村に所在する神社で式内社であり、旧社格は郷社である。,
三條八幡神社,,兵庫県,,34.7344386,135.2965759,D,神社,三条八幡神社（さんじょうはちまんじんじゃ）は、兵庫県芦屋市三条町にある神社で、八幡皇大神（やわたのすめおおかみ）・大山積大神（おおやまづみのおおかみ）・厳島比売大神（いつくし...,
八浄寺,,兵庫県,,34.4676147,134.9391473,D,寺院,八浄寺（はちじょうじ）は、兵庫県淡路市にある高野山真言宗の寺院。山号は蓮台山。,
今宮郊戸八幡宮,,長野県,,35.5261453,137.8171143,D,神社,,
讚甘神社,,岡山県,,35.0954432,134.3278279,D,神社,,
廣岳院,,東京都,,35.638221,139.7332657,D,寺院,広岳院（こうがくいん）とは東京都港区高輪1-24-6に存在する曹洞宗の寺院。山号は医王山。,
善照寺,,千葉県,,35.7834927,139.8965638,D,寺院,善照寺（ぜんしょうじ）は、千葉県松戸市にある真言宗豊山派の寺院。,
寶徳寺,,東京都,,35.6431021,139.737168,D,寺院,宝徳寺（ほうとくじ）は、東京都港区三田四丁目に存在する浄土真宗本願寺派の寺院である。,
崇覚寺,,愛知県,,35.1525889,136.9005837,D,寺院,崇覚寺（そうがくじ）は、愛知県名古屋市中区橘2丁目6番37号にある真宗大谷派の寺院。山号は長嶋山。,
来迎院,,東京都,,35.5958278,139.7307708,D,寺院,来迎院（らいごういん）は、東京都品川区にある天台宗の寺院。,
円満寺,,奈良県,,34.6420432,135.8296877,D,寺院,圓満寺（えんまんじ）は、奈良県奈良市山町にある寺院である。本尊は青面金剛。,
円通寺,,広島県,,34.8523569,132.9546497,D,寺院,円通寺（えんつうじ）は、広島県庄原市本郷町にある臨済宗妙心寺派の寺院。山号は慈高山。,
相賀八幡神社,,和歌山県,,34.335413,135.6099396,D,神社,相賀八幡神社（おうがはちまんじんじゃ）は、和歌山県橋本市胡麻生にある神社。旧社格は郷社。,
野津田薬師堂,,東京都,,35.5782627,139.4465581,D,寺院,福王寺薬師堂（ふくおうじやくしどう）は、東京都町田市野津田町字暖沢にある寺院。通称は野津田薬師堂（のつだやくしどう）で、薬師池公園内の北西にある。,
磐手杜神社,,大阪府,,34.8628154,135.6335074,D,神社,,
大通寺,,長野県,,35.8487505,137.6975955,D,寺院,大通寺（だいつうじ）は 長野県木曽郡木曽町福島にある臨済宗妙心寺派の寺院。山号は智勝山。,
本伝寺,,大阪府,,34.5706521,135.469175,D,寺院,本傳寺（ほんでんじ）は、大阪府堺市堺区に所在する日蓮正宗の寺院。山号は寿量山（じゅりょうざん）。,
観蔵寺,,東京都,,35.7508222,139.8649431,D,寺院,,
大雲寺,,東京都,,35.6940423,139.8921292,D,寺院,大雲寺（だいうんじ）は、東京都江戸川区瑞江にある浄土宗の寺院。,
昌福寺,,愛知県,,34.9813376,137.0251751,D,寺院,昌福寺（しょうふくじ）は、愛知県刈谷市野田町西屋敷2-1にある浄土宗鎮西派の寺院。山号は寿永山。,
聖道寺,,兵庫県,,34.6460688,134.9871126,D,寺院,,
春日神社(鹿児島市春日町),,鹿児島県,,31.606163,130.5661346,D,神社,春日神社（かすがじんじゃ）は鹿児島県鹿児島市春日町にあるJR鹿児島駅の北東約450mの市街地に鎮座する神社。鹿児島五社の第四の神社である。,
菊泉院,,愛知県,,35.2088177,136.7961098,D,寺院,,
姪浜住吉神社,,福岡県,,33.588654,130.3238661,D,神社,"姪浜住吉神社（めいのはますみよしじんじゃ）は、福岡県福岡市西区姪浜3丁目にある神社。
祭神は住吉三神、神功皇后、志賀三神、武内宿禰。",
慈星院,,埼玉県,,35.8377971,139.6931706,D,寺院,慈星院（じしょういん）は、埼玉県川口市にある天台宗の寺院。寺号は清月寺。,
寿昌寺,,東京都,,35.6289132,139.7297588,D,寺院,寿昌寺（じゅしょうじ）は、東京都品川区にある臨済宗妙心寺派系の単立寺院。,
真福寺,,宮城県,,38.2466527,140.8811374,D,寺院,真福寺（しんぷくじ）は、宮城県仙台市若林区土樋にある時宗の仏教寺院である。広沢山無量院と号す。,
妙善寺,,神奈川県,,35.3489305,139.4814404,D,寺院,妙善寺（みょうぜんじ）は、神奈川県藤沢市藤沢一丁目にある日蓮宗の寺院。山号は、長藤山。,
井上神社,,奈良県,,34.6737885,135.8311594,D,神社,井上神社（いがみじんじゃ）は、奈良県奈良市井上町にある神社。井上町会所の西隣に鎮座する。,
結縁寺,,静岡県,掛川市,34.7589244,138.0183176,D,寺院,,
本願寺八幡別院,,滋賀県,,35.1352558,136.0863326,D,寺院,本願寺八幡別院（ほんがんじはちまんべついん）は滋賀県近江八幡市にある浄土真宗本願寺派（西本願寺）の別院である。,
祥雲寺,,栃木県,,36.5705117,139.8831844,D,寺院,,
鳴海杻神社,,愛知県,,35.34753,136.9425782,D,神社,,
成就院,,埼玉県,,36.1333144,139.4899808,D,寺院,成就院（じょうじゅいん）は、埼玉県行田市長野の寺院。,
華光寺,,京都府,,35.0218644,135.7405786,D,寺院,,
祐正寺,,京都府,,35.02048,135.7398629,D,寺院,祐正寺（ゆうしょうじ）は、京都市上京区にある浄土宗の寺院。山号は大応山。,
岩内神社,,北海道,,42.9747194,140.5145226,D,神社,岩内神社（いわないじんじゃ）は、北海道岩内郡岩内町にある神社。神紋は「巴紋」。,
先照寺,,静岡県,,35.2374484,138.5877608,D,寺院,先照寺（せんしょうじ）は、静岡県富士宮市にある曹洞宗の寺院。,
経王寺,,兵庫県,豊岡市,35.4601727,134.8790163,D,寺院,,
大館八幡神社,,秋田県,,40.2741118,140.5718691,D,神社,大館八幡神社（おおだてはちまんじんじゃ）は、秋田県大館市にある八幡神社。本殿は正八幡宮と若宮八幡宮の2社あり、どちらも国の重要文化財に指定されている。,
住吉神社,,大阪府,,34.4538892,135.5530323,D,神社,住吉神社（すみよしじんじゃ）は、大阪府河内長野市小山田町にある神社。,
住吉神社,,大阪府,,34.6828535,135.4570938,D,神社,四貫島住吉神社（しかんじますみよしじんじゃ）は大阪府大阪市此花区梅香に鎮座する神社。,
亀鶴山 易行院 誓閑寺,,東京都,,35.7048959,139.7193553,D,寺院,,
正蔵院,,東京都,,35.6889428,139.6724665,D,寺院,,
下中八幡宮,,愛知県,,35.1645869,136.8586719,D,神社,下中八幡宮（しもなかはちまんぐう）は、愛知県名古屋市中村区押木田町にある神社。,
西福寺,,愛知県,,35.0158942,137.0254927,D,寺院,,
専光寺,,愛知県,,34.9835184,136.988349,D,寺院,専光寺（せんこうじ）は、愛知県刈谷市元町1丁目40にある真宗大谷派の寺である。山号は鶯谷山。,
栄松院,,東京都,,35.7239837,139.7549493,D,寺院,栄松院（えいしょういん）は、東京都文京区にある浄土宗の寺院。,
観明寺,,東京都,,35.7506812,139.7136343,D,寺院,,
永寿院,,東京都,,35.5772905,139.7075891,D,寺院,,
密蔵院,,兵庫県,,34.6456899,134.9761684,D,寺院,"密蔵院（みつぞういん）は、兵庫県明石市船上町（ふなげちょう）にある真言宗の寺院。嵯峨大覚寺末寺(金井 1919, 密蔵院)。",
祇園神社,,岡山県,,34.43714,133.7948959,D,神社,,
住吉神社,,兵庫県,,34.8357623,134.9357618,D,神社,住吉神社（すみよしじんじゃ）は、兵庫県小野市にある神社。祭神は住吉三神（表筒之男命、中筒之男命、底筒之男命）である。,
不動院,,東京都,,35.708729,139.7891463,D,寺院,不動院（ふどういん）は、東京都台東区にある真言宗智山派の寺院。,
海壽山 萬福寺 密蔵院,,埼玉県,川口市,35.8401048,139.7668947,D,寺院,密蔵院（みつぞういん）は、埼玉県川口市にある真言宗智山派の寺院。,
南真経寺,,京都府,,34.9432049,135.7015819,D,寺院,南真経寺（みなみしんきょうじ）は、京都府向日市鶏冠井町（かいでちょう）大極殿にある、日蓮宗の寺院。山号は鶏冠山。,
住吉神社,,徳島県,,34.0741236,134.5671636,D,神社,住吉神社（すみよしじんじゃ）は、徳島県徳島市住吉に鎮座する神社。,
宝幢寺,,千葉県,,35.6644865,140.0511952,D,寺院,宝幢寺（ほうどうじ）は、千葉県千葉市花見川区にある真言宗豊山派の寺院。,
伊那下神社,,静岡県,松崎町,34.7490724,138.7777409,D,神社,伊那下神社（いなしもじんじゃ）は、静岡県賀茂郡松崎町の神社。,
本願寺　小樽別院,,北海道,,43.1838586,141.0062828,D,寺院,本願寺小樽別院（ほんがんじおたるべついん）は北海道小樽市にある浄土真宗の寺院である。,
木曽八坂神社,,東京都,,35.5596801,139.4272204,D,神社,木曽八坂神社（きそやさかじんじゃ）は、東京都町田市木曽東に鎮座する神社。,
丹生神社,,群馬県,,36.1922451,139.0583418,D,神社,丹生神社（にうじんじゃ）は、群馬県藤岡市浄法寺にある神社。祭神は高龗神、罔象女神の二神。,
徳蔵寺,,東京都,,35.7707141,139.4681602,D,寺院,徳蔵寺（とくぞうじ）は、東京都東村山市にある臨済宗大徳寺派の寺院。,
朗惺寺,,東京都,,35.6198965,139.7056414,D,寺院,朗惺寺（ろうせいじ）は、東京都品川区にある日蓮宗の寺院。,
神明氷川神社,,東京都,,35.6868457,139.6700467,D,神社,,
常林寺,,京都府,,35.0295083,135.7730241,D,寺院,常林寺（じょうりんじ）は、京都市左京区田中下柳町にある浄土宗の寺院で山号は光明山、院号は摂取院。北隣の長徳寺、南隣の正定院と共に、砂川の三軒寺と呼ばれる。,
西福寺,,茨城県,,36.3158615,140.5755857,D,寺院,,
源光寺,,東京都,,35.70396,139.8011154,D,寺院,源光寺（げんこうじ）は、東京都墨田区にある真宗大谷派系（浄土真宗東本願寺派）の単立寺院。,
西念寺,,東京都,,35.7413616,139.7161765,D,寺院,,
大龍寺,,秋田県,,39.8841059,139.8437238,D,寺院,大龍寺（だいりゅうじ）は、秋田県男鹿市にある曹洞宗の寺院。山号を海蔵山とする。,
明王院,,東京都,,35.7640973,139.7937524,D,寺院,明王院（みょうおういん）は、東京都足立区梅田四丁目にある真言宗豊山派の寺院。,
法泉寺,,東京都,,35.726106,139.813755,D,寺院,法泉寺（ほうせんじ）は、東京都墨田区にある曹洞宗の寺院。,
勝手神社,,奈良県,,34.684572,135.8240235,D,神社,勝手神社（かつてじんじゃ）は、奈良県奈良市油阪町（あぶらさかちょう）にある神社。,
氷川神社,,東京都,,35.7145145,139.714071,D,神社,氷川神社（ひかわじんじゃ）は、東京都豊島区の神社。旧下高田村鎮守。,
野沢稲荷神社,,東京都,,35.6326062,139.6703332,D,神社,,
養源寺,,和歌山県,,34.0289615,135.1744255,D,寺院,,
霊山寺,,静岡県,,35.0938219,138.8707676,D,寺院,,
常徳寺,,京都府,,35.5829537,135.0890641,D,寺院,常徳寺（じょうとくじ）は、京都府京丹後市大宮町口大野858にある日蓮本宗の寺院。山号は薬王山。,
円徳寺,,東京都,,35.734629,139.8189749,D,寺院,円徳寺（えんとくじ）は、東京都墨田区にある曹洞宗の寺院。,
石狩八幡神社,,北海道,,43.2502596,141.3563987,D,神社,,
諏訪神社,,山梨県,山中湖村,35.4278888,138.8487409,D,神社,,
窓月山 浄見寺,,神奈川県,,35.3622957,139.4116796,D,寺院,"浄見寺（淨見寺、じょうけんじ）は、各地にある寺院の寺号である。

浄見寺 (杉並区) - 東京都杉並区にある浄土真宗本願寺派の寺院。",
田島神社,,大阪府,,34.6480483,135.542299,D,神社,,
宗徳寺,,東京都,,35.6819744,139.3383013,D,寺院,宗徳寺（そうとくじ）は、東京都八王子市滝山町にある曹洞宗の寺院。山号は幡龍山。,
水鏡天神社,,奈良県,,34.6754378,135.7868304,D,神社,水鏡天神社 （みずかがみてんじんしゃ）は、奈良県奈良市五条町にある神社。旧社格は村社。,
大應寺,,京都府,,35.0367558,135.7522278,D,寺院,大応寺（だいおうじ）は、京都市上京区にある臨済宗相国寺派の寺院である。以前は日蓮宗であった。,
方県津神社,,岐阜県,,35.4610397,136.7725847,D,神社,"方県津神社（かたがたつじんじゃ）は、岐阜県岐阜市にある神社である。
美濃国方県郡式内社の方県津神社とされている。",
延命寺,,神奈川県,,35.3153072,139.5507102,D,寺院,延命寺（えんめいじ）は、神奈川県鎌倉市にある浄土宗の寺院。,
大巌院,,千葉県,館山市,34.9836556,139.8745443,D,寺院,大巌院（だいがんいん）は、千葉県館山市大網にある浄土宗の寺院。山号は佛法山。,
西福寺,,埼玉県,,35.9185686,139.6816986,D,寺院,,
西方寺,,岐阜県,,35.3517782,136.7242885,D,寺院,,
天祖神社,,東京都,,35.7225524,139.8671071,D,神社,天祖神社（てんそじんじゃ）は、東京都葛飾区の神社。,
海雲寺,,東京都,,35.6963683,139.6376204,D,寺院,,
敬覚寺,,東京都,練馬区,35.7553966,139.6080292,D,寺院,敬覚寺（きょうがくじ）は、東京都練馬区にある浄土真宗本願寺派の寺院。同宗派の真龍寺・宝林寺とともに「三軒寺」を称している。,
小菅神社,,東京都,,35.7546851,139.8212068,D,神社,"小菅神社（こすげじんじゃ）は、東京都葛飾区の神社。
氏子地域は小菅1丁目〜3丁目。",
皇大神社 (Kōtai Shrine),,奈良県,,34.6791317,135.77919,D,神社,,
楢神社,,奈良県,,34.6233039,135.8297702,D,神社,楢神社（ならじんじゃ）は、奈良県天理市楢町にある神社。,
無量寺,,千葉県,,35.6611065,140.0384387,D,寺院,無量寺（むりょうじ）は、千葉県千葉市美浜区幕張西にある浄土真宗本願寺派の寺院。本尊は阿弥陀如来。,
熊野神社,,東京都,,35.676904,139.8850943,D,神社,熊野神社（くまのじんじゃ）は東京都江戸川区の神社。,
福聚院,,宮城県,仙台市,38.2356156,140.8782108,D,寺院,,
香取神社,,東京都,,35.7712425,139.7205842,D,神社,,
安樂寺,,東京都,,35.6244263,139.7164186,D,寺院,安楽寺（あんらくじ）は、東京都品川区にある天台宗の寺院。,
赤羽神社,,兵庫県,,34.6623173,135.005074,D,神社,,
石神山精神社,,宮城県,,38.4465692,140.8388567,D,神社,,
長栄寺,,岐阜県,,35.4544133,137.4032667,D,寺院,,
遍照院,,東京都,,35.7904358,139.8593515,D,寺院,,
常光寺,,栃木県,,36.3117045,139.8044306,D,寺院,常光寺（じょうこうじ）は、栃木県小山市にある浄土宗の寺院。,
樺崎八幡宮,,栃木県,,36.3618228,139.4948884,D,神社,,
東覚寺,,東京都,,35.7031006,139.8264138,D,寺院,東覚寺（とうがくじ）は、東京都江東区にある真言宗智山派の寺院。,
小野八幡神社,,兵庫県,,34.6900626,135.1971274,D,神社,小野八幡神社（おのはちまんじんじゃ）は、兵庫県神戸市中央区に鎮座する。,
諏訪神社,,鳥取県,智頭町,35.2707826,134.2315625,D,神社,,
比奈多乃神社,,静岡県,,34.7229344,138.0322577,D,神社,比奈多乃神社（ひなたのじんじゃ、英語: Hinatano Jinja）は、静岡県掛川市の神社である。古代社格制度における社格は式内小社。,
長屋神社,,岐阜県,,35.4789697,136.66798,D,神社,,
宇喜田稲荷神社,,東京都,,35.6703317,139.8655112,D,神社,宇喜田稲荷神社（うきたいなりじんじゃ）は、東京都江戸川区の神社。,
福成寺,,広島県,,34.3780957,132.7749804,D,寺院,,
温根湯神社,,北海道,,43.7610025,143.5117563,D,神社,温根湯神社（おんねゆじんじゃ）は、北海道北見市留辺蘂町に鎮座する、神社本庁被包括（北海道神社庁網走支部管内）の神社。摂社・末社などは無い。,
大徳院,,岐阜県,,35.4604329,137.0499978,D,寺院,大徳院（だいとくいん）は岐阜県美濃加茂市森山町にある不動明王を本尊とする天台寺門宗の寺院。,
津島神社,,神奈川県,真鶴町,35.1542975,139.1409771,D,神社,津島神社（つしまじんじゃ）は、神奈川県足柄下郡真鶴町にある神社である。通称は「お天王さま」。,
西方寺,,長崎県,,33.1798517,129.7169109,D,寺院,,
安養院,,東京都,,35.7556351,139.8036987,D,寺院,安養院（あんよういん）は、東京都足立区にある真言宗豊山派の寺院。,
円心寺,,埼玉県,,36.241758,139.1903773,D,寺院,円心寺（えんしんじ）は、現在の埼玉県本庄市にある浄土宗の寺院。山号を要行山、寺号を先求院。,
指扇氷川神社,,埼玉県,,35.9157607,139.572076,D,神社,氷川社（ひかわしゃ）は、埼玉県さいたま市西区の神社。指扇氷川神社ともいう。,
福徳寺,,京都府,,35.1934457,135.6407511,D,寺院,,
三界寺,,東京都,,35.6586271,139.6438024,D,寺院,三界寺（さんがいじ）は、東京都世田谷区にある日蓮誠宗の寺院。,
専修寺,,京都府,,35.0652915,135.7730399,D,寺院,専修寺(せんしゅうじ)は、京都府京都市左京区岩倉幡枝町にある、西山禅林寺派の寺院。山号は応神山。,
長全寺,,千葉県,,35.8625837,139.9769084,D,寺院,,
禅林寺,,岐阜県,,35.4326235,136.7738685,D,寺院,,
岩田八幡宮,,愛知県,,34.7559134,137.4260768,D,神社,岩田八幡宮（いわたはちまんぐう）は、愛知県豊橋市に鎮座する神社（八幡宮）である。神紋は右三つ巴。,
法龍寺,,東京都,,35.6792054,139.8684304,D,寺院,法龍寺（ほうりゅうじ）は、東京都江戸川区にある浄土宗の寺院。,
嶺雲寺,,東京都,,35.6005587,139.7406731,D,寺院,嶺雲寺（れいうんじ）は、東京都品川区に曹洞宗の寺院。,
長勝寺,,東京都,,35.7935536,139.7854063,D,寺院,,
久尻神社,,岐阜県,,35.3589033,137.1734168,D,神社,久尻神社（くじりじんじゃ）は、岐阜県土岐市泉町に鎮座する神社。,
正法院,,埼玉県,,35.9085652,139.6564804,D,寺院,正法院（しょうほういん）は、埼玉県さいたま市見沼区にある真言宗智山派の寺院。,
三哲神社,,秋田県,,40.218365,140.6872834,D,神社,三哲神社（さんてつじんじゃ）とは、秋田県大館市十二所の三哲山にある神社。江戸時代の医師である千葉上総介秀胤（三哲）を祀っている。,
魚津八幡宮,,富山県,,36.8106112,137.3990061,D,神社,,
最勝寺,,滋賀県,,35.2858281,136.017363,D,寺院,最勝寺（さいしょうじ）は、滋賀県高島市勝野にある真宗大谷派に属する寺院。山号は、琶湖山（はこざん）。,
飯部磐座神社,,福井県,,35.9243273,136.1637063,D,神社,,
武蔵野神社,,東京都,小平市,35.7315233,139.5050435,D,神社,武蔵野神社（むさしのじんじゃ）は、東京都小平市の神社。,
龍興寺,,東京都,,35.7087564,139.6792483,D,寺院,,
永福寺,,東京都,,35.6981232,139.7124983,D,寺院,永福寺（えいふくじ）は、東京都新宿区にある曹洞宗の寺院。,
鵜住神社,,岩手県,,39.324625,141.8838788,D,神社,,
紫雲山 西光院,,奈良県,,34.6767065,135.828907,D,寺院,,
専称寺,,福島県,,37.0571751,140.926528,D,寺院,専称寺（せんしょうじ）は、福島県いわき市平山崎にある浄土宗の寺院。山号は梅福山。,
正法寺,,京都府,,34.7927869,135.9028027,D,寺院,正法寺（しょうほうじ）は、京都府相楽郡和束町にある臨済宗永源寺派の寺。,
妙圓寺,,東京都,,35.7232805,139.7658354,D,寺院,妙円寺（みょうえんじ）は、東京都台東区谷中にある日蓮宗の寺院。山号は円住山。,
泉妙院,,京都府,,35.0337278,135.7552559,D,寺院,泉妙院（せんみょういん）は、京都府京都市上京区寺之内通新町西入妙顕寺前町にある日蓮宗の寺院で妙顕寺塔頭。,
宗像神社,,千葉県,,35.7954261,140.0883755,D,神社,宗像神社(むなかたじんじゃ)は千葉県白井市清戸に存在する神社である。,
光滝寺,,大阪府,,34.3698662,135.5179299,D,寺院,光滝寺（こうたきじ）とは大阪府河内長野市滝畑にある寺院。光瀧寺とも書く。,
大聖院,,茨城県,,36.1940906,139.7074607,D,寺院,大聖院（だいしょういん）は、茨城県古河市本町（南新町）にある曹洞宗の寺院。山号を玉龍山、寺号を永昌寺、院号を大聖院という。,
泉龍院,,長野県,豊丘村,35.5688205,137.9161473,D,寺院,泉龍院(せんりゅういん)は長野県下伊那郡豊丘村河野地区にある曹洞宗の寺院。山号を池康山と称する。,
華下天満宮,,香川県,,34.34537,134.0528264,D,神社,,
妙照寺,,千葉県,,35.8491933,140.0007801,D,寺院,妙照寺（みょうしょうじ）は、千葉県柏市にある日蓮宗の寺院。旧本山は大本山中山法華経寺。,
能仁寺,,栃木県,,36.4345853,140.0639179,D,寺院,,
恩任寺,,愛知県,,34.9273179,136.9839694,D,寺院,恩任寺（おんにんじ）は、愛知県高浜市青木町2丁目1-38にある真宗大谷派の寺院。山号は石川山。,
十念寺,,愛知県,,34.9855216,136.9920027,D,寺院,"十念寺（じゅうねんじ）は、愛知県刈谷市広小路4丁目219にある浄土宗西山禅林寺派の寺院。
山号は具足山。",
御陣屋稲荷神社,,静岡県,,34.8344341,138.177031,D,神社,,
白山神社,,奈良県,,34.6759276,135.8297584,D,神社,白山神社（はくさんじんじゃ）は、奈良県奈良市元興寺町にある神社。治田神社（はるたじんじゃ）との呼称で記録されたこともある。,
浄光寺 (足立区東伊興),,東京都,,35.8033807,139.7889464,D,寺院,浄光寺（じょうこうじ）は、東京都足立区にある浄土真宗本願寺派の寺院。なお、約1キロメートル西の古千谷本町に同名の寺があるが、そちらは浄土宗の寺院である。,
源法寺,,東京都,,35.6968749,139.8659484,D,寺院,,
善通寺,,東京都,,35.7029961,139.8509374,D,寺院,善通寺（ぜんつうじ）は、東京都江戸川区にある浄土真宗本願寺派の寺院。,
天祖神社,,東京都,,35.7082467,139.8122217,D,神社,天祖神社（てんそじんじゃ）は、東京都墨田区の神社。地名を冠して押上天祖神社（おしあげてんそじんじゃ）とも称される。,
宝幢寺,,奈良県,,34.6626337,135.7012225,D,寺院,宝幢寺（ほうどうじ）は、奈良県生駒市にある融通念仏宗の寺院。山号は龍護山。,
浄念寺,,新潟県,,38.2249023,139.4764191,D,寺院,浄念寺（じょうねんじ）は、新潟県村上市にある浄土宗の寺院。,
教学院,,東京都,,35.7564019,139.5920667,D,寺院,教学院（きょうがくいん）は、東京都練馬区にある真言宗智山派の寺院。,
西光院,,東京都,,35.788448,139.791887,D,寺院,,
花蔵院,,千葉県,,35.660479,139.8969781,D,寺院,,
西永寺,,新潟県,,37.7644514,139.0126812,D,寺院,,
石清水八幡神社,,愛媛県,,34.031362,132.9783546,D,神社,石清水八幡神社（いわしみずはちまんじんじゃ）は愛媛県今治市玉川町にある神社。八幡山の山頂に鎮座している。,
法光寺,,埼玉県,,35.9358166,139.5745504,D,寺院,法光寺（ほうこうじ）は、埼玉県さいたま市西区西大宮四丁目にある日蓮宗の寺院。山号は照賑山。,
地蔵寺,,埼玉県,,36.0365342,138.9561645,D,寺院,地蔵寺（じそうじ）は、埼玉県秩父郡小鹿野町にある単立寺院。,
宗慶寺,,東京都,,35.7165556,139.743541,D,寺院,宗慶寺（そうけいじ）は、東京都文京区にある浄土宗の寺院。,
宗林寺,,東京都,,35.7268886,139.7658508,D,寺院,宗林寺（そうりんじ）は、東京都台東区谷中にある日蓮宗の寺院。舟守祖師を祀る。,
尊陽院,,京都府,,35.0352699,135.7528661,D,寺院,尊陽院（そんよういん）は、京都府京都市上京区小川通寺ノ内上る本法寺前町にある日蓮宗の寺院。由緒寺院本法寺の塔頭（尊陽院の他に教行院と教蔵院がある）。,
閼伽井庵,,奈良県,,34.675805,135.8412743,D,寺院,,
千手院,,千葉県,,35.7370702,140.1520236,D,寺院,千手院（せんじゅいん）は、千葉県佐倉市井野にある真言宗豊山派の寺院。山号は稲野山。,
西町の稲荷堂,,愛知県,,35.2893937,136.9213939,D,神社,,
田名八幡宮,,神奈川県,,35.5465055,139.3280702,D,神社,田名八幡宮（たなはちまんぐう）は、神奈川県相模原市中央区水郷田名に所在する神社（八幡宮）。,
長善寺,,愛知県,,35.215263,136.8792944,D,寺院,,
法受寺,,東京都,,35.8028437,139.7903606,D,寺院,法受寺（ほうじゅうじ）は、東京都足立区にある浄土宗の寺院。,
西福寺,,兵庫県,,34.740687,135.3499994,D,寺院,,
善重寺,,茨城県,,36.3570914,140.4929024,D,寺院,善重寺（ぜんじゅうじ）は、茨城県水戸市にある真宗大谷派の寺院。善重寺（ぜんじゅうじ）は、茨城県水戸市にある真宗大谷派の寺院。,
天嶽院,,東京都,,35.7149075,139.7910002,D,寺院,天嶽院（てんがくいん）は、東京都台東区にある浄土宗の寺院。米沢藩主上杉鷹山の師である儒学者・細井平洲の墓所があることで知られる。,
八坂神社,,千葉県,,35.8707377,140.0109506,D,神社,八坂神社（やさかじんじゃ）は千葉県我孫子市の神社。,
西蓮寺,,東京都,,35.669672,139.3009722,D,寺院,,
春日神社,,大阪府,田尻町,34.3930747,135.2875073,D,神社,春日神社（かすがじんじゃ）は、大阪府泉南郡田尻町にある神社。旧社格は村社。,
歓喜寺,,和歌山県,,34.0501963,135.2625298,D,寺院,歓喜寺（かんぎじ）は、和歌山県有田郡有田川町にある浄土宗の寺院。山号は聖聚来迎山。,
龍善寺,,東京都,,35.705753,139.7234006,D,寺院,,
蓮乗院,,神奈川県,,35.3034077,139.5536526,D,寺院,,
専称寺,,埼玉県,,35.830898,139.7232578,D,寺院,専称寺（せんしょうじ）は、埼玉県川口市にある浄土宗の寺院。,
専修寺 関東別院,,東京都,,35.541237,139.7051796,D,寺院,専修寺関東別院（せんじゅじかんとうべついん）は東京都大田区西六郷にある真宗高田派の寺院。,
氷見神社,,山口県,,34.2499305,131.8809863,D,神社,氷見神社（ひみじんじゃ）は、山口県周南市須万秘密尾（すまひみつお）にある神社。祭神は、闇於加美神ほか。,
宇那木神社,,広島県,,34.475517,132.479194,D,神社,宇那木神社（うなきじんじゃ）は、広島県広島市安佐南区にある神社。,
日限地蔵尊 観音院,,群馬県,群馬県桐生市 2丁目,36.4114716,139.3474618,D,寺院,,
倭恩智神社,,奈良県,,34.5618766,135.8208317,D,神社,倭恩智神社（やまとおんちじんじゃ）は、奈良県天理市にある神社。式内小社で、旧社格は村社。,
寶珠院,,埼玉県,,35.9243732,139.8126744,D,寺院,宝珠院（ほうしゅいん）は、埼玉県北葛飾郡松伏町にある真言宗豊山派の寺院。,
八幡神社,,山形県,,38.9647194,139.9380003,D,神社,八幡神社（はちまんじんじゃ）とは、山形県酒田市市条にある神社である。旧称一条八幡宮、これにちなんで一条八幡神社とも呼ばれる。,
長松寺,,東京都,,35.719404,139.7821774,D,寺院,,
東覚寺,,東京都,,35.7417978,139.8669117,D,寺院,東覚寺（とうがくじ）は、東京都葛飾区にある真言宗豊山派の寺院。新四国四箇領八十八箇所霊場第25番札所。,
和志取神社,,愛知県,,34.9624283,137.123113,D,神社,和志取神社（わしとりじんじゃ）は、愛知県岡崎市西本郷町にある神社。岡崎観光きらり百選に選定されている。,
敬専寺,,愛知県,,35.0097942,136.9961858,D,寺院,敬専寺（きょうせんじ）は、愛知県刈谷市小山町6丁目111にある真宗大谷派の寺院。山号は永見山。,
長光寺,,愛知県,,35.2331566,136.831368,D,寺院,,
鹿島神社,,茨城県,,36.4427062,140.4987759,D,神社,,
宏善寺,,東京都,,35.5658488,139.4476482,D,寺院,宏善寺（こうぜんじ）は、東京都町田市本町田にある日蓮宗の寺院。山号は久住山、院号は善立院。,
東光寺,,徳島県,,34.072737,134.5445961,D,寺院,東光寺（とうこうじ）は、徳島県徳島市寺町にある浄土真宗本願寺派の寺院である。山号は天寿山。,
開雲寺,,栃木県,,36.4378006,139.8645434,D,寺院,,
清見寺,,東京都,,35.6971045,139.644944,D,寺院,清見寺（せいけんじ）は、東京都杉並区にある曹洞宗の寺院。,
寳光一心教会,,神奈川県,横浜市,35.4274134,139.6361511,D,寺院,寳光一心教会（ほうこういっしんきょうかい）は、神奈川県横浜市中区にある日蓮宗の寺院。,
金刀比羅神社,,東京都,,35.7033388,139.7785426,D,神社,,
長敬寺,,岐阜県,,35.7539188,136.955989,D,寺院,,
宗源寺,,東京都,,35.6705403,139.6300227,D,寺院,宗源寺（そうげんじ）は、東京都杉並区にある日蓮宗系の単立寺院。旧本山は小湊誕生寺。,
西福寺,,埼玉県,,35.810474,139.7035063,D,寺院,西福寺（さいふくじ）は、埼玉県川口市西川口にある浄土宗の寺院。,
岩神稲荷神社,,群馬県,,36.4059757,139.0590851,D,神社,岩神稲荷神社（いわがみいなりじんじゃ）は、群馬県前橋市の神社。,
鴻池神社,,兵庫県,,34.7987648,135.38446,D,神社,,
法蔵寺,,大阪府,八尾市,34.6207212,135.6470453,D,寺院,法蔵寺（ほうぞうじ）は、大阪府八尾市郡川にある曹洞宗の寺院。河内西国霊場第17番札所。,
光照寺,,東京都,,35.6561752,139.561738,D,寺院,光照寺（こうしょうじ）は、東京都調布市にある浄土宗の寺院。,
豊楽寺,,岡山県,,34.8806794,133.9139895,D,寺院,,
稲荷神社,,東京都,,35.7435332,139.7979281,D,神社,,
朝日寺,,大阪府,,34.562369,135.482021,D,寺院,朝日寺（あさひじ）は、大阪府堺市堺区大仙町にある日蓮宗の寺院で山号は霊鵲山である。旧本山は谷町妙経寺、生師法縁。,
水尾神社,,兵庫県,,34.841237,134.689408,D,神社,水尾神社（みずおじんじゃ）は日本の兵庫県姫路市山野井町にある神社。男山の麓に鎮座している。,
下増田神社,,宮城県,名取市,38.1370446,140.9357131,D,神社,下増田神社（しもますだじんじゃ）は、宮城県名取市の北釜地区に所在する神社。かつては「神明宮」と称した。,
吉岡八幡神社,,宮城県,,38.4478866,140.8871168,D,神社,吉岡八幡神社（よしおかはちまんじんじゃ）と通称される八幡神社（はちまんじんじゃ）は、宮城県黒川郡大和町吉岡にある神社。,
大衡八幡神社,,宮城県,,38.4626775,140.8786696,D,神社,大衡八幡神社（おおひらはちまんじんじゃ）は、宮城県黒川郡大衡村にある神社である。旧社格は村社。,
真成寺,,富山県,,36.8159828,137.3979726,D,寺院,真成寺（しんじょうじ）は、富山県魚津市真成寺町にある日蓮宗の寺院。山号は玉蓮山。,
蚊里田八幡宮,,長野県,,36.6910088,138.2220583,D,神社,,
密蔵院,,東京都,,35.7224884,139.6646976,D,寺院,密蔵院（みつぞういん）は、東京都中野区にある真言宗御室派の寺院。,
六所神社,,東京都,世田谷区,35.6026717,139.6421593,D,神社,六所神社（ろくしょじんじゃ）は東京都世田谷区の神社。,
今川八幡宮,,愛知県,,35.0279647,137.0155996,D,神社,今川八幡宮（いまがわはちまんぐう）は、愛知県刈谷市今川町上池78-1にある神社。旧社格は村社。,
観音院,,岐阜県,,35.3810423,136.7003886,D,寺院,,
妙音寺,,東京都,,35.6932365,139.8804463,D,寺院,妙音寺（みょうおんじ）は、東京都江戸川区にある真言宗豊山派の寺院。,
正蔵院,,埼玉県,,35.9347308,139.7049805,D,寺院,正蔵院（しょうぞういん）は、埼玉県さいたま市岩槻区にある真言宗豊山派の寺院。,
見龍寺,,宮城県,,38.5422841,141.1403654,D,寺院,,
春日神社,,和歌山県,,34.1563072,135.2267649,D,神社,春日神社（かすがじんじゃ）は、和歌山県海南市にある神社である。,
若林稲荷神社,,東京都,,35.6480919,139.661603,D,神社,,
福長神社,,京都府,,35.0279291,135.7581237,D,神社,福長神社（ふくながじんじゃ）は、京都府京都市上京区福長町にある神社。式内社（大社2座）。,
常光寺,,長野県,,36.0912557,137.9767441,D,寺院,常光寺（じょうこうじ）は長野県塩尻市上西条にある高野山真言宗の寺院。山号は飯綱山。,
本源寺,,千葉県,,35.7662521,139.9190693,D,寺院,本源寺（ほんげんじ）は、千葉県松戸市にある日蓮宗の寺院。,
峯ヶ岡八幡神社,,埼玉県,,35.8322937,139.7693096,D,神社,峯ヶ岡八幡神社（みねがおかはちまんじんじゃ）は、埼玉県川口市の神社。,
八坂神社,,千葉県,,35.7931944,139.9370452,D,神社,八坂神社（やさかじんじゃ）は、千葉県松戸市金ヶ作32に鎮座する神社。全国に存在する八坂神社のうちの一つ。,
宗福寺,,東京都,,35.683658,139.7239793,D,寺院,宗福寺（そうふくじ）は、東京都新宿区にある曹洞宗の寺院。,
林泉寺,,東京都,,35.6452211,139.7390638,D,寺院,林泉寺（りんせんじ）とは東京都港区三田四丁目に存在する浄土宗の寺院。豊臣秀吉の妻北政所の従兄弟杉原長房の菩提寺。,
柏木神社,,滋賀県,,34.9776814,136.1601145,D,神社,柏木神社（かしわぎじんじゃ）は、滋賀県甲賀市水口町にある神社。旧社格は県社。,
上粕屋神社,,神奈川県,,35.411566,139.2918147,D,神社,上粕屋神社（かみかすやじんじゃ）は神奈川県伊勢原市にある神社。,
一行寺,,神奈川県,,35.5335429,139.702108,D,寺院,一行寺（いちぎょうじ）は、神奈川県川崎市川崎区にある浄土宗の寺院。,
青柳寺,,神奈川県,,35.5390007,139.4438853,D,寺院,,
日枝神社,,徳島県,,34.1025957,134.5881682,D,神社,日枝神社（ひえじんじゃ）は、徳島県徳島市助任本町にある神社である。,
妙覚寺,,静岡県,,35.0904069,138.8573059,D,寺院,妙覚寺（みょうかくじ）は、静岡県沼津市下河原にある日蓮宗の寺院。山号は満松山。,
巽神社,,神奈川県,,35.3220494,139.5503724,D,神社,巽神社（たつみじんじゃ）は、神奈川県鎌倉市の神社。,
長興寺,,静岡県,,35.1230427,138.8026137,D,寺院,,
伊佐具神社,,兵庫県,,34.748649,135.4316181,D,神社,伊佐具神社（いさぐじんじゃ）は、兵庫県尼崎市上坂部にある神社。式内社で、旧社格は郷社。,
長善寺,,群馬県,,36.4199341,139.1542735,D,寺院,,
日高見神社,,長野県,,36.8014471,138.3605087,D,神社,日高見神社（ひだかみじんじゃ）とは、長野県中野市柳沢にある神社。,
袋中寺,,沖縄県,,26.1941416,127.6732887,D,寺院,,
西福寺,,東京都,,35.7387133,139.7425338,D,寺院,,
妙風寺,,広島県,,34.4047302,132.4667238,D,寺院,妙風寺（みょうふうじ）は、広島県広島市中区東白島町にある日蓮宗の寺院。山号は白島山、院号を大乗院という。,
昌翁寺,,東京都,,35.664072,139.5849535,D,寺院,昌翁寺（しょうおうじ）は、東京都調布市にある天台宗の寺院。,
大楽寺,,東京都,,35.5579851,139.7061555,D,寺院,大楽寺(だいらくじ)は、東京都大田区新蒲田にある真言宗智山派の寺院。,
光徳院,,東京都,,35.7182629,139.6765198,D,寺院,光徳院（こうとくいん）は、東京都中野区にある真言宗豊山派の寺院。,
蓮王寺,,富山県,,36.7240691,137.1002835,D,寺院,,
雲雷寺,,大阪府,,34.67007,135.514776,D,寺院,,
誠心寺,,東京都,,35.6833145,139.8895124,D,寺院,,
福壽院,,東京都,,35.7241189,139.8066154,D,寺院,福寿院（ふくじゅいん）は、東京都台東区にある曹洞宗の寺院。,
護国寺,,富山県,,36.975722,137.6242956,D,寺院,,
十念寺,,東京都,,35.7408986,139.8916311,D,寺院,十念寺（じゅうねんじ）は、東京都江戸川区にある真言宗豊山派の寺院。,
圓成寺,,東京都,,35.7237224,139.8498779,D,寺院,円成寺（えんじょうじ）は、東京都葛飾区西新小岩にある日蓮宗の寺院。山号は黄金山。,
小松川神社,,東京都,,35.6961971,139.8480638,D,神社,小松川神社（こまつがわじんじゃ）は、東京都江戸川区の神社。,
林昌寺,,東京都,,35.5876204,139.6989243,D,寺院,林昌寺（りんしょうじ）は、東京都大田区仲池上にある日蓮宗の寺院。山号は長松山。,
見玉不動尊　正宝院,,新潟県,,36.95154,138.6677602,D,寺院,,
徳應寺,,大分県,,33.2468389,131.87563,D,寺院,徳応寺（とくおうじ）は、大分県大分市佐賀関にある浄土真宗本願寺派の寺院。,
平田寺,,愛知県,,35.23899,136.8704683,D,寺院,"平田寺（へいでんじ）は、愛知県北名古屋市九之坪にある曹洞宗の寺院。
本尊は木造五劫思惟阿弥陀如来坐像で、他に円空仏を3体所有している。",
桐原牧神社,,長野県,,36.664823,138.2148779,D,神社,桐原牧神社（きりはらまきじんじゃ）は、長野県長野市桐原一丁目にある神社（郷社）。この地は平安時代に「桐原牧」があったとされる地であり、神社には藁駒奉納の行事が伝わっている。,
光善寺,,東京都,,35.6529661,139.7339607,D,寺院,光善寺（こうぜんじ）は、東京都港区にある浄土真宗本願寺派の寺院。,
神明神社,,埼玉県,幸手市,36.072258,139.7188311,D,神社,,
島田神社,,京都府,,35.281619,135.046717,D,神社,島田神社（しまだじんじゃ）は、京都府福知山市畑中にある神社である。,
常行寺,,東京都,,35.6135859,139.7428166,D,寺院,常行寺（じょうぎょうじ）は、東京都品川区にある天台宗の寺院。,
潮音寺,,徳島県,,34.0703545,134.5446533,D,寺院,潮音寺（ちょうおんじ）は、徳島県徳島市西山手町に位置する臨済宗妙心寺派の寺院である。,
大蔵氷川神社,,東京都,,35.625092,139.6115261,D,神社,氷川神社（ひかわじんじゃ）は、東京都世田谷区の神社。地名を冠して大蔵氷川神社（おおくらひかわじんじゃ）とも称される。,
春日若宮社,,奈良県,,34.6721437,135.8304481,D,神社,春日若宮社（かすがわかみやしゃ）は、奈良県奈良市中辻町にある神社。春日造の小祠に覆屋がある。,
熊野神社,,千葉県,,35.7208265,139.9619599,D,神社,,
大慶寺,,静岡県,,34.8698763,138.2540786,D,寺院,大慶寺（だいけいじ）は、静岡県藤枝市藤枝四丁目にある日蓮宗の寺院。山号は円妙山。,
極楽寺,,千葉県,,35.6018037,140.4985444,D,寺院,極楽寺（ごくらくじ）は、千葉県山武市蓮沼中根にある浄土宗鎮西義の寺院。山号は中根山、院号は光宗院、本尊は阿弥陀如来。,
高法寺,,大阪府,,34.8264593,135.4267258,D,寺院,,
密蔵院,,東京都,,35.5822218,139.6752194,D,寺院,密蔵院（みつぞういん）は、東京都大田区にある真言宗智山派の寺院。,
寄神社,,神奈川県,松田町,35.3973705,139.1392895,D,神社,寄神社（やどりきじんじゃ）は、神奈川県足柄上郡松田町寄にある神社。旧社格は村社。,
國神神社,,福井県,,36.1504343,136.2716693,D,神社,國神神社（くにがみじんじゃ）は、福井県坂井市丸岡町にある神社である。旧社格は県社。,
本経寺,,京都府,,34.9474116,135.8017861,D,寺院,本経寺（ほんきょうじ）は、京都府京都市伏見区にある、日蓮本宗の寺院。山号は久遠山。,
東禅寺,,愛媛県,,34.0571595,133.0027167,D,寺院,東禅寺（とうぜんじ）は、愛媛県今治市蔵敷町2-14-2（本坊 南宝来町）にある真言宗醍醐派の寺院。本尊は等身の薬師瑠璃光如来立像で、樹ノ本お薬師さんと呼ばれる。,
道心寺,,兵庫県,,34.7232769,135.4222406,D,寺院,,
高楽寺,,東京都,,35.6387818,139.2866185,D,寺院,,
感応寺,,東京都,,35.6381542,139.6599707,D,寺院,感応寺（かんのうじ）は、東京都世田谷区にある浄土宗の寺院。,
善導寺,,埼玉県,,36.1211942,139.1763997,D,寺院,"善導寺（ぜんどうじ）は、埼玉県大里郡寄居町にある浄土宗の寺院
「藤田善導寺」とも標榜し、1155年〜1590年に武蔵国に栄えた豪族の藤田氏の菩提寺として1297年に藤田持阿良...",
大神宮神社,,長野県,佐久市,36.2719925,138.4876688,D,神社,大神宮神社（だいじんぐうじんじゃ）は、長野県佐久市岩村田にある神社。鼻顔稲荷神社の上に鎮座。,
善永寺,,東京都,,35.5510445,139.7259007,D,寺院,善永寺（ぜんえいじ）は、東京都大田区にある浄土真宗本願寺派の寺院。,
正光寺,,埼玉県,,36.1781207,139.5381086,D,寺院,正光寺（しょうこうじ）は、埼玉県羽生市にある浄土宗の寺院。,
本願寺山口別院,,山口県,,34.0880647,131.3949658,D,寺院,本願寺山口別院（ほんがんじやまぐちべついん）は山口県山口市にある浄土真宗本願寺派（西本願寺）の直属寺院（別院）である。,
能持院,,栃木県,,36.5424979,140.2019937,D,寺院,,
法照寺,,東京都,,35.6685884,139.6428717,D,寺院,法照寺（ほうしょうじ）は、東京都杉並区にある浄土真宗本願寺派の寺院。,
田中寺,,東京都,,35.7069649,139.7334162,D,寺院,田中寺（でんちゅうじ）は、東京都新宿区にある曹洞宗の寺院。,
光善寺,,北海道,,41.4316041,140.1057405,D,寺院,光善寺（こうぜんじ）は、北海道松前町にある浄土宗の寺院。山号は高徳山。,
新琴似神社,,北海道,札幌市,43.1135806,141.331906,D,神社,"新琴似神社（しんことにじんじゃ）は、北海道札幌市北区新琴似8条3丁目1-6にある神社。
氏子世帯数は、33,500世帯である。",
東福寺,,東京都,,35.7292256,139.7349612,D,寺院,東福寺（とうふくじ）は、東京都豊島区にある真言宗豊山派の寺院。,
東光院,,東京都,,35.7150893,139.7899105,D,寺院,東光院（とうこういん）は、東京都台東区にある天台宗の寺院。上総国佐貫藩主阿部家の菩提寺。,
智清寺,,東京都,,35.7586396,139.7049392,D,寺院,智清寺（ちせいじ）は、東京都板橋区にある浄土宗の寺院。,
称名寺,,大阪府,,34.6590074,135.511158,D,寺院,,
金勝寺,,愛知県,,35.0011458,136.9885147,D,寺院,,
大光寺,,埼玉県,,35.9512945,139.7216104,D,寺院,大光寺（だいこうじ）は、埼玉県さいたま市岩槻区にある真言宗智山派の寺院。,
大覚寺,,岐阜県,,35.8737697,137.2191871,D,寺院,大覚寺（だいがくじ）は岐阜県下呂市萩原町にある馬頭観世音菩薩を本尊とする臨済宗妙心寺派の寺院で、山号を諏訪山と称する。,
竜江寺,,愛知県,,34.9744114,137.0068368,D,寺院,,
善福寺,,埼玉県,,35.8139782,139.8040002,D,寺院,善福寺（ぜんぷくじ）は、埼玉県草加市にある真言宗豊山派の寺院。,
善福院,,東京都,,35.7368017,139.8305244,D,寺院,善福院（ぜんぷくいん）は、東京都葛飾区にある真言宗智山派の寺院。,
小山善光寺,,大阪府,,34.5777893,135.5933579,D,寺院,小山善光寺（こやまぜんこうじ）は、大阪府藤井寺市にある浄土宗の寺院。別名に元善光寺。,
教宗寺,,大阪府,,34.8523283,135.610166,D,寺院,教宗寺（きょうそうじ）は大阪府高槻市芥川町にある浄土真宗本願寺派の仏教寺院。本尊は阿弥陀如来である。,
千手寺,,広島県,,34.9030742,133.2746918,D,寺院,千手寺（せんじゅじ）は、広島県庄原市（旧比婆郡東城町）にある曹洞宗の寺院。山号は花谷山。,
東光寺,,東京都,,35.724937,139.8486006,D,寺院,東光寺（とうこうじ）は、東京都葛飾区にある真言宗豊山派の寺院。新四国四箇領八十八箇所霊場第19番札所。,
千形神社,,埼玉県,,36.1457525,139.3847304,D,神社,千形神社（ちかたじんじゃ）は、埼玉県熊谷市にある神社。旧社格は村社。,
妙極院,,東京都,,35.7169797,139.7649948,D,寺院,妙極院（みょうごくいん）は、東京都台東区にある真言宗霊雲寺派の寺院。,
常在寺,,神奈川県,海老名市,35.425617,139.3814084,D,寺院,常在寺（じょうざいじ）は、神奈川県海老名市にある日蓮宗の寺院。山号は本興山。,
日光山温泉寺,,栃木県,,36.8084302,139.4233962,D,寺院,温泉寺（おんせんじ）は、栃木県日光市湯元にある天台宗の寺院で、輪王寺の別院となっている。山号は日光山。,
亀岡八幡宮,,栃木県,,36.5097972,140.1119079,D,神社,亀岡八幡宮（かめおかはちまんぐう）は、栃木県芳賀郡益子町小宅（おやけ）にある神社。,
報恩寺,,栃木県,,36.555306,139.873385,D,寺院,報恩寺（ほうおんじ）は、栃木県宇都宮市西原一丁目にある臨済宗の寺院。山号は松嶺山。,
春日神社,,静岡県,,34.7094165,138.0586252,D,神社,春日神社（かすがじんじゃ、英語: Kasuga Jinja）は、静岡県掛川市の神社である。近代社格制度における社格は村社。,
普門寺,,静岡県,掛川市,34.6935564,137.9861213,D,寺院,普門寺（ふもんじ）は、静岡県掛川市西大渕にある天台宗の寺院。,
常真寺,,神奈川県,,35.5327247,139.6107628,D,寺院,常眞寺（じょうしんじ）は、神奈川県横浜市港北区新吉田町にある日蓮宗の寺院である。山号は朗栄山という。,
冨春院,,静岡県,,34.6824091,137.6887877,D,寺院,長松山 冨春院（ちょうしょうざん ふしゅんいん）は、静岡県浜松市中央区小沢渡町にある臨済宗方広寺派の寺院。山号は「長松山」。,
十念寺,,長野県,,36.6516846,138.1866974,D,寺院,十念寺（じゅうねんじ）は長野県長野市南長野西後町に存在する浄土宗の寺院。山号は紫雲山、院号は頼朝院。,
法蔵山 浄福寺,,鳥取県,米子市,35.4407688,133.4099276,D,寺院,浄福寺（じょうふくじ）は、鳥取県米子市淀江町にある真宗大谷派の寺院。山号は法蔵山。,
存明寺,,東京都,,35.6786752,139.5965448,D,寺院,存明寺（ぞんみょうじ）は、東京都世田谷区北烏山四丁目にある寺院。真宗大谷派に属し、本山は東本願寺、正式名を「桜田山 存明寺」という。,
髙林寺,,埼玉県,,35.9406203,139.6301264,D,寺院,,
隆岩寺,,茨城県,,36.1966913,139.7015543,D,寺院,,
鹿島神社,,岩手県,,38.8966261,141.1247082,D,神社,,
林光寺,,三重県,,34.8840232,136.5766378,D,寺院,林光寺（りんこうじ）は、三重県鈴鹿市にある、真言宗智山派の仏教寺院。山号は金井山（かないざん）。,
小社神社,,三重県,,34.4796812,136.6479939,D,神社,小社神社（おごそじんじゃ）は、伊勢神宮皇大神宮（内宮）の末社。水の神を祀る神社で、内宮の禰宜を務め鎮座地周辺を開拓した荒木田氏が本拠を置いていた地にある。,
光蔵寺,,愛媛県,,33.9783502,133.0061591,D,寺院,光蔵寺（こうぞうじ）は、愛媛県今治市にある高野山真言宗の寺院。山号を医王山（いおうさん）と号する古刹。,
多聞寺,,埼玉県,,36.0303006,139.5376863,D,寺院,多聞寺（たもんじ）は、埼玉県北本市にある真言宗智山派の寺院。,
東台神社,,愛媛県,,33.944652,133.3172581,D,神社,東臺神社（とうだいじんじゃ）は、愛媛県新居浜市にある神社である。旧社格は村社。,
吉祥寺,,岩手県,,39.3731781,141.9365749,D,寺院,吉祥寺（きっしょうじ）は、岩手県上閉伊郡大槌町にある曹洞宗の寺院。山号は虎龍山。,
東光寺,,東京都,,35.7175237,139.6762649,D,寺院,東光寺（とうこうじ）は、東京都中野区にある真言宗豊山派の寺院。,
宗福寺,,東京都,,35.5990661,139.7096442,D,寺院,宗福寺（そうふくじ）は、東京都大田区にある曹洞宗寺院。,
西照寺,,奈良県,,34.6829061,135.8240788,D,寺院,,
善道寺,,北海道,札幌市,43.0454226,141.3777845,D,寺院,善道寺（ぜんどうじ）は札幌市豊平区豊平4条11丁目5-11にある浄土宗の寺院である。,
聞明寺,,東京都,,35.7557711,139.8668537,D,寺院,,
乾徳寺,,愛知県,,35.1271156,136.9306269,D,寺院,乾徳寺（けんとくじ）は愛知県名古屋市瑞穂区牧町にある臨済宗妙心寺派の寺院。山号は蓬雲山（ほううんさん）。,
發光院,,大阪府,,34.5700773,135.4701087,D,寺院,發光院（発光院、ほっこういん）は、大阪府堺市堺区新在家町（東三丁字寺町）にある高野山真言宗の寺院。通称「愛染さん」として親しまれている。,
長昌寺,,東京都,,35.7223566,139.805133,D,寺院,,
諏訪神社,,東京都,,35.7558341,139.5805235,D,神社,,
安福河伯神社,,宮城県,,38.0763787,140.8426007,D,神社,"安福河伯神社（あふくかはくじんじゃ）は、宮城県亘理郡亘理町にある神社である。
旧社格は郷社。",
巌教寺,,福井県,,36.1135476,136.2353228,D,寺院,厳教寺（ごんきょうじ）は、福井県福井市にある浄土真宗本願寺派の寺院である。本尊は阿弥陀如来である。,
荘厳寺,,京都府,,34.9932318,135.7639658,D,寺院,荘厳寺（しょうごんじ）は京都府京都市下京区にある時宗の寺院。山号は佛光山。,
回向院,,埼玉県,,35.826149,139.8063806,D,寺院,回向院（えこういん）は、埼玉県草加市にある浄土宗の寺院。,
阿弥陀院西福寺,,埼玉県,鴻巣市,36.0955382,139.4667545,D,寺院,,
宝蔵院,,千葉県,,35.7720369,139.8879728,D,寺院,宝蔵院（ほうぞういん）は、千葉県松戸市にある真言宗豊山派の寺院。,
講武稲荷神社,,東京都,,35.6990481,139.769697,D,神社,講武稲荷神社（こうぶいなりじんじゃ）は、東京都千代田区外神田にある神社。,
誓願寺,,愛知県,,35.1774212,136.9067229,D,寺院,,
妙見寺,,大阪府,,34.523944,135.6441401,D,寺院,妙見寺（みょうけんじ）は、大阪府南河内郡太子町にある曹洞宗の寺院。山号は天白山。,
慈宏寺,,東京都,,35.6931129,139.6094041,D,寺院,慈宏寺（じこうじ）は、東京都杉並区宮前にある日蓮宗の寺院。山号は井口山。,
信立寺,,山梨県,,35.6547695,138.5722387,D,寺院,信立寺（しんりゅうじ）は、山梨県甲府市若松町にある寺院。日蓮宗寺院。,
全昌寺,,兵庫県,,34.7170989,135.4148636,D,寺院,全昌寺（ぜんしょうじ）は兵庫県尼崎市寺町にある曹洞宗の寺院。山号は桃源山。,
行慶寺,,東京都,,35.613573,139.7198952,D,寺院,,
有吉日枝神社,,千葉県,,35.5584928,140.1720478,D,神社,有吉日枝神社（ありよしひえじんじゃ）は、千葉市緑区おゆみ野中央五丁目にある神社である。,
立蔵神社,,富山県,富山市,36.5741348,137.3928614,D,神社,,
神明社,,宮城県,,38.0030907,140.6164174,D,神社,神明社（しんめいしゃ）は、宮城県白石市にある神社。旧社格は郷社。,
浦臼神社,,北海道,,43.4510175,141.832785,D,神社,浦臼神社（うらうすじんじゃ）は、北海道空知総合振興局の浦臼町にある神社。旧社格は村社。,
慶恩寺,,奈良県,,34.4848093,135.9328746,D,寺院,慶恩寺（けいおんじ）は、奈良県宇陀市大宇陀春日(うだかすが)にある浄土宗鎮西派の寺院である。山号は松谷山。,
新宮神社,,高知県,,33.5317387,133.6203944,D,神社,新宮神社（しんぐうじんじゃ）は、高知県南国市十市にある神社。旧社格は郷社。,
大和天満宮,,神奈川県,,35.4689078,139.464962,D,神社,大和天満宮（やまとてんまんぐう）は、神奈川県大和市の大和駅東方にある大和市文化創造拠点シリウスの2階屋外に鎮座している神社。,
大法寺,,東京都,,35.7033008,139.8507266,D,寺院,大法寺（だいほうじ）は、東京都江戸川区平井にある日蓮宗の寺院。山号は宝聚山。,
東安寺,,福島県,,37.7524166,140.4630123,D,寺院,東安寺（とうあんじ）は、福島県福島市早稲町にある曹洞宗の寺院。山号は宝雲山。,
正円寺,,東京都,,35.6691283,139.8821503,D,寺院,正円寺（しょうえんじ）は、東京都江戸川区にある新義真言宗の寺院。,
八坂神社,,新潟県,,37.1732421,138.2414452,D,神社,八坂神社（やさかじんじゃ）は、新潟県上越市に所在する神社。,
子安神社,,千葉県,,35.6887998,140.0328944,D,神社,子安神社（こやすじんじゃ）は、千葉県習志野市藤崎にある神社である。旧社格は村社。,
阿遮院,,東京都,,35.7450926,139.7731493,D,寺院,,
堀切氷川神社,,東京都,,35.7498912,139.8306557,D,神社,,
寶蓮寺,,東京都,,35.7020546,139.8273866,D,寺院,寳蓮寺（ほうれんじ）は、東京都江東区にある真言宗智山派の寺院。,
本願寺長野別院,,長野県,,36.6538416,138.18642,D,寺院,本願寺長野別院（ほんがんじ ながのべついん）は、長野県長野市にある浄土真宗本願寺派の寺院。同派の別院。,
往生院,,長野県,,36.6534244,138.1877779,D,寺院,往生院（おうじょういん）は、長野県長野市大字鶴賀権堂町にある浄土宗の仏教寺院。山号は蓮池山。,
榛名神社,,東京都,,35.6284455,139.3066978,D,神社,榛名神社（はるなじんじゃ）は、東京都八王子市にある神社。,
壷井寺,,大阪府,,34.5942035,135.623891,D,寺院,壺井寺（つぼいでら）は、大阪府柏原市法善寺にある融通念仏宗の仏教寺院。山号は「護法山」。,
加茂神社,,長野県,,36.6564164,138.177701,D,神社,"加茂神社（かもじんじゃ）は、長野県長野市西長野町にある神社（村社）。
善光寺七社の一。",
宣要寺,,東京都,,35.7388209,139.8880755,D,寺院,宣要寺（せんようじ）は、東京都江戸川区北小岩にある日蓮宗の寺院。山号は妙法華山。,
福徳寺,,長野県,大鹿村,35.5502213,138.0531514,D,寺院,福徳寺（ふくとくじ）は、長野県下伊那郡大鹿村大河原上蔵（おおかわら・わぞ）にある天台宗の寺院。山号は医王山。,
樹林寺,,長野県,,35.8337055,138.0694477,D,寺院,樹林寺（じゅりんじ）は、長野県伊那市高遠町東高遠にある寺。,
満願寺,,福島県,,37.7217972,140.4694654,D,寺院,満願寺（まんがんじ）は、福島県福島市にある臨済宗妙心寺派の寺院。,
開善寺,,福井県,,36.0630838,136.4986726,D,寺院,,
龍光寺,,千葉県,,35.8232034,139.959315,D,寺院,,
大乗院,,神奈川県,,35.3537112,139.2613215,D,寺院,大乗院（だいじょういん）は、神奈川県平塚市にある天台宗の寺院。相模新四国三十三観音霊場第29番札所である。,
通覚寺,,東京都,,35.7110769,139.7902016,D,寺院,,
願成寺,,徳島県,,34.0426988,133.8594572,D,寺院,,
梅香山 寳珠寺,,奈良県,,34.6720035,135.8333328,D,寺院,宝珠寺（ほうじゅじ）は、奈良市にある浄土真宗本願寺派の寺院。現在、檀信徒による念仏講や仏教婦人会が組織されている。,
富貴寺,,奈良県,,34.582291,135.7515178,D,寺院,富貴寺（ふきじ）は奈良県磯城郡川西町にある真言宗豊山派の寺院である。平安初期に法隆寺夢殿を再興し、法隆寺の学問振興に力を注いだ道詮（どうせん）が晩年に開いたとされる。,
清雲寺,,静岡県,,34.9119106,138.79548,D,寺院,清雲寺（せいうんじ）は、静岡県伊豆市土肥にある日蓮宗の寺院。,
三河稲荷神社,,東京都,,35.7047562,139.7590844,D,神社,三河稲荷神社（みかわいなりじんじゃ）は、東京都文京区本郷にある神社である。旧・本郷元町一丁目、二丁目の鎮守。,
菩提寺,,愛知県,,34.9238952,137.0921245,D,寺院,,
妙祐寺,,東京都,,35.6790292,139.5961911,D,寺院,妙祐寺（みょうゆうじ）は、東京都世田谷区にある浄土真宗本願寺派の寺院。「烏山寺町」を構成する26の寺院の1つである。,
向福寺,,神奈川県,,35.3093891,139.5523856,D,寺院,向福寺（こうふくじ）は、神奈川県鎌倉市にある時宗の寺院。,
藤内神社,,茨城県,水戸市,36.4463153,140.4021451,D,神社,,
十二所神社,,千葉県,木更津市,35.3491737,140.0393742,D,神社,十二所神社（じゅうにしょじんじゃ）は、千葉県木更津市下郡にある神社。旧社格は村社。,
立石寺,,長野県,,35.4321061,137.7843838,D,寺院,,
永昌院,,山梨県,,35.699013,138.6517721,D,寺院,永昌院（えいしょういん）は、山梨県山梨市にある曹洞宗の寺院。甲斐守護職武田信昌を開基とする。,
護国寺,,兵庫県,,34.2700407,134.7372089,D,寺院,,
金剛院,,群馬県,,36.6430023,139.0458976,D,寺院,,
荒田神社,,和歌山県,,34.2726136,135.3080309,D,神社,,
慈光寺,,広島県,,34.38185,132.403649,D,寺院,慈光寺（じこうじ）は、広島県広島市西区草津東にある日蓮宗の寺院。山号は普門山。,
世明寿寺,,埼玉県,,36.0009975,139.414565,D,寺院,世明寿寺（せみょうじゅじ）とは埼玉県東松山市正代にある曹洞宗の寺院である。山名は東崎山。,
進美寺,,兵庫県,,35.449093,134.7878305,D,寺院,,
御嶽神社,,東京都,,35.757479,139.6748004,D,神社,御嶽神社（みたけじんじゃ）は、東京都板橋区桜川にある神社。地名を冠して桜川御嶽神社（さくらがわ みたけじんじゃ）、上板橋御嶽神社（かみいたばし みたけじんじゃ）とも称する。,
大念寺,,神奈川県,,35.354901,139.3607813,D,寺院,大念寺（だいねんじ）は、神奈川県平塚市四之宮にある浄土宗の寺院である。山号は見光山。,
東光寺,,和歌山県,,33.8288511,135.7577083,D,寺院,東光寺（とうこうじ）は和歌山県田辺市の湯の峰温泉にある天台宗の寺院。山号は薬王山。,
九手神社,,京都府,,35.1777602,135.3956052,D,神社,九手神社（くてじんじゃ）は、京都府船井郡京丹波町にある神社。,
千代田神社,,大阪府,,34.4697385,135.5775986,D,神社,千代田神社（ちよだじんじゃ）は、大阪府河内長野市にある神社。,
光照寺,,神奈川県,,35.2995323,139.6058405,D,寺院,光照寺（こうしょうじ）は、神奈川県逗子市にある高野山真言宗の寺院。,
常住山 感應寺,,鳥取県,,35.4225051,133.3278249,D,寺院,感応寺（かんのうじ）は鳥取県米子市祇園町にある日蓮宗の寺院。山号は、常住山。,
八幡神社,,茨城県,,36.024208,139.9898494,D,神社,八幡神社（はちまんじんじゃ）は、茨城県常総市水海道橋本町にある神社。地名を冠して水海道八幡神社（みつかいどうはちまんじんじゃ）とも称される。,
佛並寺,,大阪府,,34.4215969,135.4864492,D,寺院,佛並寺（ぶつなみじ）は、大阪府和泉市にある高野山真言宗の寺院。,
率川神社,,奈良県,,34.6762956,135.8300554,D,神社,率川神社（いさがわじんじゃ）は、奈良県奈良市西新屋町にある神社。飛鳥神並神社、率川阿波神社との呼称で記録されたこともある。,
長運寺,,東京都,,35.7206692,139.7676288,D,寺院,,
碩運寺,,東京都,,35.7498614,139.7640167,D,寺院,碩運寺（せきうんじ）は、東京都荒川区にある曹洞宗の寺院。,
最教寺,,東京都,,35.7039628,139.3159266,D,寺院,"最教寺（さいきょうじ）は日本の東京都八王子市にある日蓮宗の寺院。
仙能院日崇が池之端に道場を構えたことに始まる。",
寶生院,,東京都,,35.7524544,139.8791724,D,寺院,宝生院（ほうじょういん）は、東京都葛飾区にある真言宗智山派の寺院。柴又七福神の一つ（大黒天）である。,
善光寺,,大阪府,,34.6152944,135.6359618,D,寺院,善光寺（ぜんこうじ）は、大阪府八尾市垣内にある融通念仏宗の寺院。 大念仏寺の末寺で、本尊は弥陀三尊仏。,
山神社,,兵庫県,,35.4897632,134.7032777,D,神社,山神社（やまじんじゃ）は、兵庫県豊岡市日高町にある神社。式内社（名神大社）、旧社格は村社。,
少林寺,,千葉県,,35.8363775,139.9802593,D,寺院,少林寺（しょうりんじ）は、千葉県柏市にある臨済宗大徳寺派の寺院。柏市唯一の臨済宗寺院である。,
鹿島緒名太神社,,宮城県,,38.0758972,140.8277898,D,神社,,
宝蔵院,,東京都,,35.7349111,139.8686311,D,寺院,宝蔵院（ほうぞういん）は、東京都葛飾区にある真言宗豊山派の寺院。新四国四箇領八十八箇所霊場第24番札所。,
法光寺,,埼玉県,伊奈町,35.9840169,139.6368945,D,寺院,法光寺（ほうこうじ）は、埼玉県北足立郡伊奈町にある真言宗智山派の寺院。,
遍照院,,東京都,,35.7079096,139.8004102,D,寺院,,
小谷野神社,,東京都,,35.7480445,139.8221546,D,神社,小谷野神社（こやのじんじゃ）は、東京都葛飾区の神社。,
龍沢寺,,福井県,,36.1963043,136.2614801,D,寺院,,
龍眼寺,,東京都,,35.7055816,139.8194388,D,寺院,,
上沢寺,,山梨県,,35.4198028,138.444053,D,寺院,上沢寺（じょうたくじ）は、山梨県南巨摩郡身延町下山にある日蓮宗の寺院。山号は法喜山。,
慶福寺,,埼玉県,,35.9700002,139.652336,D,寺院,慶福寺（けいふくじ）は、埼玉県蓮田市にある天台宗の寺院。,
義雲院,,山梨県,,35.637688,138.5608991,D,寺院,,
国恩寺,,岐阜県,,35.4548656,136.6944722,D,寺院,国恩寺（こくおんじ）は岐阜県本巣市春近にある大日如来を本尊とする真言宗醍醐派の寺院で、山号は浄妙山。美濃四国52番札所。,
法蓮寺,,東京都,,35.6733397,139.8629481,D,寺院,法蓮寺（ほうれんじ）は、東京都江戸川区にある浄土宗の寺院。,
金毘羅大権現,,岡山県,,34.5735999,133.8188599,D,神社,,
江古田氷川神社,,東京都,,35.7273685,139.6666537,D,神社,氷川神社（ひかわじんじゃ）は、東京都中野区江古田にある神社。地名を冠して江古田氷川神社（えごたひかわじんじゃ）とも称される。,
阿弥陀寺,,東京都,,35.7399607,139.6507742,D,寺院,,
甲山寺,,愛知県,,34.9618004,137.166931,D,寺院,甲山寺（こうざんじ）は、愛知県岡崎市六供町にある天台宗の寺院。戦国時代に岡崎城鬼門の守護として建てられた。,
相應院,,岐阜県,,36.1475419,137.260815,D,寺院,,
日朝寺,,山形県,,37.9072439,140.1167884,D,寺院,日朝寺（にっちょうじ）は、山形県米沢市相生町にある日蓮宗の寺院。山号は吉祥山。,
東小松川香取神社,,東京都,,35.7090811,139.8673857,D,神社,香取神社（かとりじんじゃ）は東京都江戸川区の神社。通称は東小松川香取神社（ひがしこまつがわかとりじんじゃ）。,
栄松寺,,千葉県,,35.7918494,139.911324,D,寺院,栄松寺（えいしょうじ）は、千葉県松戸市にある臨済宗大徳寺派の寺院。,
滝薬師,,徳島県,,34.0725422,134.5425565,D,寺院,滝薬師（たきやくし）は、徳島県徳島市眉山町にある高野山真言宗の寺院である。山号は大滝山。,
加賀田神社,,大阪府,,34.4274146,135.5678206,D,神社,加賀田神社（かがたじんじゃ）は、大阪府河内長野市にある神社。,
光音寺,,埼玉県,,35.7948263,139.7397556,D,寺院,光音寺（こうおんじ）は、埼玉県川口市にある曹洞宗の寺院。,
安養寺,,千葉県,,35.698237,139.9398385,D,寺院,安養寺（あんようじ）は、千葉県市川市高谷にある真言宗豊山派の寺院。山号は海岸山。,
弥勒寺,,宮城県,登米市,38.732249,141.257101,D,寺院,弥勒寺（みろくじ）は、宮城県登米市にある真言宗智山派の寺院。山号は長徳山。,
落合観音堂,,宮城県,,38.198446,140.9178363,D,寺院,,
福性寺,,東京都,,35.7550705,139.7501759,D,寺院,福性寺（ふくしょうじ）は、日本の東京都北区にある真言宗豊山派の寺院。,
大聖寺,,東京都,,35.7674186,139.7889567,D,寺院,大聖寺（だいしょうじ）は、東京都足立区関原にある真言宗豊山派の寺院。,
西之宮稲荷神社,,東京都,,35.7641989,139.8115891,D,神社,,
慈眼寺,,群馬県,高崎市,36.3198092,139.0719597,D,寺院,慈眼寺（じげんじ）は、群馬県高崎市下滝町にある高野山真言宗の寺院。境内のしだれ桜が有名。,
法性院 寶成寺,,東京都,,35.7583238,139.5862918,D,寺院,法性院（ほっしょういん）は、東京都練馬区にある日蓮宗の寺院。,
龍慶寺,,東京都,,35.7731618,139.8260274,D,寺院,,
本国寺,,山梨県,身延町,35.41384,138.4407685,D,寺院,本国寺（ほんごくじ）は、山梨県南巨摩郡身延町下山にある日蓮宗の寺院。山号は長栄山。,
香取神社,,東京都,,35.7583253,139.8327757,D,神社,,
姫宮神社,,千葉県,,35.9177265,139.9574467,D,神社,姫宮神社（ひめみやじんじゃ）は、千葉県柏市の神社。,
尊久老稲荷神社,,宮城県,,38.0218981,140.8495723,D,神社,尊久老稲荷神社（そうくろいなりじんじゃ）は、宮城県亘理郡亘理町にある神社である。旧社格は村社。,
水神社,,東京都,,35.5456868,139.7504468,D,神社,水神社（すいじんじゃ）は東京都大田区の神社。,
日枝神社,,千葉県,,35.7760042,139.925666,D,神社,日枝神社（ひえじんじゃ）は、千葉県松戸市和名ヶ谷にある神社。,
十念寺,,奈良県,,34.6782373,135.8270883,D,寺院,十念寺（じゅうねんじ）は、奈良県奈良市にある浄土宗の仏教寺院。山号は忍性山、正式名称は忍性山愛染院金毘羅十念寺。,
正覚寺,,奈良県,,34.6749691,135.8327597,D,寺院,正覚寺（しょうがくじ）は、奈良県奈良市西紀寺町にある、浄土真宗遣迎院派の寺院である。通称十王堂。,
善福寺,,兵庫県,神戸市,34.7974438,135.2471173,D,寺院,善福寺（ぜんぷくじ）は兵庫県神戸市北区にある曹洞宗に属する仏教寺院。山号は光徳山（こうとくさん）。,
西岸寺,,京都府,,34.9547089,135.7709021,D,寺院,"西岸寺（さいがんじ）は、京都府京都市伏見区深草直違町にある浄土真宗本願寺派の寺である。
同じ伏見区内の下油掛町にある西岸寺（浄土宗。",
杉森八幡社,,愛知県,豊川市,34.859778,137.3049812,D,神社,杉森八幡社（すぎもりはちまんしゃ）は、愛知県豊川市赤坂町に建つ神社である。祭神は天照大神、誉田別尊（応神天皇）、大鷦鷯尊（仁徳天皇）、息長足姫尊（神功皇后）。,
龍源寺,,愛知県,豊川市,34.8759079,137.3209946,D,寺院,,
円通寺,,大阪府,,34.5550394,135.4933745,D,寺院,円通寺（えんつうじ）は、堺市北区にある高野山真言宗の寺院。,
清浄寺,,静岡県,,34.7287898,138.2155603,D,寺院,,
圓福寺,,茨城県,,36.2452772,140.4302283,D,寺院,円福寺（えんぷくじ）は、茨城県東茨城郡茨城町にある天台宗の寺院。,
市神十三騎神社,,秋田県,,39.9483628,140.1148254,D,神社,十三騎神社（じゅうさんきじんじゃ）は、秋田県南秋田郡五城目町にある神社。北弾正とその家臣12名の計13人を祀る。,
極楽寺,,東京都,,35.7424894,139.8282408,D,寺院,極楽寺（ごくらくじ）は、東京都葛飾区にある真言宗豊山派の寺院。,
安房須神社,,千葉県,,35.803675,139.9191388,D,神社,安房須神社（あわすじんじゃ）は、千葉県松戸市新作にある神社。,
弘行寺 長生不動尊,,千葉県,睦沢町,35.3621144,140.3224305,D,寺院,弘行寺（ぐぎょうじ）は、千葉県長生郡睦沢町にある天台宗の寺院。山号は玉明山。,
観龍寺,,長野県,,36.5202369,138.164511,D,寺院,"観龍寺（かんりゅうじ）とは長野県千曲市大峯にある真言宗智山派の寺院である。
本尊は千手観音である。",
川合神社,,新潟県,,37.272926,138.8572579,D,神社,川合神社（かわいじんじゃ）は、新潟県長岡市東川口にある神社。『延喜式神名帳』に魚沼郡五座の一つとして記されている「川合神社」の論社の一つ。,
願正寺,,東京都,,35.7122268,139.6800864,D,寺院,,
常楽院,,東京都,,35.6565978,139.5740657,D,寺院,常楽院（じょうらくいん）は、東京都調布市にある天台宗の寺院。,
真光寺,,東京都,,35.7629906,139.7264632,D,寺院,真光寺（しんこうじ）は、東京都北区にある真言宗智山派の寺院。山号は隆照山、院号は桂徳院。,
長泉寺,,東京都,,35.6710455,139.6101626,D,寺院,,
深川稲荷神社,,東京都,,35.6829217,139.7968857,D,神社,深川稲荷神社（ふかがわいなりじんじゃ）は、東京都江東区清澄にある神社。,
八幡神社,,静岡県,,35.0965691,138.8615015,D,神社,八幡神社（はちまんじんじゃ）は、静岡県沼津市市場町（いちばちょう）にある神社。地名を冠して市場八幡神社（いちばはちまんじんじゃ）とも。,
明照寺,,埼玉県,,35.8955418,139.7200548,D,寺院,明照寺（みょうしょうじ）は、埼玉県さいたま市緑区にある曹洞宗の寺院。,
妙顕寺,,東京都,,35.7144561,139.7660722,D,寺院,妙顕寺（みょうけんじ）は、東京都台東区池之端にある日蓮宗の寺院。山号は栄殊山。,
日置八幡神社,,鹿児島県,,31.5893655,130.3520251,D,神社,せっぺとべ（せっぺ、跳べ）とは、鹿児島県日置市日吉町日置及び、同市日吉町吉利で行われる御田植祭の一種。日置市により無形民俗文化財に指定されている。,
崇福寺,,東京都,,35.753532,139.8650903,D,寺院,崇福寺（そうふくじ）は、東京都葛飾区にある曹洞宗の寺院。,
長勝寺,,東京都,,35.6899225,139.8776839,D,寺院,,
長楽寺,,千葉県,,35.7903757,140.0429124,D,寺院,,
橋場不動院,,東京都,台東区,35.7270249,139.8079148,D,寺院,不動院（ふどういん）は、東京都台東区にある天台宗の寺院。,
諏訪神社,,東京都,,35.7068718,139.7454423,D,神社,,
浄音寺,,岐阜県,,35.5023861,136.8389672,D,寺院,浄音寺（じょうおんじ）は、岐阜県岐阜市三輪にある浄土宗西山禅林寺派の寺院。山号は西谷山。,
妙福寺,,千葉県,,35.7279183,140.8299296,D,寺院,妙福寺（みょうふくじ）は、千葉県銚子市妙見町にある日蓮宗の寺院。山号は海上山。,
宝泉寺,,宮城県,,38.2011962,140.8841622,D,寺院,寳泉寺（ほうせんじ）は、宮城県仙台市太白区にある真言宗智山派の仏教寺院である。本尊は不動明王。,
大輪寺,,新潟県,,38.0561255,139.4079946,D,寺院,大輪寺（だいりんじ）は、新潟県胎内市にある曹洞宗の寺院。,
宝泉寺,,秋田県,,39.2010732,140.4032357,D,寺院,延命山 宝泉寺（えんめいさん ほうせんじ）は、秋田県雄勝郡羽後町西馬音内字裏町に所在する曹洞宗寺院。なお、現代でもしばしば旧字体の寶泉寺で記される。,
熊耳山 慶林寺,,千葉県,,35.8332563,139.9290425,D,寺院,慶林寺（けいりんじ）は、千葉県松戸市にある真言宗豊山派の寺院。,
堀越癪観音,,和歌山県,,34.3402236,135.500191,D,寺院,堀越癪観音（ほりこししゃくかんのん）は、和歌山県伊都郡かつらぎ町に所在する寺院。本尊は十一面観音。,
廣見寺,,埼玉県,,36.0162374,139.0939076,D,寺院,広見寺（こうけんじ、旧字体：廣見寺）は、埼玉県秩父市にある曹洞宗の寺院。,
西光院,,千葉県,,35.9497629,139.8621718,D,寺院,,
福昌寺,,千葉県,,35.8225932,139.9255873,D,寺院,福昌寺（ふくしょうじ）は、千葉県松戸市にある曹洞宗の寺院。1577年（天正5年）に開山した。,
真珠院,,東京都,,35.7130633,139.7453303,D,寺院,真珠院（しんじゅいん）は、東京都文京区にある浄土宗の寺院。,
白毫山 西勝寺,,奈良県,,34.6719728,135.8472091,D,寺院,,
興善寺,,奈良県,,34.6764686,135.8334512,D,寺院,興善寺（こうぜんじ）は、奈良市十輪院畑町にある、浄土宗の寺院。山号は法輪山。,
龍吟山 興雲寺,,鳥取県,智頭町,35.2696403,134.2313537,D,寺院,,
神明宮,,静岡県,,34.7759265,138.0231102,D,神社,神明宮（しんめいぐう、英語: Shimmei Gū）は、静岡県掛川市の神社である。近代社格制度における社格は村社。,
岩井寺,,静岡県,掛川市,34.7381588,138.0367938,D,寺院,岩井寺（がんしょうじ、英語: Ganshō-ji）は、静岡県掛川市の寺院である。山号は佐束山（さづかさん）。,
敷島神社,,埼玉県,,35.8331786,139.5819761,D,神社,敷島神社（しきしまじんじゃ）は、埼玉県志木市本町にある神社。,
七郷神社,,埼玉県,,35.870231,139.7473799,D,神社,七郷神社（ななさとじんじゃ）は、埼玉県川口市の神社。,
妙蓮寺,,東京都,,35.670577,139.8669549,D,寺院,妙蓮寺（みょうれんじ）は、東京都江戸川区にある日蓮宗の寺院。,
真木倉神社,,岐阜県,,35.5811535,136.8670396,D,神社,真木倉神社（まきくらじんじゃ）は、岐阜県美濃市御手洗に鎮座する神社である。旧郷社。,
元昌寺,,岐阜県,,35.3588763,137.0776826,D,寺院,元昌寺（げんしょうじ）は、岐阜県多治見市根本町にある寺院。臨済宗妙心寺派（聖沢派）。,
今城青坂稲実池上神社,,埼玉県,,36.2214837,139.099868,D,神社,今城青坂稲実池上神社（いまきあおさかいなみいけがみじんじゃ）は、埼玉県児玉郡神川町関口の利根川支流の神流川沿いにある神社。,
成田山不動大教会,,東京都,,35.7714551,139.6461384,D,寺院,成田山不動大教会（なりたさんふどうだいきょうかい）は、東京都板橋区にある真言宗智山派の教会（寺院）。,
寺山神社,,神奈川県,小田原市,35.2024754,139.1367252,D,神社,"寺山神社（てらやまじんじゃ）は、神奈川県小田原市根府川（ねぶかわ）にある神社。
片浦地区の中心部、根府川駅や片浦小学校がある根府川地区の中心的な神社である。",
宝積寺,,群馬県,,36.2076483,138.9111816,D,寺院,宝積寺（ほうしゃくじ）は、群馬県甘楽郡甘楽町にある曹洞宗の寺院。,
栗原神社,,神奈川県,座間市,35.4796846,139.4148811,D,神社,栗原神社（くりはらじんじゃ）は、神奈川県座間市栗原中央にある神社。,
台雲寺,,埼玉県,,35.8013081,139.6083552,D,寺院,台雲寺（だいうんじ）は、埼玉県朝霞市にある真言宗智山派の寺院。,
三輪神社,,山梨県,北杜市,35.7885409,138.4235375,D,神社,三輪神社（みわじんじゃ）は、山梨県北杜市須玉町若神子（わかみこ）820にある神社。社格は旧村社。,
天性寺,,栃木県,那須烏山市,36.6500888,140.1495187,D,寺院,天性寺（てんしょうじ）は、栃木県那須烏山市にある曹洞宗の寺院。,
大行寺,,東京都,台東区,35.7212185,139.7694778,D,寺院,大行寺（だいぎょうじ）は、東京都台東区谷中にある日蓮宗の寺院。山号は円妙山。,
修行寺,,東京都,,35.6947565,139.6513585,D,寺院,修行寺（しゅぎょうじ）は、東京都杉並区にある日蓮宗の寺院。,
浄念寺,,埼玉県,,35.9993342,139.5659017,D,寺院,,
法雲寺,,東京都,,35.6497394,139.7136256,D,寺院,,
長樂寺,,東京都,,35.777909,139.7514542,D,寺院,,
真源寺,,神奈川県,,35.3467464,139.4763607,D,寺院,真源寺（しんげんじ）は、神奈川県藤沢市本町三丁目にある浄土宗の寺院。山号は風早山。,
北向地蔵尊,,大阪府,,34.704862,135.4979631,D,寺院,北向地蔵（きたむきじぞう）は、大阪市北区芝田一丁目1番3号にある、阪急三番街南館1階に北向きに祀られている地蔵菩薩。,
天神社,,千葉県,,35.777181,140.04033,D,神社,天神社（てんじんじゃ）は、千葉県白井市にある神社である。旧社格は村社。,
関川神社,,愛知県,,34.8543007,137.3097623,D,神社,,
世尊寺,,新潟県,,37.9726269,138.3690817,D,寺院,世尊寺（せそんじ）は、新潟県佐渡市竹田の日蓮宗寺院。本堂、書院、表門、長屋門、赤門、宝蔵、家財蔵の6棟が登録有形文化財となっている。,
香取神社,,東京都,,35.7829333,139.8694894,D,神社,,
報恩寺,,千葉県,,35.3787379,140.2496242,D,寺院,報恩寺（ほうおんじ）は、千葉県長生郡長南町報恩寺にある真言宗智山派の寺院。山号は雲上山。,
笠上観音正福寺,,千葉県,,35.4529254,140.0081469,D,寺院,正福寺（しょうふくじ）とは、千葉県袖ケ浦市にある真言宗智山派の寺院である。笠上観音（かさがみかんのん）の名で知られる。,
瑞松寺,,大阪府,,34.7530279,135.5390345,D,寺院,瑞松寺（ずいしょうじ）は、大阪府大阪市東淀川区にある浄土真宗本願寺派の寺院。山号は涙池山。,
蓮久寺,,東京都,,35.7231357,139.7514758,D,寺院,,
西光院,,埼玉県,,36.0022158,139.7319029,D,寺院,,
萬福寺,,東京都,,35.789251,139.7938526,D,寺院,萬福寺（まんぷくじ）は、東京都足立区にある真言宗豊山派の寺院。,
延命寺,,東京都,,35.797147,139.7953957,D,寺院,延命寺（えんめいじ）は、東京都足立区にある真言宗豊山派の寺院。新四国四箇領八十八箇所霊場第85番札所。,
宝泉寺,,東京都,,35.7423485,139.8560549,D,寺院,宝泉寺（ほうせんじ）は、東京都葛飾区にある真言宗豊山派の寺院。新四国四箇領八十八箇所霊場第16番札所。,
廣樂寺,,東京都,,35.721008,139.8057826,D,寺院,廣楽寺（こうらくじ）は、東京都台東区にある真宗大谷派系の単立寺院（浄土真宗東本願寺派）。,
志茂熊野神社,,東京都,,35.7836113,139.7323976,D,神社,熊野神社（くまのじんじゃ）は、東京都北区の神社。地名を冠して志茂熊野神社（しもくまのじんじゃ）とも称される。,
雲心寺,,愛知県,,35.1349519,136.9000125,D,寺院,,
善照寺,,東京都,,35.6942532,139.8620714,D,寺院,善照寺（ぜんしょうじ）は、東京都江戸川区にある真言宗豊山派の寺院。,
八坂神社,,福岡県,,33.1584611,130.4676282,D,神社,八坂神社（やさかじんじゃ）は福岡県みやま市瀬高町上庄に鎮座する神社。旧社格は県社。,
八幡神社,,東京都,,35.7873174,139.7912906,D,神社,六月八幡神社（ろくがつはちまんじんじゃ）は東京都足立区の神社。,
立像寺,,石川県,,36.5524422,136.6530115,D,寺院,,
宝林寺,,兵庫県,,34.9158844,134.3524919,D,寺院,宝林寺（ほうりんじ）は、兵庫県赤穂郡上郡町河野原にある真言宗の寺院である。十刹に列せられた。,
妙光山興善寺,,東京都,,35.7116235,139.7532361,D,寺院,興善寺（こうぜんじ）は、東京都文京区西片にある日蓮宗の寺院。山号は妙光山。,
東光寺,,神奈川県,,35.4420086,139.6159599,D,寺院,東光寺（とうこうじ）は神奈川県横浜市南区にある高野山真言宗の仏教寺院である。山号は医王山。,
蓮昌寺,,石川県,,36.5739925,136.6694659,D,寺院,蓮昌寺（れんじょうじ）は石川県金沢市東山にある日蓮宗の寺院。山号は普香山。,
菅田比賣神社,,奈良県,,34.6218113,135.7842293,D,神社,,
實相寺,,埼玉県,,35.9096544,139.6437143,D,寺院,実相寺（じっそうじ）は、埼玉県さいたま市大宮区天沼町にある日蓮宗の寺院。山号は宝樹山。,
正福寺,,神奈川県,,35.5882193,139.5724429,D,寺院,正福寺（しょうふくじ）は、神奈川県川崎市にある天台宗の寺院。詳名は医王山法徳院正福寺（医王山正福寺法徳院）。,
成田山川口不動院; 川口分院; 明王会館,,埼玉県,,35.8004556,139.7220739,D,寺院,成田山川口分院（なりたさん かわぐちぶんいん）は、埼玉県川口市にある真言宗智山派の寺院である。成田山新勝寺（千葉県成田市）の分院で、通称は川口不動院。,
雲龍寺 (高山市),,岐阜県,,36.1454636,137.2641005,D,寺院,,
素玄寺,,岐阜県,,36.1437929,137.2653911,D,寺院,,
鵜田寺,,静岡県,,34.84545,138.1815519,D,寺院,,
観正院,,埼玉県,,35.8470915,139.8150722,D,寺院,,
神宮寺,,千葉県,,35.7017855,140.0531508,D,寺院,,
妙長寺,,神奈川県,,35.3101415,139.5536335,D,寺院,妙長寺（みょうちょうじ）は、神奈川県鎌倉市にある日蓮宗の寺院。,
来迎寺,,神奈川県,,35.3093289,139.5549549,D,寺院,来迎寺（らいこうじ）は、神奈川県鎌倉市材木座二丁目（字能蔵寺）にある時宗の寺院。,
飯塚冨士神社,,東京都,,35.7766409,139.8541122,D,神社,冨士神社（ふじじんじゃ）は、東京都葛飾区の神社。,
恵運寺,,和歌山県,,34.2194867,135.1718002,D,寺院,恵運寺（えうんじ、えいうんじ）は、和歌山県和歌山市吹上にある曹洞宗の寺院。山本勘助縁の山本家による創建。,
正麟寺,,茨城県,,36.2013438,139.7041871,D,寺院,正麟寺（しょうりんじ）は、茨城県古河市横山町（中横山町）にある曹洞宗の寺院。正式には、山号を麒翁山、院号を長時院、寺号を正麟寺という。,
須賀神社,,群馬県,,36.6440571,139.0463016,D,神社,,
妙像寺,,東京都,,35.6657457,139.7354859,D,寺院,妙像寺（みょうぞうじ）は、東京都港区六本木にある日蓮宗の寺院。山号は法輪山。,
円福寺,,愛知県,,35.1218215,136.906728,D,寺院,円福寺（えんぷくじ）は、愛知県名古屋市熱田区神戸町にある時宗の寺院。,
神宮寺,,長野県,,36.360352,138.636247,D,寺院,,
亀松山久寶寺,,東京都,,35.5483844,139.734436,D,寺院,久宝寺（きゅうほうじ）は、東京都大田区にある浄土真宗本願寺派の寺院。,
稲植神社,,京都府,,34.7542949,135.7861575,D,神社,,
延命寺,,岡山県,,34.8560011,133.4832693,D,神社,延命寺（えんめいじ）は岡山県高梁市にある曹洞宗の寺院。山号は若杉山。,
宝珠 稲荷神社,,東京都,,35.6701512,139.7693675,D,神社,宝珠稲荷神社（ほうじゅいなりじんじゃ）は、東京都中央区銀座にある神社である。,
上土朝日稲荷神社,,静岡県,,35.0967096,138.8585716,D,神社,"上土朝日稲荷神社（あげつちあさひいなりじんじゃ）は、静岡県沼津市上土(あげつち)町に所在する神社。
かつて当地に所在した三枚橋城（沼津城の前身）の名残となる神社である。",
増明院,,東京都,,35.5756879,139.6831088,D,寺院,増明院（ぞうみょういん）は、東京都大田区にある真言宗智山派の寺院。,
香取神社,,東京都,,35.7089242,139.8260063,D,神社,,
宮原神社,,和歌山県,,34.0843919,135.1775958,D,神社,宮原神社（みやはらじんじゃ）は和歌山県有田市にある神社である。もとは宮原八幡宮と称した。,
清水寺,,富山県,,36.9327843,137.5728097,D,寺院,清水寺（せいすいじ）は、富山県下新川郡朝日町にある高野山真言宗の寺院。本尊は清水寺式千手千眼観世音菩薩。,
寳藏寺,,東京都,,35.7672292,139.8404254,D,寺院,宝蔵寺（ほうぞうじ）は、東京都足立区にある新義真言宗の寺院。,
円照寺,,東京都,,35.7116627,139.7905327,D,寺院,圓照寺（えんしょうじ）は、東京都台東区にある真宗大谷派の寺院。,
無量寺,,東京都,,35.7038363,139.9102284,D,寺院,,
青龍寺,,岡山県,,34.9953966,133.4880938,D,寺院,,
正願寺,,岐阜県,,35.4246057,137.1664296,D,寺院,正願寺（しょうがんじ）は岐阜県可児郡御嵩町中切にある十一面観世音菩薩を本尊とする臨済宗妙心寺派（龍泉派光國院下）の寺院。東海白寿三十三観音霊場24番札所。,
安楽寺,,長野県,,35.7357551,137.9317884,D,寺院,安楽寺（あんらくじ）は長野県駒ヶ根市にある、浄土宗鎮西義の寺院。山号を鶏頭山と称する。,
弥勒寺,,京都府,,34.9833066,135.6989063,D,寺院,弥勒寺（みろくじ）は京都市西京区桂千代原町にある西山浄土宗の寺院である。本尊は阿弥陀如来。,
本覚寺,,東京都,,35.7645595,139.6214724,D,寺院,本覚寺（ほんがくじ）は、東京都練馬区にある日蓮宗の寺院。,
和光院,,埼玉県,,35.8386729,139.6577598,D,寺院,和光院（わこういん）は、埼玉県さいたま市南区にある真言宗豊山派の寺院。,
天椅立神社,,徳島県,,34.0390654,133.8695013,D,神社,天椅立神社（あまのはしだてじんじゃ）は、徳島県東みよし町にある神社である。,
宝城院,,千葉県,,35.6617052,139.8911614,D,寺院,宝城院（ほうじょういん）は、千葉県浦安市にある真言宗豊山派の寺院。,
真成寺,,石川県,,36.5754599,136.671091,D,寺院,真成寺（しんじょうじ）は、石川県金沢市東山の卯辰山山麓寺院群にある日蓮宗の寺院。山号は妙運山。,
道入庵,,千葉県,,35.7016291,140.0293913,D,寺院,,
東福院,,東京都,,35.6859676,139.7236648,D,寺院,東福院（とうふくいん）は、東京都新宿区にある新義真言宗の寺院。,
鳳徳山 瑞応院,,岩手県,,39.3308496,141.5257942,D,寺院,瑞応院（ずいおういん）は、岩手県遠野市にある臨済宗妙心寺派の寺院。山号は鳳徳山。,
御宿稲荷神社,,東京都,千代田区,35.6899518,139.7665096,D,神社,御宿稲荷神社（おんじゅくいなりじんじゃ）は、東京都千代田区内神田にある神社。,
清水寺,,青森県,,40.4717782,141.4907427,D,寺院,,
智満寺,,静岡県,,34.8913074,138.1619559,D,寺院,智満寺（ちまんじ）は、静岡県島田市にある天台宗の寺院。駿河三十三観音霊場第3番札所。,
正光寺,,静岡県,,35.1552566,138.7609123,D,寺院,正光寺（しょうこうじ）は、静岡県富士市に所在する日蓮正宗の寺院。山号は法榮山（ほうえいざん）。,
善光寺,,東京都,,35.7122256,139.7491775,D,寺院,善光寺（ぜんこうじ）は、東京都文京区にある浄土宗の寺院。,
松林寺,,岐阜県,,35.4895387,136.573522,D,寺院,松林寺（しょうりんじ）は岐阜県揖斐郡揖斐川町三輪にある釈迦如来を本尊とする臨済宗妙心寺派の寺院で、山号は慧照山。揖斐藩主西尾光教、揖斐領主岡田氏ゆかりの寺である。,
利井常見寺,,大阪府,,34.8373279,135.5994005,D,寺院,常見寺（じょうけんじ）は大阪府高槻市にある浄土真宗本願寺派（西本願寺）の寺院である。,
城前寺,,神奈川県,小田原市,35.3051922,139.1876774,D,寺院,城前寺（じょうぜんじ）は、神奈川県小田原市曽我谷津にある浄土宗の寺院。,
浦渡神社,,愛媛県,,33.9405103,133.3109573,D,神社,,
本行寺,,新潟県,,37.9207829,138.4983389,D,寺院,本行寺（ほんぎょうじ）は、新潟県佐渡市松ケ崎にある日蓮宗の寺院。山号は松崎山。,
明忠院,,愛知県,,35.0706221,136.9421634,D,寺院,明忠院（みょうちゅういん）は愛知県名古屋市緑区大高町にある曹洞宗の寺院。山号は孝養山（こうようさん）。,
法泉寺,,千葉県,,35.6944118,139.9196865,D,寺院,法泉寺（ほうせんじ）は、千葉県市川市にある浄土宗の寺院。,
香取神社,,千葉県,,35.8948676,139.9715254,D,神社,,
等正寺,,東京都,,35.7176158,139.6214812,D,寺院,,
本成寺,,神奈川県,,35.3081606,139.4947306,D,寺院,本成寺（ほんじょうじ）は、神奈川県鎌倉市腰越にある日蓮宗の寺院。旧本山は小町本覚寺、潮師法縁。,
専教寺,,広島県,,34.1775644,132.5006463,D,寺院,"専教寺（せんきょうじ）は、広島県呉市音戸町にある浄土真宗本願寺派の寺院。
現住職は17世・吉川紹淳。",
加毛神社,,岐阜県,,35.2737274,136.6501972,D,神社,"加毛神社（かもじんじゃ）は、岐阜県安八郡輪之内町にある神社。
式内社の美濃国安八郡加毛神社であり、全国にある加茂神社（賀茂神社・鴨神社）の一つとされている。",
初富稲荷神社,,千葉県,,35.773609,139.9990451,D,神社,"初富稲荷神社（はつとみいなりじんじゃ）は、千葉県鎌ケ谷市初富本町にある神社である。
初富の鎮守様として知られている。",
常称寺,,広島県,,34.4124641,133.2038312,D,寺院,常称寺（じょうしょうじ）は、広島県尾道市西久保町にある時宗の寺院。,
寶林寺,,東京都,,35.7368643,139.8954671,D,寺院,宝林寺（ほうりんじ）は、東京都江戸川区にある真言宗豊山派の寺院。,
金蔵寺,,東京都,,35.6848014,139.8931262,D,寺院,,
得成寺,,群馬県,,36.2815364,138.9331833,D,寺院,得成寺（とくじょうじ）は、群馬県富岡市にある真言宗豊山派の寺院。,
遊心寺,,愛知県,,35.0620709,137.0480269,D,寺院,,
本行寺,,大阪府,,34.8470087,135.622919,D,寺院,本行寺（ほんぎょうじ）は大阪府高槻市にある日蓮宗の仏教寺院。山号は常智山。,
八幡神社,,東京都,,35.7527076,139.5120743,D,神社,八幡神社（はちまんじんじゃ）は、東京都東久留米市八幡町にある神社。この神社は、氷川神社の兼務社となっているため通常は無人である。,
白泉寺,,東京都,,35.741806,139.7329602,D,寺院,,
日枝神社,,東京都,,35.7362303,139.7558791,D,神社,日枝神社（ひえじんじゃ）は、東京都北区の神社。地名を冠して田端日枝神社（たばたひえじんじゃ）とも称される。,
龍福院,,東京都,,35.707834,139.7859359,D,寺院,,
増林寺,,東京都,,35.6770814,139.7975538,D,寺院,増林寺（ぞうりんじ）は、東京都江東区にある曹洞宗の寺院。,
法立寺,,東京都,,35.7756337,139.8326864,D,寺院,法立寺（ほうりゅうじ）は、東京都足立区谷中にある日蓮宗の寺院。山号は常住山。,
普賢寺,,東京都,,35.7559323,139.837312,D,寺院,普賢寺（ふげんじ）は、東京都葛飾区にある真言宗豊山派の寺院。,
雲晴寺,,兵庫県,,34.6488794,134.9997337,D,寺院,,
白道寺,,福井県,丸岡町,36.1477009,136.2728145,D,寺院,,
戸神社,,兵庫県,,35.4774161,134.7102731,D,神社,戸神社（とのじんじゃ）は、兵庫県豊岡市にある神社。式内社（名神大社）、旧社格は村社、神饌幣帛料供進指定神社。,
真宗大谷派 三河別院,,愛知県,,34.9581174,137.1757812,D,寺院,真宗大谷派三河別院（しんしゅうおおたにはみかわべついん）は、愛知県岡崎市中町字野添25にある真宗大谷派の寺院（別院）。,
長福寺,,東京都,,35.6957721,139.2819825,D,寺院,,
龍谷寺,,東京都,,35.723565,139.7674667,D,寺院,,
妙遠寺,,神奈川県,,35.5274993,139.7049717,D,寺院,妙遠寺（みょうおんじ）は、神奈川県川崎市川崎区宮前町にある日蓮宗の寺院。多摩川流域の治水の大家・小泉次大夫吉次及び田中休愚を讃える「泉田二君功徳碑」がある。,
小村田氷川神社,,埼玉県,,35.8995493,139.6140722,D,神社,氷川神社（ひかわじんじゃ）は、埼玉県さいたま市大宮区の神社。,
大谷場氷川神社,,埼玉県,,35.8455996,139.6682283,D,神社,氷川神社（ひかわじんじゃ）は、埼玉県さいたま市南区の神社。,
明導寺,,熊本県,,32.2771312,130.9822681,D,寺院,明導寺（みょうどうじ）は熊本県球磨郡湯前町にある浄土真宗本願寺派の寺院。,
大念寺,,島根県,,35.3633979,132.7645274,D,寺院,"大念寺（だいねんじ）は、島根県出雲市今市町にある浄土宗の寺院。
山号は佛光山、院号は常照院。",
水神宮,,静岡県,,34.6846027,137.9760418,D,神社,水神宮（すいじんぐう）は、静岡県掛川市にある神社。,
大安寺,,青森県,,41.3975907,141.1634701,D,寺院,大安寺（だいあんじ）は、青森県むつ市大畑町にある、曹洞宗寺院。山号は円祥山。,
智勝院,,岐阜県,,35.4641154,136.6917891,D,寺院,智勝院（ちしょういん）は岐阜県本巣市郡府にある聖観音菩薩を本尊とする曹洞宗の寺院で、山号は大慈山。加納藩主戸田松平氏の菩提寺である。,
昌福寺,,埼玉県,,35.9728781,139.5738591,D,寺院,昌福寺（しょうふくじ）は、埼玉県上尾市にある曹洞宗の寺院。,
四所神社,,兵庫県,,35.6260244,134.8075554,D,神社,四所神社（ししょじんじゃ）は兵庫県豊岡市にある神社。城崎温泉の外湯の一つ「御所の湯」の隣に鎮座する。,
法恩寺,,埼玉県,,35.9621451,139.2971369,D,寺院,法恩寺（ほうおんじ）は、埼玉県入間郡越生町にある真言宗智山派の寺院である。山号は松渓山。,
溝谷神社,,京都府,,35.6552552,135.1113583,D,神社,,
西遊馬氷川神社,,埼玉県,,35.9039605,139.5728103,D,神社,氷川神社（ひかわじんじゃ）は、埼玉県さいたま市西区の神社。,
竹塚神社,,東京都,,35.7955014,139.7943602,D,神社,竹塚神社（たけつかじんじゃ）は、東京都足立区の神社。,
龍光院,,東京都,,35.6800235,139.8035682,D,寺院,,
大妙寺,,京都府,,34.9714528,135.6871774,D,寺院,大妙寺（だいみょうじ）は、京都市西京区樫原にある日蓮宗の寺院。洛中法華21ヶ寺の一つ。,
祖母井神社,,栃木県,,36.5535729,140.0613286,D,神社,,
長松寺,,神奈川県,,35.4945223,139.387392,D,寺院,,
松明院,,愛知県,,35.0265076,137.1675485,D,寺院,松明院（しょうみょういん）は、愛知県岡崎市細川町にある浄土宗の寺院。岡崎観光きらり百選に選定されている。,
安養寺,,東京都,,35.6869851,139.8948982,D,寺院,安養寺（あんようじ）は、東京都江戸川区にある浄土宗の寺院。旧本山は浄興寺。,
観智院,,東京都,,35.7239499,139.7682246,D,寺院,,
田中山神社,,広島県,,34.4772278,132.4499806,D,神社,,
椿神社,,東京都,,35.5649718,139.7254705,D,神社,椿神社（つばきじんじゃ）は東京都大田区の神社。宗教法人格はないが、本務社の蒲田八幡神社では兼務社扱いとなっている。,
法善寺,,東京都,,35.7141712,139.7837528,D,寺院,法善寺（ほうぜんじ）は、東京都台東区にある浄土真宗東本願寺派に属する寺院。,
瑞泉寺,,東京都,,35.7217896,139.8029011,D,寺院,瑞泉寺（ずいせんじ）は、東京都台東区にある浄土宗の寺院。,
正覚院,,東京都,,35.803947,139.8146932,D,寺院,正覚院（しょうがくいん）は、東京都足立区花畑にある真言宗豊山派の寺院。山号は鷲王山（『新編武蔵風土記稿』によれば、鷲尾山）。,
東福院,,東京都,,35.7113528,139.8635499,D,寺院,東福院（とうふくいん）は、東京都江戸川区にある真言宗豊山派の寺院。,
妙光寺,,東京都,,35.7074258,139.838579,D,寺院,妙光寺（みょうこうじ）は、東京都江戸川区にある日蓮宗の寺院。,
大龍寺,,東京都,,35.7021382,139.721687,D,寺院,大龍寺（だいりゅうじ）は、東京都新宿区にある曹洞宗の寺院。山号は起雲山。,
八幡春日神社,,千葉県,,35.7594812,139.9836865,D,神社,八幡春日神社（はちまんかすがじんじゃ）は、千葉県鎌ケ谷市の神社。,
來恩寺,,大阪府,,34.6078259,135.6331098,D,寺院,来恩寺（らいおんじ）は、大阪府八尾市恩智中町にある融通念仏宗の寺院。山号は一心山。,
妙蓮寺,,千葉県,,35.829876,139.9801905,D,寺院,妙蓮寺（みょうれんじ）は、千葉県柏市にある日蓮宗の寺院。,
松秀寺,,東京都,,35.6427799,139.7333798,D,寺院,松秀寺（しょうしゅうじ）は、東京都港区にある時宗の寺院。,
本照寺,,東京都,,35.6173346,139.7418899,D,寺院,本照寺（ほんしょうじ）は、東京都品川区にある日蓮宗の寺院。,
金蔵寺,,東京都,,35.6535735,139.7340853,D,寺院,,
勝光寺,,京都府,,34.9981568,135.7476818,D,寺院,勝光寺（しょうこうじ）は、京都府京都市下京区にある日蓮宗の寺院。山号は学養山。,
知楽院,,埼玉県,,35.9462569,139.7121879,D,寺院,,
轟神社,,徳島県,,33.8472465,134.5788083,D,神社,,
法運寺,,宮城県,仙台市,38.2527705,140.8932363,D,寺院,法運寺（ほううんじ）は、宮城県仙台市若林区連坊にある日蓮宗の寺院である。山号は広潤山という。,
大徳寺,,埼玉県,,35.8492695,139.721259,D,寺院,大徳寺（だいとくじ）は、埼玉県川口市道合にある真言宗豊山派の寺院である。山号は安養山、院号は無量寿院（むりょうじゅいん）。,
圓能寺,,千葉県,,35.8014015,139.9366547,D,寺院,圓能寺（えんのうじ）は、千葉県松戸市にある真言宗豊山派の寺院。,
西正寺,,福岡県,,33.5169529,130.5286739,D,寺院,,
東宗院,,徳島県,,34.0722483,134.5436404,D,寺院,東宗院（とうしゅういん）は、徳島県徳島市に位置する高野山真言宗の寺院である。山号は日照山。,
鎧地蔵堂,,奈良県,,34.6761745,135.8371422,D,寺院,,
顕光寺,,静岡県,掛川市,34.8911462,138.0127322,D,寺院,,
普門院,,和歌山県,,34.2143893,135.5868583,D,寺院,普門院（ふもんいん）は、和歌山県伊都郡高野町高野山にある高野山真言宗の別格本山。本尊は大日如来。,
専称寺,,栃木県,,36.9571309,140.1596859,D,寺院,専称寺（せんしょうじ）は、栃木県那須郡那須町にある時宗の寺院。,
蛭子嶋神社,,京都府,,34.9016623,135.7889691,D,神社,,
本願寺北山別院,,京都府,,35.0426516,135.795477,D,寺院,本願寺北山別院（ほんがんじきたやまべついん）は、京都府京都市左京区にある浄土真宗本願寺派の直属寺院。 住職は浄土真宗本願寺派門主が兼ねるが、別院輪番が置かれて実務を主管している。,
念佛寺,,大阪府,,34.6278237,135.587697,D,寺院,念佛寺（ねんぶつじ）は、大阪府八尾市にある融通念仏宗の寺院。山号は龍興山。,
勝廣寺,,新潟県,,38.080746,138.4357359,D,寺院,智慧海山勝廣寺（ちえかいざんしょうこうじ）は、新潟県佐渡市にある真宗大谷派の寺院。,
慈眼寺,,兵庫県,,34.7998682,135.3838822,D,寺院,慈眼寺（じげんじ）は兵庫県伊丹市にある曹洞宗の寺院である。山号は僊園山。,
守徳寺,,茨城県,,35.9747251,140.1063571,D,寺院,守徳寺（しゅとくじ）は、茨城県つくば市下岩崎にある曹洞宗の寺院。本尊は釈迦牟尼仏。,
赤羽別院　親宣寺,,愛知県,,34.8210208,137.0188941,D,寺院,,
善照寺,,千葉県,,35.6843831,139.9104841,D,寺院,善照寺（ぜんしょうじ）は、千葉県市川市にある浄土宗の寺院。,
長光寺,,埼玉県,,35.8439062,139.2749856,D,寺院,,
冬木弁天堂,,東京都,,35.6753738,139.800159,D,寺院,冬木弁天堂（ふゆきべんてんどう）は、東京都江東区にある真言宗系の単立寺院。,
大山寺,,広島県,,34.4132531,133.2024599,D,寺院,大山寺（たいさんじ）は広島県尾道市にある真言宗醍醐派の寺院。詳名は米瑠山天神坊大山寺。,
蓮覚寺,,石川県,,36.5767861,136.6688409,D,寺院,,
日浄寺,,宮城県,仙台市,38.2842243,140.8687175,D,寺院,日浄寺（にちじょうじ）は、宮城県仙台市青葉区に所在する日蓮正宗の寺院。山号は上方山（じょうほうざん）。,
法華寺,,香川県,,34.309815,133.9625435,D,寺院,法華寺（ほっけじ）は、香川県高松市にある真宗興正派の寺院。山号は大慈山。,
清谷寺,,福岡県,,33.6591563,130.4964758,D,寺院,清谷寺（せいこくじ）は、福岡県糟屋郡久山町にある、臨済宗妙心寺派の禅寺。山号は霊應山。,
日和佐八幡神社,,徳島県,美波町,33.7349021,134.5403324,D,神社,日和佐八幡神社（ひわさはちまんじんじゃ）は、徳島県美波町にある神社である。旧社格は郷社。,
本寿寺,,東京都,,35.7194692,139.7662971,D,寺院,本寿寺（ほんじゅじ）は、東京都台東区谷中にある日蓮宗の仏教寺院である。山号は栄源山。,
大和田神社,,長野県,,36.4299836,137.8352937,D,神社,大和田神社（おおわだじんじゃ）は、長野県北安曇郡松川村にある神社である。,
専称院,,東京都,,35.7535596,139.6960144,D,寺院,専称院（せんしょういん）は、東京都板橋区にある浄土宗の寺院。,
正覚寺,,東京都,,35.7327599,139.7696263,D,寺院,正覚寺（しょうがくじ）は、東京都荒川区にある曹洞宗の寺院。,
燈明寺,,東京都,,35.7155531,139.7850874,D,寺院,燈明寺（とうみょうじ）は、東京都台東区にある天台宗の寺院。,
宗念寺,,東京都,,35.7441786,139.870498,D,寺院,宗念寺（そうねんじ）は、東京都葛飾区にある真宗大谷派の寺院。,
浄光寺,,東京都,,35.6404462,139.6467572,D,寺院,浄光寺（じょうこうじ）は、東京都世田谷区にある浄土宗の寺院。,
高根寺,,千葉県,,35.7197031,140.0054899,D,寺院,,
医王寺,,愛知県,,34.9994166,136.9878548,D,寺院,医王寺（醫王寺、いおうじ）は、愛知県刈谷市高津波町2丁目93にある曹洞宗の寺院である。山号は宝勝山。,
大林寺,,大阪府,,34.5791203,135.5371815,D,寺院,大林寺（だいりんじ）は、大阪府松原市にある融通念仏宗の寺院。山号は布忍山。,
賀茂神社,,福岡県,,33.5529113,130.3395393,D,神社,,
羽黒神社,,千葉県,,35.713909,139.9527572,D,神社,,
妙法寺,,東京都,,35.7345547,139.8667084,D,寺院,妙法寺（みょうほうじ）は、東京都葛飾区にある日蓮宗の寺院。,
松林寺,,千葉県,,35.7197711,140.2358881,D,寺院,松林寺（しょうりんじ）は、千葉県佐倉市にある浄土宗の寺院。山号は玉宝山。,
吉祥寺,,和歌山県,,34.0478338,135.338007,D,寺院,吉祥寺は、和歌山県有田郡有田川町にある浄土宗の寺院である。薬師堂が国の重要文化財、粟生のおも講と堂徒式が国の重要無形民俗文化財に指定されている。,
鞆結神社,,滋賀県,,35.4896525,136.0614759,D,神社,大荒比古神社・鞆結神社（おおあらひこじんじゃ・ともゆいじんじゃ）は、滋賀県高島市マキノ町浦に鎮座する神社である。,
蜂穴神社,,香川県,,34.3381148,134.0325208,D,神社,,
法性寺,,大阪府,,34.6699172,135.5152475,D,寺院,法性寺（ほっしょうじ）は、大阪市中央区中寺にある日蓮宗の寺院。山号は真如山。,
平等山　本性寺,,東京都,,35.6842054,139.7211354,D,寺院,本性寺（ほんしょうじ）は、東京都新宿区にある日蓮宗の寺院。,
永宮寺,,福井県,,36.2146664,136.2300312,D,寺院,永宮寺（えいぐうじ）は、福井県あわら市にある浄土真宗東本願寺派の寺院。山号は金津山。,
袋宮寺,,青森県,,40.5963171,140.4663047,D,寺院,,
杉山神社,,神奈川県,,35.5417007,139.5363011,D,神社,杉山神社（すぎやまじんじゃ）は、神奈川県横浜市青葉区千草台にある神社。,
真光寺,,千葉県,,35.6103826,140.4727807,D,寺院,真光寺（しんこうじ）は、千葉県山武市松尾町借毛本郷（かしけほんごう）にある天台宗の寺院。遍照山地蔵院真光寺、本尊は地蔵菩薩。,
北舘神社,,山形県,,38.7866723,139.9754828,D,神社,北舘神社（きただてじんじゃ）は、山形県東田川郡庄内町にある神社である。山形藩最上家家臣の北楯大学助利長を祭神とし、大学様と通称される。,
立増寺,,東京都,,35.7635086,139.8569847,D,寺院,,
観性寺,,群馬県,,36.2496151,139.5289442,D,寺院,,
天神社,,埼玉県,,35.9342767,139.6723104,D,神社,天神社（てんじんしゃ）は、埼玉県さいたま市見沼区の神社。,
尾張三社,,愛知県,,34.9107627,136.962293,D,神社,尾張三社（おわりさんしゃ）は、愛知県半田市亀崎町10丁目140番地にある神社。,
柳原稲荷神社,,東京都,,35.7478379,139.8128776,D,神社,,
源長寺,,埼玉県,,35.8456944,139.7390928,D,寺院,源長寺（げんちょうじ）は、埼玉県川口市にある浄土宗の寺院。,
雷神社,,兵庫県,,35.5124093,134.8092158,D,神社,,
宝金剛寺,,神奈川県,小田原市,35.2859897,139.2076811,D,寺院,宝金剛寺（ほうこんごうじ）は、神奈川県小田原市にある東寺真言宗の寺院。,
宗格院,,東京都,,35.6595388,139.3098615,D,寺院,宗格院（そうかくいん）は、東京都八王子市にある曹洞宗寺院。山号は良价山。,
小松神社,,埼玉県,,36.1563453,139.5271707,D,神社,小松神社（こまつじんじゃ）は、埼玉県羽生市の神社。,
昌清院,,神奈川県,,35.3379569,139.5270666,D,寺院,昌清院（しょうせいいん）は、神奈川県鎌倉市にある臨済宗円覚寺派の寺院。,
勝岡神社,,愛媛県,,33.8965586,132.7242931,D,神社,勝岡八幡神社（かつおかはちまんじんじゃ）は、愛媛県松山市の勝岡町にある神社である。,
大長寺,,埼玉県,,36.1420262,139.4649822,D,寺院,大長寺（だいちょうじ）は、埼玉県行田市にある浄土宗の寺院。,
浄光寺,,東京都,,35.8042184,139.7751333,D,寺院,浄光寺（じょうこうじ）は、東京都足立区古千谷本町二丁目にある浄土宗の寺院。なお、約1キロメートル東の東伊興に同名の寺があるが、そちらは浄土真宗本願寺派の寺院である。,
総持寺,,兵庫県,,35.4801769,134.8787856,D,寺院,,
法華寺,,東京都,,35.7077348,139.8030968,D,寺院,法華寺（ほっけじ）は、東京都墨田区にある日蓮宗の寺院。,
医王寺,,東京都,,35.7513231,139.8810288,D,寺院,医王寺（いおうじ）は、東京都葛飾区にある真言宗豊山派の寺院。柴又七福神の一つ（恵比寿天）である。,
寶持院,,東京都,,35.7586053,139.8532996,D,寺院,宝持院（ほうじいん）は、東京都葛飾区にある真言宗豊山派の寺院。新四国四箇領八十八箇所霊場第14番札所。,
自性院,,東京都,,35.6944782,139.8303929,D,寺院,,
氷川神社,,東京都,,35.7547438,139.682643,D,神社,氷川神社（ひかわじんじゃ）は東京都板橋区の神社。地名を冠して東新町氷川神社（とうしんちょうひかわじんじゃ）とも称される。,
長福寺,,東京都,,35.670836,139.4742478,D,寺院,,
長性寺,,東京都,,35.7642161,139.8170571,D,寺院,,
無量光寺,,兵庫県,,34.6448287,134.9817999,D,寺院,無量光寺（むりょうこうじ）は兵庫県明石市にある浄土宗の寺院。山号は月浦山、本尊は阿弥陀如来。,
吉保八幡神社,,千葉県,鴨川市,35.1307425,140.0182347,D,神社,吉保八幡神社（きっぽはちまんじんじゃ）は、千葉県鴨川市仲（安房国長狭郡）にある神社。旧社格は郷社。,
来迎寺,,大阪府,,34.5030295,135.4864824,D,寺院,来迎寺（らいごうじ）は、大阪府堺市にある高野山真言宗の寺院。,
曽我兄弟ノ宮,,千葉県,,35.714624,140.5416279,E,神社,曽我兄弟ノ宮（そがきょうだいのみや）は、千葉県匝瑳市山桑にある神社である。曾我兄弟に仕えた鬼王兄弟が曾我兄弟二人の遺品を故郷へ持ち帰り、弔ったものである。,
荒木神社,,静岡県,,35.0597063,138.9415969,E,神社,,
宗久寺,,岐阜県,,35.4457373,137.4337935,E,寺院,宗久寺（そうきゅうじ）は、岐阜県恵那市東野にある観世音菩薩を本尊とする曹洞宗の寺院。山号は萬松山。,
高応寺,,埼玉県,,35.8489521,139.8828399,E,寺院,,
常楽寺,,群馬県,,36.2778308,139.5138584,E,寺院,常楽寺（じょうらくじ）は、群馬県館林市木戸町にある真言宗豊山派の寺院である。,
香取神社,,千葉県,,35.8885094,139.9009849,E,神社,,
天祖神社,,東京都,,35.7126124,139.8415675,E,神社,天祖神社（てんそじんじゃ）は、東京都江戸川区の神社。地名を冠して平井天祖神社（ひらいてんそじんじゃ）とも。,
大蓮寺,,千葉県,浦安市,35.661766,139.8905982,E,寺院,大蓮寺（だいれんじ）は、千葉県浦安市にある浄土宗の寺院。,
多聞院,,埼玉県,,35.959591,139.654459,E,寺院,多聞院（たもんいん）は、埼玉県さいたま市見沼区にある真言宗智山派の寺院。,
西福寺,,千葉県,,35.6971693,139.9941344,E,寺院,,
素波里神社,,秋田県,,40.3327531,140.2200433,E,神社,,
長建寺,,東京都,,35.7960026,139.8206998,E,寺院,,
神宮寺,,茨城県,,36.1974984,139.7056313,E,寺院,,
観蔵院,,東京都,,35.7084047,139.7854488,E,寺院,,
覚住寺,,兵庫県,,34.2785398,134.7976875,E,寺院,,
清亮寺,,東京都,,35.7543601,139.8078609,E,寺院,清亮寺（せいりょうじ）は、東京都足立区にある日蓮宗の寺院。,
我孫子香取神社,,千葉県,,35.8695415,140.0136821,E,神社,,
桐岳寺,,島根県,,35.4824786,133.0513357,E,寺院,桐岳寺（とうかくじ）は、島根県松江市奥谷町にある曹洞宗の寺院で、初代松江藩主堀尾忠氏の次男・小次郎の菩提寺。境内には、五輪塔形式の小次郎の墓、五百羅漢などがある。,
妙行寺,,香川県,,34.2862807,133.7943422,E,寺院,妙行寺（みょうぎょうじ）は、香川県丸亀市に所在する日蓮正宗の寺院。山号は円宗山（えんしゅうさん）。,
開眼寺,,長野県,,36.515693,138.0735739,E,寺院,,
本稱寺,,静岡県,,34.7034793,137.7258424,E,寺院,本称寺（ほんしょうじ）は、静岡県浜松市中央区にある浄土真宗本願寺派の寺院。,
寶昌寺,,東京都,,35.691951,139.6316673,E,寺院,宝昌寺（ほうしょうじ）は、東京都杉並区にある曹洞宗の寺院。,
善龍寺,,東京都,,35.6622886,139.322819,E,寺院,善龍寺（ぜんりゅうじ）は、東京都八王子市本郷町にある日蓮宗の寺院。山号は興栄山。,
長命寺,,東京都,,35.7550763,139.687416,E,寺院,,
八所社・熊野社合殿,,愛知県,,35.3110951,136.9478472,E,神社,八所社・熊野社合殿（はっしょしゃ・くまのしゃごうでん）は、愛知県小牧市にある八所神社と熊野神社の合殿（神社）。境内には小松寺砦跡がある。,
茂宇気神社,,鳥取県,,35.4265703,134.0147209,E,神社,,
高室神社,,静岡県,,34.6744718,138.0056405,E,神社,,
天榮寺,,東京都,,35.724526,139.7532155,E,寺院,天栄寺（てんえいじ）は、東京都文京区にある浄土宗の寺院。,
専長寺,,愛知県,,34.7976129,137.072039,E,寺院,専長寺（せんちょうじ）は、愛知県西尾市吉良町吉田斉藤久にある浄土宗西山深草派の寺院。,
養福寺,,東京都,,35.7605671,139.8274521,E,寺院,,
寶積院,,東京都,,35.7961091,139.799199,E,寺院,宝積院（ほうしゃくいん）は、東京都足立区にある真言宗豊山派の寺院。新四国四箇領八十八箇所霊場第84番札所。,
宝持院,,埼玉県,,35.8117825,139.796642,E,寺院,宝持院（ほうじいん）は、埼玉県草加市にある真言宗豊山派の寺院。,
安福寺,,東京都,,35.7835248,139.8496042,E,寺院,安福寺（あんぷくじ）は、東京都葛飾区にある真言宗豊山派の寺院。,
西光寺,,東京都,,35.744309,139.8356839,E,寺院,,
眞禅寺,,東京都,,35.7305227,139.8499597,E,寺院,,
龍寳寺,,東京都,,35.7059957,139.7886901,E,寺院,,
南松寺,,東京都,,35.7548428,139.642166,E,寺院,南松寺（なんしょうじ）は、東京都練馬区にある真宗高田派の寺院。,
小松寺,,千葉県,,34.9683744,139.9101454,E,寺院,小松寺（こまつじ）は、千葉県南房総市千倉町大貫にある、真言宗智山派の寺院。山号は檀特山。,
宇佐八幡神社,,徳島県,,33.9620858,134.3107291,E,神社,宇佐八幡神社（うさはちまんじんじゃ）は、徳島県名西郡神山町に鎮座する神社。辰の宮の名で知られている。,
大光寺,,千葉県,,35.8693069,140.0147354,E,寺院,大光寺（だいこうじ）は、千葉県我孫子市にある真言宗豊山派の寺院。,
性海寺,,福井県,,36.2118469,136.1532061,E,寺院,性海寺（しょうかいじ）は、福井県坂井市三国町にある真言宗智山派の寺院。山号は金剛宝山。,
一行院,,東京都,,35.7241644,139.7454522,E,寺院,一行院（いちぎょういん）は、東京都文京区にある浄土宗の寺院。,
本妙寺,,東京都,,35.6437692,139.7280018,E,寺院,本妙寺（ほんみょうじ）は、東京都港区白金にある日蓮宗の寺院。山号は金峯山。,
徳雲寺,,東京都,,35.7157629,139.7386175,E,寺院,徳雲寺（とくうんじ）は、東京都文京区にある臨済宗円覚寺派の寺院。,
源聖寺,,大阪府,,34.6639072,135.5114529,E,寺院,源聖寺（げんしょうじ）は、大阪府大阪市天王寺区下寺町にある浄土宗の寺院。山門及び庫裏が国の登録有形文化財となっている。,
矢柄神社,,静岡県,,34.669396,138.035849,E,神社,矢柄神社（やがらじんじゃ）は、静岡県掛川市（旧大東町）に鎮座する神社。,
心月院,,東京都,,35.6957608,139.648349,E,寺院,心月院（しんげついん）は、東京都杉並区にある曹洞宗の寺院。,
山梨岡神社,,山梨県,山梨市,35.6790292,138.691784,E,神社,山梨岡神社（やまなしおかじんじゃ）は、山梨県山梨市の神社である。式内社の「山梨岡神社」を主張する旧郷社。,
金龍寺,,群馬県,,36.3097201,139.3724853,E,寺院,,
種徳院,,栃木県,佐野市,36.3777578,139.5594805,E,寺院,,
寶蓮寺,,東京都,,35.7626178,139.8575634,E,寺院,宝蓮寺（ほうれんじ）は、東京都葛飾区にある真言宗豊山派の寺院。新四国四箇領八十八箇所霊場第27番札所。,
浄久寺,,長野県,阿智村,35.4472349,137.7382017,E,寺院,浄久寺（じょうきゅうじ）は長野県阿智村にある浄土宗の寺院。山号を米沢山、院号を泰栄院と称する。,
茶屋町稲荷神社,,岡山県,,34.5814575,133.8293718,E,神社,,
法福寺,,東京都,,35.7401514,139.7340119,E,寺院,法福寺（ほうふくじ）は、東京都豊島区にある曹洞宗の寺院。,
覚蔵寺,,東京都,,35.6702591,139.6317761,E,寺院,,
無量寿寺,,茨城県,,36.192334,140.450484,E,寺院,,
法華寺,,大阪府,堺市,34.5535168,135.4977601,E,寺院,法華寺（ほっけじ）は、大阪府堺市北区にある日蓮宗の寺院。和泉西国三十三箇所第9番札所。,
禅海寺,,京都府,,35.6130136,135.222126,E,寺院,禅海寺（ぜんかいじ）は、京都府宮津市字日置4335にある臨済宗妙心寺派の寺院。山号は百丈山。,
春日神社,,京都府,京丹後市,35.6578469,135.0863229,E,神社,春日神社（かすがじんじゃ）は、京都府京丹後市弥栄町和田野にある神社。旧社格は村社。,
八王子神社,,埼玉県,,35.8859216,139.6130999,E,神社,八王子神社（はちおうじじんじゃ）は、埼玉県さいたま市中央区の神社。なお、同じ境内に与野浅間神社があるが、本社・摂末社の関係ではなく独立しており、宗教法人も別である。,
毘沙門天(善國寺),,東京都,,35.7014555,139.7394777,E,寺院,,
天神社,,埼玉県,,35.8773572,139.6250639,E,神社,天神社（てんじんしゃ）は、埼玉県さいたま市中央区の神社。,
五反田神社,,神奈川県,,35.6144369,139.5437319,E,神社,五反田神社（ごたんだじんじゃ）は、神奈川県川崎市多摩区三田一丁目に鎮座する神社である。,
西蓮寺,,千葉県,,35.7842242,139.8967275,E,寺院,,
天寧寺,,愛知県,,35.1570746,136.9019097,E,寺院,天寧寺（てんねいじ）は、 愛知県名古屋市中区門前町にある曹洞宗の寺院。山号は玉琳山（ぎょくりんざん）。,
春日神社,,東京都,,34.6878879,139.4154825,E,神社,春日神社（かすがじんじゃ）は、東京都大島町（伊豆大島）にある神社。,
大法寺,,東京都,,35.6965869,139.6479733,E,寺院,大法寺（だいほうじ）は、東京都杉並区にある日蓮宗の寺院。,
天洲寺,,埼玉県,,36.1621968,139.4860344,E,寺院,天洲寺（てんしゅうじ）は、埼玉県行田市にある曹洞宗の寺院。,
泉福寺 (横須賀市),,神奈川県,,35.2625304,139.686412,E,寺院,泉福寺（せんぷくじ）は、神奈川県横須賀市三春町にある日蓮宗の寺院。山号は照本山。,
二ノ宮神社,,静岡県,,34.7203875,138.0424669,E,神社,二宮神社（にのみやじんじゃ、英語: Ninomiya Jinja）は、静岡県掛川市の神社である。近代社格制度における社格は村社。,
龍神社,,千葉県,,35.7045259,139.9693281,E,神社,,
妙見山 常福寺,,岡山県,岡山市,34.6701084,133.8989659,E,寺院,常福寺（じょうふくじ）は、岡山県岡山市北区にある真言宗（単立）の寺院。山号は妙見山。,
菖蒲神社,,埼玉県,,36.0678948,139.6040833,E,神社,,
狭野神社,,石川県,能美市,36.4287503,136.5121226,E,神社,狭野神社（さのじんじゃ）は、石川県能美市佐野町にある神社である。式内社で、旧社格は県社。,
正覚寺,,愛知県,,34.9889197,136.9897352,E,寺院,正覚寺（しょうかくじ）は、愛知県刈谷市寺横町にある真宗大谷派の寺院。山号は大音山。,
上一色天祖神社,,東京都,,35.7321621,139.8738657,E,神社,天祖神社（てんそじんじゃ）は、東京都江戸川区の神社。,
実相寺,,埼玉県,,35.7951955,139.7416239,E,寺院,実相寺（じっそうじ）は、埼玉県川口市領家にある日蓮宗の寺院。山号は本覚山。,
照明寺,,東京都,,35.7150632,139.8671258,E,寺院,,
法泉寺,,京都府,,34.8123683,135.7855688,E,寺院,,
寿昌院,,東京都,,35.7139993,139.8769967,E,寺院,寿昌院（じゅしょういん）は、東京都江戸川区にある黄檗宗の寺院。,
氷川神社,,東京都,,35.7748908,139.8528205,E,神社,氷川神社（ひかわじんじゃ）は東京都足立区の神社。旧地名を冠して大谷田氷川神社（おおやたひかわじんじゃ）とも称される。,
真隆寺,,千葉県,,35.7726838,139.9405483,E,寺院,,
大珠院,,東京都,,35.7457103,139.8810563,E,寺院,大珠院（だいしゅいん）は、東京都葛飾区にある真言宗豊山派の寺院。,
加茂神社,,千葉県,,35.1330012,140.0326932,E,神社,加茂神社（かもじんじゃ）は、千葉県鴨川市成川にある神社。長狭街道に隣接しており、周囲の地名から主基加茂神社（すきかもじんじゃ）とも呼ばれる。,
天祖神社,,東京都,,35.7357092,139.8625184,E,神社,天祖神社（てんそじんじゃ）は東京都葛飾区の神社。,
久下戸氷川神社,,埼玉県,,35.8905448,139.544652,E,神社,氷川神社（ひかわじんじゃ）は、埼玉県川越市の神社。地名を冠して、久下戸氷川神社（くげどひかわじんじゃ）とも称される。,
法立寺,,青森県,弘前市,40.5951332,140.4633885,E,寺院,,
龍泉院,,千葉県,,35.8369526,140.0431261,E,寺院,,
美和神社,,岡山県,,34.675348,134.1448327,E,神社,美和神社（みわじんじゃ）は、岡山県瀬戸内市長船町東須恵にある神社。祭神は大物主命。,
青目寺,,広島県,,34.5937821,133.237637,E,寺院,,
本城寺,,千葉県,,35.5355669,140.3928696,E,寺院,本城寺（ほんじょうじ）は、千葉県東金市に所在する日蓮正宗の寺院。山号は後生山（ごしょうざん）。,
常仙院,,東京都,,35.576032,139.7052423,E,寺院,常仙院（じょうせんいん）は、東京都大田区池上にある、日蓮宗の寺院。池上本門寺の子院。,
白山神社,,愛媛県,,33.9282632,133.2867704,E,神社,白山神社（はくさんじんじゃ）は、愛媛県新居浜市中村にある神社。,
八坂神社,,兵庫県,,34.8256819,135.3893727,E,神社,"八阪神社（やさかじんじゃ）は兵庫県宝塚市平井にある神社である。
旧川辺郡平井村の村社。",
大野天満宮,,千葉県,,35.7556303,139.9537693,E,神社,大野天満宮（おおのてんまんぐう）は、千葉県市川市にある日蓮宗の寺院の本光寺の境内に鎮座する神社（境内社）。,
伊波止和気神社,,福島県,,37.1012504,140.5283721,E,神社,伊波止和気神社（いわとわけじんじゃ）は、福島県石川郡古殿町にある神社。式内小社で、旧社格は村社。,
正徳寺,,東京都,,35.6185835,139.7427071,E,寺院,正徳寺（しょうとくじ）は、東京都品川区にある真宗大谷派の寺院。,
安詳寺,,東京都,,35.5821187,139.6947301,E,寺院,安詳寺（あんじょうじ）は、東京都大田区にある日蓮宗の寺院。,
福聚院,,東京都,,35.7117587,139.7462607,E,寺院,,
薬師寺,,徳島県,,34.0878843,134.5343348,E,寺院,薬師寺（やくしじ）は、徳島県徳島市北田宮に位置する寺院である。山号は千松山。,
妙性山　正覚寺,,東京都,,35.6842588,139.720552,E,寺院,正覚寺（しょうがくじ）は、東京都新宿区にある日蓮宗の寺院。旧本山は身延久遠寺。,
八幡神社,,香川県,,34.1283487,133.5345102,E,神社,伊吹八幡神社（いぶきはちまんじんじゃ）は、香川県観音寺市伊吹町263にある神社。伊吹島の氏神である。,
梅英寺,,岐阜県,,35.4875687,136.6716993,E,寺院,梅英寺（ばいえいじ）は、岐阜県本巣市曽井中島にある臨済宗妙心寺派の寺院。山号は江南山。,
西光寺,,東京都,,35.6002145,139.7328663,E,寺院,,
光明寺,,長野県,飯田市,35.4770478,137.7801218,E,寺院,光明寺（こうみょうじ）は長野県飯田市久米にある真言宗智山派の古刹。山号を円行山と称する。,
尊勝院,,茨城県,,36.1970767,139.7064869,E,寺院,尊勝院（そんしょういん）は、茨城県古河市本町（二丁目）にある真言宗豊山派の寺院。山号を明王山、寺号を安楽寺、院号を尊勝院という。,
元宿堰稲荷神社,,東京都,,35.7544239,139.7910803,E,神社,元宿堰稲荷神社（もとじゅくぜきいなりじんじゃ）は、東京都足立区千住桜木にある神社である。旧「千住四本煙突守護社」。,
宗玄寺,,兵庫県,,35.0203708,135.1542629,E,寺院,宗玄寺（そうげんじ）は、丹波篠山市古市にある真宗大谷派の寺院。赤穂浪士ゆかりの寺として知られる。,
延重寺,,東京都,,35.6637858,139.6521181,E,寺院,延重寺（えんじゅうじ）は、東京都世田谷区にある浄土真宗本願寺派の寺院。,
八坂神社,,千葉県,,35.8084133,139.9443111,E,神社,佐野八坂神社（さのやさかじんじゃ）は、千葉県松戸市金ヶ作164に鎮座する神社。全国に存在する八坂神社のうちの一つ。,
長念寺,,神奈川県,,35.622689,139.5574666,E,寺院,,
智明寺 繁成寺,,東京都,,35.6587869,139.7227583,E,寺院,繁成寺（はんじょうじ）は、東京都港区にある浄土宗の寺院。,
月日神社,,奈良県,,34.6818867,135.8232023,E,神社,月日神社（つきひじんじゃ）は奈良県奈良市下三条町にある神社。,
珠明院,,東京都,,35.7591216,139.7598301,E,寺院,珠明院（しゅみょういん）は、東京都足立区にある曹洞宗の寺院。,
西方寺,,埼玉県,,35.8164641,139.7250595,E,寺院,,
岩松寺,,埼玉県,,36.1674973,139.5217983,E,寺院,岩松寺（がんしょうじ）は、埼玉県羽生市にある曹洞宗の寺院。,
住吉神社,,奈良県,,34.6828038,135.8235941,E,神社,住吉神社（すみよしじんじゃ）は、奈良県奈良市今辻子町（いまづしちょう）にある神社。,
日香寺,,鳥取県,,35.5018556,134.2414399,E,寺院,日香寺（にちこうじ）は、鳥取県鳥取市に所在する日蓮正宗の寺院。山号は妙囿山（みょうゆうさん）。,
深沢神社,,東京都,,35.6200209,139.6515517,E,神社,深沢神社（ふかさわじんじゃ）は、東京都世田谷区深沢の神社。,
養雲寺,,宮城県,,38.6500861,141.2776189,E,寺院,,
称名寺,,愛知県,岡崎市,34.9102932,137.2237428,E,寺院,,
真福寺,,東京都,,35.6790495,139.883969,E,寺院,,
常徳寺,,東京都,,35.7260668,139.7549155,E,寺院,常徳寺（じょうとくじ）は、東京都文京区にある浄土宗の寺院。,
梅田稲荷神社,,東京都,,35.7677868,139.7925831,E,神社,梅田稲荷神社（うめだいなりじんじゃ）は、東京都足立区梅田にある神社。祭神は宇迦御魂命で、志田先生義広(しだのせんじょうよしひろ)が建立した神社と伝えられている。,
正王寺,,東京都,,35.7495675,139.8295845,E,寺院,,
延命寺,,東京都,,35.7587886,139.8552916,E,寺院,延命寺（えんめいじ）は、東京都葛飾区にある新義真言宗の寺院。新四国四箇領八十八箇所霊場第13番札所。,
光福寺,,東京都,,35.7048321,139.8632352,E,寺院,光福寺（こうふくじ）は、東京都江戸川区松島一丁目（（南）葛飾郡西小松川村）にある新義真言宗（もと東新小岩の豊山派寺院・青松山金剛院正福寺末）の寺院。,
妙経寺,,東京都,豊島区,35.7392681,139.7184253,E,寺院,妙経寺（みょうきょうじ）は、東京都豊島区にある日蓮宗の寺院。,
越中護国八幡宮,,富山県,富山市,36.7415662,137.1975703,E,神社,,
龍王院,,東京都,大田区,35.5462349,139.7421359,E,寺院,,
神明神社,,埼玉県,,35.8916942,139.6296084,E,神社,,
本応寺,,東京都,,35.7849293,139.7695416,E,寺院,本応寺（ほんのうじ）は、東京都足立区谷在家にある日蓮宗の寺院。山号は長命山。,
応現寺 (足立区),,東京都,,35.800616,139.7868343,E,寺院,応現寺（おうげんじ）は、東京都足立区にある時宗の寺院。,
洞雲寺,,岐阜県,,35.5873689,137.1992834,E,寺院,洞雲寺（とううんじ）は、岐阜県加茂郡白川町和泉にある曹洞宗の寺院。山号は大龍山。,
妙本寺,,兵庫県,,34.7078865,135.2155523,E,寺院,妙本寺（みょうほんじ）は、兵庫県神戸市灘区に所在する日蓮正宗の寺院。山号は広大山（こうだいさん）。,
常聲寺,,三重県,,34.0709618,136.1985709,E,寺院,常聲寺（じょうせいじ）は三重県尾鷲市にある曹洞宗の寺院。,
川端諏訪神社,,東京都,,35.7328065,139.8471135,E,神社,川端諏訪神社（かわばたすわじんじゃ）は、東京都葛飾区の神社。,
大聖寺,,兵庫県,,34.6512218,134.9977458,E,寺院,大聖寺（だいしょうじ）は、兵庫県明石市上ノ丸にある日蓮宗の寺院。山号は三国山。,
東福寺,,兵庫県,,34.6918293,135.1701968,E,寺院,東福寺（とうふくじ）は、兵庫県神戸市兵庫区五宮町にある寺院である。,
羽黒神社,,新潟県,,37.4916405,138.9749155,E,神社,,
仲台寺,,東京都,,35.764289,139.6213478,E,寺院,仲台寺（ちゅうだいじ）は、東京都練馬区にある浄土宗の寺院。山号は称念山、本尊は阿弥陀如来。,
天福寺,,福岡県,,33.5322861,130.3723911,E,寺院,天福寺（てんぷくじ）は、福岡県福岡市城南区にある臨済宗妙心寺派に属する寺。,
瑠璃光寺,,徳島県,,34.0484034,133.9069676,E,寺院,瑠璃光寺（るりこうじ）は、徳島県東みよし町にある真言宗御室派の寺院。山号は集水山。,
本榮寺,,東京都,,35.615177,139.7422029,E,寺院,本栄寺（ほんえいじ）は、東京都品川区南品川にある日蓮宗の寺院。山号は宝光山。,
養國寺,,東京都,,35.7110939,139.7293503,E,寺院,,
東福寺,,東京都,,35.7020797,139.4669222,E,寺院,東福寺（とうふくじ）は、東京都国分寺市にある真言宗豊山派の寺院。,
中道院,,東京都,,35.5762025,139.7046079,E,寺院,中道院（ちゅうどういん）は、東京都大田区池上にある日蓮宗の寺院。池上本門寺の塔頭。,
稲荷神社,,千葉県,,35.5894276,140.1238436,E,神社,,
油懸山 西岸寺,,京都府,,34.9316989,135.7591089,E,寺院,,
戒藏院,,愛知県,,35.2901053,136.9228313,E,寺院,戒蔵院（かいぞういん）は、愛知県小牧市にある真言宗智山派の寺院。山号は高白山。,
実相寺,,千葉県,,35.8027253,140.4991602,E,寺院,実相寺（じっそうじ）は、千葉県香取市苅毛にある日蓮宗の寺院。山号は仏性山。,
鶴山八幡宮,,岡山県,,35.069229,133.9986823,E,神社,,
夜明稲荷神社,,群馬県,,36.2495409,139.5399965,E,神社,夜明稲荷神社（よあけいなりじんじゃ）は、群馬県館林市朝日町にある神社。社名の由来は由緒に見える狐が夜明けに尾を曳き終えた場所であることから。,
宝鏡寺,,静岡県,,35.3299657,138.9825429,E,寺院,宝鏡寺（ほうきょうじ）は、静岡県駿東郡小山町にある曹洞宗の寺院。,
正法寺,,新潟県,,38.0134309,138.3455783,E,寺院,正法寺（しょうぼうじ）は、新潟県佐渡市泉甲にある曹洞宗の寺院。世阿弥の配所として知られる寺院で、山号は瑞泉山、本尊は釈迦如来。,
林光寺,,茨城県,,36.3562679,140.4946451,E,寺院,林光寺（りんこうじ）は、茨城県水戸市にある、浄土真宗単立の仏教寺院（浄土真宗東本願寺派）。山号は華輪山（かりんざん）。,
妙満寺,,新潟県,,38.0000043,138.3901068,E,寺院,妙満寺（みょうまんじ）は、新潟県佐渡市目黒町にある日蓮宗の寺院。山号は長慶山。,
飯塚氷川神社,,埼玉県,,35.7987937,139.715524,E,神社,,
能満寺,,神奈川県,,35.4033376,139.2862586,E,寺院,,
正延寺,,千葉県,,35.7110958,139.9606259,E,寺院,山野山正延寺（しょうえんじ）は、千葉県船橋市西船三丁目にある寺院である。,
高塚八幡神社,,千葉県,,35.7588316,139.9345713,E,神社,八幡神社（はちまんじんじゃ）は千葉県松戸市の神社。,
上妙寺,,東京都,,35.683152,139.8406552,E,寺院,上妙寺（じょうみょうじ）は、東京都江東区にある日蓮宗の寺院。,
大行院,,埼玉県,,35.8414,139.7005116,E,寺院,大行院（だいぎょういん）は、埼玉県川口市にある本山修験宗の寺院。,
金山神社,,埼玉県,,35.9022384,139.5782366,E,神社,,
妙覚寺,,北海道,札幌市,43.0453858,141.3031246,E,寺院,妙覚寺（みょうかくじ）は、北海道札幌市中央区円山西町にある日蓮宗の寺院。旧本山は市川市の大本山正中山法華経寺、小西法縁。,
石山神社,,北海道,札幌市,42.9657709,141.3330319,E,神社,,
鹽流神社,,宮城県,,38.3006103,140.6894372,E,神社,塩流神社（えんりゅうじんじゃ）は、宮城県仙台市青葉区熊ヶ根にある神社である。江戸時代には熊ヶ根村の鎮守で、明治時代に村社になった。,
行神社,,宮城県,,38.4291176,140.8881282,E,神社,,
大信寺,,東京都,港区,35.6436142,139.7369258,E,寺院,大信寺（だいしんじ）とは東京都港区三田四丁目7-20に存在する浄土宗の寺院。詳しくは宝島山峯樹院大信寺（ほうとうざん ほうじゅいん だいしんじ）という。,
安楽寺,,埼玉県,,36.0060491,139.7009748,E,寺院,安楽寺（あんらくじ）は、埼玉県白岡市にある真言宗智山派の寺院。,
郡山八幡神社,,奈良県,,34.6445354,135.782509,E,神社,,
江南神社,,北海道,札幌市,43.1376605,141.3312633,E,神社,江南神社（こうなんじんじゃ）は北海道札幌市北区屯田7条6丁目2番25にある神社。,
性宗寺,,新潟県,,37.1142622,138.2411459,E,寺院,性宗寺（しょうしゅうじ）は、新潟県上越市（高田区）にある真宗佛光寺派の寺院。,
金嶺寺,,東京都,,35.7213549,139.7686318,E,寺院,,
船方神社,,東京都,,35.7542235,139.7572147,E,神社,,
領玄寺,,東京都,,35.722255,139.7665978,E,寺院,,
大日神社,,千葉県,,35.7899244,140.0429317,E,神社,大日神社（だいにちじんじゃ）は、千葉県白井市根1388番地にある神社である。祭礼にあわせて、年に3回「七次の大日神楽」が奉納されている。,
貞源寺,,東京都,,35.7228031,139.6663192,E,寺院,,
安泰寺,,東京都,,35.5590152,139.7281188,E,寺院,安泰寺（あんたいじ）は、東京都大田区にある天台宗の寺院。,
浄徳寺,,岐阜県,,36.2459489,137.1561148,E,寺院,,
法華寺,,東京都,,35.8046081,139.7990344,E,寺院,法華寺（ほっけじ）は、東京都足立区にある日蓮宗の寺院。,
実性寺,,東京都,,35.8033496,139.8109523,E,寺院,實性寺（じっしょうじ）は、東京都足立区にある浄土宗の寺院。,
順慶寺,,愛知県,,35.024881,137.0062293,E,寺院,,
氷川神社,,埼玉県,伊奈町,35.9967139,139.6303885,E,神社,氷川神社（ひかわじんじゃ）は、埼玉県北足立郡伊奈町の神社。,
中曽根神社,,東京都,,35.766322,139.7857461,E,神社,中曽根神社（なかそねじんじゃ）は東京都足立区の神社。,
妙伝寺,,京都府,,35.0796356,135.8188608,E,寺院,妙傳寺（みょうでんじ）は、京都府京都市左京区にある天台宗の寺院。山号は覚法山。,
氷川神社,,埼玉県,,35.9336443,139.57315,E,神社,氷川神社（ひかわじんじゃ）は、埼玉県さいたま市西区の神社。,
清浄院,,埼玉県,,35.9514748,139.6145128,E,寺院,清浄院（しょうじょういん）は、埼玉県さいたま市北区吉野町一丁目にある真言宗智山派の寺院。,
長谷寺,,福岡県,,33.7581884,130.6755277,E,寺院,,
千福寺,,徳島県,,33.9032923,134.6719581,E,寺院,千福寺（せんぷくじ）は、徳島県阿南市にある高野山真言宗の寺院。津乃峰山（つのみねさん）千福寺（せんぷくじ）と号する。,
時宗 長徳寺,,東京都,,35.6130792,139.7435216,E,寺院,,
花蔵院,,千葉県,,35.7855976,139.90845,E,寺院,花蔵院（けぞういん）は、千葉県松戸市にある真言宗豊山派の寺院。,
要法寺,,山梨県,,35.6772464,138.5714048,E,寺院,,
清立院,,東京都,,35.7215792,139.7177167,E,寺院,清立院（せいりゅういん）は、東京都豊島区にある日蓮宗の寺院。,
蓮華寺,,静岡県,,34.8396044,137.925285,E,寺院,,
萬福寺,,千葉県,,35.7600512,139.9795554,E,寺院,萬福寺（まんぷくじ）は、千葉県鎌ケ谷市にある日蓮宗の寺院。,
住吉神社,,大阪府,,34.7087644,135.4437059,E,神社,大和田住吉神社（おおわだすみよしじんじゃ）は大阪府大阪市西淀川区大和田に鎮座する神社。法人名は「住吉神社」。,
直行寺,,京都府,,34.8861224,135.7985961,E,寺院,直行寺（じきぎょうじ）は、京都府宇治市宇治にある日蓮宗の寺院。山号は宝乗山。,
梅王寺,,東京都,,35.7850644,139.7225495,E,寺院,梅王寺（ばいおうじ）は、東京都北区にある浄土宗の寺院。,
舎衛寺,,岐阜県,,35.4641796,136.7533882,E,寺院,,
妙堯寺,,京都府,,35.0198956,135.739021,E,寺院,妙堯寺（みょうぎょうじ）は、京都府京都市上京区西東町にある日蓮宗の寺院。山号は神力山。,
南方神社,,埼玉県,,35.9550926,139.6018971,E,神社,南方神社（なんぽうじんじゃ）は、埼玉県さいたま市北区の神社。,
光増寺,,東京都,,35.7735049,139.8784642,E,寺院,光増寺（こうぞうじ）は、東京都葛飾区にある浄土宗の寺院。,
日澄寺,,千葉県,鴨川市,35.1245585,140.1632634,E,寺院,日澄寺（にっちょうじ）は、千葉県鴨川市天津にある日蓮宗の寺院。山号は明星山。,
六王子神社,,静岡県,,35.1356127,138.745383,E,神社,六王子神社（ろくおうじじんじゃ）は、静岡県富士市中柏原新田にある神社。,
法伝寺,,千葉県,,35.6847766,139.911676,E,寺院,法伝寺（ほうでんじ）は、正式名を佛法山東漸閣法傳寺（ぶっぽうざんとうぜんかくほうでんじ）という。千葉県市川市湊にある、浄土宗の寺院。,
宝善院,,神奈川県,,35.3128621,139.4952938,E,寺院,宝善院（ほうぜんいん）は、神奈川県鎌倉市にある真言宗大覚寺派の寺院。「加持山宝善院霊山寺」とも「泰澄山宝善院瑠璃光寺」とも称している。,
覚翁寺,,千葉県,,35.1495311,140.3179011,E,寺院,,
柿本神社,,奈良県,,34.4892605,135.7271135,E,神社,柿本神社（かきのもとじんじゃ）は、奈良県葛城市にある神社。,
日枝神社,,東京都,,35.7900542,139.8677564,E,神社,日枝神社（ひえじんじゃ）は、東京都葛飾区東水元にある神社。,
法宣寺,,広島県,,34.3850563,133.37953,E,寺院,,
日枝神社,,宮城県,,38.811581,141.0745319,E,神社,日枝神社（ひえじんじゃ）は、宮城県栗原市金成中町に鎮座する神社。祭神は大山咋命。,
大林寺,,東京都,,35.7218067,139.7560365,E,寺院,大林寺（だいりんじ）は、東京都文京区にある曹洞宗の寺院。,
善慶寺,,東京都,,35.7421059,139.88539,E,寺院,善慶寺（ぜんけいじ）は、東京都江戸川区北小岩の日蓮宗寺院。山号、長慶山。,
玉蔵院,,東京都,,35.7991014,139.8058542,E,寺院,玉蔵院（ぎょくぞういん）は、東京都足立区保木間にある真言宗豊山派の寺院。新四国四箇領八十八箇所霊場第83番札所。,
来迎寺,,東京都,,35.7042761,139.720141,E,寺院,来迎寺（らいこうじ）は、東京都新宿区にある浄土宗の寺院。,
来迎寺,,千葉県,,35.8086746,140.0429472,E,寺院,来迎寺（らいこうじ）は、千葉県白井市折立にある天台宗延暦寺派の寺院。,
照恩寺,,福井県,,36.0165394,136.2739688,E,寺院,照恩寺（しょうおんじ）は、福井県福井市にある浄土真宗本願寺派の寺院。山号は一乗山（いちじょうざん）。,
西導寺,,栃木県,,36.6813178,139.9647008,E,寺院,,
氷川神社 (足立区東伊興),,東京都,,35.8052876,139.7864535,E,神社,氷川神社（ひかわじんじゃ）は東京都足立区の神社。地名を冠して伊興氷川神社（いこうひかわじんじゃ）とも称される。,
豆塚神社,,静岡県,,35.0555693,138.9316651,E,神社,,
法喜寺,,岐阜県,,35.3364109,137.1042655,E,寺院,法喜寺（ほうきじ）は、岐阜県多治見市喜多町にある曹洞宗の寺院。山号は香積山。,
清蓮寺,,大阪府,,34.8323799,135.5946188,E,寺院,清蓮寺（せいれんじ）は大阪府高槻市富田町にある浄土宗の仏教寺院。,
高安寺,,岐阜県,恵那市,35.4424049,137.3966282,E,寺院,,
仙寿院,,岩手県,釜石市,39.2770876,141.8833487,E,寺院,仙寿院（せんじゅいん）は、岩手県釜石市にある日蓮宗の寺院。山号は日澤山。,
西福寺,,愛知県,,34.8003876,137.0682513,E,寺院,,
正法寺,,埼玉県,,35.9626765,139.2917888,E,寺院,正法寺（しょうぼうじ）は、埼玉県入間郡越生町にある臨済宗建長寺派の寺院。,
善雄寺,,千葉県,,35.8826145,140.574548,E,寺院,善雄寺（ぜんのうじ）は、千葉県香取市一ノ分目にある浄土宗の寺院。山号は野中山、院号は寶樹院。,
谷田寺,,福井県,,35.4728542,135.7242652,E,寺院,,
宝珠院,,千葉県,南房総市,35.014048,139.888872,E,寺院,宝珠院（ほうじゅいん）は、千葉県南房総市府中にある、真言宗智山派の寺院。山号は金剛山。,
日出神社,,兵庫県,,35.4881958,134.9932935,E,神社,日出神社（ひでじんじゃ）は、兵庫県豊岡市但東町畑山にある神社。旧社格は村社。,
栗橋八坂神社,,埼玉県,,36.1433383,139.7007024,E,神社,八坂神社（やさかじんじゃ）は、埼玉県久喜市栗橋北にある神社。地名を冠して栗橋八坂神社（くりはしやさかじんじゃ）とも称される。,
門戸厄神東光寺,,兵庫県,,34.7613191,135.3536077,E,寺院,,
高勝寺,,東京都,,35.6257813,139.4882834,E,寺院,,
天福寺,,千葉県,,35.683816,140.1012742,E,寺院,天福寺（てんぷくじ）は、千葉県千葉市花見川区にある真言宗豊山派の寺院。山号は花島山。,
正樹院,,埼玉県,,35.8899339,139.6551345,E,寺院,正樹院（しょうじゅいん）は、埼玉県さいたま市浦和区にある浄土宗の寺院。,
観福寺,,埼玉県,,35.8394318,139.7078337,E,寺院,,
蕪嶋神社,,青森県,八戸市,40.5386334,141.5576229,E,神社,,
正覚寺,,山形県,,38.3762844,140.2729408,E,寺院,正覚寺（しょうがくじ）は山形県寒河江市にある浄土宗の寺院。,
諏訪神社,,千葉県,,35.7976802,140.0369093,E,神社,,
清光寺,,東京都,,35.6682414,139.8819584,E,寺院,清光寺（せいこうじ）は、東京都江戸川区にある浄土宗の寺院。,
清巌寺,,東京都,,35.7437616,139.7310719,E,寺院,,
仲台院,,東京都,,35.6985036,139.8636853,E,寺院,仲台院（ちゅうだいいん）は、東京都江戸川区にある浄土宗の寺院。,
鬼丸神社,,鹿児島県,,31.5757078,130.3461307,E,神社,,
大念寺,,大阪府,,34.8544711,135.5643154,E,寺院,大念寺（だいねんじ）は、大阪府茨木市安威にある浄土宗の寺院。,
風林寺,,東京都,,35.7009304,139.652755,E,寺院,,
聖徳院,,兵庫県,,34.7065727,135.2072429,E,寺院,聖徳院（しょうとくいん）は、神戸市中央区にある寺院。高野山真言宗・準別格本山。,
宝林寺,,兵庫県,,34.6451084,134.9865602,E,寺院,宝林寺（ほうりんじ）は、兵庫県明石市材木町にある真言宗御室派の寺院。明石西国三十三観音霊場第31番札所。,
妙見山 廣龍寺,,千葉県,,35.7703618,139.9407136,E,寺院,廣龍寺（こうりゅうじ）は、千葉県松戸市東松戸にある日蓮宗の寺院である。山号は妙見山。,
真光院,,東京都,,35.7434487,139.8953127,E,寺院,真光院（しんこういん）は、東京都江戸川区にある真言宗豊山派の寺院。,
浄光寺,,埼玉県,,35.9011774,139.7761534,E,寺院,浄光寺（じょうこうじ）は、埼玉県越谷市にある真言宗豊山派の寺院。,
西教寺,,大阪府,,34.5013767,135.4386897,E,寺院,,
戸隠神社,,滋賀県,,34.949846,135.9071054,E,神社,戸隠神社（とがくしじんじゃ）は、滋賀県大津市にある神社である。,
本妙院,,東京都,,35.576477,139.705241,E,寺院,本妙院（ほんみょういん）は、東京都大田区池上にある、日蓮宗の寺院。池上本門寺の子院。,
南之院,,東京都,,35.5790206,139.7035283,E,寺院,南之院（みなみのいん）は、東京都大田区池上にある、日蓮宗の寺院。池上本門寺の子院。,
駒形神社,,千葉県,,35.9123588,139.9047233,E,神社,,
東光寺,,新潟県,,37.0227687,138.7024663,E,寺院,東光寺（とうこうじ）は、新潟県十日町市にある曹洞宗の寺院である。山号は草玉山（そうぎょくさん）。,
見高神社,,静岡県,,34.7532614,139.012695,E,神社,,
四つ木白髭神社,,東京都,,35.7373557,139.8376778,E,神社,四つ木白髭神社（よつぎしらひげじんじゃ）は、東京都葛飾区の神社。,
宝珠院,,東京都,,35.5437358,139.710578,E,寺院,寳珠院（ほうしゅいん）は、東京都大田区にある真言宗智山派の寺院。,
源久寺,,徳島県,,34.0721724,134.5434151,E,寺院,源久寺（げんきゅうじ）は、徳島県徳島市寺町にある真言宗大覚寺派の寺院である。山号は歴却山。,
常念寺,,京都府,精華町,34.7610053,135.7995161,E,寺院,常念寺（じょうねんじ）は京都府精華町にある融通念仏宗の仏教寺院。本尊は阿弥陀如来。,
八幡神社,,埼玉県,,35.8553724,139.3204988,E,神社,八幡神社（はちまんじんじゃ）は、埼玉県飯能市の神社。,
安禅寺,,東京都,,35.6891064,139.719088,E,寺院,安禅寺（あんぜんじ）は、東京都新宿区にある天台宗の寺院。,
安養寺,,東京都,八王子市,35.6914526,139.2928498,E,寺院,安養寺（あんようじ）は、東京都八王子市にある真言宗智山派の寺院。,
普門寺,,長野県,木曽町,35.8273726,137.6350769,E,寺院,普門寺（ふもんじ）は 長野県木曽郡木曽町三岳桑原にある臨済宗妙心寺派の寺院。山号は補陀落山。,
無常院,,長野県,,36.6239101,138.1382506,E,寺院,,
船上山 智積寺,,鳥取県,,35.4789039,133.633522,E,寺院,智積寺（ちしゃくじ）は、鳥取県東伯郡琴浦町竹内にある天台宗の寺院。,
神明社,,埼玉県,,35.8444071,139.6611304,E,神社,,
萬福寺,,愛知県,,34.9944796,137.0247376,E,寺院,,
城原八幡社,,大分県,,32.9900771,131.3375451,E,神社,城原神社（きばるじんじゃ）は、大分県竹田市米納に鎮座する神社である。城原八幡社とも呼ばれる。,
楞厳寺,,兵庫県,,35.637532,134.4800556,E,寺院,楞厳寺（りょうごんじ）は、兵庫県美方郡新温泉町田井にある臨済宗天龍寺派の寺院。,
春日神社,,石川県,,37.4379063,137.260042,E,神社,春日神社（かすがじんじゃ）は、石川県珠洲市飯田町にある神社である。,
松林寺,,東京都,,35.6863829,139.6208533,E,寺院,松林寺（しょうりんじ）は、東京都杉並区にある曹洞宗の寺院。,
柏木神社,,東京都,,35.7699541,139.7306071,E,神社,柏木神社（かしわぎじんじゃ）は東京都北区の神社。,
内間木神社,,埼玉県,,35.8242013,139.6092855,E,神社,内間木神社（うちまぎじんじゃ）は、埼玉県朝霞市の神社。,
八坂神社,,茨城県,,35.9466933,139.997808,E,神社,八坂神社（やさかじんじゃ）は、茨城県守谷市にある神社。,
山田八幡宮,,岩手県,,39.4680759,141.9481442,E,神社,山田八幡宮（やまだはちまんぐう）は、岩手県下閉伊郡山田町に鎮座する神社。山田湾を一望できる高台にある。,
藁園神社,,滋賀県,,35.351065,136.0525842,E,神社,,
社宮神社,,静岡県,,34.8217158,137.7104688,E,神社,社宮神社（しゃぐうじんじゃ）は、静岡県浜松市にある神社。鎮守の杜に囲まれた神社である。,
常樂寺,,千葉県,,35.7175013,139.9584316,E,寺院,常楽寺（じょうらくじ）は、千葉県船橋市にある寺院である。,
円満寺,,茨城県,,36.2085678,139.7667251,E,寺院,茨城県古河市小堤にある円満寺（えんまんじ）と小堤城館（こづつみじょうかん）について解説する。円満寺は真言宗豊山派の寺院。,
無量寺,,千葉県,,35.6863704,140.0676626,E,寺院,無量寺（むりょうじ）は、千葉県習志野市にある真言宗豊山派の寺院。正式名は西中山無量寺。,
長田寺,,兵庫県,,34.7455247,134.8252534,E,寺院,,
法界寺,,東京都,,35.7358632,139.7798527,E,寺院,法界寺（ほうかいじ）は、東京都荒川区にある浄土宗の寺院。,
氷川神社,,東京都,,35.7705268,139.7014588,E,神社,氷川神社（ひかわじんじゃ）は、東京都板橋区の神社。地名を冠して蓮沼氷川神社（はすぬまひかわじんじゃ）とも称される。,
東陽寺 (足立区),,東京都,,35.8029022,139.788901,E,寺院,東陽寺（とうようじ）は、東京都足立区にある曹洞宗系の単立寺院。,
西念寺,,東京都,,35.760793,139.8553404,E,寺院,,
浄心寺,,東京都,,35.7611857,139.8586365,E,寺院,浄心寺（じょうしんじ）は、東京都葛飾区にある浄土宗の寺院。,
本光寺,,東京都,,35.5802807,139.6961003,E,寺院,本光寺（ほんこうじ）は、東京都大田区にある日蓮宗の寺院。,
正蓮寺,,東京都,,35.6402921,139.6721718,E,寺院,正蓮寺（しょうれんじ）は、東京都世田谷区にある浄土真宗本願寺派の寺院。,
慈眼寺,,三重県,,34.2932865,136.693465,E,寺院,慈眼寺（じげんじ）は、三重県度会郡南伊勢町田曽浦4041にある臨済宗妙心寺派の寺院。慈眼禅寺とも呼ばれる。,
医王寺,,千葉県,,35.8493701,140.0397645,E,寺院,医王寺（いおうじ）は、千葉県柏市にある浄土宗の寺院。,
吉祥院,,千葉県,,35.9094085,139.9631952,E,寺院,吉祥院（きちじょういん）は、千葉県柏市にある真言宗豊山派の寺院。,
徳雲禅院,,東京都,,35.7120057,139.7802578,E,寺院,徳雲院（とくうんいん）は、東京都台東区にある臨済宗大徳寺派の寺院。,
窪八幡宮,,岡山県,,34.6669744,134.0506986,E,神社,,
東泉寺,,埼玉県,,35.8780169,139.6615129,E,寺院,東泉寺（とうせんじ）は、埼玉県さいたま市浦和区にある天台宗の寺院。,
黄梅寺,,大阪府,,34.7416185,135.5772316,E,寺院,,
戸出野神社,,富山県,,36.6817844,136.9786611,E,神社,戸出野神社（といでのじんじゃ）は、富山県高岡市戸出町にある神社。神社の入り口にある大鳥居で知られる。,
大洞院,,千葉県,,35.8983475,139.9707414,E,寺院,大洞院（だいとういん）は、千葉県柏市にある曹洞宗の寺院。,
源光寺,,大阪府,,34.7099953,135.5013058,E,寺院,源光寺（げんこうじ）は、大阪府大阪市北区豊崎にある浄土宗の寺院。山号は清淨瑠璃山。,
法華寺,,山梨県,,35.6734241,138.5702069,E,寺院,法華寺（ほっけじ）は、山梨県甲府市武田一丁目にある日蓮宗の寺院。山号は藤光山。,
氷川神社,,埼玉県,,35.9059075,139.4919799,E,神社,氷川神社（ひかわじんじゃ）は、埼玉県川越市の神社。,
宝積院,,新潟県,,37.9687122,139.2882799,E,寺院,宝積院（ほうしゃくいん）は、新潟県北蒲原郡聖籠町にある真言宗智山派の寺院。,
明王院,,千葉県,,35.7199236,139.9601737,E,寺院,明王院 （みょうおういん）は、千葉県船橋市にある新義真言宗の寺院。旧下総国葛飾郡（葛東郡）古作村の中央に位置している。,
荏原金刀比羅神社,,東京都,,35.6194899,139.7163216,E,神社,,
酒垂神社,,兵庫県,,35.5556283,134.8697059,E,神社,,
善性院,,香川県,,34.2261058,133.6594644,E,寺院,善性院（ぜんしょういん）は、香川県三豊市詫間町にある寺院。寺号は竜光寺。,
福崎住吉神社,,大阪府,,34.6589048,135.4590321,E,神社,福崎住吉神社（ふくさきすみよしじんじゃ）は、大阪府大阪市港区 福崎 にある神社であり、近代社格制度では村社。,
妙昌寺,,埼玉県,,35.9200717,139.4765727,E,寺院,妙昌寺（みょうしょうじ）は、埼玉県川越市にある日蓮宗の寺院。,
本廣寺,,静岡県,,35.1532552,138.7764629,E,寺院,本廣寺（ほんこうじ）は、静岡県沼津市に所在する日蓮正宗の寺院。山号は駒瀬山（こませさん）。,
選擇寺,,千葉県,木更津市,35.3840523,139.9230989,E,寺院,,
慈寶院,,埼玉県,,35.8941145,139.6040749,E,寺院,慈宝院（じほういん）は、埼玉県さいたま市大宮区三橋にある天台宗の寺院。,
大杉神社,,埼玉県,,35.8774835,139.5415688,E,神社,大杉神社（おおすぎじんじゃ）は、埼玉県ふじみ野市中福岡にある小さな神社である。1878年（明治11年）に建てられた。,
大誓寺,,神奈川県,,35.3714725,139.5564201,E,寺院,大誓寺（だいせいじ）は、神奈川県横浜市栄区小菅ケ谷にある浄土宗寺院である。山号・西光山。,
南足柄神社,,神奈川県,南足柄市,35.3149536,139.0991906,E,神社,"南足柄神社（みなみあしがらじんじゃ）とは、神奈川県南足柄市飯沢にある神社。
現在は足柄神社の兼務社となっている。",
大天白神社,,埼玉県,,36.179481,139.5387765,E,神社,大天白神社（だいてんぱくじんじゃ）は、埼玉県羽生市の神社。,
持明院,,広島県,,34.4353298,132.4797848,E,寺院,持明院（じみょういん）は、広島県広島市東区にある真言宗（広島県真言宗教団）の寺院である。,
正木稲荷神社,,東京都,,35.6839316,139.7940262,E,神社,正木稲荷神社（まさきいなりじんじゃ）は、東京都江東区の神社。,
円福寺,,千葉県,,35.7032603,139.9335101,E,寺院,円福寺（えんぷくじ）は、千葉県市川市田尻にある日蓮宗の寺院。山号は成徳山。,
西光寺,,神奈川県,,35.3512725,139.4256812,E,寺院,,
妙円寺,,宮城県,,38.7536628,141.0133552,E,寺院,妙圓寺（みょうえんじ）は、宮城県栗原市に所在する日蓮正宗の寺院。山号は高北山（こうほくさん）。,
浄土寺,,岐阜県,,35.482414,136.8251008,E,寺院,浄土寺（じょうどじ）は岐阜県岐阜市福富にある阿弥陀如来を本尊とする西山浄土宗の寺院。山号は大澤山（だいたくさん）である。,
見性寺,,愛知県,,35.058811,137.0422508,E,寺院,,
姥堂,,愛知県,,35.1191159,136.9115137,E,寺院,姥堂（うばどう）は、愛知県名古屋市熱田区伝馬二丁目にある時宗の寺院。,
実相院,,東京都,,35.7950019,139.7823604,E,寺院,実相院（じっそういん）は、東京都足立区にある真言宗豊山派の寺院。,
華厳寺,,東京都,,35.7042113,139.8015517,E,寺院,,
安養寺,,愛知県,,34.9942147,136.9869456,E,寺院,安養寺（あんようじ）は、愛知県刈谷市熊野町6丁目25にある真宗大谷派の寺院。山号は海上山。,
昌玲寺,,東京都,,35.7720102,139.6860615,E,寺院,昌玲寺（しょうれいじ）は、東京都板橋区にある浄土真宗系の単立寺院（真宗一心山昌玲寺派）。,
信城寺,,岡山県,,34.6458432,133.8474767,E,寺院,信城寺（しんじょうじ）は、岡山県岡山市北区庭瀬にある日蓮宗の寺院である。山号は法正山。,
正福寺,,千葉県,,35.6599156,139.8946083,E,寺院,正福寺（しょうふくじ）は、千葉県浦安市にある日蓮宗の寺院。,
本藏寺,,東京都,,35.7363232,139.8951572,E,寺院,本蔵寺（ほんぞうじ）は、東京都江戸川区北小岩にある日蓮宗の寺院。山号は晴立山。,
瑠璃光寺,,大阪府,柏原市,34.599499,135.6348855,E,寺院,,
東禅寺,,岐阜県,,35.4580242,137.4055646,E,寺院,東禅寺(とうぜんじ)は岐阜県恵那市大井町にある十一面千手観音菩薩を本尊とする黄檗宗の寺院。山号は慧日山。,
五劫山　法蔵寺,,東京都,,35.686652,139.7229044,E,寺院,法蔵寺（ほうぞうじ）は、東京都新宿区にある浄土宗の寺院。,
増光山　浄運寺,,東京都,,35.6906283,139.7190251,E,寺院,浄運寺（じょううんじ）は、東京都新宿区にある浄土宗の寺院。,
願生寺,,東京都,,35.6389245,139.7393834,E,寺院,,
大満寺,,東京都,,35.7839134,139.7215084,E,寺院,大満寺（だいまんじ）は、東京都北区にある真言宗智山派の寺院。,
本願寺,,神奈川県,,35.3498268,139.4647054,E,寺院,本願寺（ほんがんじ）は、神奈川県藤沢市稲荷一丁目にある浄土宗の寺院。山号は往生山。,
廣渡寺,,埼玉県,,35.8565476,139.3192647,E,寺院,広渡寺、廣渡寺（こうどじ）は、埼玉県飯能市八幡町にある曹洞宗の寺院。,
法住寺,,愛知県,豊川市,34.8192517,137.3009442,E,寺院,法住寺（ほうじゅうじ）は、愛知県豊川市にある曹洞宗の小本寺。山号は呑海山。,
小久喜久伊豆神社,,埼玉県,,36.0139387,139.662378,E,神社,久伊豆社（ひさいずしゃ）は、埼玉県白岡市の神社。,
毫摂寺,,石川県,,36.305874,136.3143309,E,寺院,毫摂寺（ごうしょうじ）は、石川県加賀市大聖寺法華坊町にある真宗大谷派の寺院。山号は出雲路山。,
福勝寺,,和歌山県,,34.1286926,135.1934134,E,寺院,,
一木神社,,高知県,,33.2881452,134.1479772,E,神社,一木神社（いちきじんじゃ）は、高知県室戸市にある神社で、四国八十八ヶ所第25番札所である津照寺の上り口の左上に鎮座する。,
常光寺,,群馬県,,36.2499779,139.5324149,E,寺院,常光寺（じょうこうじ）は、群馬県館林市仲町にある浄土宗の寺院。,
大滝山地蔵院,,鳥取県,倉吉市,35.3635214,133.7633379,E,寺院,地蔵院（じぞういん）は、鳥取県倉吉市にある真言宗御室派の寺院。,
妙永寺,,静岡県,,35.1681316,138.6774773,E,寺院,妙永寺（みょうえいじ）は、静岡県富士市浅間上町にある日蓮宗の寺院である。山号は松林山。,
長林寺,,兵庫県,,34.4091953,134.7822422,E,寺院,,
入谷氷川神社,,東京都,,35.8109792,139.7648367,E,神社,,
観音寺,,大阪府,,34.6836035,135.6392637,E,寺院,,
天照皇御祖神社,,秋田県,,40.1105367,140.7903358,E,神社,天照皇御祖神社（あまてらすすめみおやじんじゃ）は、秋田県鹿角市八幡平にある神社。,
住吉神社,,兵庫県,,34.7998837,135.3716076,E,神社,住吉神社（すみよしじんじゃ）は兵庫県宝塚市安倉（あくら）にある神社である。安倉七郷の氏神で、応神天皇の故事が伝わる。,
成君寺,,山口県,,34.3070598,132.0273399,E,寺院,成君寺（じょうくんじ）は、山口県岩国市本郷町にある臨済宗南禅寺派の寺院。山号は宇塚山。,
法泉寺,,長野県,,36.5515126,138.1952087,E,寺院,"法泉寺（ほうせんじ）は、長野県長野市松代町西条にある曹洞宗の寺院。
大小50株ほどのツツジが植えられており、毎年5月中旬が見頃。",
願敬寺,,新潟県,,37.4992472,138.8551664,E,寺院,,
片岡山 智光院,,東京都,,35.695533,139.6478176,E,寺院,智光院（ちこういん）は、東京都杉並区にある臨済宗妙心寺派の寺院。,
勝運寺,,広島県,,34.3369287,132.9857588,E,寺院,"勝運寺（しょううんじ）は広島県竹原市にある曹洞宗の寺院。
元亀元年（1570年）に草創し天正９年（1581年）に完成。",
久下稲荷神社,,埼玉県,,35.8516324,139.316657,E,神社,久下稲荷神社（くげいなりじんじゃ）は、埼玉県飯能市稲荷町にある神社。正式名称は稲荷神社。,
嘉祥神社,,大阪府,,34.3971397,135.292641,E,神社,嘉祥神社（かしょうじんじゃ）は、大阪府泉南郡田尻町にある神社。旧社格は村社。,
地福寺,,大阪府,,34.8647021,135.5599149,E,寺院,地福寺（ぢふくじ）は、大阪府茨木市にある浄土宗の寺院。,
Kotohira Shrine 琴平神社,,新潟県,,37.1808951,138.2454657,E,神社,琴平神社（ことひらじんじゃ）は、新潟県上越市中央に所在する神社。,
正永寺,,長野県,,35.5175775,137.8312553,E,寺院,正永寺（しょうえいじ）は、長野県飯田市江戸町にある曹洞宗の寺院。詳名は圜悟山正永寺。,
法問寺,,東京都,,35.7525386,139.8571771,E,寺院,,
西光寺,,東京都,,35.799292,139.8069725,E,寺院,,
本要寺,,滋賀県,,35.0090491,135.8593332,E,寺院,本要寺（ほんようじ）は、滋賀県大津市にある日蓮宗の寺院。山号は蓮光山（れんこうさん）。,
正八幡神社,,東京都,,35.7112341,139.7291515,E,神社,,
正信寺,,東京都,,35.7189767,139.7391342,E,寺院,正信寺（しょうしんじ）は、東京都文京区にある浄土宗の寺院。,
長善寺,,東京都,,35.7007577,139.6522925,E,寺院,,
光輪寺,,東京都,,35.7607939,139.784052,E,寺院,光輪寺（こうりんじ）は、東京都足立区にある新義真言宗の寺院。,
志自岐羽黒神社,,長崎県,,32.884135,129.0862522,E,神社,志自岐羽黒神社（しじきはぐろじんじゃ）は、長崎県南松浦郡新上五島町岩瀬浦郷に鎮座する神社である。,
観音寺,,東京都,,35.7557813,139.8567436,E,寺院,,
光徳寺,,埼玉県,,35.9191445,139.6876047,E,寺院,光徳寺（こうとくじ）は、埼玉県さいたま市見沼区にある曹洞宗の寺院。,
五智院,,香川県,,34.2236531,133.7728228,E,寺院,五智院（ごちいん）は、香川県善通寺市にある真言宗善通寺派の寺院で、香色山（こうじきざん）の麓に位置する。善通寺の塔頭であり、山号は香色山、本尊は五智如来である。,
妙隆寺,,千葉県,,35.7178728,140.2320397,E,寺院,妙隆寺（みょうりゅうじ）は、千葉県佐倉市にある身延山久遠寺を総本山とする日蓮宗の寺院。山号は久栄山（きゅうえいざん）。,
新小岩天祖神社,,東京都,,35.7265131,139.850559,E,神社,天祖神社（てんそじんじゃ）は、東京都葛飾区の神社。,
長伝寺,,東京都,,35.7837495,139.8680469,E,寺院,,
白鳥神社,,石川県,,36.6682913,136.7361101,E,神社,白鳥神社（しらとりじんじゃ）は、石川県河北郡津幡町加賀爪にある神社。,
奥蔵寺,,岐阜県,,35.3433495,137.1273019,E,寺院,奥藏寺（おうぞうじ）は岐阜県多治見市上野町にある臨済宗南禅寺派の寺院。山号は亀頂山。,
木曽根氷川神社,,埼玉県,,35.8201893,139.8553611,E,神社,氷川神社（ひかわじんじゃ）は、埼玉県八潮市の神社。,
常与寺,,千葉県,,35.8562592,139.8996153,E,寺院,常與寺（じょうよじ、常与寺）は、千葉県流山市流山2丁目130-1にある日蓮宗の寺院。山号は梅本山。,
長安寺,,東京都,,35.6707145,139.7127542,E,寺院,,
真宗高田派 方廣山 常國寺,,東京都,港区,35.6677086,139.7425016,E,寺院,常國寺（じょうこくじ）は、東京都港区にある真宗高田派の寺院。,
長昌寺,,東京都,,35.6972994,139.7250656,E,寺院,,
広宣寺,,福島県,,37.2839557,140.3667649,E,寺院,広宣寺（こうせんじ）は、福島県須賀川市に所在する日蓮正宗の寺院。山号は永寿山（えいじゅざん）。,
大聖寺,,神奈川県,,35.5006522,139.6859156,E,寺院,"大聖寺（だいしょうじ)は、神奈川県横浜市鶴見区にある天台宗の寺院である。
敷地内にはイチョウの木が植えられており、横浜市の名木古木指定樹木に登録されている。",
顕性寺,,東京都,,35.6842226,139.7207904,E,寺院,,
極楽寺,,愛知県,,34.9577955,137.178387,E,寺院,極楽寺（ごくらくじ）は、愛知県岡崎市中町にある曹洞宗の寺院。,
廣寿寺,,千葉県,,35.8445963,139.9373464,E,寺院,広寿寺（こうじゅじ）は、千葉県流山市にある曹洞宗の寺院。,
北野天神社,,愛知県,江南市,35.3350809,136.8741587,E,寺院,北野天神社（きたのてんじんじゃ）は、愛知県江南市北野町天神8にある神社である。,
興禅寺,,群馬県,,36.3205762,139.0068078,E,寺院,,
女九神社,,大阪府,,34.8400153,135.5827958,E,神社,女九神社（めぐじんじゃ）は大阪府茨木市に鎮座する神社。,
不動院,,東京都,,35.7440164,139.7399323,E,寺院,不動院（ふどういん）は、東京都北区にある真言宗豊山派の寺院。,
天皇山安閑寺,,東京都,,35.716972,139.746595,E,寺院,安閑寺（あんかんじ）は、東京都文京区にある真宗大谷派の寺院。,
初曳稲荷神社,,群馬県,,36.245021,139.5336916,E,神社,宵稲荷神社（よいいなりじんじゃ）は、群馬県館林市本町2丁目にある神社。,
薬師寺,,茨城県,,36.4803079,140.3747704,E,寺院,,
法全寺,,長野県,飯田市,35.4033214,137.8671053,E,寺院,法全寺（ほうぜんじ）は長野県飯田市千代にある臨済宗妙心寺派の寺院。山号は瑞衍山。,
善性寺,,東京都,,35.6561722,139.6459453,E,寺院,善性寺（ぜんしょうじ）は、東京都世田谷区にある真言宗豊山派の寺院。,
諏訪神社,,山梨県,北杜市,35.7925627,138.4195806,E,神社,,
打越天神北野神社,,東京都,,35.7072241,139.6719239,E,神社,北野神社（きたのじんじゃ）は、東京都中野区の神社。旧地名を冠して打越北野神社（うちこしきたのじんじゃ）とも称される。,
吉祥院,,東京都,,35.6807714,139.613446,E,寺院,吉祥院（きっしょういん）は、東京都杉並区高井戸西にある天台宗の寺院。,
大昌寺,,東京都,日野市,35.6777826,139.3973499,E,寺院,大昌寺（だいしょうじ）は、東京都日野市日野本町2-12-13にある浄土宗の寺院。,
慈眼禅寺,,東京都,,35.6453919,139.7395037,E,寺院,慈眼寺（じげんじ）は東京都港区三田四丁目にある曹洞宗の寺院である。山号は普門山。,
浄源寺,,埼玉県,さいたま市岩槻区,35.9493915,139.7064796,E,寺院,浄源寺（じょうげんじ）は、埼玉県さいたま市岩槻区にある浄土真宗本願寺派（西本願寺）の寺院。,
周遍寺,,兵庫県,,34.8472112,134.8690058,E,寺院,周遍寺（しゅうへんじ）とは兵庫県加西市に位置する高野山真言宗の寺院。,
北野神社,,神奈川県,,35.343454,139.5243592,E,神社,"北野神社（きたのじんじゃ）は、神奈川県鎌倉市の神社。
現在は同市内の御霊神社の兼務社になっている。",
法真寺,,東京都,,35.7104935,139.7591591,E,寺院,法真寺（ほうしんじ）は、東京都文京区にある浄土宗の寺院。,
大隆寺 (高山市),,岐阜県,,36.1360794,137.266161,E,寺院,大隆寺（だいりゅうじ）は岐阜県高山市春日町の城山東麓にある曹洞宗の寺院で山号は妙高山。金森氏ゆかりの寺院である。,
白谷観音,,岐阜県,,35.6544142,136.8227079,E,寺院,,
本学院,,埼玉県,,36.0112064,139.5659996,E,寺院,本学院（ほんがくいん）は、埼玉県桶川市にある本山修験宗の寺院。,
願蓮寺,,岐阜県,,35.7479012,136.9583463,E,寺院,,
永明寺,,埼玉県,,36.203706,139.5848391,E,神社,永明寺（ようめいじ）は、埼玉県羽生市にある真言宗豊山派の寺院。,
弘法寺,,大阪府,,34.4568117,135.4611022,E,寺院,弘法寺（こうほうじ）は、大阪府和泉市万町にある高野山真言宗の寺院。山号を石尾山といい、古くから「石尾のお大師さん」として親しまれている。,
潮泉寺,,東京都,,35.7232948,139.7533702,E,寺院,潮泉寺（ちょうせんじ）は、東京都文京区にある浄土宗の寺院。,
慈眼寺,,東京都,,35.744751,139.7770072,E,寺院,慈眼寺（じげんじ）は、東京都荒川区にある真言宗豊山派の寺院。,
永福寺,,東京都,,35.6955334,139.8636633,E,寺院,永福寺（えいふくじ）は、東京都江戸川区にある真言宗豊山派の寺院。,
正圓寺,,東京都,,35.7149326,139.8153724,E,寺院,正圓寺（しょうえんじ）は、東京都墨田区押上二丁目にある天台宗の寺院。,
永昌寺,,岐阜県,,35.5261998,136.8543996,E,寺院,,
浜川神社,,東京都,,35.5928172,139.7370654,E,神社,浜川神社（はまかわじんじゃ）は、東京都品川区の神社。,
長法寺,,新潟県,,38.2248265,139.4755608,E,寺院,,
東江寺,,東京都,,35.7751747,139.869919,E,寺院,東江寺（とうこうじ）は、東京都葛飾区にある天台宗の寺院。,
日慶寺,,東京都,,35.7368221,139.7979106,E,寺院,日慶寺（にちけいじ）は、東京都荒川区にある日蓮宗の寺院。,
東学寺,,千葉県,,35.6596778,139.8955977,E,寺院,東学寺（とうがくじ）は、千葉県浦安市にある真言宗豊山派の寺院。,
龍光院,,千葉県,,35.8522442,140.0361905,E,寺院,,
宗信寺,,埼玉県,,35.8284839,139.7259622,E,寺院,宗信寺（そうしんじ）は、埼玉県川口市にある日蓮宗の寺院。,
本土寺,,石川県,,36.9751158,136.8796867,E,寺院,本土寺（ほんどじ）は、石川県鹿島郡中能登町西馬場ユにある日蓮宗の寺院。山号は常在山。,
西光寺,,千葉県,,35.7410025,140.062068,E,寺院,,
養國寺,,東京都,,35.691291,139.7203227,E,寺院,,
大黒山　円通寺,,東京都,,35.6870458,139.7224639,E,寺院,圓通寺（えんつうじ）は、東京都新宿区にある日蓮宗の寺院。,
慶栄寺,,愛知県,名古屋市,35.1767035,136.8917123,E,寺院,慶栄寺（けいえいじ）は愛知県名古屋市西区にある真宗大谷派の寺院。山号は阿原山。,
観栖寺,,東京都,,35.6721909,139.2706399,E,寺院,,
日體寺,,京都府,,34.9975368,135.7783536,E,寺院,日體寺（にったいじ）または日体寺は、京都府京都市東山区清水にある日蓮宗の寺院。山号は常照山。,
善立寺,,愛知県,,34.9564547,137.1703817,E,寺院,善立寺（ぜんりゅうじ）は、愛知県岡崎市祐金町にある日蓮宗の寺院。山号は大光山。,
妙法寺,,北海道,,43.7656021,142.3798309,E,寺院,妙法寺（みょうほうじ）は、北海道旭川市6条通19丁目右にある日蓮宗の寺院。山号は延寿山。,
東山白山神社,,岐阜県,,36.1460789,137.2652867,E,神社,東山白山神社（ひがしやまはくさんじんじゃ）は、岐阜県高山市若達町にある神社。,
少林寺,,大分県,,33.1794753,131.5555619,E,寺院,少林寺（しょうりんじ）は、大分県大分市大字木上にある臨済宗妙心寺派の寺院である。山号は千歳山。,
地蔵寺,,東京都,,35.7518794,139.763509,E,寺院,地蔵寺（じぞうじ）は、東京都荒川区にある真言宗霊雲寺派の寺院。,
延命寺,,東京都,,35.7541004,139.7564413,E,寺院,延命寺（えんめいじ）は、東京都北区にある真言宗豊山派の寺院。,
戸島神社,,岡山県,,34.5264904,133.6748905,E,神社,戸島神社（としまじんじゃ）は、岡山県倉敷市玉島乙島にある神社である。,
若泉稲荷神社,,埼玉県,,36.2199663,139.1891878,E,神社,,
三島神社,,大分県,,33.1386052,131.7866825,E,神社,三島神社（みしまじんじゃ）は、大分県臼杵市大字井村に鎮座する神社である。大友氏時代の臼杵五社の一。,
佛心寺,,東京都,,35.7204752,139.7681796,E,寺院,仏心寺（ぶっしんじ）は、東京都台東区谷中にある日蓮宗の寺院。山号は顕寿山。,
養林寺,,群馬県,,36.4204105,139.1561407,E,寺院,,
古四王神社,,秋田県,,39.4381402,140.4991725,E,神社,,
智禅寺,,兵庫県,,34.4441197,134.804933,E,寺院,智禅寺（ちぜんじ）は、兵庫県淡路市草香にある高野山真言宗の寺院。山号は大廣山。,
宝生寺,,兵庫県,,34.4005505,134.8840119,E,寺院,宝生寺（ほうしょうじ）は、兵庫県淡路市にある高野山真言宗の寺院。山号は十輪山。,
常泉寺,,埼玉県,さいたま市,35.9072171,139.6844285,E,寺院,常泉寺（じょうせんじ）は、埼玉県さいたま市見沼区にある曹洞宗の寺院。,
天然寺,,東京都,,35.7297239,139.7507445,E,寺院,天然寺（てんねんじ）は、東京都文京区にある浄土宗の寺院。,
平潟神社,,千葉県,,35.7866776,139.8944502,E,神社,平潟神社（ひらかたじんじゃ）は、千葉県松戸市松戸にある神社。,
龍洞院,,愛知県,,35.0708642,137.6990131,E,寺院,,
上高田 氷川神社,,東京都,,35.7148843,139.6763118,E,神社,氷川神社（ひかわじんじゃ）は東京都中野区の神社。地名を冠して上高田氷川神社（かみたかだひかわじんじゃ）とも称される。,
原稲荷神社,,東京都,,35.735803,139.8496935,E,神社,原稲荷神社（はらいなりじんじゃ）は、東京都葛飾区の神社。,
諏訪南宮神社,,愛知県,,35.0684299,137.7033882,E,神社,,
金龍山三 寳院圓通寺,,東京都,,35.8042574,139.7704047,E,寺院,円通寺（えんつうじ）は、東京都足立区にある真言宗豊山派の寺院。,
宮戸神社,,埼玉県,,35.8276449,139.590398,E,神社,宮戸神社（みやどじんじゃ）は、埼玉県朝霞市の神社。,
海福寺,,広島県,,34.4072552,133.1977631,E,寺院,海福寺（かいふくじ）は、広島県尾道市にある時宗の寺院。「三ツ首様」伝説で知られる。,
全性寺,,石川県,,36.5765248,136.6691275,E,寺院,全性寺（ぜんしょうじ）は、石川県金沢市東山にある日蓮宗の寺院。山号は妙具山。,
八幡神社 (横須賀市久里浜),,神奈川県,,35.2305551,139.6991415,E,神社,八幡神社（はちまんじんじゃ）は、神奈川県横須賀市久里浜にある神社。地名を冠して久里浜八幡神社（くりはまはちまんじんじゃ）とも称される。,
保木薬師堂,,神奈川県,,35.5891647,139.5342542,E,寺院,保木薬師堂（ほきやくしどう）は、横浜市青葉区美しが丘西二丁目にある薬師堂。本尊は薬師如来。,
福全院,,東京都,,35.6654616,139.3281154,E,寺院,,
苗穂神社,,北海道,札幌市,43.0798428,141.3863939,E,神社,,
観音寺,,愛知県,,35.3127834,136.9331718,E,寺院,,
宝海天神社,,愛知県,,34.6239627,137.0963634,E,神社,宝海天神社（ほうみてんじんしゃ）は、愛知県田原市保美町下地に建つ神社である。祭神は細美御前、菅原道真、誉田別命。,
長明寺,,東京都,,35.7268488,139.7671279,E,寺院,,
浄雲寺,,東京都,,35.7231719,139.8027318,E,寺院,浄雲寺（じょううんじ）は、東京都台東区にある浄土真宗本願寺派の寺院。,
常善院,,東京都,,35.7799208,139.8481007,E,寺院,常善院（じょうぜんいん）は、東京都足立区にある新義真言宗の寺院。新四国四箇領八十八箇所霊場第9番札所。,
安楽寺,,東京都,,35.6775589,139.8596384,E,寺院,安楽寺（あんらくじ）は、東京都江戸川区にある浄土宗の寺院。,
林柔寺,,東京都,,35.7301558,139.841953,E,寺院,林柔寺（りんじゅうじ）は、東京都葛飾区にある真宗高田派の寺院。,
白山神社,,岐阜県,,35.5210809,136.7948334,E,神社,,
真養寺,,東京都,,35.73611,139.796352,E,寺院,,
常纂寺,,兵庫県,,34.6686738,134.9757776,E,寺院,常纂寺（じょうさんじ）は、兵庫県神戸市西区にある浄土宗の寺院。本尊は阿弥陀如来。,
法養寺,,東京都,,35.693052,139.8783663,E,寺院,法養寺（ほうようじ）は、東京都江戸川区にある浄土宗の寺院。,
日蓮寺,,千葉県,,35.1256069,140.2074464,E,寺院,日蓮寺（にちれんじ）は、千葉県鴨川市内浦にある日蓮宗の寺院。山号は岩高山。,
常源寺,,埼玉県,,35.9761575,139.715487,E,寺院,常源寺（じょうげんじ）は、埼玉県さいたま市岩槻区にある曹洞宗の寺院。,
穂積神社,,埼玉県,,35.9292382,139.5574567,E,神社,,
三輪神社,,埼玉県,,35.8758828,139.8840585,E,神社,三輪神社（みわじんじゃ）は、埼玉県吉川市の神社。,
劔刀石床別命神社,,静岡県,,35.1130085,138.9337133,E,神社,劒刀石床別命神社（つるぎたちいわとこわけのみことじんじゃ、剣刀石床別命神社）は、静岡県三島市谷田にある神社。式内社で、旧社格は村社。,
無量寺,,千葉県,,35.6187104,140.5148149,E,寺院,無量寺（むりょうじ）は、千葉県山武郡横芝光町屋形にある真言宗智山派の寺院。龍寶山正光院無量寺。,
松林寺,,長野県,,36.1235246,137.9706555,E,寺院,松林寺（しょうりんじ）は、長野県塩尻市にある真言宗智山派の寺院。山号は瑠璃山。,
白山神社,,奈良県,,34.6313045,135.6916342,E,神社,白山神社 （はくさんじんじゃ）は、奈良県生駒郡平群町福貴に鎮座する神社。旧社格は、村社。,
安楽寺,,東京都,,35.6505857,139.7547653,E,寺院,安楽寺（あんらくじ）は、東京都港区にある浄土真宗本願寺派の寺院。なお、当寺の約200メートル西南西の同区芝2丁目に同名の寺がある。,
恵運院,,山梨県,,35.6958954,138.5741095,E,寺院,恵運院（えうんいん）は、山梨県甲府市にある曹洞宗の寺院。,
祐泉寺,,大阪府,,34.6932778,135.5199091,E,寺院,祐泉寺（ゆうせんじ）は、大阪府大阪市北区天満に位置する真宗大谷派の寺院である。山号は川勝山。,
石稲荷神社,,東京都,,35.7259786,139.7848219,E,神社,,
医王山東福寺,,千葉県,,35.7130851,140.0233069,E,寺院,東福寺（とうふくじ）は、千葉県船橋市飯山満にある寺院である。,
八幡神社,,東京都,,35.662759,139.6120714,E,神社,八幡神社（はちまんじんじゃ）は東京都世田谷区粕谷にある神社である。蘆花恒春園の隣地に鎮座する旧粕谷村の鎮守。,
東嶽山 光専寺,,鳥取県,智頭町,35.2713541,134.2290046,E,寺院,光専寺、光專寺（こうせんじ）,
昌雲寺,,静岡県,掛川市,34.6736834,138.005687,E,寺院,昌雲寺（しょううんじ）は静岡県掛川市にある仏教寺院。,
金剛院,,埼玉県,,35.925377,139.6027007,E,寺院,,
本法寺,,東京都,,35.7111503,139.7383979,E,寺院,本法寺（ほんぽうじ）は、東京都文京区にある真宗大谷派の寺院。,
医王寺,,静岡県,,34.8250817,138.128243,E,寺院,医王寺（いおうじ）は、静岡県島田市にある曹洞宗の寺院。なお、当寺の約6キロメートル東南東の同市船木に同名の寺がある。,
天満天神社（普門院）,,長野県,,35.5148926,137.8317695,E,神社,普門院（ふもんいん）は、かつて長野県飯田市馬場町3丁目・二本松・仲ノ町に明治初年まであった真言宗の寺院である。,
圓光寺,,大阪府,,34.4457625,135.362408,E,寺院,円光寺（えんこうじ）は、大阪府貝塚市にある浄土真宗本願寺派の寺院。山号は宝林山。,
光明寺,,千葉県,,35.3820784,139.9243602,E,寺院,光明寺（こうみょうじ）は、千葉県木更津市中央にある日蓮宗の寺院。山号は吉祥山。,
諏訪神社,,埼玉県,,35.9694761,139.7048595,E,神社,,
妙法寺,,岐阜県,,35.3907748,136.5804462,E,寺院,妙法寺（みょうほうじ）は岐阜県大垣市赤坂町にある一塔両尊四士を本尊とする日蓮宗の寺院で、山号は妙運山。旧本圀寺末。,
豆田八坂神社,,大分県,,33.329253,130.9354106,E,神社,八阪神社（やさかじんじゃ）は、大分県日田市豆田町に鎮座する祇園神社。同市隈町の八坂神社を「隈八坂神社」とも呼ぶのに対して、豆田八阪神社とも呼ぶ。,
木田神社,,福井県,福井市,36.0533663,136.213971,E,神社,木田神社（きだじんじゃ）は、福井県福井市西木田に鎮座する神社である。,
新光寺,,埼玉県,,35.832399,139.7702759,E,寺院,新光寺（しんこうじ）は、埼玉県川口市にある天台宗の寺院。,
並木氷川神社,,埼玉県,,35.904019,139.6034707,E,神社,氷川神社（ひかわじんじゃ）は、埼玉県さいたま市大宮区の神社。,
中標津神社,,北海道,,43.5450293,144.9751662,E,神社,中標津神社（なかしべつじんじゃ）は、北海道標津郡中標津町西1条南4丁目1番地にある神社。旧社格は無格社。,
大榮寺,,埼玉県,,35.9463683,139.370474,E,寺院,大榮寺（だいえいじ）は、埼玉県坂戸市にある曹洞宗の寺院。,
東光寺,,兵庫県,,34.9669281,134.8268471,E,寺院,東光寺（とうこうじ）は、高野山真言宗の寺院である。山号は醫王山である。,
退耕山 玉田寺,,兵庫県,,35.6109141,134.4766364,E,寺院,玉田寺（ぎょくでんじ）は、兵庫県美方郡新温泉町の七釜温泉にある臨済宗天龍寺派の仏教寺院。玉田禅寺ともいい、山号は退耕山。,
万松寺,,東京都,,35.5973097,139.43374,E,寺院,萬松寺（ばんしょうじ）は、東京都町田市にある臨済宗建長寺派の寺院。,
長源寺,,東京都,,35.701917,139.734774,E,寺院,,
熊野神社,,宮城県,,38.3992225,140.885173,E,神社,熊野神社（くまのじんじゃ）は、宮城県富谷市富谷字町にある神社。,
養傳寺,,東京都,,35.7250918,139.7681763,E,寺院,,
綾瀬稲荷神社,,東京都,足立区,35.7630824,139.8227053,E,神社,,
東養寺,,東京都,,35.7270431,139.8920237,E,寺院,東養寺（とうようじ）は、東京都江戸川区にある真言宗豊山派の寺院。,
称専寺,,東京都,,35.6695125,139.881532,E,寺院,,
明行寺,,長野県,,36.6540481,138.1893755,E,寺院,明行寺（みょうぎょうじ）は長野県長野市権堂町に存在する真宗大谷派の寺院。山号は観勝山。,
全棟寺,,埼玉県,,35.8283482,139.766661,E,寺院,全棟寺（ぜんとうじ）は、埼玉県川口市にある浄土宗の寺院。,
川口神社,,宮城県,亘理町,38.050989,140.9042901,E,神社,川口神社（かわぐちじんじゃ）は、宮城県亘理郡亘理町にある神社。旧社格は村社。,
洞泉寺,,岐阜県,,36.328267,137.1422631,E,寺院,玉皐山 洞泉寺（ぎょっこうざん どうせんじ）は岐阜県飛騨市宮川町林にある曹洞宗の寺院で、飛騨三十三観音霊場15番札所として知られる。,
光秀寺,,埼玉県,,35.909617,139.7280586,E,寺院,光秀寺（こうしゅうじ）は、埼玉県さいたま市岩槻区にある曹洞宗の寺院。,
長応院,,東京都,,35.7038198,139.7886939,E,寺院,,
圓通寺,,岐阜県,,35.4412358,137.4144495,E,寺院,圓通寺（えんつうじ）は、岐阜県恵那市長島町正家にある曹洞宗の寺院。山号は長昌山。,
常徳寺,,奈良県,,34.6811143,135.8250713,E,寺院,常徳寺（じょうとくじ）は、奈良県奈良市北向町にある日蓮宗の寺院。山号は 法性山。,
眞英寺,,東京都,,35.6861749,139.7233622,E,寺院,真英寺（しんえいじ）は、東京都新宿区にある真宗大谷派の寺院。,
浄泉寺,,愛知県,,34.8556787,137.3069938,E,寺院,,
慈光寺,,東京都,,35.674161,139.7132654,E,寺院,慈光寺（じこうじ）は、東京都渋谷区にある真宗大谷派系の単立寺院。,
六大院,,大阪府,,34.6717899,135.5249807,E,寺院,六大院（ろくだいいん）は、大阪市天王寺区餌差町にある寺院。山号は大阪高野山。,
心光寺,,大阪府,,34.6617391,135.5116137,E,寺院,心光寺（しんこうじ）は、日本各地の寺院。,
高岸寺,,石川県,,36.5533681,136.6532298,E,寺院,,
三宝寺,,石川県,,36.5757538,136.6712948,E,寺院,三宝寺（さんぽうじ）は、石川県金沢市東山にある日蓮宗の寺院。山号は弘法山。,
万松院,,沖縄県,那覇市,26.2181348,127.7217166,E,寺院,万松院（ばんしょういん）は、沖縄県那覇市にある臨済宗妙心寺派の寺院。,
浜宮天神社,,兵庫県,,34.7384013,134.8344922,E,神社,,
西敬寺,,長野県,,36.8514844,138.3599299,E,寺院,,
西光寺,,大阪府,,34.8266136,135.4247494,E,寺院,,
念速寺,,東京都,,35.7155661,139.7480432,E,寺院,念速寺（ねんそくじ）は、東京都文京区にある真宗大谷派の寺院。,
氷川神社,,埼玉県,,35.7788786,139.5657354,E,神社,氷川神社（ひかわじんじゃ）は、埼玉県新座市の神社。地名を冠して馬場氷川神社（ばばひかわじんじゃ）とも称される。,
妙福寺,,岡山県,,34.6521383,133.925586,E,寺院,妙福寺（みょうふくじ）は、岡山県岡山市北区清輝橋にある日蓮宗の寺院。山号は慧日山。,
興徳寺,,静岡県,,35.2562042,138.550349,E,寺院,,
天徳寺,,秋田県,,39.738595,140.1201651,E,寺院,天徳寺、天德寺（てんとくじ）,
慈限院,,東京都,,35.712198,139.7487597,E,寺院,慈眼院（じげんいん）は、東京都文京区にある浄土宗の寺院。,
阿弥陀寺,,茨城県,,36.4871687,140.5197984,E,寺院,,
大儀寺,,茨城県,,36.0985905,140.5459575,E,寺院,大儀寺（だいぎじ）は、茨城県鉾田市にある臨済宗妙心寺派の寺院。,
妙善寺,,福井県,,35.4015098,135.6841809,E,寺院,妙善寺（みょうぜんじ）は、福井県大飯郡おおい町名田庄久坂に所在する日蓮宗の寺院。山号は経王山。,
天神社,,埼玉県,,36.2540353,139.1166413,E,神社,天神社（てんじんじゃ）は、埼玉県児玉郡上里町五明の神流川沿いにある神社。祭神は稚産霊神、豊宇気毘売神の2柱。,
具足山 妙本寺,,鳥取県,,35.4048626,133.4006203,E,寺院,妙本寺（みょうほんじ）は鳥取県米子市河岡にある日蓮宗の寺院。山号は具足山である。,
白山神社,,東京都,,35.6869591,139.6371745,E,神社,成宗白山神社（なりむねはくさんじんじゃ）は、東京都杉並区成田東にある神社。,
清光寺,,千葉県,,35.7721285,139.900736,E,寺院,清光寺（せいこうじ）は、千葉県松戸市にある天台宗の寺院。,
本仏寺,,東京都,,35.6949208,139.6523459,E,寺院,本佛寺（ほんぶつじ）は、東京都杉並区にある日蓮宗の寺院。,
圓福寺,,東京都,,35.6952097,139.8790842,E,寺院,円福寺（えんぷくじ）は、東京都江戸川区にある真言宗豊山派の寺院。,
正福院,,東京都,,35.7103353,139.7859527,E,寺院,正福院（しょうふくいん）は、東京都台東区にある真言宗智山派の寺院。,
正覚院,,埼玉県,,36.1684768,139.5380022,E,寺院,正覚院（しょうがくいん）は、埼玉県羽生市にある真言宗智山派の寺院。,
北向地蔵,,兵庫県,,34.6946414,135.1928475,E,寺院,北向地蔵（きたむきじぞう）は、兵庫県神戸市中央区北長狭通一丁目にあるビルの壁面に、北向きに祀られている地蔵菩薩像。,
新義豊山派圓藏院,,東京都,,35.7303629,139.8788224,E,寺院,円蔵院（えんぞういん）は、東京都江戸川区南小岩にある真言宗豊山派の寺院。,
一乗寺,,宮城県,,38.5780756,140.9648199,E,寺院,一乗寺（いちじょうじ）は、宮城県大崎市古川（旧・古川市）に所在する日蓮正宗の寺院。山号は白蓮山（びゃくれんざん）。,
白髭神社,,東京都,,35.6935506,139.8632399,E,神社,白髭神社（しらひげじんじゃ）は、東京都江戸川区の神社。,
東福寺,,熊本県,,32.9838062,130.8205855,E,寺院,東福寺（とうふくじ）は、熊本県菊池市亘にある天台宗の寺院である。菊池五山の１つ。,
泉正寺,,愛知県,,35.0396192,137.0356305,E,寺院,泉正寺（せんしょうじ）は、愛知県刈谷市東境町児山223にある真宗大谷派の寺院。山号は寂静山。,
東畑神社,,京都府,相楽,34.7539024,135.741684,E,神社,東畑神社（ひがしばたじんじゃ）は、京都府精華町東畑にある神社である。,
正行寺,,東京都,,35.719819,139.755994,E,寺院,正行寺（しょうぎょうじ）は、東京都文京区にある浄土宗の寺院。,
法善寺,,東京都,,35.778996,139.7129107,E,寺院,法善寺（ほうぜんじ）は、東京都北区にある真宗大谷派系の単立寺院（浄土真宗東本願寺派）。,
慶圓寺,,東京都,,35.764559,139.8593716,E,寺院,慶円寺（けいえんじ）は、東京都葛飾区にある浄土宗の寺院。,
徳正寺,,東京都,,35.7211998,139.8469278,E,寺院,徳正寺（とくしょうじ）は、東京都葛飾区にある天台宗の寺院。,
顕龍山 興雲寺,,京都府,福知山市,35.1946395,135.2188454,E,寺院,,
正法寺,,東京都,,35.7231542,139.6664878,E,寺院,正法寺（しょうほうじ）は、東京都中野区にある浄土宗の寺院。,
経王寺,,新潟県,,38.2249044,139.4759229,E,寺院,,
妙法寺,,新潟県,,38.224384,139.4741499,E,寺院,妙法寺（みょうほうじ）は、新潟県村上市寺町にある日蓮宗の寺院で山号は久遠山という。旧本山は大本山妙顕寺(四条門流)、通師法縁。,
宝昌寺,,岐阜県,,35.3164593,137.3275776,E,寺院,寶昌寺（宝昌寺・ほうしょうじ）は、岐阜県瑞浪市陶町猿爪(ましづめ)にある臨済宗妙心寺派の東海門派の寺院。山号は洞泉山。,
福寿院,,東京都,,35.8080935,139.8173157,E,寺院,,
来迎寺,,東京都,,35.7798708,139.7932766,E,寺院,来迎寺（らいごうじ）は、東京都足立区にある真言宗豊山派の寺院。新四国四箇領八十八箇所霊場第4番札所。,
八坂大神,,千葉県,,35.8252054,139.9594658,E,神社,八坂大神（やさかおおかみ）は、千葉県柏市酒井根五丁目（字天王前）の神社。,
善昌寺,,岐阜県,,35.5127816,137.530226,E,寺院,善昌寺（ぜんしょうじ）は、岐阜県中津川市落合にある曹洞宗の寺院。山号は喜翁山。,
西念寺,,東京都,,35.7237776,139.7827466,E,寺院,,
法妙寺,,東京都,,35.6676311,139.2628804,E,寺院,法妙寺（ほうみょうじ）は、東京都八王子市にある日蓮宗の寺院。,
やくよけ観音寺 慈眼寺,,奈良県,,34.6879765,135.8256042,E,寺院,慈眼寺（じげんじ）は、奈良県奈良市北小路町にある西山浄土宗の仏教寺院。山号は大悲山（だいひざん）、本尊は聖観世音菩薩。,
如来寺,,福島県,,37.0559056,140.934545,E,寺院,如来寺（にょらいじ）は、福島県いわき市平山崎にある浄土宗の寺院。山号は松峯山。,
恵勝寺,,徳島県,,34.1202173,134.5623976,E,寺院,恵勝寺（えしょうじ）は、徳島県徳島市に位置する寺院である。阿波西国三十三観音霊場12番札所。,
清瀧院,,千葉県,,35.8483339,139.9375974,E,寺院,清瀧院（せいりゅういん）は、千葉県流山市にある真言宗豊山派の寺院。,
伊岐神社,,岐阜県,,35.4806599,136.9472717,E,神社,伊岐神社（いぎじんじゃ）は、岐阜県関市肥田瀬1263-1にある神社。,
黒瀧山不動寺,,群馬県,,36.1861944,138.7014236,E,寺院,不動寺（ふどうじ）は、群馬県甘楽郡南牧村にある黄檗宗の寺院。,
鶴来別院,,石川県,白山市,36.4482096,136.6299656,E,寺院,,
塚越稲荷神社,,埼玉県,,35.827598,139.6984579,E,神社,塚越稲荷神社（つかこしいなりじんじゃ）は、埼玉県蕨市の神社。,
二川八幡神社,,愛知県,豊橋市,34.7238125,137.4539709,E,神社,二川八幡神社（ふたがわはちまんじんじゃ）は、愛知県豊橋市にある神社（八幡宮）。,
嚴定院,,東京都,,35.5793999,139.7031415,E,寺院,厳定院（ごんじょういん）は、東京都大田区池上にある日蓮宗の寺院。池上本門寺の子院。,
高須別院二恩寺,,岐阜県,,35.2201703,136.6333067,E,寺院,,
式内鷹野神社,,兵庫県,,35.6600866,134.7629367,E,神社,,
八柱神社,,茨城県,,36.2788385,140.0834297,E,神社,八柱神社（やはしらじんじゃ）は、茨城県桜川市の神社。,
福泉寺,,茨城県,,36.1025315,140.57074,E,寺院,,
下宮八幡宮,,茨城県,,36.201037,139.6991508,E,神社,八幡神社（はちまんじんじゃ）は、茨城県古河市宮前町（厩町）にある神社。下宮八幡宮と呼ばれることが多い。,
玉蓮寺,,埼玉県,,36.1895562,139.1346228,E,寺院,,
本覚寺,,千葉県,,35.7963424,139.9121259,E,寺院,本覚寺（ほんかくじ）は、千葉県松戸市にある日蓮宗の寺院。,
妙光寺,,群馬県,,36.6425828,139.0462811,E,寺院,妙光寺（みょうこうじ）は、群馬県沼田市にある日蓮宗の寺院。,
要行寺,,千葉県,,35.4833461,140.3982441,E,寺院,,
諏訪神社,,埼玉県,,35.9044025,139.6603149,E,神社,,
金蔵院,,埼玉県,,35.859856,139.5590295,E,寺院,,
天祖神社,,埼玉県,,35.8819615,139.618575,E,神社,天祖神社（てんそじんじゃ）は、埼玉県さいたま市中央区にある神社。,
徳蔵寺,,千葉県,,35.6889439,139.9153379,E,寺院,徳蔵寺（とくぞうじ）は、千葉県市川市にある新義真言宗の寺院。,
氷川神社,,東京都,,35.6187792,139.6710749,E,神社,,
本久寺,,千葉県,,35.7539361,139.895097,E,寺院,本久寺（ほんきゅうじ）は、千葉県松戸市にある日蓮宗の寺院。,
宝林寺,,東京都,,35.7554791,139.6085908,E,寺院,宝林寺（ほうりんじ）は、東京都練馬区にある浄土真宗本願寺派の寺院。同宗派の真龍寺・敬覚寺とともに「三軒寺」を称している。,
盛泉寺,,愛知県,,35.1337657,136.7886451,E,寺院,,
圓乗寺,,愛知県,,35.1621933,136.8142193,E,寺院,円乗寺（えんじょうじ）は、愛知県名古屋市中川区千音寺3丁目にある日蓮宗の寺院。山号は安住山。,
竜蔵寺,,栃木県,,36.6693672,139.4454774,E,寺院,,
了極寺,,千葉県,,35.6986814,139.940096,E,寺院,了極寺（りょうごくじ）は、千葉県市川市にある浄土宗の寺院。山号は海中山。,
真蔵院,,埼玉県,,35.8278158,139.7911724,E,寺院,,
熊野神社,,宮城県,,38.5780434,140.9601259,E,神社,,
蓮華寺,,東京都,,35.6778907,139.8808374,E,寺院,,
栖了院,,愛知県,,34.6280748,137.1062838,E,寺院,,
春日神社,,奈良県,,34.6924746,135.8052623,E,神社,春日神社（かすがじんじゃ）は、奈良県奈良市法華寺町にある神社。本来海龍王寺の鎮守社として天児屋根命を祀っていたが、寛延年中に左右二座が合祀され、氏神として崇敬されるようになった。,
光松寺,,大阪府,,34.8474019,135.6229485,E,寺院,光松寺（こうしょうじ）は大阪府高槻市にある西山浄土宗の仏教寺院。山号は霊瑞山。,
妙福寺,,東京都,,35.7209935,139.7678941,E,寺院,妙福寺（みょうふくじ）は、東京都台東区谷中にある日蓮宗の寺院。山号は石岡山。,
常楽寺,,東京都,,35.7893495,139.7930209,E,寺院,常楽寺（じょうらくじ）は、東京都足立区にある真言宗豊山派の寺院。新四国四箇領八十八箇所霊場第86番札所。,
桃青寺,,東京都,,35.7068145,139.8029498,E,寺院,桃青寺（とうせいじ）は、東京都墨田区にある臨済宗妙心寺派の寺院。,
法住山 要傳寺,,東京都,,35.7214651,139.780826,E,寺院,,
長福寺,,東京都,,35.7777681,139.7129968,E,寺院,,
光明寺,,東京都,,35.6796114,139.8686867,E,寺院,光明寺（こうみょうじ）は、東京都江戸川区にある真言宗豊山派の寺院。,
心浄院,,東京都,,35.5773713,139.7082152,E,寺院,心浄院（しんじょういん）は、東京都大田区池上にある、日蓮宗の寺院。池上本門寺の子院。,
止々呂美神社,,大阪府,,34.8848458,135.4663958,E,神社,止々呂美神社（とどろみじんじゃ）は、大阪府箕面市大字止々呂美にある神社。旧社格は村社。,
八代大歳神社,,兵庫県,,34.8511418,134.6917096,E,神社,八代大歳神社（やしろおおとしじんじゃ）は兵庫県姫路市八代宮前町にある大歳神社。神社内に岩神大明神を年神とともに祀る。,
本仙寺,,埼玉県,,35.812308,139.5999609,E,寺院,本仙寺（ほんせんじ）は、埼玉県朝霞市にある日蓮宗の寺院。,
正法庵,,東京都,,35.7714708,139.8530425,E,寺院,正法庵（しょうぼうあん）は、東京都足立区にある曹洞宗の寺院。現在は尼寺である。,
蓮光寺,,東京都,,35.7609186,139.8465881,E,寺院,蓮光寺（れんこうじ）は、東京都葛飾区にある真宗大谷派の寺院。,
出世稲荷神社,,茨城県,,36.3376646,140.5166722,E,神社,出世稲荷神社（しゅっせいなりじんじゃ）は、茨城県水戸市栗崎町にある神社。祭神は宇迦之御魂大神。,
祝昌寺,,群馬県,,36.3494567,139.1180302,E,寺院,,
法泉寺,,東京都,,35.7086745,139.7846012,E,寺院,法泉寺（ほうせんじ）は、東京都台東区元浅草にある日蓮宗の寺院。山号は妙盈山。,
薬王寺,,埼玉県,,35.8594854,139.7216183,E,寺院,,
三咲稲荷神社,,千葉県,,35.755249,140.0415538,E,神社,三咲稲荷神社（みさきいなりじんじゃ）は、千葉県船橋市三咲にある稲荷神社。社格は旧村社。,
守光院,,埼玉県,,35.8557925,139.677303,E,寺院,守光院（しゅこういん）は、埼玉県さいたま市南区にある曹洞宗の寺院。,
慈眼寺,,東京都,,35.6980797,139.6720744,E,寺院,慈眼寺（じげんじ）は、東京都中野区にある真言宗豊山派の寺院。,
神明神社,,埼玉県,,35.8463524,139.3246614,E,神社,神明神社（しんめいじんじゃ）は埼玉県飯能市の神社。旧称奥ヶ谷神明社。,
正林寺,,静岡県,,34.7005964,138.1291044,E,寺院,正林寺（しょうりんじ）は、静岡県菊川市にある曹洞宗の寺院。,
石工団地神社,,愛知県,,34.9430678,137.1236705,E,寺院,,
済法寺,,岐阜県,,35.4886669,136.7730977,E,寺院,済法寺（さいほうじ）は岐阜県岐阜市粟野にある十一面観世音菩薩を本尊とする臨済宗妙心寺派の寺院。山号は興国山である。,
千代稲荷神社,,岡山県,,35.0634552,134.0067024,E,神社,千代稲荷神社（せんだいいなりじんじゃ）は、岡山県津山市にある神社。旧社格は無格社。,
旭王寺,,岐阜県,,35.3525168,137.2497537,E,寺院,旭王寺（ぎょくおうじ）は岐阜県瑞浪市山田町にある臨済宗妙心寺派の聖澤門派の寺院。山号は長冨山。,
宗円寺,,長野県,,35.428935,137.7409603,E,寺院,宗円寺（そうえんじ）は長野県阿智村伍和にある浄土宗の寺院。山号を水口山と称する。,
大宮神社,,千葉県,,35.5990335,140.471233,E,神社,大宮神社（おおみやじんじゃ）は、千葉県山武市松尾町折戸（上総国武射郡）にある神社。旧社格は郷社。,
法蓮寺,,静岡県,,35.1788941,138.6020557,E,寺院,法蓮寺（ほうれんじ）は、静岡県富士市南松野にある日蓮宗の寺院で山号は円応山である。旧本山は身延山久遠寺、脱師法縁。,
下徳富神社,,北海道,,43.5024626,141.8452104,E,神社,"北緯43度30分8.8秒 東経141度50分42.9秒
下徳富神社（しもとっぷじんじゃ）は、北海道樺戸郡新十津川町花月258に所在する神社。",
篠岡八幡大神社,,埼玉県,,35.9233405,139.7171681,E,神社,,
真巌寺,,三重県,尾鷲市,34.0162831,136.253934,E,寺院,真巌寺（しんがんじ）は、三重県尾鷲市九鬼町314にある曹洞宗の寺院。山号は医王山。,
三島神社,,千葉県,君津市,35.2138457,140.0235907,E,神社,三島神社（みしまじんじゃ）は、千葉県君津市の神社。,
證誠寺,,東京都,,35.6385513,139.7355353,E,寺院,,
佐波神社,,静岡県,西伊豆町,34.7772983,138.7705659,E,神社,佐波神社（さわじんじゃ）は、静岡県賀茂郡西伊豆町仁科にある神社。伊豆国の式内社の1つである。,
啓運寺,,神奈川県,,35.3106676,139.5528239,E,寺院,啓運寺（けいうんじ）は、神奈川県鎌倉市にある日蓮宗の寺院。山号を松光山。,
浄徳寺,,東京都,,35.6632582,139.6518698,E,寺院,浄徳寺（じょうとくじ）は、東京都世田谷区にある浄土真宗本願寺派の寺院。,
松龍寺,,千葉県,,35.7793078,139.8983843,E,寺院,松龍寺（しょうりゅうじ）は、千葉県松戸市にある浄土宗の寺院。,
妙蓮寺,,東京都,,35.8018545,139.7717427,E,寺院,妙蓮寺（みょうれんじ）は、東京都足立区にある日蓮宗の寺院。,
神明神社,,神奈川県,,35.3399389,139.53423,E,神社,,
日吉神社,,福島県,,37.6902254,140.9710807,E,神社,日吉神社（ひよしじんじゃ）は、福島県南相馬市鹿島区の神社。,
西門寺,,東京都,,35.8093145,139.7735842,E,寺院,,
南蔵院,,東京都,,35.7976478,139.8357574,E,寺院,南蔵院（なんぞういん）は、東京都足立区にある真言宗智山派の寺院。新四国四箇領八十八箇所霊場第6番札所。,
延命寺,,東京都,,35.785265,139.8673956,E,寺院,延命寺（えんめいじ）は、東京都葛飾区にある真言宗豊山派の寺院。新四国四箇領八十八箇所霊場第31番札所。,
龍閑寺,,東京都,,35.7107986,139.7419387,E,寺院,,
徳用寺,,大阪府,,34.7606279,135.4695165,E,寺院,徳用寺（とくようじ）は大阪府豊中市にある真宗大谷派の仏教寺院。,
天祖神社,,東京都,,35.6935962,139.9038922,E,神社,天祖神社（てんそじんじゃ）は、東京都江戸川区の神社。,
慈眼寺,,東京都,,35.7621772,139.8491649,E,寺院,慈眼寺（じげんじ）は、東京都葛飾区にある真言宗豊山派の寺院。,
本廣寺,,和歌山県,,33.72774,135.9853814,E,寺院,本廣寺（ほんこうじ）は、和歌山県新宮市にある日蓮宗の寺院。山号は惠雲山（えうんざん）。,
冨持神社,,京都府,,35.5490409,135.0806782,E,神社,冨持神社（ふじじんじゃ）は、京都府京丹後市大宮町上常吉入船山に所在する神社。富持神社とも記載され、読みも（とみもちじんじゃ）とも記載される。,
西福寺,,埼玉県,,35.957579,139.7129946,E,寺院,,
城峰神社,,埼玉県,,36.1227947,139.0197519,E,神社,城峯神社（じょうみねじんじゃ）は、埼玉県児玉郡神川町の神社。,
長覚院,,埼玉県,,35.8825283,139.6533424,E,寺院,,
辰巳台神社,,千葉県,,35.5180697,140.1536824,E,神社,,
満福寺,,埼玉県,,36.0773807,139.7170741,E,寺院,満福寺（まんぷくじ）は、埼玉県幸手市にある真言宗智山派の寺院。,
東光寺,,埼玉県,,35.8373566,139.7717015,E,寺院,東光寺（とうこうじ）は、埼玉県川口市にある真言宗智山派の寺院。なお、当寺の約3キロメートル南南西の同市江戸袋に、院号が類似する東光院がある。,
祖光院,,千葉県,,35.8060207,139.9542382,E,寺院,祖光院（そこういん）は、千葉県松戸市にある曹洞宗の寺院。,
正蔵院,,東京都,,35.7031109,139.7361503,E,寺院,正蔵院（しょうぞういん）は、東京都新宿区にある天台宗の寺院。,
瑞円寺,,東京都,,35.6766743,139.7108541,E,寺院,,
源通寺,,東京都,,35.709117,139.6799833,E,寺院,源通寺（げんつうじ）は、東京都中野区にある真宗大谷派の寺院。,
郷福寺,,長野県,,36.1348274,137.9376282,E,寺院,,
田中神社,,和歌山県,,33.7207216,135.4445373,E,神社,田中神社（たなかじんじゃ）は、和歌山県西牟婁郡上富田町岡にある神社。旧社格は無格社。,
氷川神社,,埼玉県,,35.9153233,139.4601219,E,神社,氷川神社（ひかわじんじゃ）は、埼玉県川越市にある神社。,
行蓮寺,,静岡県,,35.008859,139.0867335,E,寺院,,
大林院,,東京都,,35.7511998,139.7645437,E,寺院,大林院（だいりんいん）は、東京都荒川区にある曹洞宗の寺院。,
安福寺,,茨城県,つくば市,36.0732632,140.0877139,E,寺院,安福寺（あんぷくじ）は、茨城県つくば市にある真言宗豊山派の寺院。,
常呂神社,,北海道,,44.1204586,144.0818223,E,神社,常呂神社（ところじんじゃ）は、北海道北見市常呂町にある神社である。社格は旧村社。,
妙興寺,,福井県,,35.4909234,135.7375799,E,寺院,妙興寺（みょうこうじ）は、福井県小浜市鹿島にある日蓮宗の寺院。山号は後瀬山。,
黒須雲神社,,愛知県,,35.294155,136.9307227,E,神社,,
豊原北島神社,,岡山県,,34.6549703,134.0620335,E,神社,,
光林寺,,千葉県,,35.6862203,139.9134681,E,寺院,光林寺（こうりんじ）は、千葉県市川市にある浄土宗の寺院。,
了善寺,,千葉県,,35.6783709,139.8962375,E,寺院,了善寺（りょうぜんじ）は、千葉県市川市にある浄土真宗本願寺派の寺院。,
慈眼院,,東京都,,35.7399006,139.8337185,E,寺院,慈眼院（じげんいん）は、東京都葛飾区にある真言宗豊山派の寺院。,
大宮神社,,千葉県,,35.7965556,140.0017918,E,神社,大宮神社（おおみやじんじゃ）は、千葉県鎌ケ谷市の神社。,
妙典寺,,神奈川県,,35.3084624,139.4954123,E,寺院,妙典寺（みょうでんじ）は、神奈川県鎌倉市腰越にある日蓮宗の寺院。旧本山は比企谷妙本寺、池上法縁。,
瑞応寺,,東京都,,35.7607133,139.7766219,E,寺院,,
往馬大社,,奈良県,,34.6783097,135.7037568,E,神社,,
辰市神社,,奈良県,,34.6587496,135.8029056,E,神社,,
河津八幡神社,,静岡県,,34.7442038,138.9941854,E,神社,,
傑傳寺,,埼玉県,,35.8279289,139.7593419,E,寺院,傑伝寺（けつでんじ）は、埼玉県川口市にある曹洞宗の寺院。,
長沼八幡宮,,栃木県,,36.368854,139.9288025,E,神社,,
崇福寺,,愛知県,,34.9820649,137.0039449,E,寺院,崇福寺（そうふくじ）は、愛知県刈谷市高松町4丁目62にある浄土宗西山深草派の寺院である。,
蓮勝寺,,愛知県,,35.1690488,136.9710595,E,寺院,,
専西寺,,東京都,,35.7224746,139.7553748,E,寺院,専西寺（せんさいじ）は、東京都文京区にある真宗大谷派の寺院。,
遍照院,,東京都,,35.7679439,139.7928705,E,寺院,,
嶺照院,,東京都,,35.7224975,139.7839867,E,寺院,嶺照院（れいしょういん）は、東京都台東区にある天台宗の寺院。,
本行寺 (足立区),,東京都,,35.8028603,139.7873407,E,寺院,本行寺（ほんぎょうじ）は、東京都足立区にある浄土真宗本願寺派の寺院。,
善養寺,,東京都,,35.7628305,139.8410277,E,寺院,善養寺（ぜんようじ）は、東京都葛飾区にある浄土宗の寺院。,
龍福寺,,岐阜県,,35.5306425,136.8365533,E,寺院,,
八幡神社,,静岡県,東伊豆町,34.7695993,139.045277,E,神社,八幡神社（はちまんじんじゃ）は、静岡県賀茂郡東伊豆町稲取にある神社。地名を冠して稲取八幡神社（いなとりはちまんじんじゃ）とも。,
真龍寺,,東京都,,35.7553722,139.6088922,E,寺院,,
巨福寺,,岡山県,,34.795761,133.6190515,E,寺院,巨福寺（こうふくじ）は、岡山県高梁市寺町にある日蓮宗の寺院。旧本山は大本山妙顕寺（四条門流）。,
正覺寺,,東京都,,35.7320784,139.8495362,E,寺院,正覚寺（しょうがくじ）は、東京都葛飾区にある真言宗豊山派の寺院。,
土肥　達磨寺,,静岡県,,34.8701565,138.7615772,E,寺院,,
妙楽院,,埼玉県,,35.9828653,139.7491417,E,寺院,妙楽院（みょうらくいん）は、埼玉県春日部市粕壁三丁目にある寺院。宗派は真言宗智山派である。,
本覚寺,,東京都,,35.6152218,139.7426466,E,寺院,本覚寺（ほんがくじ）は、東京都品川区にある天台宗の寺院。,
龍真寺,,埼玉県,,36.0005245,139.5982043,E,寺院,,
佑浩寺,,東京都,,35.647681,139.7234502,E,寺院,佑浩寺（ゆうこうじ）は、東京都港区にある真宗大谷派の寺院。,
法蔵寺,,福島県,,37.4427383,140.4867697,E,寺院,法蔵寺（ほうぞうじ）は、福島県田村郡三春町荒町にある時宗の寺院。,
正山寺,,東京都,,35.6422986,139.7383784,E,寺院,正山寺（しょうさんじ）は、東京都港区にある曹洞宗の寺院。,
楢葉八幡神社,,福島県,,37.2318111,140.9980662,E,神社,楢葉八幡神社（ならははちまんじんじゃ）は、福島県双葉郡広野町の神社。,
日宗寺,,東京都,,35.6861198,139.7227615,E,寺院,日宗寺（にっそうじ）は、東京都新宿区にある日蓮宗の寺院。,
傳法寺,,千葉県,,35.7694512,139.9436399,E,寺院,傳法寺（でんぽうじ）は、千葉県松戸市にある日蓮宗の寺院。,
山神社,,栃木県,,36.5972959,139.9434889,E,神社,山神社（やまじんじゃ）は、栃木県宇都宮市下岡本町に鎮座する神社。,
宮前氷川神社,,埼玉県,,35.9293732,139.5954625,E,神社,氷川社（ひかわしゃ）は、埼玉県さいたま市西区の神社。宮前氷川神社ともいう。,
妙昌寺,,愛媛県,,33.918951,133.1846038,E,寺院,妙昌寺（みょうしょうじ）は、愛媛県西条市東町にある日蓮宗の寺院。山号は日栄山。,
木熊野神社,,香川県,,34.2352891,133.7701923,E,神社,木熊野神社（きぐまのじんじゃ）は香川県善通寺市中村町に鎮座する神社。,
称光寺,,新潟県,,37.8078164,138.243983,E,寺院,,
常唱院,,静岡県,,35.3340154,138.9799491,E,寺院,常唱院（じょうしょういん）は、静岡県駿東郡小山町竹ノ下にある法華宗本門流の寺院。山号は要名山。,
静狩稲荷神社,,北海道,,42.5869137,140.4662101,E,神社,,
渓月院,,山口県,,34.0191121,131.9641309,E,寺院,,
勝妙寺,,兵庫県,,35.5226963,134.8182877,E,寺院,勝妙寺（しょうみょうじ）は、兵庫県豊岡市九日市上町、円山川の西岸にある日蓮宗の寺院。山号は法養山。,
武水穂神社,,長野県,,36.7448901,138.3696724,E,神社,武水穂神社（たけみずほじんじゃ）は、長野県中野市中央に鎮座する神社である。中野ひな市は武水穂神社の祭礼である。,
上戸日枝神社,,埼玉県,,35.9315524,139.4438439,E,神社,日枝神社（ひえじんじゃ）は、埼玉県川越市の神社。,
長源寺,,神奈川県,,35.3680116,139.2426291,E,寺院,,
浄閑寺,,千葉県,,35.6925587,139.9188479,E,寺院,,
金剛寺,,神奈川県,南足柄市,35.3126978,139.1042399,E,寺院,"金剛禅寺（こんごうぜんじ、英：Kongoji Zen Temple）は、神奈川県南足柄市にある臨済宗円覚寺派の禅寺。
開創当初は黄龍山金剛寺（こうりゅうざん こんごうじ）と号する。",
津具八幡宮,,愛知県,,35.1760474,137.6223824,E,神社,,
境妙寺,,東京都,,35.7122339,139.6796194,E,寺院,境妙寺（きょうみょうじ）は、東京都中野区にある天台宗の寺院。,
天祖神社,,東京都,,35.6149003,139.6446775,E,神社,天祖神社（てんそじんじゃ）は、東京都世田谷区の神社。,
浄昇寺,,愛知県,,35.144275,136.966813,E,寺院,浄昇寺（じょうしょうじ）は、名古屋市昭和区妙見町にある日蓮宗の寺院。川名の妙見さまとして知られる。,
大仙寺,,東京都,,35.7111643,139.4848574,E,寺院,大仙寺（だいせんじ）は、東京都小平市にある日蓮宗の寺院。,
東明寺,,千葉県,,35.712453,139.952933,E,寺院,東明寺（とうみょうじ）は千葉県船橋市東中山にある浄土宗の仏教寺院である。旧本尊は部田薬師と呼ばれ、古より信仰を集めたという。,
大井香取神社,,千葉県,,35.8519935,140.0046532,E,神社,,
妙海寺,,静岡県,,35.0913607,138.8567635,E,寺院,妙海寺（みょうかいじ）は、静岡県沼津市にある日蓮宗の寺院。山号は龍王山。,
妙興寺,,愛知県,一宮市,35.2846482,136.8010755,E,寺院,妙興寺（みょうこうじ）は、日本各地の寺院、地名などである。,
泉蔵院,,埼玉県,,35.8101732,139.7796016,E,寺院,泉蔵院（せんぞういん）は、埼玉県草加市にある真言宗智山派の寺院。,
本城寺,,東京都,,35.7123643,139.8899736,E,寺院,"本城寺（ほんじょうじ）は、東京都江戸川区にある日蓮宗の寺院。
千葉県松戸市（平賀）本土寺の末寺。",
東陽院,,東京都,,35.5442514,139.7097219,E,寺院,,
常光寺,,大阪府,,34.7410296,135.6041619,E,寺院,常光寺(じょうこうじ)は、大阪府門真市野里町にある浄土真宗本願寺派の仏教寺院。山号は紫雲山。,
宝勝院,,岐阜県,,35.5473917,136.9137846,E,寺院,寶勝院(ほうしょういん)は岐阜県美濃市にある不動明王を本尊とする真言宗醍醐派の寺院。山号は金毘羅山。,
阿弥陀院,,東京都,,35.798412,139.8049755,E,寺院,,
浄光院,,東京都,,35.743541,139.8804877,E,寺院,浄光院（じょうこういん）は、東京都葛飾区にある真言宗豊山派の寺院。,
経典寺,,京都府,,35.5498937,135.0733913,E,寺院,,
慈恩寺,,岐阜県,,35.4241346,136.7653093,E,寺院,慈恩寺（じおんじ）は、岐阜県岐阜市大門町にある、地蔵菩薩を本尊とする臨済宗妙心寺派（東海派天球院下）の寺院。山号は景徳山。,
柳野稲荷神社,,東京都,,35.7861974,139.8444867,E,神社,柳野稲荷神社（やなぎのいなりじんじゃ）は、東京都足立区佐野にある神社。,
諏訪神社,,埼玉県,,35.9648949,139.5476049,E,神社,,
青面山養護院（杖大師）（風早四国第四十九・五十二番札所）,,愛媛県,,33.9797197,132.775715,E,寺院,,
瑞華院,,東京都,,35.6557329,139.7230818,E,寺院,瑞華院（ずいけいん）は、東京都港区にある浄土宗の寺院。,
矢口神社,,千葉県,,35.501216,140.3039748,E,神社,矢口神社（やぐちじんじゃ）は、千葉県大網白里市永田（上総国山武郡）にある神社。旧社格は村社。,
本行寺,,千葉県,,35.1473851,140.3162161,E,寺院,本行寺（ほんぎょうじ）は、千葉県勝浦市浜勝浦にある日蓮宗の寺院。釈迦堂は勝浦市指定文化財。,
蓮華寺,,京都府,,35.6811391,135.0530273,E,寺院,,
普門寺,,神奈川県,,35.5965396,139.2849328,E,寺院,普門寺（ふもんじ）は、神奈川県相模原市緑区にある真言宗智山派の寺院。,
武野神社,,埼玉県,,35.7618344,139.5571331,E,神社,武野神社（たけしのじんじゃ）は、埼玉県新座市の神社。,
大亀寺,,岐阜県,,35.488141,136.6797648,E,寺院,大亀寺（たいきじ）は、岐阜県本巣市文殊にある曹洞宗の寺院。山号は五台山。,
香林寺,,埼玉県,,36.1872269,139.3463921,E,寺院,,
二之江神社,,東京都,,35.6759806,139.8799565,E,神社,二之江神社（にのえじんじゃ）は、東京都江戸川区の神社。,
法性寺,,千葉県,富津市,35.3069011,139.8633514,E,寺院,法性寺（ほっしょうじ）は、千葉県富津市に所在する顕本法華宗の寺院。山号は、南栄山（なんえいざん）。,
宗願寺,,茨城県,,36.1936078,139.701238,E,寺院,宗願寺（そうがんじ）は、茨城県古河市中央町二丁目（西鷹匠町）にある浄土真宗本願寺派の寺院。山号を足立山、院号を野田院という。,
一向寺,,茨城県,,36.187998,139.7005831,E,寺院,一向寺（いっこうじ）は、茨城県古河市長谷町にある時宗の寺院。山号を蓮池山、院号を無量院という。,
氷川神社,,埼玉県,,35.9533591,139.6499119,E,神社,,
華蔵院,,東京都,,35.7087648,139.7831469,E,寺院,,
班渓神社,,北海道,,43.5472728,142.1510925,E,神社,,
五郎神社,,群馬県,,36.3286167,139.1868448,E,神社,五郎神社（ごろうじんじゃ）とは、,
是心寺,,京都府,,35.0803665,135.7862988,E,寺院,是心寺（ぜしんじ）は京都府京都市左京区岩倉中在地町にある、臨済宗相国寺派の寺院。山号は小倉山。,
大谷口氷川神社,,埼玉県,さいたま市,35.8578914,139.6931135,E,神社,氷川神社（ひかわじんじゃ）は、埼玉県さいたま市南区の神社。,
朝日寺,,岡山県,瀬戸内市,34.6695774,134.1615401,E,寺院,朝日寺（ちょうにちじ）は、岡山県瀬戸内市邑久町庄田にある高野山真言宗の寺院。山号は庄田山。,
金剛寺,,埼玉県,,35.8573796,139.6144822,E,寺院,,
朝日 氷川神社,,埼玉県,川口市,35.8101493,139.7315799,E,神社,朝日氷川神社（あさひひかわじんじゃ）は、埼玉県川口市の神社。,
正覚院,,愛知県,,34.6495765,137.3277643,E,寺院,"北緯34度38分58.5秒 東経137度19分39.9秒
正覚院（しょうかくいん）は、愛知県田原市にある曹洞宗の寺院。",
椎ノ木地蔵尊,,神奈川県,,35.5423279,139.5018265,E,寺院,椎の木地蔵尊（しいのきじぞうそん）は、横浜市青葉区田奈町にある地蔵堂である。毎年4月14日に、同じく田奈町に所在する萬福寺の住職により、供養祭が行われている。,
宗賢寺,,東京都,,35.7133928,139.7665952,E,寺院,宗賢寺（そうけんじ）は、東京都台東区池之端にある日蓮宗の寺院。山号は妙光山。,
宝寿院,,東京都,,35.7666225,139.7831028,E,寺院,宝寿院（ほうじゅいん）は、東京都足立区にある真言宗豊山派の寺院。,
阿弥陀寺,,和歌山県,,34.1283699,135.1949417,E,寺院,,
西円寺,,東京都,,35.7388333,139.8515155,E,寺院,,
緑泉寺,,東京都,,35.711512,139.7911255,E,寺院,,
円蔵寺,,東京都,,35.7907111,139.8475133,E,寺院,円蔵寺（えんぞうじ）は、東京都葛飾区にある浄土宗の寺院。,
岩田寺,,千葉県,,35.2565347,140.0469079,E,寺院,岩田寺（がんでんじ）は、君津市大坂にある真言宗智山派の寺である。境内にあるイヌマキは君津市指定保存樹である。,
畑山神社,,大阪府,,34.8656745,135.6494675,E,神社,,
長安寺,,大阪府,,34.6696067,135.5211371,E,寺院,,
宝町八幡神社,,東京都,,35.7469534,139.8348032,E,神社,宝町八幡神社（たからまちはちまんじんじゃ）は、東京都葛飾区の神社。,
輪福寺,,東京都,,35.7466972,139.8785885,E,寺院,,
小岩田天祖神社,,東京都,,35.7442905,139.8938039,E,神社,天祖神社（てんそじんじゃ）は、東京都江戸川区の神社。,
洞雲寺,,埼玉県,,35.9426265,139.6913623,E,寺院,,
常林寺,,京都府,,35.5575029,135.0756772,E,寺院,常林寺（じょうりんじ）は、京都府京丹後市大宮町下常吉字サコにある曹洞宗の寺院。詳名は東光山常林寺。,
御嶽神社,,茨城県,,36.3507006,140.1152678,E,神社,御嶽神社（おんたけじんじゃ）は、茨城県桜川市にある、御嶽山信仰の神社。御嶽山に位置し、木曽御嶽信仰の信者が建てた霊神碑が林立している。,
大雲寺,,東京都,,35.7173376,139.7450402,E,寺院,大雲寺（だいうんじ）は、東京都文京区にある浄土宗の寺院。,
梅照院,,埼玉県,,35.9483144,139.7077141,E,寺院,梅照院（ばいしょういん）は、埼玉県さいたま市岩槻区にある日蓮宗の寺院。,
真福寺,,埼玉県,,35.9522433,139.62115,E,寺院,,
妙行寺,,東京都,,35.6855699,139.72273,E,寺院,妙行寺（みょうぎょうじ）は、東京都新宿区若葉二丁目にある日蓮宗の寺院である。山号を稲荷山という。,
中観音堂,,岐阜県,,35.2996216,136.7026273,E,寺院,中観音堂（なかかんのんどう）は、岐阜県羽島市上中町中にある寺院で、隣接する羽島市円空資料館と共に円空作の仏像を展示している。,
普門寺,,福島県,,37.0663421,140.883608,E,寺院,普門寺（ふもんじ）は、福島県いわき市平にある臨済宗の寺院である。山号は如意山、院号は福聚院。,
清徳寺,,東京都,,35.6952612,139.6483627,E,寺院,清徳寺（せいとくじ）は、東京都杉並区にある日蓮宗の寺院。,
諏訪雷電神社,,埼玉県,,35.9920126,139.5713749,E,神社,,
廣誠院,,京都府,,35.0120064,135.7702475,E,寺院,廣誠院（こうせいいん）は、昭和25年に創建された京都市中京区にある臨済宗の寺院。,
蓮蔵院,,東京都,,35.7817675,139.8687437,E,寺院,,
万福寺,,兵庫県,南あわじ市賀集鍛冶屋,34.2605548,134.7499186,E,寺院,万福寺（まんぷくじ）は、兵庫県南あわじ市賀集鍛冶屋にある高野山真言宗の寺院。山号は賀集山。,
下落合氷川神社,,埼玉県,,35.884319,139.6287229,E,神社,氷川神社（ひかわじんじゃ）は、埼玉県さいたま市中央区の神社。,
妙養寺,,埼玉県,,35.9212857,139.478192,E,寺院,妙養寺（みょうようじ）は、埼玉県川越市末広町にある日蓮宗の寺院。山号は蓮信山。,
海潮院,,愛知県,,34.9183713,136.971412,E,寺院,海潮院（かいちょういん）は、愛知県半田市亀崎町1-130にある曹洞宗の寺院。山号は亀嶺山（きれいざん）。,
正定寺,,東京都,,35.712593,139.78809,E,寺院,正定寺（しょうじょうじ）は、東京都台東区にある浄土宗の寺院。,
興陽寺,,千葉県,,35.870497,140.0093536,E,寺院,,
上染屋八幡神社,,東京都,府中市,35.670978,139.5056754,E,神社,八幡神社（はちまんじんじゃ）は、東京都府中市の神社。,
八幡神社,,埼玉県,,36.1826776,139.2684759,E,神社,八幡神社（はちまんじんじゃ）は、埼玉県深谷市上野台にある神社。旧社格は郷社。,
龍祥寺,,三重県,,34.3326756,136.4119602,E,寺院,,
正覚寺,,静岡県,,34.8318079,138.1718799,E,寺院,正覚寺（しょうかくじ）は、静岡県島田市本通にある日蓮宗の寺院。山号は成等山。,
椚神社,,奈良県,,34.6706892,135.8305486,E,神社,椚神社（くぬぎじんじゃ）は、奈良県奈良市にある神社である。神木として櫟の木を祀っている。,
法福寺,,富山県,,36.8692831,137.5636499,E,寺院,法福寺（ほうふくじ）は、富山県黒部市宇奈月町明日836にある真言宗高野山派の寺院である。,
城立寺,,埼玉県,,36.2381346,139.1880222,E,寺院,城立寺（じょうりゅうじ）は、埼玉県本庄市銀座にある日蓮宗系の単立寺院で、単立寺院で組織する日蓮教団に所属している。鉢形山浄眼院。,
熊野神社,,鹿児島県,,30.7822992,130.2795628,E,神社,熊野神社（くまのじんじゃ）は、鹿児島県鹿児島郡三島村の硫黄島に所在する神社。硫黄大権現宮とも呼ばれ、安徳天皇晩年の皇居跡とも伝えられている。,
花岡神社,,北海道,札幌市,42.9624392,141.2615402,E,神社,花岡神社（はなおかじんじゃ）は北海道札幌市南区簾舞2条5丁目3番1号にある神社。,
明圓寺,,広島県,,34.3837554,133.378289,E,寺院,明円寺（みょうえんじ）は、広島県福山市鞆町にある真宗大谷派の寺院。山号は松江山。,
細田神社,,東京都,,35.7419868,139.8676928,E,神社,,
厳島神社,,奈良県,,34.6559975,135.8190449,E,神社,,
稲荷神社,,奈良県,,34.6557938,135.8123707,E,神社,,
西波天神社,,奈良県,,34.6682142,135.7808854,E,神社,,
井山宝福寺,,岡山県,,34.6913933,133.7343085,E,寺院,"寶福寺、寳福寺、宝福寺（ほうふくじ）

宝福寺 (中野区) – 東京都中野区南台にある真言宗豊山派の寺院。如意山。",
東光院,,埼玉県,,35.8151029,139.7559741,E,寺院,東光院（とうこういん）は、埼玉県川口市にある真言宗智山派の寺院。なお、当院の約3キロメートル北北東の同市安行原に、寺号が類似する東光寺がある。,
福勝寺,,東京都,,35.7110566,139.7356648,E,寺院,,
長耀寺,,東京都,,35.6617774,139.7320059,E,寺院,,
天祖神社,,東京都,,35.6425939,139.647635,E,神社,天祖神社（てんそじんじゃ）は、東京都世田谷区の神社。,
神照寺,,岐阜県,,35.4629198,137.1016447,E,寺院,,
正福寺,,岐阜県,,35.2803497,137.2468269,E,寺院,正福寺（しょうふくじ）は岐阜県土岐市鶴里町細野にある薬師如来と聖観世音菩薩を本尊とする曹洞宗の寺院。山号は東岳山。,
登戸稲荷神社,,埼玉県,,35.8752805,139.8009831,E,神社,,
弘泉寺,,岡山県,,34.4377238,133.8049972,E,寺院,弘泉寺（こうせんじ）は、真言宗御室派の寺院。正式名称は、鷲羽山弘泉寺。,
願生寺,,埼玉県,,35.9506326,139.6963705,E,寺院,,
光福院,,埼玉県,,35.8603123,139.8865183,E,寺院,光福院（こうふくいん）は、埼玉県三郷市にある真言宗豊山派の寺院。,
福田寺,,京都府,,34.9933862,135.7640623,E,寺院,福田寺（ふくでんじ）は京都府京都市下京区にある時宗の寺院。山号は東岡山(とうこうさん)。,
吹上神社,,埼玉県,鴻巣市,36.1055645,139.4499438,E,神社,吹上神社（ふきあげじんじゃ）は、埼玉県鴻巣市の神社。,
長安寺,,山梨県,,35.5500093,138.9080805,E,寺院,,
照光寺,,埼玉県,,35.9031895,139.7023425,E,寺院,照光寺（しょうこうじ）は、埼玉県さいたま市緑区にある曹洞宗の寺院。,
熊野神社,,静岡県,,34.6728827,138.0301189,E,神社,熊野神社（くまのじんじゃ）は、静岡県掛川市にある神社。祭神は素佐之男命。,
寿楽院,,埼玉県,,36.0122563,139.6620847,E,寺院,寿楽院（じゅらくいん）は、埼玉県白岡市にある曹洞宗の寺院。,
一切経山 金剛寺,,京都府,,35.0095939,135.7818348,E,寺院,,
水祖神社,,島根県,,36.2029974,133.3311455,E,神社,水祖神社（みおやじんじゃ）は、島根県隠岐郡隠岐の島町港町天神原にある神社。式内社で、旧社格は郷社。,
龍散禅寺,,神奈川県,,35.4199247,139.3137063,E,寺院,,
要行寺,,静岡県,,35.2365074,138.6074259,E,寺院,,
松原神社,,兵庫県,,34.731995,135.3987103,E,神社,松原神社（まつばらじんじゃ）は、兵庫県尼崎市浜田町にある神社。,
龍谷寺,,東京都,,35.6717805,139.3525701,E,寺院,,
菅原神社,,奈良県,,34.6609527,135.8111,E,神社,菅原神社（すがわらじんじゃ）は、奈良県奈良市東九条町にある神社。,
船玉神社,,神奈川県,,35.3444928,139.4879899,E,神社,,
円福寺,,新潟県,,37.2229991,138.968936,E,寺院,圓福寺（えんぷくじ）は、新潟県魚沼市にある真言宗智山派の寺院。,
蓮照寺,,愛知県,,35.2918106,136.7812026,E,寺院,,
八坂神社,,千葉県,,35.7845775,139.9988023,E,神社,八坂神社（やさかじんじゃ）は、千葉県鎌ケ谷市の神社。,
妙国寺,,石川県,,36.5764115,136.6696324,E,寺院,妙国寺は（みょうこくじ）、石川県金沢市東山にある日蓮宗の寺院。山号は日向山。,
寿量院,,千葉県,,35.829354,139.9992593,E,寺院,寿量院（じゅりょういん）は、千葉県柏市にある真言宗豊山派系の単立寺院。,
等覚寺 (横須賀市),,神奈川県,,35.2316102,139.6914706,E,寺院,,
住吉神社,,埼玉県,,36.039665,139.6329233,E,神社,住吉神社（すみよしじんじゃ）は、埼玉県白岡市の神社。,
大宮神社,,静岡県,,34.9655126,138.9853479,E,神社,"大宮神社（おおみやじんじゃ）は、静岡県伊豆市上白岩（かみしらいわ）にある神社。
旧下大見村に概ね相当する白岩地区の中心的な神社である。",
延寿山 本行寺,,岡山県,,35.0597809,133.991001,E,寺院,本行寺（ほんぎょうじ）は、岡山県津山市西寺町にある日蓮宗の寺院。山号は延寿山。,
不動院,,東京都,,35.7737253,139.7567889,E,寺院,不動院（ふどういん）は、東京都足立区にある真言宗系の単立寺院。,
本行寺,,東京都,,35.7083518,139.7857846,E,寺院,本行寺（ほんぎょうじ）は、東京都台東区にある真宗高田派の寺院。,
市村神社,,長野県,,36.6300283,138.1941308,E,神社,市村神社（いちむらじんじゃ）は、長野県長野市若里三丁目にある神社（村社）。,
荷機稲荷神社,,岐阜県,,35.3472091,137.278629,E,神社,,
浄円寺,,岐阜県,,35.3101668,137.3101325,E,寺院,淨圓寺（浄円寺・じょうえんじ）は、岐阜県瑞浪市陶町水上にある曹洞宗の寺院。山号は正法山。,
正源寺,,埼玉県,,35.8247411,139.7847946,E,寺院,正源寺（しょうげんじ）は、埼玉県川口市にある真言宗智山派の寺院。,
普門寺,,岐阜県,,35.3703929,137.0724308,E,寺院,普門寺（ふもんじ）は岐阜県多治見市大針町にある臨済宗南禅寺派の寺院。山号は慈眼山。,
立應寺,,東京都,,35.783066,139.8452101,E,寺院,,
六所神社,,京都府,,34.7617042,136.0266158,E,神社,六所神社（ろくしょじんじゃ）は京都府相楽郡南山城村北大河原にある神社。摂社として、津島神社、金毘羅大権現が同じ覆屋の中に鎮座している。,
景元寺,,埼玉県,,35.8911695,139.6465305,E,寺院,景元寺（けいげんじ）は、埼玉県さいたま市大宮区にある天台宗の寺院。,
秀常寺,,埼玉県,,35.8559791,139.3340754,E,寺院,,
長命寺,,千葉県,,35.937706,139.8677158,E,寺院,,
広徳寺,,千葉県,,35.8392967,139.9216298,E,寺院,広徳寺（こうとくじ）は、千葉県松戸市にある曹洞宗の寺院。,
教行院,,京都府,,35.0350743,135.751722,E,寺院,教行院（きょうぎょういん）は、京都府京都市上京区小川通寺ノ内上る本法寺前町にある日蓮宗の寺院。由緒寺院本法寺の塔頭（教行院の他に尊陽院と教蔵院がある）。,
稲荷神社,,埼玉県,,35.8466746,139.6779846,E,神社,,
加倉久伊豆神社,,埼玉県,,35.9429939,139.6891355,E,神社,久伊豆神社（ひさいずじんじゃ）は、埼玉県さいたま市岩槻区の神社。,
三柱神社,,千葉県,富津市,35.205631,139.8412387,E,神社,三柱神社（みはしらじんじゃ）は、千葉県富津市の神社。,
長慶寺,,静岡県,,35.1457814,138.6441044,E,寺院,,
代信寺,,静岡県,,35.1845827,138.643508,E,寺院,代信寺（だいしんじ）は、静岡県富士宮市にある日蓮宗の寺院である。山号は瀧戸山。,
正圓寺,,埼玉県,,35.8880038,139.6179399,E,寺院,正圓寺（しょうえんじ）は、埼玉県さいたま市中央区にある浄土宗の寺院。,
岩関神社,,秋田県,,40.2109203,140.2321245,E,神社,岩関神社（いわせきじんじゃ）とは、秋田県能代市二ツ井町山根にある神社である。旧社格は村社。,
慈恩寺,,三重県,,34.8365735,136.5553114,E,寺院,慈恩寺（じおんじ）は、三重県鈴鹿市稲生西二丁目にある、高野山真言宗の仏教寺院。山号は雲林山（うんりんざん）、院号は普門院（ふもんいん）。,
天神神社,,静岡県,下田市,34.6983395,138.929447,E,神社,天神神社（てんじんじんじゃ）は、静岡県下田市蓮台寺にある神社。,
大願寺,,埼玉県,,35.865611,139.5433211,E,寺院,大願寺（だいがんじ）は、埼玉県富士見市にある曹洞宗の寺院。,
氷川神社,,埼玉県,,35.8852973,139.5988631,E,神社,氷川神社（ひかわじんじゃ）は、埼玉県さいたま市西区の神社。,
清岸寺,,千葉県,,35.6877111,139.9138047,E,寺院,,
源心寺,,千葉県,,35.6812556,139.9035171,E,寺院,,
萬栄寺,,東京都,,35.7383692,139.7577419,E,寺院,万栄寺（まんえいじ）は、東京都北区にある真宗大谷派の寺院。,
総寧寺,,千葉県,,35.7481299,139.8997646,E,寺院,,
光源寺,,東京都,,35.6638279,139.5710136,E,寺院,光源寺（こうげんじ）は、東京都調布市にある浄土真宗本願寺派の寺院。,
法善寺,,東京都,,35.7423314,139.8500199,E,寺院,法善寺（ほうぜんじ）は、東京都葛飾区にある浄土真宗系の単立寺院。,
上青木氷川神社,,埼玉県,,35.8290382,139.7254496,E,神社,,
長伝寺,,愛知県,,35.1266937,136.8452999,E,寺院,,
善滝神社,,兵庫県,,35.4358922,134.5088164,E,神社,"善瀧神社（よしたきじんじゃ、吉滝神社）は兵庫県美方郡香美町小代区鍛冶屋にある神社。
裏見の滝である吉滝の背後に本殿がある。",
浄興寺,,東京都,,35.6853994,139.8922095,E,寺院,浄興寺（じょうこうじ）は、東京都江戸川区にある浄土宗の寺院。,
香取神社,,東京都,,35.6833345,139.8917244,E,神社,上今井香取神社（かみいまいかとりじんじゃ）は東京都江戸川区の神社。,
瑞輪寺,,東京都,,35.7231553,139.767811,E,寺院,"瑞輪寺（ずいりんじ）

瑞輪寺 (台東区) - 東京都台東区にある日蓮宗の本山。
瑞輪寺 (奈良県下市町) - 奈良県吉野郡下市町にある浄土真宗の寺院。",
東漸寺,,東京都,,35.7104421,139.8365958,E,寺院,東漸寺（とうぜんじ）は、東京都墨田区にある天台宗の寺院。,
覚源院,,東京都,,35.5780734,139.7039005,E,寺院,,
恵利寺,,岐阜県,,35.5217014,136.8454223,E,寺院,恵利寺（えりじ）は岐阜県関市武芸川町跡部にある十一面観音菩薩を本尊とする臨済宗妙心寺派の寺院で、山号は尾崎山。美濃三十三観音霊場6番札所。,
神明社,,愛知県,瀬戸市,35.2516982,137.1273733,E,神社,,
弘誓院,,千葉県,,35.8385293,140.0529851,E,寺院,弘誓院（ぐぜいいん）は、千葉県柏市にある真言宗豊山派の寺院。,
鷲宮神社,,埼玉県,,36.1100781,139.6276796,E,神社,,
成林庵,,東京都,,35.7334584,139.8181433,E,寺院,成林庵（じょうりんあん）は、東京都墨田区にある臨済宗妙心寺派の寺院。現在は尼寺である。,
舎熊神社,,北海道,増毛町,43.8675806,141.5721212,E,神社,,
西蓮寺,,千葉県,,35.7599393,139.895267,E,寺院,,
最勝寺,,埼玉県,,35.9716052,139.2686871,E,寺院,最勝寺（さいしょうじ）は、埼玉県入間郡越生町にある真言宗智山派の寺院。,
赤田神社,,徳島県,,34.108211,134.3229863,E,神社,,
本蓮寺,,宮崎県,,32.0811366,131.4221557,E,寺院,本蓮寺（ほんれんじ）は、宮崎県児湯郡新富町新田に所在する日蓮正宗の寺院。山号は図子山（ずしさん）。,
江岳寺,,静岡県,掛川市,34.6707804,138.0029129,E,寺院,江岳寺（こうがくじ）は静岡県掛川市にある仏教寺院。,
海泉寺 (大阪市),,大阪府,,34.6550669,135.5019157,E,寺院,,
大生部兵主神社,,兵庫県,,35.4315372,135.0423484,E,神社,大生部兵主神社（おおいくべひょうずじんじゃ）は、兵庫県豊岡市但東町薬王寺にある神社。「天王さん」の呼び名で、古くから親しまれている。,
平野八幡神社,,兵庫県,,34.6923714,134.983721,E,神社,平野八幡神社（ひらのはちまんじんじゃ）は、兵庫県神戸市西区に鎮座する。,
濤響寺,,東京都,,34.2059209,139.1357229,E,寺院,濤響寺（とうこうじ）は、東京都神津島村にある浄土宗の寺院。,
成願寺,,千葉県,君津市,35.2991914,139.9604739,E,寺院,成願寺（じょうがんじ）は、千葉県君津市にある真言宗智山派の寺院。山号は息災山。,
氷川社,,埼玉県,,35.9015484,139.7024109,E,神社,氷川社（ひかわしゃ）は、埼玉県さいたま市緑区の神社。,
上宮寺,,茨城県,,36.4852352,140.5364531,E,寺院,上宮寺（じょうぐうじ）は、茨城県那珂市にある浄土真宗本願寺派の寺院。,
西新井宿氷川神社,,埼玉県,,35.844374,139.7357505,E,神社,氷川社（ひかわしゃ）は、埼玉県川口市の神社。,
松應寺,,東京都,,35.6997299,139.651275,E,寺院,松応寺（しょうおうじ）は、東京都杉並区にある曹洞宗の寺院。,
龍王山 宝性寺,,三重県,,35.0188031,136.6505722,E,寺院,宝性寺（ほうしょうじ）は、三重県四日市市蒔田にある単立の寺院。通称は蒔田観音（まいたかんのん）。,
武国神社,,埼玉県,,35.9534589,139.5958229,E,神社,武国神社（ぶこくじんじゃ）は、埼玉県さいたま市北区の神社。,
法正寺,,東京都,,35.7018353,139.7362866,E,寺院,法正寺（ほうしょうじ）は、東京都新宿区にある浄土宗の寺院。,
小代神社,,兵庫県,,35.4181767,134.5204481,E,神社,小代神社（おじろじんじゃ / こしろじんじゃ）は、兵庫県美方郡香美町小代区秋岡にある神社。,
西光山福寿院,,東京都,,35.6948691,139.6747301,E,寺院,,
貞巖寺,,東京都,,35.742105,139.8504517,E,寺院,,
八剣神社,,福岡県,,33.1226663,130.4391889,E,神社,八剣神社（やつるぎじんじゃ）は福岡県柳川市大和町中島東上町に鎮座する神社。,
石雲寺,,神奈川県,,35.4381969,139.2655122,E,寺院,石雲寺（せきうんじ）は、神奈川県伊勢原市に所在する、曹洞宗の寺院。,
善照寺,,東京都,,35.6685853,139.6432893,E,寺院,善照寺（ぜんしょうじ）は、東京都杉並区にある浄土真宗本願寺派の寺院。,
正光寺,,岩手県,,38.9197735,141.1296273,E,寺院,正光寺（しょうこうじ）は、岩手県一関市に所在する浄土真宗本願寺派の寺院。,
都祁山口神社,,奈良県,,34.5921439,135.8481406,E,神社,,
薬師寺,,東京都,,35.7577141,139.8213351,E,寺院,,
黄梅院,,長野県,,35.5170448,137.8321217,E,寺院,,
薬王寺,,東京都,,35.7289166,139.7901944,E,寺院,,
長安寺,,東京都,,35.8042469,139.7875421,E,寺院,,
大秀寺,,東京都,,35.7535435,139.8645578,E,寺院,大秀寺（だいしゅうじ）は、日本の東京都葛飾区にある浄土宗の寺院。,
不動院,,東京都,,35.687466,139.9084232,E,寺院,不動院（ふどういん）は、東京都江戸川区にある真言宗豊山派の寺院。,
林昌寺,,岐阜県,,35.3039309,137.2874119,E,寺院,林昌寺（りんしょうじ）は岐阜県瑞浪市陶町大川にある臨済宗妙心寺派の聖澤門派の寺院。山号は臥龍山。,
崇運寺,,愛知県,,34.7267324,137.0336401,E,寺院,崇運寺（そううんじ）は、愛知県西尾市一色町佐久島西側5にある浄土宗西山深草派の寺院。境内は佐久島西港近くの高台にある。,
真行院,,東京都,,35.7031512,139.7887153,E,寺院,真行院（しんぎょういん）は、東京都台東区にある浄土宗の寺院。,
天神社,,埼玉県,,36.0306104,139.5374298,E,神社,天神社（てんじんしゃ）は、埼玉県北本市の神社。,
全洞院,,埼玉県,,35.9394628,139.2559559,E,寺院,全洞院（ぜんとういん）は、埼玉県入間郡越生町にある曹洞宗の寺院。,
本法寺,,千葉県,,35.7749724,139.927932,E,寺院,本法寺（ほんぽうじ）は、千葉県松戸市にある日蓮宗の寺院。,
寿量寺,,徳島県,,34.0715576,134.5450424,E,寺院,壽量寺（じゅりょうじ）は、徳島県徳島市寺町にある日蓮宗の寺院である。山号は妙覚山。,
妙経寺,,新潟県,,38.0029325,138.3181912,E,寺院,妙経寺（みょうきょうじ）は、新潟県佐渡市中原にある日蓮宗の寺院。山号は法華山。,
八幡社,,埼玉県,,35.9012534,139.7046165,E,神社,八幡社（はちまんしゃ）は、埼玉県さいたま市緑区の神社。,
古潭八幡神社,,北海道,,43.357978,141.4284188,E,神社,"古潭八幡神社（こたんはちまんじんじゃ）は、北海道石狩市厚田古潭のヲショロコツ高台に所在する神社。
旧社格は郷社。",
建立寺,,山口県,,34.2955241,132.0361643,E,寺院,建立寺（こんりゅうじ）は、山口県岩国市本郷町にある浄土宗の寺院。山号は妙見山。,
教信寺,,千葉県,,35.6901672,139.9167688,E,寺院,教信寺（きょうしんじ）は、千葉県市川市にある浄土宗の寺院。,
西藏院,,東京都,,35.6472336,139.740909,E,寺院,,
圓慶寺,,千葉県,,35.7782189,139.8965553,E,寺院,圓慶寺（えんけいじ）は、千葉県松戸市にある天台宗の寺院。,
白鳥神社,,愛知県,,35.0577911,137.5313129,E,寺院,白鳥神社（しらとりじんじゃ）は、愛知県北設楽郡設楽町田峯二社所6にある神社。旧社格は村社。,
豊作稲荷神社,,千葉県,,35.7839707,139.9923185,E,神社,,
觀音寺,,東京都,,35.7629187,139.8225501,E,寺院,,
榛名神社,,埼玉県,,35.8656192,139.5410081,E,神社,榛名神社（はるなじんじゃ）は、埼玉県富士見市勝瀬にある神社。地名を冠して勝瀬榛名神社（かつせはるなじんじゃ）とも称される。,
清閑寺,,岐阜県,,35.4863205,136.839127,E,寺院,清閑寺（せいかんじ）は岐阜県岐阜市世保にある阿弥陀如来を本尊とする西山浄土宗の寺院で、山号は長立山。美濃新四国77番札所。,
乗願寺,,東京都,,35.756216,139.8685988,E,寺院,乗願寺（じょうがんじ）は、東京都葛飾区にある真宗大谷派の寺院。,
覚性寺,,東京都,,35.7135695,139.7663519,E,寺院,,
大光寺,,東京都,,35.7961464,139.8446148,E,寺院,大光寺（だいこうじ）は、東京都足立区にある新義真言宗の寺院。新四国四箇領八十八箇所霊場第7番札所。,
龍岩寺,,東京都,,35.7887366,139.8336709,E,寺院,,
龍昌寺,,東京都,,35.7078973,139.6774916,E,寺院,,
無量寺,,奈良県,,34.5440129,135.7094562,E,寺院,無量寺 (むりょうじ)は、奈良県香芝市下田東にある浄土真宗本願寺派の寺院。正徳山無量寺。,
圓泉寺,,東京都,,35.7790328,139.827437,E,寺院,円泉寺（えんせんじ）は、東京都足立区にある浄土宗の寺院。,
宝幢寺,,埼玉県,,36.182747,139.617922,E,寺院,宝幢寺（ほうどうじ）は、埼玉県加須市にある真言宗豊山派の寺院。,
法林寺,,東京都,,35.7033853,139.7891284,E,寺院,法林寺（ほうりんじ）は、東京都台東区にある浄土宗の寺院。,
専行寺,,東京都,,35.7003819,139.7223745,E,寺院,専行寺（せんぎょうじ）は、東京都新宿区にある真宗大谷派の寺院。,
長沼神社,,北海道,,43.0114371,141.7039689,E,神社,,
西栄寺,,千葉県,,35.8769406,139.9068255,E,寺院,,
祥山寺,,東京都,,35.6870687,139.7230195,E,寺院,祥山寺（しょうざんじ）は、東京都新宿区にある臨済宗系の単立寺院。,
西光寺,,東京都,,35.7349048,139.7956591,E,寺院,,
千光寺,,北海道,,42.408883,141.1048066,E,寺院,千光寺（せんこうじ）は、北海道登別市にある高野山真言宗の寺院。山号は幌別山。,
真乗寺,,埼玉県,,35.837669,139.625511,E,寺院,真乗寺（しんじょうじ）は、埼玉県さいたま市南区にある真言宗智山派の寺院。,
立正寺,,宮崎県,,31.9120221,131.4179525,E,寺院,,
長運寺,,東京都,,35.647643,139.7417018,E,寺院,,
湯殿神社,,埼玉県,,35.9323228,139.6726924,E,神社,湯殿神社（ゆどのじんじゃ）は、埼玉県さいたま市見沼区の神社。,
香取神社,,埼玉県,さいたま市,35.9409688,139.7390727,E,神社,,
小網寺,,千葉県,館山市,34.9605338,139.869431,E,寺院,小網寺（こあみじ）は、千葉県館山市出野尾にある、真言宗智山派の寺院。山号は金剛山。,
崇蓮寺,,埼玉県,,35.9752727,139.7584769,E,寺院,崇蓮寺（そうれんじ）は、埼玉県春日部市にある浄土宗の寺院。,
大長寺,,神奈川県,,35.356218,139.5465432,E,寺院,"大長寺（だいちょうじ）

大長寺 (行田市) – 埼玉県行田市にある浄土宗の寺院。",
龍護寺,,石川県,,37.1568906,136.6973032,E,寺院,,
光明寺,,富山県,南砺市,36.4085283,136.9324618,E,寺院,光明寺（こうみょうじ）は、富山県南砺市（旧平村）田向地区にある真宗大谷派の寺院である。,
大宮住吉神社,,埼玉県,,35.9714907,139.4273505,E,神社,大宮住吉神社（おおみやすみよしじんじゃ）は、埼玉県坂戸市の神社。,
自性院,,千葉県,,35.6962257,139.9188965,E,寺院,,
西照寺,,東京都,,35.6582218,139.5847916,E,寺院,,
正真寺,,千葉県,,35.8089312,139.902721,E,寺院,正真寺（しょうしんじ）は、千葉県松戸市にある真言宗豊山派の寺院。,
法教山浄安寺,,千葉県,,35.7625236,139.896784,E,寺院,浄安寺（じょうあんじ）は、千葉県松戸市にある日蓮宗の寺院。,
秀明寺,,東京都,,35.5496564,139.7267261,E,寺院,,
妙正寺,,石川県,,36.5760645,136.6692553,E,寺院,妙正寺（みょうしょうじ）は、石川県金沢市東山にある日蓮宗の寺院。山号は精進山。,
賀茂神社,,鳥取県,,35.4140943,134.2619849,E,神社,,
蓮台寺,,埼玉県,,36.1822907,139.6030356,E,寺院,,
白山神社,,奈良県,,34.6504001,135.8174058,E,神社,白山神社（はくさんじんじゃ）は奈良県奈良市北之庄町にある神社。,
天満神社,,奈良県,,34.6752671,135.7978641,E,神社,柏木天満宮 （かしわぎてんまんぐう）は、奈良県奈良市柏木町にある神社。単に天満神社とも。,
法然寺,,東京都,,35.6825014,139.8593166,E,寺院,法然寺（ほうねんじ）は、東京都江戸川区にある浄土宗の寺院。,
香取神社,,千葉県,,35.8632104,140.0964993,E,神社,,
来昌寺,,岐阜県,,35.547768,136.9159441,E,寺院,来昌寺（らいしょうじ）は、岐阜県美濃市にある浄土宗西山禅林寺派の寺院。,
白川寺,,岐阜県,,35.5786827,137.1894531,E,寺院,白川寺（しらかわじ）は、岐阜県加茂郡白川町河岐にある弘法大師を本尊とする高野山真言宗の寺院。山号は小原山。,
勝養寺,,東京都,,35.7446806,139.8533169,E,寺院,勝養寺（しょうようじ）は、東京都葛飾区にある真言宗豊山派の寺院。,
正行寺,,東京都,,35.7426133,139.8413611,E,寺院,正行寺（しょうぎょうじ）は、東京都葛飾区にある浄土真宗本願寺派の寺院。,
大龍寺,,埼玉県,,35.9527131,139.69808,E,寺院,大龍寺（だいりゅうじ）は、埼玉県さいたま市岩槻区にある曹洞宗の寺院。,
子日神社,,埼玉県,,35.8445056,139.7363681,E,神社,子日神社（ねのひじんしゃ）は、埼玉県川口市の神社。,
南方神社,,鹿児島県,,31.2113404,130.628082,E,神社,南方神社（みなみかたじんじゃ）は鹿児島県指宿市山川にある神社。諏訪大社の系列を汲む。,
熊野神社,,静岡県,,35.0053648,138.9483423,E,神社,熊野神社（くまのじんじゃ）は、静岡県伊豆の国市三福（みふく）にある神社。,
今宮神社,,栃木県,,36.6896569,139.9622389,E,神社,今宮神社（いまみやじんじゃ）は、栃木県さくら市の神社。,
光明寺,,千葉県,,35.821453,139.9285709,E,寺院,光明寺（こうみょうじ）は、千葉県松戸市にある真言宗豊山派の寺院。,
安住寺,,徳島県,,34.0729266,134.543302,E,寺院,安住寺（あんじゅうじ）は、徳島県徳島市寺町にある真言宗大覚寺派の寺院。山号は月周山。,
妙泰寺,,石川県,,36.5763287,136.6684298,E,寺院,妙泰寺（みょうたいじ）は石川県金沢市東山にある日蓮宗の寺院。寺宝として加賀藩火矢方御用文書(高麗小川流石火矢文書)などが伝わる。,
光照山 学成寺,,鳥取県,鳥取市,35.5064635,134.2226286,E,寺院,学成寺（がくじょうじ）は、鳥取県鳥取市新品治町にある日蓮宗の寺院。山号は光照山。,
雲江院,,静岡県,,34.7542207,137.8899134,E,寺院,,
久本院,,京都府,,35.0339098,135.7541726,E,寺院,久本院（くほんいん）は、京都府京都市上京区寺之内通新町西入妙顕寺前町にある日蓮宗の寺院で、妙顕寺の塔頭。山号は具足山。,
延命寺,,岐阜県,,35.4545668,136.6848619,E,寺院,延命寺（えんめいじ）は、岐阜県本巣市石原にある延命地蔵菩薩を本尊とする高野山真言宗の寺院で、山号は鳳凰山。美濃四国52番札所となっている。,
大福寺,,岐阜県,,35.476992,136.6583202,E,寺院,大福寺（だいふくじ）は、岐阜県本巣市高屋字梅塚にある真言宗智山派の寺院。山号は三谷山。,
西之院,,東京都,,35.5797094,139.7030024,E,寺院,,
大龍院 (名古屋市),,愛知県,,35.2079792,136.903524,E,寺院,大龍院（だいりゅういん）は、愛知県名古屋市北区にある真言宗醍醐派の寺院。,
三光寺,,和歌山県,,34.2202141,135.1719799,E,寺院,"三光寺（さんこうじ）は、 和歌山県和歌山市吹上にある西山浄土宗の寺院である。
文亀2年（1502年）福生大徳より創建された。",
本光寺,,和歌山県,,34.2199348,135.1708527,E,寺院,本光寺（ほんこうじ）は、和歌山県和歌山市吹上にある日蓮宗の寺院。山号は法性山。,
法華寺,,北海道,,42.2255325,139.8245204,E,寺院,法華寺（ほっけじ）は、北海道久遠郡せたな町大成区都にある日蓮宗の寺院。山号は久遠山。,
法輪寺,,新潟県,,38.0325728,138.245556,E,寺院,法輪寺（ほうりんじ）は、新潟県佐渡市相川下寺町にある日蓮宗の寺院。山号は久栄山。,
地福寺,,埼玉県,,35.7831995,139.623805,E,寺院,地福寺（じふくじ）は、埼玉県和光市にある天台宗の寺院。,
眞光寺,,埼玉県,,36.1636134,139.5485003,E,寺院,真光寺（しんこうじ）は、埼玉県羽生市にある真言宗智山派の寺院。,
長光寺,,埼玉県,,36.1832972,139.5715991,E,寺院,長光寺（ちょうこうじ）は、埼玉県羽生市にある曹洞宗の寺院。,
真福寺,,奈良県,,34.7083901,136.0395352,E,寺院,,
京終地蔵院,,奈良県,,34.6719159,135.8279979,E,寺院,京終地蔵院（きょうばてじぞういん）は、奈良県奈良市にある寺院。,
浄福寺,,岡山県,,34.7968045,133.4374407,E,神社,,
安住寺,,愛知県,,35.122434,136.8480351,E,寺院,安住寺（あんじゅうじ）は愛知県名古屋市中川区にある臨済宗妙心寺派の寺院。山号は一元山（いちげんさん）、本尊は釈迦如来。,
杲洞寺,,愛知県,,35.3129028,136.9362807,E,寺院,杲洞寺（こうどうじ）は、愛知県小牧市にある曹洞宗の寺院。創建は慶長3年（1598年）。,
八幡社,,愛知県,,35.1229998,137.0455626,E,神社,八幡社（はちまんしゃ）は、愛知県日進市折戸町寺脇に鎮座する神社。,
中臣神社,,京都府,,34.9703555,135.8048298,E,神社,中臣神社（なかとみじんじゃ）は西野山中臣町（にしのやま-なかとみちょう）にある。正式には二之宮（にのみや）と称されている。,
皇大神社,,奈良県,,34.6793378,135.7931705,E,神社,皇大神社（こうたいじんじゃ）は、奈良県奈良市四条大路4丁目にある神社。,
徳性寺,,東京都,,35.7236927,139.7529757,E,寺院,徳性寺（とくしょうじ）は、東京都文京区にある浄土宗の寺院。,
願信寺,,東京都,,35.7081371,139.7860475,E,寺院,,
川下神社,,兵庫県,,34.9814546,134.9727236,E,神社,川下神社（かわしもじんじゃ）は、兵庫県西脇市西脇にある神社。,
威徳寺,,新潟県,新潟市,37.8499828,138.9799212,E,寺院,威徳寺（いとくじ）は、新潟県新潟市西区黒鳥に所在する浄土真宗佛光寺派の寺院。山号は首城山（しゅじょうざん）。,
藤塚香取神社,,埼玉県,,35.9648131,139.7749746,E,神社,,
大通寺,,岐阜県,,35.4635347,137.1021356,E,寺院,大通寺（だいつうじ）は岐阜県可児市兼山にある釈迦如来を本尊とする臨済宗妙心寺派の寺院で、山号は補陀山。美濃三十三観音旧30番札所であり、可児新四国14番札所である。,
地福寺,,東京都,,35.7700078,139.7621111,E,寺院,地福寺（じふくじ）は、東京都足立区にある真言宗系の単立寺院。,
阿弥陀寺,,京都府,,34.9821836,135.6981258,E,寺院,,
天神神社,,京都府,,35.5576556,135.0702685,E,神社,天神神社（てんじんじんじゃ）は、京都府京丹後市大宮町下常吉にある神社。旧村社。,
今宮神社,,茨城県,,36.369346,140.1166083,E,神社,今宮神社（いまみやじんじゃ）は、茨城県桜川市岩瀬(元岩瀬)に所在する神社である。,
比志神社,,山梨県,,35.8468613,138.490179,E,神社,比志神社（ひしじんじゃ）は、山梨県北杜市の神社。,
光専寺,,愛知県,,35.2103643,136.7864987,E,寺院,"光専寺（こうせんじ）は、愛知県あま市東溝口にある寺院。
浄土真宗高田派。",
了源寺,,千葉県,,35.8285812,139.9440453,E,寺院,了源寺（りょうげんじ）は、千葉県松戸市にある日蓮宗の寺院。,
東光寺,,千葉県,,35.7474318,140.0610557,E,寺院,東光寺（とうこうじ）は、千葉県船橋市古和釜町にある天台宗の寺院。山号は瑠璃光山。,
袋神社,,埼玉県,鴻巣市,36.0991902,139.4692082,E,神社,,
永心寺,,東京都,,35.6839267,139.7224758,E,寺院,永心寺（えいしんじ）は、東京都新宿区にある曹洞宗の寺院。,
八幡宮,,静岡県,,34.6911352,138.0091491,E,神社,八幡宮（はちまんぐう、英語: Hachiman Gū）は、静岡県掛川市の神社である。近代社格制度における社格は無格社。,
慶雲山 養源寺,,鳥取県,,35.4991864,134.2332895,E,寺院,,
龍泉寺,,群馬県,,36.241979,139.5316144,E,寺院,,
白玉稲荷神社,,東京都,,35.6982444,139.6826752,E,神社,,
妙福寺,,千葉県,南房総市,35.0581365,139.8296532,E,寺院,妙福寺（みょうふくじ）は、千葉県南房総市富浦町南無谷にある日蓮宗の寺院。山号は成就山。,
杖珠院,,千葉県,南房総市,34.9121097,139.9029089,E,寺院,杖珠院（じょうじゅいん）は、千葉県南房総市にある曹洞宗の寺院。山号は三峰山。,
寿命寺,,静岡県,,35.3032205,138.5944112,E,寺院,寿命寺（じゅみょうじ）は、静岡県富士宮市に所在する日蓮正宗の寺院。山号は恵光山（けいこうさん）。,
等覚寺,,東京都,,35.7106904,139.7847249,E,寺院,,
久伊豆神社,,埼玉県,,35.9355045,139.7063809,E,神社,久伊豆神社（ひさいずじんじゃ）は、埼玉県さいたま市岩槻区の神社。,
稲荷神社,,埼玉県,,35.9147522,139.626907,E,神社,,
浄相院,,埼玉県,,35.8147116,139.7136522,E,寺院,浄相院（じょうそういん）は、埼玉県川口市にある浄土宗の寺院。,
福正寺,,埼玉県,,35.9205727,139.566321,E,寺院,,
大運寺,,東京都,,35.7286098,139.7513622,E,寺院,大運寺（だいうんじ）は、東京都文京区にある浄土宗の寺院。,
護国寺,,埼玉県,,35.8654005,139.5349064,E,寺院,,
観音寺,,東京都,,35.6236207,139.6016303,E,寺院,,
来迎寺,,千葉県,,35.7866531,139.8948016,E,寺院,来迎寺（らいこうじ）は、千葉県松戸市にある浄土宗の寺院。,
阿弥陀寺,,愛知県,,34.7215555,137.0487944,E,寺院,,
養福院,,千葉県,,35.7006068,139.9228648,E,寺院,,
連光寺,,埼玉県,川越市,35.8821175,139.5289101,E,寺院,,
地蔵院,,埼玉県,,36.127166,139.6094571,E,寺院,地蔵院（じぞういん）は、埼玉県加須市にある真言宗智山派の寺院。,
森光寺,,大阪府,,34.4634391,135.4683233,E,寺院,,
浄泉寺,,東京都,,35.7460081,139.8438095,E,寺院,,
深妙寺,,東京都,,35.7054636,139.8471971,E,寺院,,
満願寺,,埼玉県,,35.7950362,139.6260653,E,寺院,満願寺（まんがんじ）は、埼玉県和光市にある真言宗智山派の寺院。,
香取鳥見両神社,,千葉県,,35.8428449,140.0977369,E,神社,,
慈眼寺,,岐阜県,,36.2623178,137.1507479,E,寺院,慈眼寺（じげんじ）は岐阜県飛騨市古川町袈裟丸にある曹洞宗の寺院。馬頭観音を本尊として祀り、飛騨三十三観音霊場14番札所として知られる。,
寿楽寺,,岐阜県,,36.2553269,137.173103,E,寺院,寿楽寺(じゅらくじ)は岐阜県飛騨市古川町にある曹洞宗の寺院。山号は南光山。,
東善寺,,東京都,,35.8032225,139.8127836,E,寺院,東善寺（とうぜんじ）は、東京都足立区にある時宗の寺院。,
小串神社,,長崎県,,33.0490467,129.1016129,E,神社,小串神社（こぐしじんじゃ）は、長崎県新上五島町小串（こぐし）郷に鎮座する神社である。,
覚蔵院,,埼玉県,,35.9530394,139.6578055,E,寺院,,
安養院,,埼玉県,,35.8596265,139.8419076,E,寺院,安養院（あんよういん）は、埼玉県三郷市にある真言宗豊山派系の単立寺院。,
長満寺,,島根県,,35.465621,133.058375,E,寺院,,
蓮船寺,,神奈川県,小田原市,35.2525659,139.1432837,E,寺院,,
住吉神社,,神奈川県,,35.219018,139.7138266,E,神社,"住吉神社（すみよしじんじゃ）は、神奈川県横須賀市久里浜にある神社。
現在は横須賀諏訪神社の兼務社となっている。",
笹目神社,,埼玉県,,35.8101045,139.6480252,E,神社,,
養福寺,,静岡県,,34.7058951,137.8245091,E,寺院,,
諏訪神社,,埼玉県,,36.1839926,139.3032852,E,神社,諏訪神社（すわじんじゃ）は、埼玉県深谷市上柴町の神社。,
東光寺,,愛知県,,35.0792273,137.044489,E,寺院,東光寺（とうこうじ）は、愛知県愛知郡東郷町春木にある浄土宗西山禅林寺派の寺院。山号は医王山。,
法善寺,,静岡県,,35.2677221,138.5752949,E,寺院,法善寺（ほうぜんじ）は、静岡県富士宮市に所在する日蓮正宗の寺院。山号は上野山（じょうやさん）。,
還国寺,,徳島県,,34.0721006,134.5448938,E,寺院,,
神明神社,,埼玉県,,35.9634602,139.5846755,E,神社,神明神社（しんめいじんじゃ）は、埼玉県上尾市の神社。,
大戸氷川神社,,埼玉県,,35.865627,139.637371,E,神社,氷川神社（ひかわじんじゃ）は、埼玉県さいたま市中央区の神社。,
龍澤寺,,北海道,,43.3577409,141.4290832,E,寺院,,
妙経寺,,東京都,,35.6575506,139.3323316,E,寺院,妙経寺（みょうきょうじ）は、東京都八王子市寺町にある日蓮宗の寺院。山号は寳傳山。,
長安寺,,新潟県,,38.0433917,138.4684924,E,寺院,,
番星寺,,埼玉県,,35.792921,139.5520683,E,寺院,番星寺（ばんせいじ）は、埼玉県新座市野火止にある日蓮宗の寺院。山号は清立山。,
土屋氷川神社,,埼玉県,,35.9071281,139.5709488,E,神社,氷川神社（ひかわじんじゃ）は、埼玉県さいたま市西区の神社。,
無量山徳寿院,,東京都,,35.7829742,139.7862388,E,寺院,徳寿院（とくじゅいん）は、東京都足立区にある真言宗豊山派の寺院。新四国四箇領八十八箇所霊場第2番札所。,
法運寺,,神奈川県,,35.515834,139.4986817,E,寺院,"法運寺（ほううんじ）は日本各地にある寺院。

法運寺 (北海道芽室町) - 北海道河西郡芽室町にある真宗大谷派の寺院。",
龍泉寺,,東京都,,35.6621165,139.3070458,E,寺院,,
本教寺,,富山県,,36.4291143,136.9395652,E,寺院,本教寺（ほんきょうじ）は、富山県南砺市（平村）中畑地区にある真宗大谷派の寺院である。,
薬師寺,,岐阜県,,35.4893316,136.8386148,E,寺院,,
養泉寺,,東京都,,35.7242517,139.7684523,E,寺院,,
五社神社,,埼玉県,,36.0013219,139.7312469,E,神社,五社神社（ごしゃじんじゃ）は、埼玉県南埼玉郡宮代町の神社。,
願徳寺,,東京都,,35.7529976,139.7308497,E,寺院,,
大雄寺,,埼玉県,三郷市,35.7851835,139.8884186,E,寺院,大雄寺（だいおうじ）は、埼玉県三郷市にある日蓮宗の寺院。,
地蔵院,,福井県,,36.0160469,136.2755808,E,神社,地蔵院（じぞういん）は、福井県福井市安原町の西北に位置する曹洞宗の寺院である。本尊は梅宮大社の祭神四座の中の一座酒解子神の本地仏十一面観音。,
三社神社,,福井県,,36.0134423,136.2765491,E,神社,三社神社（さんしゃじんじゃ）は、福井県福井市にある神社。もともとは「酒解神社」(さけとけ-)という名称だったが、明治維新後に「三社神社」と名前が変わった。,
常昌院,,東京都,,35.6993865,139.6767931,E,寺院,常昌院（じょうしょういん）は、東京都中野区にある曹洞宗の寺院。,
修学院,,岐阜県,,35.4108974,136.6770533,E,寺院,修学院（しゅうがくいん）は岐阜県瑞穂市にある大日如来を本尊とする真言宗智山派大須宝生院末の寺院。山号は金鏡山、寺号は宝積寺という。,
神明神社,,埼玉県,,35.8321415,139.8475944,E,神社,神明神社（しんめいじんじゃ）は、埼玉県三郷市の神社。,
山王神社,,茨城県,,36.3615376,140.1098501,E,神社,山王神社（さんのうじんじゃ）は、茨城県桜川市岩瀬東区にある鎮座する神社。旧名は本新田神社。,
玄昌寺,,岐阜県,,36.4150158,137.1900461,E,寺院,玄昌寺（げんしょうじ）は岐阜県飛騨市宮川町杉原にある釈迦如来を本尊とする曹洞宗の寺院で、山号は久雲山。飛騨三十三観音霊場19番札所である。,
鳥見神社,,千葉県,,35.8370703,140.0473418,E,神社,,
千光寺,,富山県,,36.8641374,137.5591444,E,寺院,千光寺（せんこうじ）は、富山県黒部市宇奈月町明日688にある真言宗の寺院である。,
竹原神社,,長野県,,36.7642329,138.3849464,E,神社,竹原神社（たけはらじんじゃ）は、長野県中野市竹原に鎮座する神社である。,
不動院,,東京都,,35.7932701,139.8252409,E,寺院,不動院（ふどういん）は、東京都足立区にある真言宗豊山派の寺院。,
医光寺,,島根県,,34.6798627,131.8656126,E,寺院,医光寺、醫光寺（いこうじ）,
正伝庵,,静岡県,掛川市,34.6731318,138.0234512,E,寺院,正伝庵（しょうでんあん）は静岡県掛川市にある仏教寺院。,
玉泉寺,,大阪府,,34.9859867,135.3882311,E,寺院,ユースホステル玉泉寺（ユースホステルぎょくせんじ）は、日本ユースホステル協会に加盟している大阪府のユースホステル。,
氷川神社,,埼玉県,,35.9949812,139.57884,E,神社,氷川神社（ひかわじんじゃ）は、埼玉県上尾市の神社。,
常福寺,,埼玉県,,36.0353814,139.6091224,E,寺院,常福寺（じょうふくじ）は、埼玉県白岡市にある曹洞宗の寺院。,
覚王寺,,愛知県,,35.353419,136.9220568,E,寺院,,
清光院,,岐阜県,,35.3586824,137.249235,E,寺院,清光院（せいこういん）は、岐阜県瑞浪市一色町にある高野山真言宗の寺院。山号は旭曜山。,
聖福寺,,和歌山県,白浜町,33.6698958,135.3858634,E,寺院,,
忠正寺,,静岡県,,35.2315389,138.6053061,E,寺院,忠正寺（ちゅうしょうじ）は、静岡県富士宮市に所在する日蓮正宗の寺院。山号は崇敬山（すうきょうさん）。,
佐久太神社,,岐阜県,富加町,35.4849927,136.9937658,E,神社,佐久太神社（さくたじんじゃ）は、岐阜県加茂郡富加町にある神社。式内社の美濃国賀茂郡佐久太神社という。,
見初社,,奈良県,,34.6846048,135.8271045,E,神社,,
氷川神社,,埼玉県,,35.9880921,139.6103096,E,神社,氷川神社（ひかわじんじゃ）は、埼玉県上尾市の神社。,
通入寺,,東京都,,35.7239492,139.8039681,E,寺院,,
常楽寺,,京都府,,34.9769998,135.7022406,E,寺院,常楽寺（じょうらくじ）は、京都市西京区にある浄土宗系の寺院。川島大宮社の境内にあり、山号は千手院となっている。,
慶国寺,,千葉県,,35.7624999,139.9257973,E,寺院,慶国寺（けいこくじ）は、千葉県松戸市にある日蓮宗の寺院。,
専稱寺,,埼玉県,,35.8146403,139.8605093,E,寺院,專稱寺（せんしょうじ）は、埼玉県八潮市にある浄土宗の寺院。,
瑞正寺,,東京都,,35.7799159,139.8790838,E,寺院,,
香念寺,,東京都,,35.7610412,139.8497812,E,寺院,,
愛宕神社,,山形県,,37.8953079,140.0748103,E,神社,愛宕神社（あたごじんじゃ）は山形県米沢市南西の遠山町の愛宕山山頂に鎮座する神社である。祭神は迦具土神。,
八幡神社,,埼玉県,,36.0421764,139.6495935,E,神社,八幡神社（はちまんじんじゃ）は、埼玉県久喜市の神社。,
愛宕神社,,宮城県,,38.6012173,141.2415643,E,神社,愛宕神社（あたごじんじゃ）は、宮城県登米市豊里町寿崎にある神社。,
浄福寺,,福岡県,,33.5319962,130.3854539,E,寺院,,
法華寺,,福井県,,35.9636968,136.1831558,E,寺院,法華寺（ほっけじ）は、福井県鯖江市にある法華宗寺院。,
神明社,,埼玉県,,35.9344167,139.6375485,E,神社,,
法心寺,,埼玉県,,35.9189117,139.4629796,E,寺院,,
徳蔵寺,,東京都,,35.6286317,139.7193529,E,寺院,徳蔵寺（とくぞうじ）は、東京都品川区にある天台宗の寺院。,
廣泉寺,,静岡県,掛川市,34.6671816,138.0259858,E,寺院,広泉寺（こうせんじ）は静岡県掛川市にある仏教寺院。,
円蔵院,,埼玉県,さいたま市,35.8990887,139.6569586,E,寺院,圓藏院（えんぞういん）は、埼玉県さいたま市見沼区にある真言宗智山派の寺院。,
久伊豆神社,,埼玉県,,36.0063751,139.6802331,E,神社,久伊豆神社（ひさいずじんじゃ）は、埼玉県白岡市の神社。,
泊神社,,東京都,,34.333963,139.2127258,E,神社,"泊神社（とまりじんじゃ）は、東京都新島村の南西・式根島にある神社。
式内社である久爾都比咩命神社（くにつひめのみことじんじゃ）に比定されている。",
妙性寺,,千葉県,君津市,35.3136658,139.9641309,E,寺院,妙性寺（みょうしょうじ）は、千葉県君津市大鷲にある日蓮宗の寺院。山号は法雲山。,
大嶋神社,,兵庫県,,34.7313175,135.3926509,E,神社,大島神社（おおしまじんじゃ）は、兵庫県尼崎市にある神社。大庄地区（旧大庄村）内における、地域住民の氏神として信仰されている。,
広徳寺,,岐阜県,,35.2172294,136.6338936,E,寺院,広徳寺（こうとくじ）は岐阜県海津市海津町高須にある聖観世音菩薩を本尊とする臨済宗妙心寺派の寺院。高須藩主徳永寿昌菩提寺。,
大徳寺,,千葉県,,35.6965352,139.9190722,E,寺院,大徳寺（だいとくじ）は、千葉県市川市にある浄土宗の寺院。,
三吉稲荷神社,,埼玉県,,35.8534708,139.3078351,E,神社,三吉稲荷神社（さんきちいなりじんじゃ）は、埼玉県飯能市大河原にある神社。朝日山の山麓にある。,
皆天満宮,,奈良県,,34.6677172,135.786309,E,神社,,
浄法寺,,千葉県,,35.946999,139.920761,E,寺院,浄法寺（じょうほうじ）は、千葉県野田市にある浄土宗の寺院。,
常仙寺,,東京都,,35.6942487,139.6605598,E,寺院,常仙寺（じょうせんじ）は、東京都杉並区にある曹洞宗の寺院。,
真国寺,,東京都,,35.7983291,139.7850891,E,寺院,,
八坂神社,,長崎県,,32.9989191,129.1755458,E,神社,八坂神社（やさかじんじゃ）は、長崎県新上五島町友住郷に鎮座する神社である。同郷の小高い山の頂上付近に鎮座し、麓の住宅地には下社がある。,
正徳寺,,兵庫県,,34.6443254,134.9829085,E,寺院,正徳寺（しょうとくじ）は、兵庫県明石市大観町にある浄土真宗本願寺派の寺院。,
宝生寺,,群馬県,,36.2760443,139.5079189,E,寺院,寶生寺（ほうしょうじ）は、群馬県館林市日向町にある真言宗豊山派の寺院。,
河内神社,,兵庫県,,34.9706574,134.476347,E,神社,河内神社（かわちじんじゃ）は、兵庫県たつの市新宮町の西栗栖地域に鎮座する神社である。,
八幡神社,,千葉県,,35.7101227,140.0353356,E,神社,八幡神社（はちまんじんじゃ）は、千葉県船橋市滝台町にある神社。滝台八幡神社とも称される。,
日枝神社,,埼玉県,,35.9392365,139.3821727,E,神社,日枝神社（ひえじんじゃ）は、埼玉県鶴ヶ島市の神社。,
長遠寺,,千葉県,君津市,35.3203315,140.0883078,E,寺院,,
本光寺,,新潟県,,37.9831395,138.3793127,E,寺院,本光寺（ほんこうじ）は、新潟県佐渡市宮川にある日蓮宗の寺院。山号は日朗山。,
愛宕神社,,千葉県,,35.8974168,139.8962485,E,神社,愛宕神社（あたごじんじゃ）は千葉県流山市の神社。,
慈光寺,,栃木県,,36.7195745,140.0269944,E,寺院,慈光寺（じこうじ）は、栃木県矢板市にあった真言宗の寺院である。矢板市の大字の上太田と川崎反町の2か所に存在したが、それぞれ現在は廃寺となっている。,
西光寺,,東京都,,35.6783595,139.8833631,E,寺院,,
大英寺,,埼玉県,,36.0993141,139.5825865,E,寺院,大英寺（だいえいじ）は、埼玉県加須市にある浄土宗の寺院。,
寶壽院東曜寺,,埼玉県,鴻巣市,36.10579,139.450156,E,寺院,東曜寺（とうようじ）は、埼玉県鴻巣市にある真言宗豊山派の寺院。,
法随院,,東京都,,35.806897,139.764587,E,寺院,法随院（ほうずいいん）は、東京都足立区にある浄土宗の寺院。,
福壽院,,東京都,,35.7792892,139.8420326,E,寺院,,
大広戸香取神社,,埼玉県,三郷市,35.8459715,139.8816438,E,神社,,
龍華院,,兵庫県,,34.7425713,135.0242956,E,寺院,,
駒林八幡神社,,埼玉県,,35.8708158,139.5361192,E,神社,,
白山媛神社,,新潟県,,37.6420298,138.7682945,E,神社,,
南川崎稲荷神社,,埼玉県,,35.8138979,139.8620494,E,神社,,
聞法寺,,福井県,,35.9265362,136.1684924,E,寺院,,
宝蔵院地蔵寺,,埼玉県,鴻巣市,36.1119921,139.4502272,E,寺院,宝蔵院（ほうぞういん）は、埼玉県鴻巣市にある真言宗豊山派の寺院。,
大乗院,,千葉県,,35.7918377,139.8938372,E,寺院,大乗院（だいじょういん）は、埼玉県加須市にある真言宗豊山派の寺院。,
神明社,,埼玉県,,35.9200898,139.6538575,E,神社,神明神社（しんめいじんじゃ）は、埼玉県さいたま市見沼区の神社。,
源信寺,,東京都,,35.7564194,139.7959079,E,寺院,源信寺（げんしんじ）は、東京都足立区にある真宗大谷派の寺院。,
観蔵寺,,東京都,,35.7752132,139.8784653,E,寺院,,
薬王寺,,埼玉県,,35.8727368,139.5348523,E,寺院,薬王寺（やくおうじ）は、埼玉県ふじみ野市にある曹洞宗の寺院。,
大正寺,,千葉県,,35.7802281,139.8998253,E,寺院,大正寺（たいしょうじ）は、千葉県松戸市にある日蓮宗の寺院。,
山田八幡神社,,埼玉県,,35.9458653,139.4817293,E,神社,八幡神社（はちまんじんじゃ）は、埼玉県川越市の神社。,
常光寺,,東京都,,35.6228114,139.603665,E,寺院,常光寺（じょうこうじ）は、東京都世田谷区にある日蓮宗の寺院。,
見覺寺,,富山県,,36.4276701,136.9386834,E,寺院,,
真光院,,大阪府,,34.657386,135.513399,E,寺院,"真光院（眞光院、しんこういん）は、以下の寺院などの院号。

真光院 (いわき市) - 福島県いわき市にある真言宗智山派の寺院。",
大善寺,,香川県,,34.3083393,133.9733831,E,寺院,大善寺（だいぜんじ）は、香川県高松市にある真宗大谷派の寺院。山号は七寶山。,
日枝神社,,埼玉県,,36.1337475,139.554837,E,神社,日枝神社（ひえじんしゃ）は、埼玉県加須市の神社。,
佛立寺,,東京都,,35.7328568,139.7596653,E,寺院,佛立寺（ぶつりゅうじ）は、東京都北区にある本門佛立宗の寺院。,
慈眼寺,,東京都,,35.7762554,139.7632173,E,寺院,慈眼寺（じげんじ）は、東京都足立区にある真言宗豊山派の寺院。,
源光寺,,大阪府,,34.5724621,135.5228922,E,寺院,源光寺（げんこうじ）は、大阪府堺市北区南花田町にある浄土真宗本願寺派の寺院。山号は紫雲山。,
野孫神社,,埼玉県,,35.9135751,139.7381544,E,神社,,
大圓寺,,群馬県,太田市,36.3405507,139.3806619,E,寺院,大圓寺（だいえんじ）は、群馬県太田市にある浄土宗の寺院。山号は義徳山。,
愛宕神社,,埼玉県,,35.9677219,139.6249773,E,神社,愛宕神社（あたごじんじゃ）は、埼玉県上尾市の神社。,
Kaminoge Inari-jinja Shrine,,東京都,,35.6106507,139.6359126,E,神社,上野毛稲荷神社（かみのげいなりじんじゃ）は、東京都世田谷区の神社。,
上南畑神社,,埼玉県,,35.8593705,139.5598444,E,神社,上南畑神社（かみなんばたじんじゃ）は、埼玉県富士見市の神社。,
心行寺,,広島県,,34.4085894,132.4661783,E,寺院,心行寺（しんぎょうじ）は広島県広島市中区白島九軒町に位置する浄土宗の寺院。山号は特留山。,
三蔵院,,東京都,,35.802843,139.7707667,E,寺院,三蔵院（さんぞういん）は、東京都足立区にある真言宗豊山派の寺院。,
志戸部八幡神社,,岡山県,,35.0779019,134.0161711,E,神社,八幡神社（はちまんじんじゃ）は、岡山県津山市志戸部にある神社。,
子之神社,,埼玉県,,35.8379319,139.848509,E,神社,子之神社（ねのじんじゃ）は、埼玉県三郷市の神社。,
善應寺,,東京都,,35.7700633,139.8521247,E,寺院,善応寺（ぜんのうじ）は、東京都足立区にある浄土宗の寺院。,
氷川神社,,埼玉県,,35.9238464,139.6710912,E,神社,氷川神社（ひかわじんじゃ）は、埼玉県さいたま市見沼区の神社。,
東陽寺,,千葉県,,35.8788753,139.9909164,E,寺院,東陽寺（とうようじ）は、千葉県我孫子市根戸にある真言宗豊山派の寺院。,
観音院自昌寺,,埼玉県,鴻巣市,36.1118026,139.4482726,E,寺院,,
八幡神社,,埼玉県,,35.9270421,139.5203712,E,神社,八幡神社（はちまんじんじゃ）は、埼玉県川越市の神社。,
立光寺,,静岡県,,35.1365851,138.6898534,E,寺院,,
香取神社,,埼玉県,さいたま市,35.9367668,139.7371134,E,神社,,
常然寺,,埼玉県,,35.7995916,139.8440987,E,寺院,常然寺（じょうねんじ）は、埼玉県八潮市にある浄土宗の寺院。,
光雲寺,,兵庫県,,35.5488084,134.7808102,E,寺院,光雲寺（こううんじ）は、兵庫県豊岡市宮井241にある禅宗曹洞宗の寺院。本尊は釈迦弁尼仏である。,
香取神社,,千葉県,,35.8456045,140.0422,E,神社,,
医王寺,,埼玉県,,36.1291545,139.6357418,E,寺院,医王寺（いおうじ）は、埼玉県加須市にある真言宗智山派の寺院。,
寶光院勝龍寺,,埼玉県,鴻巣市,36.1054558,139.4564311,E,寺院,勝龍寺（しょうりゅうじ）は、埼玉県鴻巣市にある浄土宗の寺院。,
宝積院西善寺,,埼玉県,鴻巣市,36.1110334,139.4530815,E,寺院,宝積院（ほうしゃくいん）は、埼玉県鴻巣市にある真言宗智山派の寺院。,
薬師寺,,静岡県,掛川市,34.678077,137.999107,E,寺院,,
諏訪神社,,埼玉県,,36.0247312,139.7027039,E,神社,,
蓮尚寺,,福井県,,35.8993677,136.1652516,E,寺院,蓮尚寺（れんしょうじ）は、福井県越前市本町にある日蓮宗の寺院。山号は法栄山。,
医王山 朝日寺,,鳥取県,鳥取市,35.4515963,134.188698,E,寺院,朝日寺（ちょうにちじ）は、鳥取県鳥取市横枕にある日蓮宗の寺院で山号は医王山である。旧本山は芳心寺、達師法縁(繁珠会)。,
海会寺,,愛知県,,34.983633,136.9863172,E,寺院,,
真言宗豊山派 長聖寺,,千葉県,松戸市,35.8140632,139.9315012,E,寺院,,
駒形神社,,埼玉県,三郷市,35.8466594,139.8621296,E,神社,,
古新田稲荷神社,,埼玉県,,35.7966933,139.8527636,E,神社,,
前谷稲荷神社,,埼玉県,,35.8022587,139.8660166,E,神社,稲荷神社（いなりじんじゃ）は、埼玉県三郷市の神社。,
円徳寺,,徳島県,,34.073043,134.5449675,E,寺院,円徳寺（えんとくじ）は、徳島県徳島市西大工町にある浄土真宗本願寺派の寺院である。山号は紫雲山。,
荒井神社,,兵庫県,,34.7620776,134.790541,E,神社,,
西光寺,,埼玉県,,35.9476211,139.5877634,E,寺院,,
安楽寺,,埼玉県,,35.8697885,139.534046,E,寺院,安楽寺（あんらくじ）は、埼玉県ふじみ野市にある天台宗の寺院。,
氷川神社,,埼玉県,,36.0269086,139.545069,E,神社,氷川神社（ひかわじんじゃ）は、埼玉県北本市の神社。,
明見院,,埼玉県,,35.880872,139.4688591,E,寺院,明見院（みょうけんいん）は、埼玉県川越市にある天台宗の寺院。,
道庭香取神社,,埼玉県,吉川市,35.8612826,139.8416476,E,神社,,
愛宕神社,,埼玉県,,35.945649,139.5792583,E,神社,愛宕神社（あたごじんじゃ）は、埼玉県上尾市の神社。,
善学寺,,徳島県,,34.0711697,134.5443047,E,寺院,善学寺（ぜんがくじ）は、徳島県徳島市寺町にある日蓮宗の寺院。山号は長久山。,
龍海院,,愛知県,,34.9516542,137.1645434,E,寺院,,
小堤八幡神社,,埼玉県,,35.937322,139.4393141,E,神社,八幡神社（はちまんじんじゃ）は、埼玉県川越市の神社。,
妙智寺,,島根県,,34.9030989,132.0815093,E,寺院,妙智寺（みょうちじ）は、島根県浜田市殿町にある日蓮宗の寺院。山号は法輪山。,
蓮覚寺,,静岡県,,35.1956023,138.6188962,E,寺院,,
泉蔵院,,愛知県,,34.7339886,136.8722394,E,寺院,"泉蔵院（せんぞういん）

泉蔵院 (小平市) - 東京都小平市にある天台宗の寺院。
泉蔵院 (青梅市) - 東京都青梅市にある真言宗豊山派の寺院。",
無量寺,,埼玉県,伊奈町,35.9924276,139.6261505,E,寺院,無量寺（むりょうじ）は、埼玉県北足立郡伊奈町にある真言宗智山派の寺院。,
千手院大聖寺,,埼玉県,鴻巣市,36.1086962,139.4668399,E,寺院,千手院（せんじゅいん）は、埼玉県鴻巣市にある真言宗智山派の寺院。,
飛鳥神社,,三重県,,35.0084424,136.6612047,E,神社,,
南光寺,,東京都,,35.8026922,139.7672325,E,寺院,南光寺（なんこうじ）は、東京都足立区にある真言宗豊山派の寺院。,
泉蔵寺,,千葉県,,35.8382264,140.0061177,E,寺院,,
八幡神社,,兵庫県,,35.4372871,134.5307589,E,神社,八幡神社（はちまんじんじゃ）は兵庫県美方郡香美町小代区貫田にある神社。近代社格制度では村社に列する。,
甲波宿禰神社,,群馬県,渋川市,36.5306373,138.9675759,E,神社,甲波宿禰神社（かわすくねじんじゃ）,
松秀寺,,愛知県,,34.9871491,136.9930228,E,寺院,"松秀寺（しょうしゅうじ）

松秀寺 (東京都港区) - 東京都港区にある時宗の寺院。
松秀寺 (袋井市) - 静岡県袋井市にある曹洞宗の寺院。",
普門寺,,埼玉県,,35.8200864,139.7618608,E,寺院,普門寺（ふもんじ）は、埼玉県川口市本蓮にある真言宗智山派の寺院である。山号は熊野山（ゆやさん）。,
名所賀稲荷神社,,京都府,,35.5878147,135.1048945,E,神社,名所賀稲荷神社（めいしょがいなりじんじゃ）は、京都府京丹後市大宮町周枳（すき）小字向地名所カにある神社。,
正宣寺,,大阪府,,34.7076635,135.5041608,E,寺院,正宣寺（しょうせんじ）は、大阪府大阪市北区中崎西に位置する浄土真宗本願寺派の寺院である。山号は光寿山。,
宝延寺,,岐阜県,,35.2570467,136.6509727,E,寺院,宝延寺(ほうえんじ)は岐阜県海津市平田町蛇池にある千手観音を本尊とする浄土宗の寺院で、山号は護国山。岐阜県最古の宝篋印塔が所在する西美濃三十三霊場28番札所である。,
大森香取神社,,埼玉県,さいたま市,35.9296934,139.7452852,E,神社,,
浄蓮寺,,大阪府,,34.8189749,135.655253,E,寺院,浄蓮寺（じょうれんじ）は、大阪府枚方市禁野本町にある仏教寺院である。,
梅松院,,埼玉県,伊奈町,35.9934556,139.6109301,E,寺院,梅松院（ばいしょういん）は、埼玉県北足立郡伊奈町にある真言宗智山派の寺院。,
持宝院無量寺,,埼玉県,鴻巣市,36.1038703,139.4594643,E,寺院,持宝院（じほういん）は、埼玉県鴻巣市にある真言宗豊山派の寺院。,
普門院宝性寺,,埼玉県,鴻巣市,36.105753,139.4435964,E,寺院,宝性寺（ほうしょうじ）は、埼玉県鴻巣市にある真言宗豊山派の寺院。,
永隆寺,,東京都,,35.6793702,139.5958496,E,寺院,"永隆寺（えいりゅうじ）

永隆寺 (目黒区) - 東京都目黒区にある天台宗の寺院。
永隆寺 (世田谷区) - 東京都世田谷区にある法華宗本門流の寺院。",
大慶寺,,神奈川県,,35.3328768,139.5215119,E,寺院,大慶寺（たいけいじ、だいけいじ）,
熱田神社,,愛知県,,34.9425077,137.2700028,E,神社,,
宿河原稲荷神社,,東京都,,35.6214709,139.5854301,E,神社,,
八坂神社,,埼玉県,,36.1816708,139.6500277,E,神社,八坂神社（やさかじんじゃ）は、埼玉県加須市の神社。,
赤城神社,,群馬県,,36.276773,139.5137581,E,神社,,
阿弥陀院円福寺,,埼玉県,鴻巣市,36.0995819,139.4814863,E,寺院,円福寺（えんぷくじ）は、埼玉県鴻巣市にある真言宗豊山派の寺院。,
圓明院,,千葉県,君津市,35.3433368,140.0567016,E,寺院,,
高照寺,,大阪府,,34.573089,135.5229963,E,寺院,,
大洞院,,静岡県,森町,34.8553813,137.9153486,E,寺院,"大洞院（だいとういん）

大洞院 (柏市) - 千葉県柏市にある曹洞宗の寺院。
大洞院 (静岡県森町) - 静岡県周智郡森町にある曹洞宗の寺院。",
東要寺,,東京都,,34.3246661,139.2210527,E,寺院,東要寺（とうようじ）は、東京都新島村式根島にある日蓮宗の寺院。,
宝養寺,,埼玉県,鴻巣市,36.1043476,139.4683691,E,寺院,宝養寺（ほうようじ）は、埼玉県鴻巣市にある曹洞宗の寺院。,
祥雲寺,,埼玉県,,36.1765863,139.5026568,E,寺院,,
浄因寺,,福井県,,36.1081045,136.225799,E,寺院,,
築港高野山 釈迦院,,大阪府,,34.6530108,135.4350027,E,寺院,,
瓶浦神社,,徳島県,,34.2320189,134.6354096,E,神社,,
本福寺,,徳島県,,34.0708086,134.5690989,E,寺院,,
六社神社,,徳島県,,33.9651562,134.4610337,E,神社,,
八幡神社,,徳島県,,34.0096238,134.5272196,E,神社,,
天津神社,,徳島県,,33.9623441,134.5095513,E,神社,,
八阪神社,,大阪府,,34.675427,135.5380377,E,神社,,
八王子神社,,大阪府,,34.6773013,135.5396327,E,神社,,
来迎寺,,京都府,,34.7564791,135.7914333,E,寺院,,
願泉寺,,東京都,,35.7039724,139.6122215,E,寺院,,
高山寺,,和歌山県,,33.740286,135.3788928,E,寺院,,
佛照寺,,大阪府,,34.710404,135.509408,E,寺院,,
明王院,,神奈川県,,35.3203508,139.5765227,E,寺院,明王院（みょうおういん）は、神奈川県鎌倉市十二所にある真言宗泉涌寺派の寺院。山号は飯盛山。,
遍照院,,東京都,,35.5631749,139.7007511,E,寺院,,
吉見観音,,埼玉県,,36.0543752,139.43826,E,寺院,,
慈光寺阿弥陀堂 (本堂),,埼玉県,,36.0115402,139.2321802,E,寺院,,
浄蓮寺,,愛知県,,35.1719602,136.9188259,E,寺院,,
法輪寺,,愛知県,,35.1722211,136.9179381,E,寺院,,
舎人氷川神社,,東京都,,35.8133934,139.7694562,E,神社,氷川神社（ひかわじんじゃ）は東京都足立区の神社。地名を冠して舎人氷川神社（とねりひかわじんじゃ）とも称される。,
人丸神社,,福岡県,,33.7047091,130.4367119,E,神社,,
坂東21番 八溝山 日輪寺,,茨城県,,36.9211124,140.2736711,E,寺院,,
坂東23番 佐白山 正福寺 （旧称観世音寺）,,茨城県,,36.3862892,140.2595928,E,寺院,,
石鎚神社,,愛媛県,,33.8894087,133.1545435,E,神社,,
興福寺,,広島県,,34.3954029,132.4893794,E,寺院,,
妙楽寺,,大阪府,,34.7545869,135.5983114,E,寺院,,
幻案寺,,滋賀県,,35.0027607,135.8608164,E,寺院,,
東漸寺,,神奈川県,,35.3846313,139.6176463,E,寺院,,
神出神社,,兵庫県,,34.7584857,135.0001557,E,神社,,
御袖天満宮,,広島県,,34.4134015,133.2021501,E,神社,御袖天満宮（みそでてんまんぐう）は、広島県尾道市に鎮座する神社（天満宮）である。旧社格は郷社。,
広昌寺,,石川県,,36.5742728,136.6709416,E,寺院,,
妙応寺,,石川県,,36.5758464,136.6683073,E,寺院,,
長久寺,,石川県,,36.5760018,136.6686532,E,寺院,,
正蓮寺,,大阪府,,34.71587,135.510822,E,寺院,,
静翁寺,,神奈川県,川崎市,35.537161,139.6858709,E,寺院,,
西善寺,,大阪府,,34.6920402,135.484925,E,寺院,,
阿弥陀寺,,福島県,,37.7144028,140.971829,E,寺院,,
順明寺,,奈良県,橿原市今井町,34.5082093,135.7856115,E,寺院,,
加蘇山神社,,栃木県,,36.5992679,139.5979451,E,神社,"加蘇山神社（かそやまじんじゃ）は、栃木県鹿沼市上久我にある神社。
神護景雲元年（767年）に勝道上人が開山したと伝わる。",
楞厳寺,,茨城県,,36.4023901,140.2043724,E,寺院,楞厳寺（りょうごんじ）は、茨城県笠間市にある臨済宗妙心寺派の寺院。,
悲願寺,,徳島県,,33.947167,134.327993,E,寺院,悲願寺（ひがんじ）は、徳島県名西郡神山町にある真言宗の寺院。山号は高根山。,
腰掛神社,,神奈川県,,35.3813019,139.4192499,E,神社,腰掛神社（こしかけじんじゃ）は神奈川県茅ヶ崎市芹沢にある神社。日本武尊が御東征の際に腰掛けたと伝わる石がある。,
安樂寺,,大阪府,,34.6885677,135.4496163,E,寺院,,
岡松寺,,大阪府,,34.6948172,135.4827272,E,寺院,,
船魂神社,,北海道,函館市,41.7634249,140.7100491,E,神社,,
小御門神社,,千葉県,,35.8558629,140.3584525,E,神社,小御門神社（こみかどじんじゃ）は、千葉県成田市名古屋にある神社である。旧社格は別格官幣社。,
林下寺,,徳島県,,34.0317138,133.9660081,E,寺院,,
金丸八幡神社,,徳島県,,34.0361387,133.9489053,E,神社,,
慈恩寺,,岐阜県,,35.4776778,136.8343836,E,寺院,,
六甲山神社,,兵庫県,,34.780656,135.2713548,E,神社,六甲山神社（むこやまじんじゃ）は兵庫県西宮市山口町、六甲山最高峰から東へ1キロメートルほど隔たった標高840メートルの見晴らしのよい峰に鎮座する神社（廣田神社の境外末社）。,
徳源院,,滋賀県,,35.3453737,136.3881125,E,寺院,徳源院（とくげんいん）は、滋賀県米原市清滝にある天台宗の寺院。山号は霊通山。,
龍光院,,和歌山県,,34.2142731,135.5810201,E,寺院,,
明王院,,和歌山県,,34.2147699,135.5806178,E,寺院,,
迦葉山弥勒寺,,群馬県,,36.7510157,139.0633026,E,寺院,,
南院,,和歌山県,,34.2167737,135.5830203,E,寺院,,
常楽寺,,長野県,,36.3534462,138.1548841,E,寺院,常楽寺（じょうらくじ）は長野県上田市別所温泉に存在する天台宗の寺院で、同宗の別格本山である。本尊は妙観察智如来。,
人麿神社,,奈良県,,34.5147366,135.7847137,E,神社,,
大形神社,,新潟県,,37.9348665,139.1045338,E,神社,大形神社（おおがたじんじゃ）は、新潟県新潟市東区河渡本町に所在する神社。,
剣神社,,山口県,,34.0758932,131.5538362,E,神社,劔神社（つるぎじんじゃ）は、山口県防府市高井にある神社。式内社で、旧社格は郷社。,
慶善寺,,大阪府,,34.6883945,135.4498094,E,寺院,,
寳泉寺,,大阪府,,34.6892287,135.4540461,E,寺院,,
西證寺,,大阪府,,34.6912706,135.4562566,E,寺院,,
本真寺,,大阪府,,34.6771979,135.4429858,E,寺院,,
誓願寺,,大阪府,,34.6831416,135.4562894,E,寺院,,
照流寺,,大阪府,,34.6843272,135.4593576,E,寺院,,
専修寺,,大阪府,,34.6813795,135.4388219,E,寺院,,
西條寺,,大阪府,,34.6843846,135.4678797,E,寺院,,
遍満寺,,大阪府,大阪市,34.7040289,135.4548789,E,寺院,,
善福寺,,大阪府,,34.7240187,135.5215928,E,寺院,,
別府住吉神社,,兵庫県,,34.7230641,134.8461292,E,神社,,
安養寺,,大阪府,大阪市,34.7167019,135.5392676,E,寺院,,
雲観寺,,大阪府,,34.7110328,135.5359333,E,寺院,,
長徳寺,,山口県,,34.0207524,131.4397037,E,寺院,,
法光山 妙勝寺,,岡山県,,35.0593132,133.9910493,E,寺院,妙勝寺（みょうしょうじ）は、岡山県津山市西寺町にある日蓮宗の寺院で山号は法光山である。旧本山は京都市の妙覚寺、奠師法縁(奠統会)。,
正真寺,,東京都,,35.745173,139.8925947,E,寺院,,
延命寺,,東京都,,35.7722489,139.6769958,E,寺院,延命寺（えんめいじ）は、東京都板橋区にある真言宗豊山派の寺院。なお、当寺の1.4キロメートル東北東の志村に寺号が同一の「延命寺」がある。,
西念寺,,滋賀県,,34.9843593,135.8928539,E,寺院,,
華階寺,,滋賀県,,35.005963,135.8667414,E,寺院,,
根頭神社,,千葉県,,35.7573308,139.9900219,E,神社,根頭神社（ねずじんじゃ）は千葉県鎌ケ谷市道野辺にある神社。旧社格は村社。,
十輪寺,,奈良県,,34.344267,135.6992993,E,寺院,,
大正寺,,大阪府,,34.7470754,135.6420425,E,寺院,,
春陽軒,,大阪府,,34.6593836,135.513069,E,寺院,,
川辺八幡神社,,大阪府,,34.5959057,135.5701276,E,神社,,
浄源寺,,大阪府,,34.6232544,135.5996486,E,寺院,,
長龍寺,,東京都,,35.6997027,139.6521699,E,寺院,,
正蓮寺,,奈良県,,34.5118581,135.7851755,E,寺院,,
極楽寺,,兵庫県,,34.7958287,135.2485577,E,寺院,,
阿豆佐味天神社,,東京都,,35.7241615,139.4030227,E,神社,,
甲波宿禰神社,,群馬県,東吾妻町,36.5465715,138.9274299,E,神社,,
容住寺,,兵庫県,,34.807613,135.3787044,E,寺院,,
菅原神社,,大阪府,大阪市,34.6264495,135.567749,E,神社,,
馬頭院,,埼玉県,,36.0172846,139.7508748,E,寺院,,
櫟野寺,,滋賀県,,34.8969816,136.2524331,E,寺院,櫟野寺（らくやじ）は、滋賀県甲賀市甲賀町櫟野にある天台宗の寺院。山号は福生山。,
常真寺,,千葉県,,35.8315068,139.9253493,E,寺院,常真寺（じょうしんじ）は、千葉県松戸市にある寺院。,
玉林寺,,徳島県,吉野川市,34.051796,134.3714499,E,寺院,,
西麻植八幡神社,,徳島県,,34.0618987,134.3359986,E,神社,,
敷島神社,,徳島県,,34.0579023,134.3386736,E,神社,,
願成寺,,岐阜県,,35.453219,136.8730905,E,寺院,,
天岩戸別神社,,徳島県,,33.9741119,134.4206079,E,神社,,
理境院,,東京都,,35.577218,139.7044319,E,寺院,,
八幡神社,,大阪府,大阪市,34.6987168,135.5800933,E,神社,,
永照寺,,大阪府,,34.7109122,135.4942413,E,寺院,,
横堤八幡宮,,大阪府,大阪市,34.6983941,135.5722452,E,神社,,
若宮八幡大神宮,,大阪府,,34.6979787,135.5448096,E,神社,,
地蔵寺,,大阪府,,34.6963103,135.4883658,E,寺院,,
長香寺,,京都府,,34.9983845,135.7620258,E,寺院,,
宍喰八幡神社,,徳島県,,33.5698183,134.3029415,E,神社,,
正観寺,,徳島県,,33.6716868,134.4080459,E,寺院,,
海蔵寺,,徳島県,,33.6677893,134.4250725,E,寺院,,
賀志波比売神社,,徳島県,,33.9020558,134.6724168,E,神社,,
皇子神社,,徳島県,,33.9184381,134.678717,E,神社,,
椨川神社,,鹿児島県,,30.4013553,130.620143,E,神社,,
諏訪神社,,徳島県,,34.0312299,133.8123636,E,神社,,
葛木神社,,奈良県,,34.4191635,135.6728858,E,神社,,
諏訪神社,,東京都,,35.6113599,139.7437137,E,神社,,
金剛寺,,大阪府,,34.7147046,135.5651883,E,寺院,,
本覚寺,,神奈川県,鎌倉市,35.3172763,139.552587,E,寺院,本覺寺（ほんがくじ）は、神奈川県鎌倉市にある日蓮宗の本山（由緒寺院）。山号は妙厳山。,
提法寺,,大阪府,,34.7113706,135.5037643,E,寺院,,
善徳寺,,大阪府,,34.7065958,135.5043703,E,寺院,,
安楽寺,,大阪府,,34.7134212,135.5067266,E,寺院,,
大信寺,,大阪府,,34.7067409,135.5097141,E,寺院,,
蓮興寺,,大阪府,,34.7002825,135.5106697,E,寺院,,
円頓寺,,大阪府,,34.7018974,135.5027265,E,寺院,,
夕願寺,,大阪府,,34.7005098,135.5072873,E,寺院,,
妙香院,,大阪府,,34.6999304,135.5044324,E,寺院,,
圓通院,,大阪府,,34.6998792,135.50422,E,寺院,,
法界寺,,大阪府,,34.6998968,135.5025411,E,寺院,,
光明寺,,大阪府,,34.7001867,135.508193,E,寺院,,
天龍寺,,大阪府,,34.7079256,135.4922839,E,寺院,,
光明寺,,大阪府,,34.7185547,135.5135163,E,寺院,,
妙福寺,,大阪府,,34.7000934,135.51034,E,寺院,,
普門院,,埼玉県,,35.9117725,139.6126238,E,寺院,普門院（ふもんいん）は、埼玉県さいたま市大宮区大成町にある曹洞宗の寺院である。,
本遇寺,,大阪府,,34.692802,135.4856816,E,寺院,,
智源寺,,大阪府,,34.7004191,135.5111644,E,寺院,,
善導寺,,大阪府,,34.7000857,135.5131146,E,寺院,,
天徳寺,,大阪府,,34.7000623,135.5135121,E,寺院,,
清風寺,,大阪府,,34.700685,135.485118,E,寺院,,
明福寺,,大阪府,,34.7016388,135.5159885,E,寺院,,
淨信寺,,大阪府,,34.69462,135.5071216,E,寺院,,
圓勝寺,,大阪府,,34.7015159,135.4852325,E,寺院,,
浄教寺,,大阪府,,34.6942882,135.5136408,E,寺院,,
浄蓮寺,,大阪府,,34.6940226,135.5142114,E,寺院,,
心宗寺,,大阪府,,34.7115789,135.5232269,E,寺院,,
十寄神社（十騎神社）,,東京都,大田区,35.5628477,139.6918492,E,神社,,
正福寺,,大阪府,,34.7267761,135.5038113,E,寺院,,
弘法寺,,大阪府,,34.6894577,135.4787808,E,寺院,,
初嶋大神宮,,兵庫県,,34.7105509,135.4188148,E,神社,,
住吉神社,,奈良県,,34.6788933,135.8306561,E,神社,,
本行寺,,徳島県,,34.0717906,134.5439167,E,寺院,,
長善寺,,徳島県,,34.0714353,134.5446223,E,寺院,,
妙永寺,,徳島県,,34.0713996,134.54411,E,寺院,,
浄智寺,,徳島県,,34.0720308,134.5443563,E,寺院,,
妙長寺,,徳島県,,34.0715177,134.5454909,E,寺院,,
慈舩寺,,徳島県,,34.0729865,134.5438563,E,寺院,,
元勝寺,,徳島県,,34.0727024,134.5443463,E,寺院,,
水神社,,徳島県,,34.1117208,134.5487096,E,神社,,
西福寺,,徳島県,,34.1816093,134.5997561,E,寺院,,
溝口神社,,神奈川県,,35.6024097,139.6103887,E,神社,溝口神社（みぞのくちじんじゃ）は、神奈川県川崎市高津区にある神社。かつては溝口村の鎮守・赤城大明神と称されていた。,
弘誓寺,,徳島県,,34.0833634,134.555227,E,寺院,,
興禅寺,,神奈川県,横浜市,35.442794,139.6088952,E,寺院,,
佐紀神社,,奈良県,,34.6958547,135.7910023,E,神社,,
佐紀神社,,奈良県,,34.6955842,135.7924375,E,神社,,
崇道天皇社,,奈良県,,34.6735892,135.8333688,E,神社,崇道天皇社（すどうてんのうしゃ）は、奈良県奈良市西紀寺町にある神社。旧社格は村社、神饌幣帛料供進社。,
清涼寺,,徳島県,,34.0536786,134.5257721,E,寺院,,
銅之鳥居八幡神社,,徳島県,,34.0472718,134.5248087,E,神社,,
立正寺,,徳島県,,34.0753964,134.5392193,E,寺院,,
大安寺,,徳島県,,34.0734343,134.5279245,E,寺院,,
八坂神社,,徳島県,,34.0785215,134.5171055,E,神社,,
王子神社,,徳島県,,34.0872579,134.4265167,E,神社,,
正善寺,,徳島県,,34.0763584,134.5118102,E,寺院,,
天神社,,徳島県,,34.0876539,134.5337753,E,神社,,
真観寺,,徳島県,,34.0921456,134.5293519,E,寺院,,
幸福寺,,徳島県,,34.0893961,134.5240279,E,寺院,,
金刀比羅神社,,徳島県,,34.0938569,134.5853993,E,神社,,
妙典寺,,徳島県,,34.070804,134.5444735,E,寺院,,
安楽院,,徳島県,,34.1203346,134.5437998,E,寺院,,
生野神社,,大阪府,,34.6508136,135.5361485,E,神社,,
正妙山　法恩寺,,東京都,,35.6841071,139.7214195,E,寺院,法恩寺（ほうおんじ）は、東京都新宿区にある顕本法華宗系の単立寺院。,
若林八幡宮,,愛知県,豊田市,35.0309444,137.0988135,E,神社,,
照厳寺,,福井県,,36.2372461,136.2264033,E,寺院,,
高麗神社,,静岡県,,34.6807606,137.9936232,E,神社,,
生野八坂神社,,大阪府,,34.6461888,135.5357186,E,神社,,
熊野大神宮,,大阪府,,34.6685164,135.5482114,E,神社,,
賢林寺,,愛知県,,35.2687935,136.8837895,E,寺院,,
石落神社,,奈良県,,34.6934135,135.7814248,E,神社,,
上山八幡宮,,宮城県,,38.6797672,141.4494705,E,寺院,,
衣美須神社,,和歌山県,,34.1902069,135.1437237,E,神社,,
岡寺,,奈良県,,34.4716231,135.8278571,E,寺院,岡寺（おかでら）は、奈良県高市郡明日香村岡にある真言宗豊山派の寺院。山号は東光山。,
貴船神社,,静岡県,,34.6752638,137.7983804,E,神社,,
圓満寺,,大阪府,,34.6890307,135.4791964,E,寺院,,
極楽寺,,大阪府,,34.6885428,135.478475,E,寺院,,
志村熊野神社,,東京都,板橋区,35.7757267,139.6870718,E,神社,,
龍峰寺,,神奈川県,海老名市,35.4613631,139.4013713,E,寺院,,
筒井八幡神社,,兵庫県,,34.7071423,135.2104377,E,神社,,
大慈寺,,青森県,,40.5018904,141.490967,E,寺院,,
一條神社,,徳島県,,34.099867,134.3842784,E,神社,,
妙立寺,,岡山県,,34.5208624,133.6457789,E,寺院,,
厳浄院,,東京都,,35.7184308,139.7509309,E,寺院,厳浄院（ごんじょういん）は、東京都文京区にある浄土宗の寺院。,
麻績神社,,長野県,飯田市,35.533648,137.8534988,E,神社,,
長母寺,,愛知県,,35.1969081,136.9450261,E,寺院,,
東天神社,,兵庫県,,34.7822966,135.3978861,E,神社,,
西天神社,,兵庫県,,34.7796975,135.3918973,E,神社,,
本住寺,,岡山県,,34.6160077,133.683311,E,寺院,,
天性寺,,京都府,,35.0092866,135.7679053,E,寺院,,
正覚院,,東京都,,35.7286475,139.6567919,E,寺院,正覚院（しょうかくいん）は、東京都練馬区にある真言宗豊山派の寺院。,
観音寺,,香川県,,34.1344814,133.6475765,E,寺院,,
諏訪神社,,神奈川県,,35.3480893,139.4896571,E,神社,,
一宮神社,,京都府,,35.2893624,135.1297933,E,神社,一宮神社（いっきゅうじんじゃ）は、京都府福知山市にある神社。国道9号線の高架とJR福知山線が交差する近辺に在る、こんもりとした鎮守の杜に鎮座している。,
養命寺,,神奈川県,,35.3475145,139.4648695,E,寺院,,
夜疑神社,,大阪府,,34.4803532,135.4041548,E,神社,夜疑神社（やぎじんじゃ）は、大阪府岸和田市にある神社。社格は旧郷社。,
青梅天満宮,,群馬県,,36.2464585,139.5325597,E,神社,,
信光寺,,大阪府,,34.6804121,135.4543207,E,寺院,,
長良神社,,群馬県,,36.2541941,139.5320335,E,神社,,
八幡人丸神社,,山口県,,34.3765424,131.0665575,E,神社,,
万歳山 長綱寺,,鳥取県,大山町,35.4979366,133.5006135,E,寺院,,
寶相寺,,東京都,,35.5800985,139.7028011,E,寺院,実相寺（實相寺、じっそうじ）は、東京都大田区池上にある、日蓮宗の寺院。池上本門寺の子院。,
三先天満宮,,大阪府,,34.6608771,135.4562442,E,神社,,
小松寺,,岐阜県,,35.4560242,136.9425165,E,寺院,小松寺（こまつじ）は岐阜県関市西田原にある十一面観世音菩薩を本尊とする黄檗宗の寺院。山号を大慈山。,
蓮華峰寺,,新潟県,,37.8357935,138.2877264,E,寺院,,
伊弉諾神宮,,兵庫県,,34.4596683,134.8526279,E,神社,伊弉諾神宮（いざなぎじんぐう）は、兵庫県淡路市多賀にある神社。式内社（名神大社）、淡路国一宮。,
海福寺,,東京都,,35.6293186,139.7092964,E,寺院,海福寺（かいふくじ）は、東京都目黒区下目黒にある黄檗宗の寺院。山号は永寿山。,
産土神社,,大阪府,,34.6474431,135.4692021,E,神社,,
増形白山神社,,埼玉県,,35.8932693,139.4351115,E,神社,,
滝口寺,,京都府,,35.0230438,135.6665895,E,寺院,滝口寺（たきぐちでら）は、京都市右京区にある浄土宗の寺院。山号は小倉山。,
専念寺,,大阪府,,34.6997686,135.5175742,E,寺院,,
冷雲院,,大阪府,,34.7001447,135.507183,E,寺院,,
西福寺,,大阪府,,34.7004188,135.505647,E,寺院,,
龍渕寺,,大阪府,,34.7000358,135.5056531,E,寺院,,
実相寺,,新潟県,,38.0131649,138.3364078,E,寺院,実相寺（じっそうじ）は、新潟県佐渡市市野沢にある日蓮宗の寺院。山号は御松山。,
吉野神社,,埼玉県,,35.9490391,139.6177416,E,神社,吉野神社（よしのじんじゃ）は、埼玉県さいたま市北区の神社。,
法華寺 (高山市),,岐阜県,,36.1426873,137.265852,E,寺院,法華寺（ほっけじ）は、岐阜県高山市にある法華宗陣門流の寺院。山号は常栄山。,
善応寺,,岐阜県,,36.1422481,137.2664117,E,寺院,宝樹山善応寺（ぜんのうじ）は岐阜県高山市にある曹洞宗の寺院。高山市市街地の東側にある東山寺院群に含まれる寺院の一つで、飛騨三十三観音霊場の5番札所である。,
福禅寺,,広島県,,34.3831914,133.3833582,E,寺院,,
寿宝寺,,京都府,,34.8000216,135.789019,E,寺院,寿宝寺（じゅほうじ）は、京都府京田辺市にある高野山真言宗の寺院。山号は開運山。,
割狐塚稲荷神社,,静岡県,,35.1315059,138.8971089,E,神社,割狐塚稲荷神社（わりこづかいなりじんじゃ）は、静岡県駿東郡長泉町下土狩にある神社。正式名は稲荷神社。,
仁叟寺,,群馬県,,36.2466342,138.9840052,E,寺院,仁叟寺（じんそうじ）は、群馬県高崎市吉井町神保にある曹洞宗の寺院。山号は天祐山、院号は公田院、本尊は釈迦牟尼仏。,
本成寺,,静岡県,,35.2036675,138.5488469,E,寺院,本成寺（ほんじょうじ）は、静岡県富士宮市にある日蓮宗の寺院。,
金刀比羅神社,,京都府,,35.6209643,135.061007,E,神社,,
大信寺,,大阪府,,34.6997862,135.5171115,E,寺院,,
空印寺,,福井県,,35.4914841,135.7385779,E,寺院,,
摠見寺跡,,滋賀県,,35.1542787,136.1371219,E,寺院,摠見寺（捴見寺、そうけんじ）は滋賀県近江八幡市安土町下豊浦の安土城跡にある寺院。臨済宗妙心寺派。,
正法寺,,京都府,,34.870197,135.7012498,E,寺院,正法寺（しょうぼうじ）は、京都府八幡市八幡字清水井にある浄土宗の寺院。山号は徳迎山。,
天満神社,,埼玉県,,35.9083861,139.6689714,E,神社,天満神社（てんまんじんじゃ）は、埼玉県さいたま市見沼区の神社。,
蓮興寺,,静岡県,,35.1466467,138.7963167,E,寺院,,
本光寺,,新潟県,,38.0158208,138.3447216,E,寺院,本光寺（ほんこうじ）は、新潟県佐渡市泉にある順徳上皇の行在所の黒木御所跡近くに建つ日蓮宗の寺。山号は法教山。,
一宮神社,,徳島県,,34.0377055,134.4628594,E,神社,一宮神社（いちのみやじんじゃ）は、徳島県徳島市一宮町にある神社。式内大社・阿波国一宮の「天石門別八倉比売神社」の論社の1つ。,
根本寺,,新潟県,,38.0107885,138.4141259,E,寺院,根本寺（こんぽんじ）は、新潟県佐渡市新穂大野にある日蓮宗の本山（霊蹟寺院）。山号は塚原山。,
比々多神社,,神奈川県,,35.4014429,139.2842194,E,神社,比々多神社（ひびたじんじゃ）は、神奈川県伊勢原市三ノ宮に鎮座する旧相模国最古級の神社。旧社格は郷社で、現在では神奈川県神社庁による献幣使参向神社となっている。,
慈眼寺,,栃木県,下野市,36.3825287,139.8427676,E,寺院,慈眼寺（じげんじ）は、栃木県下野市にある真言宗智山派の寺院。,
妙顕寺,,京都府,,35.0345977,135.7548991,E,寺院,妙顕寺（みょうけんじ）は、京都市上京区妙顕寺前町にある日蓮宗の大本山の寺院。山号は具足山。,
上聖寺,,東京都,,35.7203098,139.7684057,E,寺院,上聖寺（じょうしょうじ）は、東京都台東区谷中にある日蓮宗の寺院。山号は仏寿山。,
倉見神社,,神奈川県,寒川町,35.3995697,139.3932797,E,神社,倉見神社（くらみじんじゃ）は神奈川県高座郡寒川町にある神社である。朱塗りの本殿は寒川町最古の建造物。,
岡田宮,,福岡県,,33.8618444,130.7673589,E,神社,岡田宮（おかだぐう）は、福岡県北九州市八幡西区黒崎地区にある神社で、正式には岡田神社。,
満願寺,,神奈川県,,35.5751902,139.5464123,E,寺院,,
西山寺,,静岡県,,34.7025326,138.1769488,E,寺院,,
須波麻神社,,大阪府,,34.7044119,135.6498479,E,神社,,
素盞嗚神社,,広島県,,34.5526974,133.2793146,E,神社,,
大林寺,,兵庫県,,34.8197188,135.3504481,E,寺院,,
久昌寺,,茨城県,,36.5408105,140.5153492,E,寺院,久昌寺（きゅうしょうじ）は、茨城県常陸太田市新宿町にある、日蓮宗の本山（由緒寺院）。山号は靖定山。,
地福寺,,徳島県,,34.1348566,134.5176991,E,寺院,,
西徳寺,,東京都,,35.7234176,139.7904291,E,寺院,,
鷲神社,,東京都,台東区,35.722531,139.7916938,E,神社,,
地蔵院,,静岡県,,34.6888967,137.6838779,E,寺院,,
長田寺,,福井県,,35.428197,135.6584671,E,寺院,,
吉祥院,,埼玉県,,36.231452,139.1166901,E,寺院,吉祥院（きちじょういん）は、埼玉県児玉郡上里町にある真言宗智山派の寺院。山号は阿保山。,
長興寺,,群馬県,,36.4132956,139.1553835,E,寺院,,
華表神社,,大阪府,堺市,34.5800347,135.5146413,E,神社,,
瑠璃寺,,長野県,高森町,35.5643456,137.8579663,E,寺院,瑠璃寺（るりじ）は、長野県下伊那郡高森町にある天台宗の寺院。山号を大嶋山、院号を医王院と称する。,
桂徳院,,東京都,,35.7469776,139.6565791,E,寺院,桂徳院（けいとくいん） は、東京都練馬区桜台にある臨済宗大徳寺派の寺院。,
円成寺,,福井県,,35.4326481,135.8895308,E,寺院,,
大聖寺,,京都府,,35.0309508,135.7588517,E,寺院,大聖寺（だいしょうじ）は、京都市上京区にある臨済宗系単立の寺院。山号は岳松山。,
妙経寺,,東京都,,35.7100183,139.783506,E,寺院,妙経寺（みょうきょうじ）は、東京都台東区にある日蓮宗の寺院。,
石浦神社,,石川県,,36.561271,136.6600249,E,神社,,
蒼柴神社,,新潟県,長岡市,37.4331975,138.8807166,E,神社,,
鬼死骸八幡神社,,岩手県,,38.9027992,141.1348967,E,神社,,
浄興寺,,大阪府,,34.6844621,135.4549864,E,寺院,,
佐渡国分寺,,新潟県,,37.9669174,138.3684783,E,寺院,佐渡国分寺（さどこくぶんじ）は、新潟県佐渡市国分寺にある真言宗の佐渡島内最古の寺。,
清水寺,,新潟県,,37.9977942,138.4379164,E,寺院,清水寺（せいすいじ）とは新潟県佐渡市新穂大野にある真言宗豊山派の寺院のことである。大同3年（808年）開基。,
法雲寺,,大阪府,堺市,34.5517847,135.5486163,E,寺院,法雲寺（ほううんじ）は、大阪府堺市美原区にある黄檗宗の中本山格の寺院。山号は大宝山。,
人丸神社,,千葉県,南房総市,35.0257886,139.9028697,E,神社,,
妙円寺,,京都府,,35.6023483,135.2188353,E,寺院,妙円寺（みょうえんじ）は、京都府宮津市字日置607にある日蓮宗の寺院。山号は顕立山。,
羅漢寺,,兵庫県,,34.9372004,134.8292499,E,寺院,羅漢寺（らかんじ）は、兵庫県加西市にある天台宗の寺院。山号は北栄山。,
防府天満宮,,山口県,,34.0631987,131.5742732,E,神社,,
徳成寺,,香川県,,34.3451328,134.0404326,E,寺院,徳成寺（とくじょうじ）は、香川県高松市にある真宗大谷派の寺院。山号は大利山。,
多宝院,,埼玉県,,35.8447687,139.7365493,E,寺院,多宝院（たほういん）は、埼玉県川口市にある真言宗豊山派の寺院。,
赤尾渋垂郡辺神社,,静岡県,,34.7409006,137.9373707,E,神社,,
磐根神社,,栃木県,,36.4071469,139.7400599,E,神社,,
弓弦羽神社,,兵庫県,,34.7237019,135.2550293,E,神社,弓弦羽神社（ゆづるはじんじゃ）は、兵庫県神戸市東灘区御影郡家にある神社である。旧社格は村社。,
八幡神徳寺,,沖縄県,,26.2205807,127.6945118,E,寺院,,
日野春日神社,,神奈川県,,35.3862745,139.5820264,E,神社,春日神社（かすがじんじゃ）は神奈川県横浜市港南区日野中央にある神社である。日野四村（宮ヶ谷、宮下、金井、吉原）の総鎮守。,
日咩坂鐘乳穴神社,,岡山県,新見市,34.9816939,133.6045876,E,神社,日咩坂鐘乳穴神社（ひめさかかなちあなじんじゃ、日咩坂鍾乳穴神社、比賣坂鍾乳穴神社）は、岡山県新見市豊永赤馬にある神社。,
玉林院,,京都府,,35.0425463,135.7433789,E,寺院,玉林院（ぎょくりんいん）は、京都府京都市北区紫野にある臨済宗の寺院。臨済宗大本山大徳寺の塔頭である。,
日枝大神社,,神奈川県,川崎市,35.5146699,139.700065,E,神社,日枝大神社（ひえだいじんじゃ）は、神奈川県川崎市川崎区小田にある神社。,
寳泉院,,千葉県,鎌ケ谷市,35.7939974,140.0020258,E,寺院,宝泉院（ほうせんいん）は、千葉県鎌ケ谷市にある真言宗豊山派の寺院。,
源長寺,,東京都,,35.7442291,139.7992071,E,寺院,源長寺（げんちょうじ）は、東京都足立区にある浄土宗の寺院。,
金蔵寺,,東京都,,35.7488198,139.8036073,E,寺院,,
蓮長寺,,新潟県,,38.0328043,138.2450789,E,寺院,蓮長寺（れんちょうじ）は、新潟県佐渡市相川下寺町にある日蓮宗の寺院。山号は妙法山。,
妙仙寺,,埼玉県,,35.8033174,139.7110712,E,寺院,妙仙寺（みょうせんじ）は、埼玉県川口市にある日蓮宗の寺院。旧本山は新曾妙顕寺、池上・芳師法縁。,
第16番札所 観音寺,,徳島県,徳島市,34.0684877,134.4742532,E,寺院,,
早稲田神社,,長野県,,35.3212406,137.8119011,E,神社,"早稲田神社（わせだじんじゃ）

早稲田神社 (阿南町) - 長野県阿南町に鎮座する神社。
早稲田神社 (広島市) - 広島県広島市に鎮座する神社。",
田光八幡社,,愛知県,,35.1266526,136.9245227,E,神社,,
堤八幡宮,,福岡県,,33.5467539,130.3796494,E,神社,,
大塩天満宮,,兵庫県,,34.7779232,134.7573315,E,神社,大塩天満宮（おおしおてんまんぐう）は、兵庫県姫路市にある神社（天満宮）。正式名称は天満神社。,
烏帽子形八幡神社,,大阪府,,34.4441958,135.5664916,E,神社,烏帽子形八幡神社（えぼしがたはちまんじんじゃ）は、大阪府河内長野市にある神社。旧社格は村社。,
不乗森神社,,愛知県,,34.9998298,137.0875857,E,神社,不乗森神社（のらずのもりじんじゃ）は、愛知県安城市里町森38番地に鎮座する神社。別名は山王様。,
湯殿山総本寺 大日坊,,山形県,,38.5925514,139.9003346,E,寺院,大日坊（だいにちぼう）は、山形県鶴岡市にある真言宗豊山派の寺院。山号は湯殿山。,
久安寺,,大阪府,,34.8602421,135.4449406,E,寺院,久安寺（きゅうあんじ）は、大阪府池田市伏尾町にある高野山真言宗の寺院。山号は大澤山。,
休天神社,,兵庫県,,34.6470098,135.0028834,E,神社,,
本瀧寺,,大阪府,,34.9356052,135.4679814,E,寺院,本瀧寺（ほんたきじ）は、大阪府豊能郡能勢町にある妙見宗総本山の仏教寺院。山号は「能勢妙見山」。,
大岩神社,,京都府,,35.4512615,135.1620932,E,神社,大岩神社（おおいわじんじゃ）は、京都府福知山市大江町毛原に鎮座する氏神の神社である。境内の尾根に希少なアカガシの巨木が群生し、市指定天然記念物となっている。,
久本寺,,大阪府,,34.6697932,135.5169373,E,寺院,久本寺（くほんじ）は、大阪府大阪市中央区谷町にある本門法華宗の寺院。本尊は十界曼荼羅。,
春日神社,,大阪府,,34.7487552,135.5318767,E,神社,春日神社（かすがじんじゃ）は大阪市東淀川区上新庄に鎮座する神社。,
万徳寺,,福岡県,,33.8814596,130.8672416,E,寺院,,
瓜破天神社,,大阪府,,34.6020478,135.5548417,E,神社,,
妙経寺,,神奈川県,小田原市,35.2461752,139.1578348,E,寺院,妙経寺（みょうきょうじ）は、神奈川県小田原市本町にある日蓮宗の寺院。開山時は、大乗院日浄上人により足柄上郡金子村（現：大井町）にあった。,
雨降山大山寺,,神奈川県,伊勢原市,35.4292982,139.2393561,E,寺院,大山寺（おおやまでら）は、神奈川県伊勢原市にある真言宗大覚寺派の寺院である。大山不動の通称で知られる。,
熱那神社,,山梨県,北杜市,35.8251026,138.4052003,E,神社,,
野島久伊豆神社,,埼玉県,越谷市,35.9243167,139.7464213,E,神社,久伊豆神社（ひさいずじんじゃ）は、埼玉県越谷市の神社。,
根室金刀比羅神社,,北海道,,43.3433409,145.5876057,E,神社,,
清隆寺,,北海道,,43.328625,145.5755304,E,寺院,,
西福寺,,新潟県,,37.1936115,138.9566277,E,寺院,,
縣居神社,,静岡県,,34.7006435,137.7162308,E,神社,縣居神社（あがたいじんじゃ）は、静岡県浜松市中央区の神社。,
天授庵,,京都府,,35.0104801,135.7923366,E,寺院,天授庵（てんじゅあん）は、京都市左京区南禅寺福地町にある臨済宗南禅寺派の寺院。大本山南禅寺の塔頭。,
長昌山 妙法寺,,岡山県,,35.0602806,133.9906426,E,寺院,妙法寺（みょうほうじ）は、岡山県津山市西寺町にある日蓮宗の寺院。境内には狩野如林（絵師）、兼景（刀工）、飯塚竹齊（文人画家）、竹内文子（教育者）等の墓所がある。,
淨泉寺,,大阪府,,34.6872347,135.4528696,E,寺院,,
鴉宮,,大阪府,,34.6872903,135.4548326,E,神社,,
正福寺,,徳島県,阿南市,33.9159168,134.6627531,E,寺院,,
富岡八幡神社,,徳島県,阿南市,33.9145621,134.663074,E,神社,,
長寿寺,,愛知県,,35.0680612,136.9419717,E,寺院,,
大聖勝軍寺,,大阪府,,34.6132807,135.5880831,E,寺院,大聖勝軍寺（たいせいしょうぐんじ）は、大阪府八尾市太子堂にある高野山真言宗の寺院。山号は神妙椋樹山（しんみょうりょうじゅさん）。,
大興善寺,,佐賀県,,33.4292399,130.4958413,E,寺院,,
報恩寺,,和歌山県,,34.2217113,135.1721472,E,寺院,報恩寺（ほうおんじ）は、和歌山県和歌山市吹上にある日蓮宗の本山（由緒寺院）。山号は白雲山。,
西照寺,,東京都,,35.6998315,139.6507473,E,寺院,,
清光寺,,大阪府,,34.7098666,135.5153691,E,寺院,,
正徳禅寺,,大阪府,,34.7102534,135.5161576,E,寺院,,
西善寺,,大阪府,,34.7061126,135.4961163,E,寺院,,
桜山八幡宮,,岐阜県,,36.1482652,137.2605551,E,神社,桜山八幡宮（さくらやまはちまんぐう）（正字は櫻山八幡宮）は、岐阜県高山市にある神社である。,
高山稲荷神社,,東京都,,35.6272833,139.7331127,E,神社,,
波上宮,,沖縄県,那覇市,26.2204073,127.6711916,E,神社,波上宮（なみのうえぐう；沖縄語：なんみんぐう）は、沖縄県那覇市にある神社。近代社格制度では官幣小社に列格され、現在では神社本庁の別表神社に指定されている。,
無動寺,,滋賀県,,35.0622403,135.8440802,E,寺院,,
五宮神社,,兵庫県,,34.6933629,135.1706358,E,神社,五宮神社（ごのみやじんじゃ）は兵庫県神戸市兵庫区五宮町に鎮座する神社。生田裔神八社の一社。,
名草神社,,兵庫県,,35.422021,134.6557613,E,神社,名草神社（なぐさじんじゃ）は、兵庫県養父市にある神社。主祭神は名草彦大神。,
田簑神社,,大阪府,,34.7183349,135.4481061,E,神社,田蓑神社（たみのじんじゃ）は、大阪市西淀川区佃にある神社である。祭神は、住吉三神（底筒之男命・中筒之男命・表筒之男命）、神功皇后。,
益救神社,,鹿児島県,,30.4270482,130.5720317,E,神社,益救神社（やくじんじゃ）は、鹿児島県熊毛郡屋久島町（屋久島）にある神社。式内社で、旧社格は県社。,
加紫久利神社,,鹿児島県,,32.1195058,130.3482878,E,神社,加紫久利神社（かしくりじんじゃ）は、鹿児島県出水市下鯖町にある神社。式内社で、旧社格は県社。,
三嶋神社,,神奈川県,,35.3906514,139.2641581,E,神社,三嶋神社（みしまじんじゃ）は、神奈川県伊勢原市善波（ぜんぱ）に所在する神社。,
報専坊,,広島県,,34.4036742,132.449407,E,寺院,報専坊（ほうせんぼう）は、広島県広島市中区寺町にある浄土真宗本願寺派の仏教寺院。江戸中期に慧雲が出て、学僧を育てた。,
伊古奈比咩命神社,,静岡県,下田市,34.6936336,138.9730764,E,神社,,
明知神明宮,,愛知県,,35.0601986,137.0792841,E,神社,明知神明宮（みょうちしんめいぐう）は、愛知県みよし市明知町松葉池浦1にある神社。旧社格は村社。,
南洲寺,,鹿児島県,,31.5850528,130.5606876,E,寺院,南洲寺（なんしゅうじ）は、鹿児島県鹿児島市南林寺町にある臨済宗相国寺派の寺。1876年（明治9年）10月、相国寺の管長・荻野独園により大本山相国寺仮出張布教所として設立。,
西法寺,,大阪府,,34.6788145,135.4569421,E,寺院,,
