key,article,place_kind,pref,muni,origin_pref,origin_muni,origin_basis,origin_sentence,local_pref,local_muni,local_sentence,coord,pageviews_month
家系ラーメン,家系ラーメン,発祥地,神奈川県,横浜市,神奈川県,横浜市,発祥を述べる文,横浜市内でも、元祖家系の吉村家や六角家等がある西区や神奈川区などをはじめとする横浜都心部周辺が家系ラーメンの激戦区として際立っている。,,,,"osm(place=city,node:1973500311)",14927
喜多方ラーメン,喜多方ラーメン,発祥地,福島県,喜多方市,福島県,喜多方市,発祥を述べる文,喜多方ラーメン（きたかたラーメン）は、福島県喜多方市発祥のご当地ラーメン（ご当地グルメ）。,,,,"osm(place=city,node:734866062)",10615
ひつまぶし,ひつまぶし,発祥地,愛知県,名古屋市,愛知県,名古屋市,発祥を述べる文,名古屋市発祥説発祥店を名乗る店としては、愛知県名古屋市熱田区の「あつた蓬莱軒」や錦三丁目の「いば昇」があるが、ひつまぶしの成立時期を、「あつた蓬莱軒」は明治時代、「いば昇」は大正時代であったとしており、こちらも相違が見られる。,,,,"osm(place=city,node:569005393)",9374
ちゃん系ラーメン,ちゃん系ラーメン,発祥地,東京都,千代田区,東京都,千代田区,冒頭の定義文,ちゃん系ラーメン（ちゃんけいラーメン）とは、東京都千代田区のラーメン店・神田ちえちゃんラーメン（2020年6月創業）を源流とするラーメン店舗群、及び「ちゃんのれん組合」に加盟しているラーメン店が提供しているラーメンのジャンルを指す名称。,,,,"osm(place=city,node:1042516435)",7990
タコライス,タコライス,発祥地,沖縄県,金武町,沖縄県,金武町,発祥を述べる文,発祥・由来タコライスは沖縄県金武町、キャンプハンセンのゲート前に広がる飲食店街（新開地）にあった「パーラー千里（せんり）」の創業者、儀保松三の考案により1984年（昭和59年）に誕生した。,,,,"osm(place=town,node:656133715)",7819
ジンギスカン (料理),ジンギスカン (料理),発祥地,北海道,,北海道,,都道府県のみ,一般的には北海道を代表する郷土料理とされる他、岩手県遠野市、山形県の蔵王温泉付近をはじめとする東北地方の一部、長野県の長野市、飯田市などでも盛んに食される。,,,,"osm(県庁所在地:札幌市,node:57683926)",7074
冷や汁,冷や汁,発祥地,宮崎県,,宮崎県,,都道府県のみ,すったて 岐阜県の郷土料理 すったて汁冷や汁  ファイル:12 2夕食（冷や汁定食） (2097833934).jpg  冷や汁定食 (宮崎県)      宮崎県（宮崎県では基本的に「ひやしる」と呼ばれている）、埼玉県、山形県、群馬県ほか                        100 g冷や汁（ひやしる/ひやじる、冷汁とも）は、出汁と味噌で味を付けた、冷たい汁物料理。,,,,"osm(県庁所在地:宮崎市,node:739203629)",6078
お好み焼き,お好み焼き,発祥地,大阪府,,大阪府,,都道府県のみ,お好み焼き（おこのみやき）は、小麦粉と鶏卵、キャベツ、ソースなどを使用する鉄板焼きの一種である。,,,,"osm(県庁所在地:大阪市,node:57563779)",5900
竹岡ラーメン,竹岡ラーメン,発祥地,千葉県,富津市,千葉県,富津市,発祥を述べる文,竹岡ラーメン（たけおかラーメン）・竹岡式ラーメンとは、千葉県内房（富津市竹岡など）周辺発祥のご当地ラーメンである。,,,,"osm(place=city,node:1977637091)",5479
盛岡冷麺,盛岡冷麺,ご当地,岩手県,盛岡市,岩手県,盛岡市,冒頭の定義文,盛岡冷麺（もりおかれいめん）は、岩手県盛岡市の名物麺料理。,岩手県,盛岡市,盛岡冷麺（もりおかれいめん）は、岩手県盛岡市の名物麺料理。,"osm(place=city,node:471357225)",5172
油そば,油そば,発祥地,東京都,国立市,東京都,国立市,発祥を述べる文,歴史起源に関しては、1952年（昭和27年）に創業した国立市の一橋大学そばの「三幸」が、のびたラーメンをヒントに昭和30年代前半頃から酒の肴として提供を開始したとする説や、同じく昭和30年代に武蔵野市境の亜細亜大学そばの「珍々亭」が中国の拌麺（:zh:拌麵）をヒントに油そばを発売したという説の両説がある。,,,,"osm(place=city,node:623805032)",5149
たこ焼き,たこ焼き,発祥地,大阪府,,大阪府,,都道府県のみ,手前には爪楊枝が刺さっている      大阪府    1933年（昭和8年）頃            小麦粉、タコ  紅ショウガ、青のり、鰹節、天かす、桜えび、チーズ、ウインナー、イカ、エビ、などたこ焼き（たこやき、蛸焼き・タコ焼き・たこ焼き）は、小麦粉の生地の中にタコ（主にマダコ）と薬味を入れて直径 3-5cmほどの球形に焼き上げた郷土料理。,,,,"osm(県庁所在地:大阪市,node:57563779)",4968
もんじゃ焼き,もんじゃ焼き,発祥地,東京都,墨田区,東京都,墨田区,発祥を述べる文,歴史現在に繋がるもんじゃ焼きのスタイルは戦後の昭和20年代に誕生し、浅草近辺（墨田区本所地区　現:墨田区東駒形）が発祥とされる事が多いようである。,,,,"osm(place=city,node:721772119)",4739
沖縄そば,沖縄そば,発祥地,沖縄県,,沖縄県,,都道府県のみ,沖縄そば（おきなわそば、沖縄方言:すば、は、中華麺に由来する製法の麺を使用した、沖縄県の郷土料理（沖縄料理）である。,,,,"osm(県庁所在地:那覇市,node:567940176)",4704
チキン南蛮,チキン南蛮,発祥地,宮崎県,延岡市,宮崎県,延岡市,冒頭の定義文,チキン南蛮（チキンなんばん）は、小麦粉と溶き卵を絡めた鶏肉を油で揚げ、甘酢（南蛮甘酢ダレ）に浸した宮崎県延岡市発祥の鶏肉料理である。,,,,"osm(place=city,node:739203691)",4563
トルコライス,トルコライス,ご当地,長崎県,長崎市,長崎県,長崎市,冒頭の定義文,トルコライスは、長崎県、主に長崎市を中心としたご当地グルメで、一皿に多種のおかずが盛りつけられた洋風料理である。,長崎県,長崎市,トルコライスは、長崎県、主に長崎市を中心としたご当地グルメで、一皿に多種のおかずが盛りつけられた洋風料理である。,"osm(place=city,node:568515366)",4436
くさや,くさや,発祥地,東京都,,東京都,,都道府県のみ,くさや    焼いたサンマのくさや    東京都伊豆諸島  100 gくさやとは、伊豆諸島の特産品として知られている、魚類の干物の一種である。,,,,"osm(県庁所在地:新宿区,node:2389061853)",4267
わんこそば,わんこそば,発祥地,岩手県,,岩手県,,都道府県のみ,わんこそば（椀こ蕎麦）は、岩手県（花巻、盛岡）に伝わる蕎麦（そば）の一種。,,,,"osm(県庁所在地:盛岡市,node:471357225)",4228
河豚の卵巣の糠漬け,河豚の卵巣の糠漬け,発祥地,石川県,,石川県,,都道府県のみ,河豚の卵巣の糠漬け（ふぐのらんそうのぬかづけ）は石川県の郷土料理。,,,,"osm(県庁所在地:金沢市,node:303913177)",4097
ベトコンラーメン,ベトコンラーメン,発祥地,愛知県,一宮市,愛知県,一宮市,発祥を述べる文,概要愛知県一宮市、あるいは岐阜県岐阜市が発祥とされる。,,,,"osm(place=city,node:569005518)",4063
台湾ラーメン,台湾ラーメン,発祥地,愛知県,,愛知県,,都道府県のみ,愛知県中華料理環境衛生同業組合による2000年（平成12年）の調査では、名古屋市内のラーメン専門店約380店のうち、200店以上が台湾ラーメンを提供している。,,,,"osm(県庁所在地:名古屋市,node:569005393)",3860
佐野ラーメン,佐野ラーメン,ご当地,栃木県,佐野市,栃木県,佐野市,冒頭の定義文,佐野ラーメン（さのラーメン）とは、栃木県佐野市を中心として食べられているラーメンであり、関東地方のご当地ラーメンの一つ。,栃木県,佐野市,佐野ラーメン（さのラーメン）とは、栃木県佐野市を中心として食べられているラーメンであり、関東地方のご当地ラーメンの一つ。,"osm(place=city,node:1108891363)",3789
武蔵野うどん,武蔵野うどん,発祥地,東京都,,東京都,,都道府県のみ,武蔵野うどん（むさしのうどん）は、東京都北西部の多摩地域から埼玉県西部にかけて広がる武蔵野台地及びその周辺地域、令制国の一つである武蔵国を中心とした地域において、古くから食べられてきたうどんである。,,,,"osm(県庁所在地:新宿区,node:2389061853)",3783
稲庭うどん,稲庭うどん,発祥地,秋田県,湯沢市,秋田県,湯沢市,冒頭の定義文,稲庭うどん（いなにわうどん）は、秋田県湯沢市稲庭町が発祥の、手延べ製法による干しうどんである。,,,,"osm(place=city,node:506576083)",3711
讃岐うどん,讃岐うどん,発祥地,香川県,,香川県,,都道府県のみ,讃岐うどん（さぬきうどん、Sanuki udon）は、香川県（旧讃岐国）のうどんである。,,,,"osm(県庁所在地:高松市,node:574804765)",3617
白くま,白くま,発祥地,鹿児島県,鹿児島市,鹿児島県,鹿児島市,冒頭の定義文,白くま（しろくま）は、鹿児島県鹿児島市発祥の氷菓またはアイスクリーム類。,,,,"osm(place=city,node:640003455)",3487
あんかけスパゲッティ,あんかけスパゲッティ,発祥地,愛知県,名古屋市,愛知県,名古屋市,冒頭の定義文,あんかけスパゲッティは、1960年代に愛知県名古屋市で誕生したスパゲッティ料理。,,,,"osm(place=city,node:569005393)",3457
チャンプルー,チャンプルー,発祥地,沖縄県,,沖縄県,,都道府県のみ,ゴーヤーチャンプルー 2005年の日本映画 ゴーヤーちゃんぷるー チャンプルー ファイル:Goya Champuru at Yumenoya.jpg        沖縄県            沖縄料理      豆腐、野菜、豚肉チャンプルーは、豆腐を野菜などと炒めた沖縄料理。,,,,"osm(県庁所在地:那覇市,node:567940176)",3377
ほうとう,ほうとう,発祥地,山梨県,甲斐市,山梨県,甲斐市,発祥を述べる文,元々は甲斐市付近の郷土料理であったが、1970年頃に甲府市内のほうとう専門店が夏の料理として売り出した。,山梨県,甲斐市,元々は甲斐市付近の郷土料理であったが、1970年頃に甲府市内のほうとう専門店が夏の料理として売り出した。,"osm(place=city,node:1810109727)",3328
辛子明太子,辛子明太子,発祥地,福岡県,,福岡県,,都道府県のみ,辛子明太子（からしめんたいこ）は、スケトウダラの卵巣（鱈子・たらこ）を塩漬け熟成し、塩抜き後に唐辛子、昆布、砂糖、醤油などからなる調味液に漬け込んで発酵させた惣菜である。,,,,"osm(県庁所在地:福岡市,node:1932338735)",3250
サンマーメン,サンマーメン,発祥地,神奈川県,横浜市,神奈川県,横浜市,発祥を述べる文,サンマーメン（サンマー麺、生馬麺、生碼麺）は、モヤシなどの野菜や豚肉といった具材を炒めてとろみをつけたあんかけをのせる、神奈川県横浜市発祥のご当地ラーメンである。,,,,"osm(place=city,node:1973500311)",3186
ババヘラ,ババヘラ,発祥地,秋田県,,秋田県,,都道府県のみ,+ ババヘラ主な地域秋田県全域発案時期1950年頃?発案店（発案者）進藤冷菓/児玉冷菓（異説もあり）ババヘラは、主に日本の秋田県で露天販売されている氷菓の一種、およびその販売形態。,,,,"osm(県庁所在地:秋田市,node:752195639)",3120
山賊焼,山賊焼,ご当地,長野県,松本市,山口県,,都道府県のみ,山賊焼（山賊焼き）    Sanzoku yaki (cropped).jpg  山口・いろり山賊の「山賊焼」    日本  長野県中信地方 / 山口県岩国市  日本料理        焼き物 / 揚げ物    鶏肉    新子焼き山賊焼（さんぞくやき、「山賊焼き」とも表記）は、日本の鶏肉、特に鶏もも肉を用いたご当地グルメ。,長野県,松本市,長野県中信地方（塩尻市・松本市等）を中心に食べられる揚げ物。,"osm(place=city,node:470328639)",3054
冷やしラーメン,冷やしラーメン,発祥地,山形県,,山形県,,都道府県のみ,日本各地の冷やしラーメン山形県山形県山形市本町のラーメン店「栄屋本店」の初代店主が、夏に冷たいラーメンを食べたいという常連客の要望で開発を始め、試行錯誤の末、1年かけて1952年に完成させたp7 Suzie。,福島県,会津坂下町,2024年、新潟県と福島県を結ぶ国道289号「八十里越」の開通に向け長岡市と会津坂下町が互いの魅力を発信しようと、両地域のご当地グルメである冷やしラーメンを食べ比べるイベントが道の駅R290とちおで開催された。,"osm(県庁所在地:山形市,node:752206840)",2970
盛岡じゃじゃ麺,盛岡じゃじゃ麺,ご当地,岩手県,盛岡市,岩手県,盛岡市,冒頭の定義文,盛岡じゃじゃ麺（もりおかじゃじゃめん）は、岩手県盛岡市の郷土料理。,岩手県,盛岡市,盛岡じゃじゃ麺（もりおかじゃじゃめん）は、岩手県盛岡市の郷土料理。,"osm(place=city,node:471357225)",2958
鰹のタタキ,鰹のタタキ,発祥地,高知県,,高知県,,都道府県のみ,鰹のタタキ（かつおのタタキ）は刺身の一種で、高知県発のカツオを用いた料理。,,,,"osm(県庁所在地:高知市,node:574820566)",2860
富山ブラック,富山ブラック,発祥地,富山県,富山市,富山県,富山市,発祥を述べる文,富山ブラック（とやまブラック）は、富山県富山市中心部発祥のご当地ラーメンである。,,,,"osm(place=city,node:762306892)",2782
旭川ラーメン,旭川ラーメン,発祥地,北海道,,北海道,,都道府県のみ,旭川ラーメン（あさひかわラーメン）とは、北海道旭川市で提供されているご当地ラーメンである。,,,,"osm(県庁所在地:札幌市,node:57683926)",2696
きしめん,きしめん,発祥地,愛知県,刈谷市,愛知県,刈谷市,発祥を述べる文,例えば、國學院大學の加藤有次は、「江戸時代、東海道・芋川（愛知県刈谷市）名物だった平打ちうどん」がきしめんのルーツとの説を唱えている。,愛知県,刈谷市,例えば、國學院大學の加藤有次は、「江戸時代、東海道・芋川（愛知県刈谷市）名物だった平打ちうどん」がきしめんのルーツとの説を唱えている。,"osm(place=city,node:569005398)",2664
徳島ラーメン,徳島ラーメン,発祥地,徳島県,小松島市,徳島県,小松島市,発祥を述べる文,"ラーメン東大（1999年創業、徳島市大道）中華そば田村（2003年創業、板野郡北島町）中華そばやまきょう（[徳島市北矢三町]）白系岡本中華（1951年創業、小松島市）可成家（1998年創業、[徳島市南庄町]）黄系支那そば三八（1969年創業、徳島市北田宮）支那そば よあけ（1952年創業、徳島市一番町）脚注注釈2 ""注""出典2関連項目徳島製粉 - 「金ちゃんラーメン」で知られる徳島市の企業、茶系のカップラーメンを発売している。",,,,"osm(place=city,node:298310885)",2588
辛子蓮根,辛子蓮根,発祥地,熊本県,,熊本県,,都道府県のみ,からし蓮根と表記されることが多い）は、蓮根の穴に辛子味噌を詰め込み、黄色い衣を付けて油で揚げた熊本県の郷土料理である。,,,,"osm(県庁所在地:熊本市,node:642042925)",2547
京都ラーメン,京都ラーメン,ご当地,京都府,京都市,京都府,京都市,冒頭の定義文,京都ラーメン（きょうとラーメン）とは、日本の京都府京都市を中心に提供・消費されるラーメンや、京都が発祥のラーメンチェーン店などの傾向を示すものであり、余所の有名地域ラーメン（喜多方や天理・博多）の様に画一化された定型があるわけでない。,京都府,京都市,京都ラーメン（きょうとラーメン）とは、日本の京都府京都市を中心に提供・消費されるラーメンや、京都が発祥のラーメンチェーン店などの傾向を示すものであり、余所の有名地域ラーメン（喜多方や天理・博多）の様に画一化された定型があるわけでない。,"osm(place=city,node:533681139)",2506
五平餅,五平餅,発祥地,長野県,,長野県,,都道府県のみ,五平餅（御幣餅、ごへいもち）は、中部地方の山間部（長野県木曽・伊那地方、岐阜県東濃・飛騨地方、富山県南部、愛知県奥三河地方、静岡県北遠・駿河地方）に伝わる郷土料理。,,,,"osm(県庁所在地:長野市,node:702987391)",2494
三輪素麺,三輪素麺,ご当地,奈良県,桜井市,奈良県,桜井市,冒頭の定義文,三輪素麺（みわそうめん）は、奈良県桜井市を中心とした三輪地方で生産されている素麺で、特産品となっている。,奈良県,桜井市,三輪素麺（みわそうめん）は、奈良県桜井市を中心とした三輪地方で生産されている素麺で、特産品となっている。,"osm(place=city,node:2477728376)",2444
奈良漬け,奈良漬け,発祥地,奈良県,,奈良県,,都道府県のみ,正倉院文書には生姜と瓜の粕漬が記され、平安時代中期の延長5年（927年）に編纂された『延喜式』内膳の部には奈良県中小企業診断士会 2008 4、加えて冬瓜・菁根搗・ナス・小水葱・ダイズも記されている朝倉 2016 42。,,,,"osm(県庁所在地:奈良市,node:1922043513)",2427
五家宝,五家宝,発祥地,埼玉県,,埼玉県,,都道府県のみ,五家宝（ごかぼう）とは、埼玉県で生産・販売されている和菓子の一つである。,,,,"osm(県庁所在地:さいたま市,node:243993095)",2365
鮒寿司,鮒寿司,発祥地,滋賀県,,滋賀県,,都道府県のみ,古代から琵琶湖産のニゴロブナ（煮頃鮒）などを主要食材として作られ続けている滋賀県（旧・近江国）の郷土料理である。,,,,"osm(県庁所在地:大津市,node:541402993)",2323
いぶり漬け,いぶり漬け,発祥地,秋田県,湯沢市,秋田県,湯沢市,冒頭の定義文,「いぶりがっこ」という名で呼ばれることが多いが、元は秋田県湯沢市下院内の漬物屋（雄勝野きむらや）が、1964年に発売したいぶり漬けの商標である。,,,,"osm(place=city,node:506576083)",2319
スープカレー,スープカレー,発祥地,北海道,札幌市,北海道,札幌市,発祥を述べる文,後発だが自分の店のカレーを「スープカレー」と命名し、元祖スープカレーの店と称したのは1993年（平成5年）に札幌市白石に開店した『マジックスパイス』である樺沢 2004 184森田 2012 255杉浦美香 2018 3。,,,,"osm(place=city,node:57683926)",2283
台湾まぜそば,台湾まぜそば,発祥地,愛知県,名古屋市,愛知県,名古屋市,冒頭の定義文,台湾まぜそば（たいわんまぜそば）とは、愛知県名古屋市を発祥とする汁なしラーメン（まぜそば）の一種である。,,,,"osm(place=city,node:569005393)",2199
イタリアン (新潟),イタリアン (新潟),発祥地,新潟県,新潟市,新潟県,新潟市,発祥を述べる文,発祥1959年に、新潟市（現在の同市中央区）の甘味喫茶店「三日月」（1972年にみかづきに改称）のオーナー経営者であった三日月晴三は、箱根での経営者セミナー受講のために上京した際、東京都中央区京橋の甘味処「中ばし」で、大阪風の焼きそばをアレンジしたソース焼きそばに遭遇した。,,,,"osm(place=city,node:752398625)",2180
金沢カレー,金沢カレー,ご当地,石川県,金沢市,石川県,金沢市,冒頭の定義文,金沢カレー（かなざわカレー）とは、主に金沢市を中心とする石川県内におけるカレーライス専門店で提供される、独自の特徴を持ったカレーライスである。,石川県,金沢市,金沢カレー（かなざわカレー）とは、主に金沢市を中心とする石川県内におけるカレーライス専門店で提供される、独自の特徴を持ったカレーライスである。,"osm(place=city,node:303913177)",2153
きりたんぽ,きりたんぽ,発祥地,秋田県,鹿角市,秋田県,鹿角市,発祥を述べる文,きりたんぽ発祥まつりきりたんぽ発祥まつり秋田県鹿角市。,,,,"osm(place=city,node:752195642)",2152
金山寺味噌,金山寺味噌,発祥地,和歌山県,由良町,和歌山県,由良町,発祥を述べる文,金山寺味噌の由来には、諸説が存在するものの、それらの説の中でも有力とされる説が、2021年現在で言う和歌山県の由良町に立地する興国寺に伝来したという説が挙げられる。,,,,"osm(place=town,node:2541263913)",2133
八王子ラーメン,八王子ラーメン,ご当地,東京都,八王子市,東京都,八王子市,冒頭の定義文,八王子ラーメン（はちおうじラーメン）は、東京都八王子市のご当地ラーメン（ご当地グルメ）。,東京都,八王子市,八王子ラーメン（はちおうじラーメン）は、東京都八王子市のご当地ラーメン（ご当地グルメ）。,"osm(place=city,node:622423997)",2110
深川めし,深川めし,発祥地,東京都,,東京都,,都道府県のみ,深川めし（ふかがわめし）は、アサリ、ハマグリ、アオヤギなどの貝類とネギなどの野菜などを煮込んだ汁物を米飯に掛けたものや、炊き込んだもの。,,,,"osm(県庁所在地:新宿区,node:2389061853)",1995
ぴよりん,ぴよりん,発祥地,愛知県,名古屋市,愛知県,名古屋市,冒頭の定義文,「ぴよりん」は、東海旅客鉄道（JR東海）名古屋駅（愛知県名古屋市中村区名駅）構内のジェイアール東海フードサービスが運営する喫茶店「ぴよりんSTATION カフェ ジャンシアーヌ」にて2011年7月より「新・名古屋名物」として販売していた、ひよこの形をした洋生菓子の名称。,,,,"osm(place=city,node:569005393)",1973
なめろう,なめろう,発祥地,千葉県,,千葉県,,都道府県のみ,現在では千葉県に限らず広い地域の家庭で作られたり、居酒屋などで提供されている。,,,,"osm(県庁所在地:千葉市,node:3675848658)",1955
海軍カレー,海軍カレー,ご当地,神奈川県,横須賀市,神奈川県,横須賀市,冒頭の定義文,神奈川県横須賀市では「横須賀海軍カレー」としてご当地グルメになっている。,神奈川県,横須賀市,神奈川県横須賀市では「横須賀海軍カレー」としてご当地グルメになっている。,"osm(place=city,node:2115184112)",1941
瓦そば,瓦そば,ご当地,山口県,下関市,山口県,下関市,発祥を述べる文,瓦そば（かわらそば）は、山口県下関市豊浦町発祥の麺料理で、下関市の郷土料理の1つ。,山口県,下関市,瓦そば（かわらそば）は、山口県下関市豊浦町発祥の麺料理で、下関市の郷土料理の1つ。,"osm(place=city,node:697538044)",1939
尾道ラーメン,尾道ラーメン,ご当地,広島県,尾道市,広島県,尾道市,冒頭の定義文,尾道ラーメン（おのみちラーメン）は、尾道市を中心とした広島県備後地方のご当地ラーメン。,広島県,尾道市,尾道ラーメン（おのみちラーメン）は、尾道市を中心とした広島県備後地方のご当地ラーメン。,"osm(place=city,node:747719891)",1931
ずんだ餅,ずんだ餅,発祥地,宮城県,,宮城県,,都道府県のみ,ずんだ餅（ずんだもち、づんだもち）は、すりつぶした枝豆（ずんだ）を餡に用いる餅菓子で、南東北、特に宮城県を中心にした地域の郷土料理、郷土菓子である。,,,,"osm(県庁所在地:仙台市,node:752184864)",1909
鱒寿司,鱒寿司,発祥地,富山県,,富山県,,都道府県のみ,鱒寿司（ますずし）は、富山県の郷土料理。,,,,"osm(県庁所在地:富山市,node:762306892)",1892
富士宮やきそば,富士宮やきそば,ご当地,静岡県,富士宮市,静岡県,富士宮市,冒頭の定義文,富士宮やきそば（ふじのみややきそば）は、静岡県富士宮市のご当地グルメである焼きそば。,静岡県,富士宮市,富士宮やきそば（ふじのみややきそば）は、静岡県富士宮市のご当地グルメである焼きそば。,"osm(place=city,node:763118286)",1872
久留米ラーメン,久留米ラーメン,ご当地,福岡県,久留米市,福岡県,久留米市,冒頭の定義文,久留米ラーメン（くるめラーメン）は、福岡県久留米市を中心に提供されている豚骨ラーメン。,福岡県,久留米市,久留米ラーメン（くるめラーメン）は、福岡県久留米市を中心に提供されている豚骨ラーメン。,"osm(place=city,node:3056729963)",1862
しもつかれ,しもつかれ,発祥地,栃木県,,栃木県,,都道府県のみ,しもつかれとは北関東地方（栃木県全域、茨城県西部、埼玉県東部、千葉県北部、福島県の南奥会津や兵庫県の但馬など各県の一部地域なども）に分布する伝統の郷土料理で、初午の日に作り赤飯とともに稲荷神社に供える行事食。,,,,"osm(県庁所在地:宇都宮市,node:1108891208)",1855
水炊き,水炊き,発祥地,福岡県,,福岡県,,都道府県のみ,水炊き（みずだき、みずたき）は、日本の鍋料理。,,,,"osm(県庁所在地:福岡市,node:1932338735)",1842
エスカロップ,エスカロップ,ご当地,北海道,根室市,北海道,根室市,冒頭の定義文,+ エスカロップ  主な地域 北海道根室市 発案時期 1963年頃 発案店（発案者） モンブランエスカロップは、ケチャップライスまたはバターライスにポークカツを乗せてドミグラスソースを掛けた料理。,北海道,根室市,北海道根室市のご当地料理で、略してエスカとも呼ばれる。,"osm(place=city,node:2173193740)",1833
皿うどん,皿うどん,発祥地,長崎県,,長崎県,,都道府県のみ,長崎県における皿うどん1 2014年9月細麺と太麺長崎県で一般的に麺は細麺と太麺の2種類がある。,,,,"osm(県庁所在地:長崎市,node:568515366)",1817
どんどん焼き,どんどん焼き,発祥地,岩手県,,岩手県,,都道府県のみ,地域性円形で供されるものとして岩手県の「薄焼き」「どんどん焼き」があり、半月形で供されるものとして宮城県仙台市の「どんどん焼き」「お好み焼き」、富山県の「どんどん焼き」がある。,,,,"osm(県庁所在地:盛岡市,node:471357225)",1799
おやき,おやき,発祥地,長野県,,長野県,,都道府県のみ,おやき（お焼き、御焼き）は、長野県の伝統食品である。,,,,"osm(県庁所在地:長野市,node:702987391)",1797
やたら,やたら,発祥地,長野県,飯山市,長野県,飯山市,発祥を述べる文,中野市や飯山市のほか、長野地域の上水内郡飯綱町、信濃町にも伝わる。,,,,"osm(place=city,node:5901282260)",1779
へしこ,へしこ,発祥地,福井県,,福井県,,都道府県のみ,福井県若狭地方および京都府丹後半島、石川県の伝統料理で、越冬の保存食として重宝されている。,,,,"osm(県庁所在地:福井市,node:762073174)",1765
吉田のうどん,吉田のうどん,ご当地,山梨県,富士吉田市,山梨県,富士吉田市,冒頭の定義文,吉田のうどん（よしだのうどん）は山梨県富士吉田市及び同市を含む山梨県郡内地方を中心として食べられている郷土料理のうどんである。,山梨県,富士吉田市,吉田のうどん（よしだのうどん）は山梨県富士吉田市及び同市を含む山梨県郡内地方を中心として食べられている郷土料理のうどんである。,"osm(place=city,node:1670542925)",1725
釜玉うどん,釜玉うどん,発祥地,香川県,,香川県,,都道府県のみ,元来、香川県内のうどん店でも釜玉うどんというメニューは無く、常連客の希望に応じて生まれた料理である。,,,,"osm(県庁所在地:高松市,node:574804765)",1719
ボルガライス,ボルガライス,ご当地,福井県,越前市,東京都,台東区,冒頭の定義文,ボルガライスは、東京都台東区浅草発祥で、福井県越前市（旧武生市域）を中心に販売されている洋風カツ丼で、主に越前市のご当地グルメとなったものである。,福井県,越前市,ボルガライスは、東京都台東区浅草発祥で、福井県越前市（旧武生市域）を中心に販売されている洋風カツ丼で、主に越前市のご当地グルメとなったものである。,"osm(place=city,node:1891456062)",1706
馬刺し,馬刺し,発祥地,熊本県,,熊本県,,都道府県のみ,郷土料理日本国内で馬肉を生で食べる習慣は熊本県、長野県、山梨県、福島県、静岡県2022年12月などに存在している。,,,,"osm(県庁所在地:熊本市,node:642042925)",1662
佐世保バーガー,佐世保バーガー,ご当地,長崎県,佐世保市,長崎県,佐世保市,冒頭の定義文,佐世保バーガー（させぼバーガー）とは、ハンバーガー伝来の地とされる長崎県佐世保市名物の手作りハンバーガーの総称。,長崎県,佐世保市,佐世保バーガー（させぼバーガー）とは、ハンバーガー伝来の地とされる長崎県佐世保市名物の手作りハンバーガーの総称。,"osm(place=city,node:3058603945)",1644
松花堂弁当,松花堂弁当,発祥地,京都府,,京都府,,都道府県のみ,「松花堂」の名は、江戸時代初期の石清水八幡宮（京都府八幡市）の社僧であった松花堂昭乗（1584年（天正12年） - 1639年（寛永16年））に因むものである。,,,,"osm(県庁所在地:京都市,node:533681139)",1642
卓袱料理,卓袱料理,発祥地,長崎県,長崎市,長崎県,長崎市,発祥を述べる文,長崎市を発祥の地とし、大皿に盛られたコース料理を、円卓を囲んで味わう形式をもつ。,,,,"osm(place=city,node:568515366)",1587
めはりずし,めはりずし,ご当地,和歌山県,新宮市,和歌山県,新宮市,発祥を述べる文,弁当は熊野名産とされ、新宮市のものは特に有名であり、和歌山県の特産品として和歌山県推薦優良土産品に指定されている。,和歌山県,新宮市,弁当は熊野名産とされ、新宮市のものは特に有名であり、和歌山県の特産品として和歌山県推薦優良土産品に指定されている。,"osm(place=city,node:691595752)",1548
天理ラーメン,天理ラーメン,ご当地,奈良県,天理市,奈良県,天理市,冒頭の定義文,天理ラーメン（てんりラーメン）とは、奈良県天理市の「ご当地ラーメン」である。,奈良県,天理市,天理ラーメン（てんりラーメン）とは、奈良県天理市の「ご当地ラーメン」である。,"osm(place=city,node:2453910137)",1514
燕背脂ラーメン,燕背脂ラーメン,発祥地,新潟県,燕市,新潟県,燕市,発祥を述べる文,燕背脂ラーメン（つばめせあぶらラーメン）とは、新潟県燕市発祥の豚の背脂を入れたご当地ラーメン。,,,,"osm(place=city,node:752398545)",1504
白河ラーメン,白河ラーメン,ご当地,福島県,白河市,福島県,白河市,冒頭の定義文,白河ラーメン（しらかわラーメン）は、福島県白河市を中心に供されているラーメン。,福島県,白河市,白河ラーメン（しらかわラーメン）は、福島県白河市を中心に供されているラーメン。,"osm(place=city,node:734866093)",1496
薩摩揚げ,薩摩揚げ,発祥地,鹿児島県,,鹿児島県,,都道府県のみ,琉球王国から伝わった「ちきあぎ」が原型。…主に東日本ではさつま揚げ、西日本では天ぷら、そのうち鹿児島ではつけ揚げとも呼ばれる,,,,"osm(県庁所在地:鹿児島市,node:640003455)",1487
和歌山ラーメン,和歌山ラーメン,ご当地,和歌山県,和歌山市,和歌山県,和歌山市,冒頭の定義文,和歌山ラーメン（わかやまラーメン）は、主に和歌山県和歌山市で提供されているご当地ラーメンである。,和歌山県,和歌山市,和歌山ラーメン（わかやまラーメン）は、主に和歌山県和歌山市で提供されているご当地ラーメンである。,"osm(place=city,node:1551511175)",1472
熊本ラーメン,熊本ラーメン,ご当地,熊本県,熊本市,熊本県,熊本市,冒頭の定義文,熊本ラーメン（くまもとラーメン）は、熊本県熊本市を中心に作られる豚骨ラーメン。,熊本県,熊本市,熊本ラーメン（くまもとラーメン）は、熊本県熊本市を中心に作られる豚骨ラーメン。,"osm(place=city,node:642042925)",1463
シシリアンライス,シシリアンライス,ご当地,佐賀県,佐賀市,佐賀県,佐賀市,冒頭の定義文,シシリアンライスは、御飯の上に炒めた肉と生野菜が乗りマヨネーズがかかった料理で、佐賀市のご当地グルメである。,佐賀県,佐賀市,シシリアンライスは、御飯の上に炒めた肉と生野菜が乗りマヨネーズがかかった料理で、佐賀市のご当地グルメである。,"osm(place=city,node:332181950)",1449
玉子焼 (明石市),玉子焼 (明石市),ご当地,兵庫県,明石市,兵庫県,明石市,冒頭の定義文,玉子焼（たまごやき）は、鶏卵、浮粉（うきこ）や沈粉（じんこ）と呼ばれる小麦でんぷん、小麦粉、タコを材料に調製される軽食で、兵庫県明石市の郷土料理である。,兵庫県,明石市,玉子焼（たまごやき）は、鶏卵、浮粉（うきこ）や沈粉（じんこ）と呼ばれる小麦でんぷん、小麦粉、タコを材料に調製される軽食で、兵庫県明石市の郷土料理である。,"osm(place=city,node:721818502)",1444
へぎそば,へぎそば,ご当地,新潟県,小千谷市,新潟県,小千谷市,発祥を述べる文,十日町市のへぎそば組合は「十日町へぎそば」を、小千谷市の業界団体は「小千谷名物へぎそば」を商標登録している。,新潟県,小千谷市,十日町市のへぎそば組合は「十日町へぎそば」を、小千谷市の業界団体は「小千谷名物へぎそば」を商標登録している。,"osm(place=city,node:752398664)",1429
ふぐ料理,ふぐ料理,発祥地,山口県,下関市,山口県,下関市,発祥を述べる文,ふぐの本場とされる山口県下関市、対岸の福岡県北九州市などでは濁らずに「ふく料理」、大阪などでは「テッポウ料理」あるいは「テツ料理」などとも呼ばれる。,,,,"osm(place=city,node:697538044)",1410
辛麺,辛麺,発祥地,宮崎県,延岡市,宮崎県,延岡市,発祥を述べる文,辛麺（からめん）、宮崎辛麺（みやざきからめん）は、宮崎県延岡市発祥の麺料理（ご当地ラーメン）。,,,,"osm(place=city,node:739203691)",1391
島寿司,島寿司,発祥地,東京都,,東京都,,都道府県のみ,島寿司（しまずし）は東京都の伊豆諸島にある八丈島の郷土料理で、握り寿司の一種である。,,,,"osm(県庁所在地:新宿区,node:2389061853)",1378
味噌煮込みうどん,味噌煮込みうどん,発祥地,愛知県,名古屋市,愛知県,名古屋市,発祥を述べる文,愛知県の味噌煮込みうどん概要名古屋市を中心とした中京地方では、主に製造・消費される赤味噌を用いるのが特徴。,愛知県,名古屋市,愛知県の味噌煮込みうどん概要名古屋市を中心とした中京地方では、主に製造・消費される赤味噌を用いるのが特徴。,"osm(place=city,node:569005393)",1359
焼きうどん,焼きうどん,発祥地,福岡県,北九州市,福岡県,北九州市,発祥を述べる文,歴史焼きうどんの元祖を名乗る店舗は複数あり、発祥は定かではないが北九州市小倉とされている。,兵庫県,姫路市,ちゃんぽん焼き兵庫県姫路市周辺で食べられている麺料理で、焼きそばと焼きうどんを合わせたもの。,"osm(place=city,node:5410283420)",1350
広島つけ麺,広島つけ麺,ご当地,広島県,広島市,広島県,広島市,冒頭の定義文,広島つけ麺（ひろしまつけめん）あるいは広島風つけ麺（ひろしまふうつけめん）は、広島県、特に広島市周辺の飲食店で提供されるつけ麺の一種である。,広島県,広島市,広島つけ麺（ひろしまつけめん）あるいは広島風つけ麺（ひろしまふうつけめん）は、広島県、特に広島市周辺の飲食店で提供されるつけ麺の一種である。,"osm(place=city,node:1590291928)",1308
鹿児島ラーメン,鹿児島ラーメン,発祥地,鹿児島県,鹿児島市,鹿児島県,鹿児島市,発祥を述べる文,代表的な老舗店舗2024年1月29日 (月) 21:12 (UTC) 料理 鹿児島県 鹿児島市 各店舗のラーメン、店舗外観の写真のぼる屋鹿児島市内最古のラーメン屋で1947年（昭和22年）に創業。,,,,"osm(place=city,node:640003455)",1308
高山ラーメン,高山ラーメン,ご当地,岐阜県,高山市,岐阜県,高山市,冒頭の定義文,高山ラーメン（たかやまラーメン）は、主に岐阜県高山市で食べられているラーメンの一種。,岐阜県,高山市,高山ラーメン（たかやまラーメン）は、主に岐阜県高山市で食べられているラーメンの一種。,"osm(place=city,node:315430925)",1303
松前漬け,松前漬け,発祥地,北海道,松前町,北海道,松前町,発祥を述べる文,「松前」の名前のとおり、松前藩（現在の北海道松前郡松前町周辺）の郷土料理が発祥である。,,,,"osm(place=town,node:420194984)",1269
汁なし担々麺,汁なし担々麺,発祥地,広島県,広島市,広島県,広島市,発祥を述べる文,"広島汁なし担担麺の元祖は、2001年（平成13年）に広島県広島市中区で創業した「きさく」である""出典"" dive dancyu2018 中国新聞 トリパ kawanaka-shouyu 広島三大ソウルフード mapple240618。",,,,"osm(place=city,node:1590291928)",1265
太平燕,太平燕,発祥地,熊本県,熊本市,熊本県,熊本市,発祥を述べる文,歴史元祖は中華園（熊本市桜町「県民百貨店」8階、1933年創業、2015年閉店）と言われているが、会楽園（熊本市新町）や紅蘭亭（熊本市安政町）を発祥とする説もある。,,,,"osm(place=city,node:642042925)",1259
いきなり団子,いきなり団子,発祥地,熊本県,,熊本県,,都道府県のみ,いきなり団子（いきなりだんご）は、熊本県および九州地方の郷土料理、郷土菓子である。,,,,"osm(県庁所在地:熊本市,node:642042925)",1250
柿の葉寿司,柿の葉寿司,発祥地,奈良県,,奈良県,,都道府県のみ,柿の葉寿司（かきのはずし、またはかきのはすし）は、奈良県・和歌山県、および石川県加賀地方、鳥取県智頭地方の郷土料理。,,,,"osm(県庁所在地:奈良市,node:1922043513)",1224
好来系ラーメン,好来系ラーメン,ご当地,愛知県,名古屋市,愛知県,名古屋市,冒頭の定義文,好来系ラーメン（こうらいけいラーメン）は、主に愛知県名古屋市を中心とするラーメン店で提供されるラーメンの一種である。,愛知県,名古屋市,好来系ラーメン（こうらいけいラーメン）は、主に愛知県名古屋市を中心とするラーメン店で提供されるラーメンの一種である。,"osm(place=city,node:569005393)",1208
ぬた,ぬた,発祥地,高知県,,高知県,,都道府県のみ,ぬた（饅）高知県伝統のタレの一種。,,,,"osm(県庁所在地:高知市,node:574820566)",1203
勝浦タンタンメン,勝浦タンタンメン,ご当地,千葉県,勝浦市,千葉県,勝浦市,冒頭の定義文,勝浦タンタンメン（かつうらタンタンメン）は、千葉県勝浦市の飲食店で供される担担麺の名を用いたご当地ラーメンである。,千葉県,勝浦市,勝浦タンタンメン（かつうらタンタンメン）は、千葉県勝浦市の飲食店で供される担担麺の名を用いたご当地ラーメンである。,"osm(place=city,node:1977652858)",1196
ちゃんちゃん焼き,ちゃんちゃん焼き,発祥地,北海道,,北海道,,都道府県のみ,北海道や青森県の漁師町の名物料理である。,,,,"osm(県庁所在地:札幌市,node:57683926)",1192
一銭洋食,一銭洋食,発祥地,高知県,,高知県,,都道府県のみ,京都市に壹錢洋食、高知県四万十市に壱銭洋食という店が存在する。,,,,"osm(県庁所在地:高知市,node:574820566)",1185
ハントンライス,ハントンライス,ご当地,石川県,金沢市,石川県,金沢市,冒頭の定義文,ハントンライスは、石川県金沢市の郷土料理である。,石川県,金沢市,ハントンライスは、石川県金沢市の郷土料理である。,"osm(place=city,node:303913177)",1184
栗きんとん,栗きんとん,発祥地,岐阜県,中津川市,岐阜県,中津川市,発祥を述べる文,江戸時代中期ごろに中津川宿で旅人に提供されていたという説があり、中津川駅前ロータリーには2006年（平成18年）に中津川菓子組合、中津川市観光協会、中津川商工会議所が「栗きんとん発祥の地」の石碑を建立し、栗の節句である9月9日に除幕式が行われた。,岐阜県,中津川市,地域ブランド「中津川栗きんとん」が認定されており、中津川市の名物として認知されている。,"osm(place=city,node:1891211866)",1179
伊勢うどん,伊勢うどん,ご当地,三重県,伊勢市,三重県,伊勢市,冒頭の定義文,伊勢うどん（いせうどん）は、三重県伊勢市を中心に食べられるうどん料理。,三重県,伊勢市,伊勢うどん（いせうどん）は、三重県伊勢市を中心に食べられるうどん料理。,"osm(place=city,node:1301968609)",1176
出雲そば,出雲そば,発祥地,島根県,,島根県,,都道府県のみ,出雲そば（いずもそば）は、島根県の出雲地方で広く食べられる郷土料理の蕎麦。,,,,"osm(県庁所在地:松江市,node:1735961887)",1170
鶏飯,鶏飯,発祥地,鹿児島県,奄美市,鹿児島県,奄美市,発祥を述べる文,現在のスタイルの鶏飯は、奄美市笠利町赤木名で1945年に創業した旅館みなとやの館主岩城キネが、開業に際して江戸時代にあった鶏肉の炊き込みご飯にアレンジを加えて供するようにしたのが始まりとされる。,,,,"osm(place=city,node:3036069906)",1164
出石そば,出石そば,ご当地,兵庫県,豊岡市,兵庫県,豊岡市,冒頭の定義文,出石そば（いずしそば）は、兵庫県豊岡市出石町を中心に食されている郷土料理の蕎麦。,兵庫県,豊岡市,出石そば（いずしそば）は、兵庫県豊岡市出石町を中心に食されている郷土料理の蕎麦。,"osm(place=city,node:721818726)",1144
高槻うどんギョーザ,高槻うどんギョーザ,発祥地,大阪府,高槻市,大阪府,高槻市,冒頭の定義文,高槻うどんギョーザ（たかつきうどんギョーザ）とは、大阪府高槻市北部の塚原・南平台・阿武野地区の主婦達により、1980年代頃から「皮で包まない、簡単に作ることのできる餃子」として伝承された家庭料理とされている。,,,,"osm(place=city,node:551368471)",1128
いももち,いももち,発祥地,北海道,,北海道,,都道府県のみ,北海道北海道では、「いももち（いも餅）」。,,,,"osm(県庁所在地:札幌市,node:57683926)",1121
烏賊飯,烏賊飯,発祥地,北海道,,北海道,,都道府県のみ,北海道渡島地方の郷土料理。,,,,"osm(県庁所在地:札幌市,node:57683926)",1113
天むす,天むす,ご当地,愛知県,名古屋市,三重県,津市,発祥を述べる文,概要発祥店は三重県津市の繁華街大門 の「千寿」である金木有香 2014 56岡田登 2015 60三重県地位向上委員会 編 2015 125。,愛知県,名古屋市,三重県発の名古屋めしの一つとして知られる。,"osm(place=city,node:569005393)",1106
ラーメンサラダ,ラーメンサラダ,発祥地,北海道,,北海道,,都道府県のみ,ラーメンサラダとは、北海道発祥の冷製サラダ。,,,,"osm(県庁所在地:札幌市,node:57683926)",1085
はっと,はっと,発祥地,茨城県,,茨城県,,都道府県のみ,はっと（はっとうとも言う）は、茨城県と福島県の境にある八溝山周辺から、宮城県の大崎地方・栗原・登米地方、岩手県の一関・奥州市地方など、主に東北地方に伝わる郷土料理。,,,,"osm(県庁所在地:水戸市,node:736355846)",1072
呉冷麺,呉冷麺,発祥地,広島県,呉市,広島県,呉市,冒頭の定義文,呉冷麺（くれれいめん）は、広島県呉市発祥の麺料理である。,,,,"osm(place=city,node:191581255)",1070
冷たい肉そば,冷たい肉そば,ご当地,山形県,河北町,山形県,河北町,冒頭の定義文,冷たい肉そば（つめたいにくそば）は、山形県河北町谷地（旧谷地町）の名物料理。,山形県,河北町,冷たい肉そば（つめたいにくそば）は、山形県河北町谷地（旧谷地町）の名物料理。,"osm(place=town,node:752206833)",1061
豚丼,豚丼,発祥地,北海道,帯広市,北海道,帯広市,発祥を述べる文,十勝地方に特有のこの種の豚丼は、1933年（昭和8年）に帯広市の大衆食堂「ぱんちょう」創業者である阿部秀司が考案したとされる。,,,,"osm(place=city,node:262838820)",1021
がめ煮,がめ煮,発祥地,福岡県,,福岡県,,都道府県のみ,がめ煮（がめに）は、福岡県の代表的な郷土料理。,,,,"osm(県庁所在地:福岡市,node:1932338735)",1000
鳥中華,鳥中華,発祥地,山形県,天童市,山形県,天童市,発祥を述べる文,誕生は天童市にある1861年創業の「手打 水車生そば」であるとされ、元々は賄い料理として提供していたものである。,,,,"osm(place=city,node:752206823)",1000
ぶっかけうどん,ぶっかけうどん,発祥地,岡山県,,岡山県,,都道府県のみ,岡山県・香川県の名物料理の一つ。,,,,"osm(県庁所在地:岡山市,node:703048335)",999
焼鯖そうめん,焼鯖そうめん,ご当地,滋賀県,長浜市,滋賀県,長浜市,発祥を述べる文,焼鯖そうめん（やきさばそうめん）は、滋賀県長浜市周辺の湖北地域に伝わる郷土料理。,滋賀県,長浜市,焼鯖そうめん（やきさばそうめん）は、滋賀県長浜市周辺の湖北地域に伝わる郷土料理。,"osm(place=city,node:324857864)",981
たまごふわふわ,たまごふわふわ,ご当地,静岡県,袋井市,静岡県,袋井市,発祥を述べる文,静岡県袋井市ではご当地料理として売り出され、愛Bリーグに加盟している。,静岡県,袋井市,静岡県袋井市ではご当地料理として売り出され、愛Bリーグに加盟している。,"osm(place=city,node:420453539)",969
東京ラーメン,東京ラーメン,発祥地,東京都,,東京都,,都道府県のみ,東京都には数千のラーメン店があり、提供されるラーメンの味も多岐にわたる。,,,,"osm(県庁所在地:新宿区,node:2389061853)",960
カレーラーメン,カレーラーメン,発祥地,北海道,岩見沢市,北海道,岩見沢市,発祥を述べる文,室蘭カレーラーメンとまこまいカレーラーメンを開発した「味の大王」の創業者が岩見沢市に移住し、同市で営業していた際に、当時の常連客が弟子入りし、1971年の9月に室蘭市輪西に味の大王輪西店（現在は閉店）を弟子が開店した。,北海道,室蘭市,脚注関連項目室蘭カレーラーメン - 室蘭店から広まった北海道室蘭市のご当地グルメ。,"osm(place=city,node:383332866)",952
鯛めし,鯛めし,発祥地,愛媛県,宇和島市,愛媛県,宇和島市,発祥を述べる文,元々は宇和島市の一部に伝わる家庭料理であったが、昭和50年代に、当時の津島町（現・宇和島市）に「六宝」という名称でひゅうが飯を出す店が現れ、他地域の人々にも知られるようになった。,愛媛県,宇和島市,東予地方や中予地方では一般的な焼き鯛の炊き込みご飯を鯛めしと呼ぶが、宇和島市を中心とする南予地方では鯛の刺身を、醤油を主体としたタレに生卵、ゴマ、きざみねぎなどの薬味を混ぜたものに和え、ご飯に載せたものを鯛めしと呼ぶ。,"osm(place=city,node:691562998)",951
はらこ飯,はらこ飯,発祥地,宮城県,亘理町,宮城県,亘理町,発祥を述べる文,サケとイクラを用いる丼はらこ飯（サケの切り身を煮てのせる）宮城県亘理郡亘理町に伝わる郷土料理としての「はらこ飯」は、鮭の煮汁でご飯を炊くため、ご飯の色は茶色である。,宮城県,亘理町,サケとイクラを用いる丼はらこ飯（サケの切り身を煮てのせる）宮城県亘理郡亘理町に伝わる郷土料理としての「はらこ飯」は、鮭の煮汁でご飯を炊くため、ご飯の色は茶色である。,"osm(place=town,node:752184847)",944
ねぎ焼き,ねぎ焼き,発祥地,大阪府,,大阪府,,都道府県のみ,ねぎ焼き（ねぎやき）とは、近畿地方にみられるお好み焼き類似料理である。,,,,"osm(県庁所在地:大阪市,node:57563779)",937
ヨーグルッペ,ヨーグルッペ,発祥地,宮崎県,都城市,宮崎県,都城市,冒頭の定義文,ヨーグルッペ（）は、宮崎県都城市にある南日本酪農協同（デーリィ）ならびにグループ企業で北海道日高町にある北海道日高乳業が販売している乳酸菌飲料である。,,,,"osm(place=city,node:739203636)",935
北海道のザンギ,北海道のザンギ,発祥地,北海道,釧路市,北海道,釧路市,発祥を述べる文,北海道独自のザンギ発祥の地は釧路市と考えられている。,,,,"osm(place=city,node:381942295)",928
スタミナラーメン (茨城),スタミナラーメン (茨城),ご当地,茨城県,ひたちなか市,茨城県,ひたちなか市,冒頭の定義文,スタミナラーメンは、茨城県ひたちなか市のご当地ラーメン。,茨城県,ひたちなか市,スタミナラーメンは、茨城県ひたちなか市のご当地ラーメン。,"osm(place=city,node:752603189)",923
たぬき丼,たぬき丼,ご当地,滋賀県,甲賀市,東京都,,都道府県のみ,テレビ東京の情報バラエティ番組『出没!アド街ック天国』では、2009年（平成21年）3月に、東京都台東区内の食事処で、常連客が無料サービスの揚げ玉を飯にふりかけ、醤油をかけて「たぬき丼風」にして食べると紹介された旅グルメ20090404。,滋賀県,甲賀市,滋賀県甲賀市信楽町のご当地グルメでもある。,"osm(place=city,node:541403008)",916
えびめし,えびめし,ご当地,岡山県,岡山市,岡山県,岡山市,発祥を述べる文,岡山県近辺で食されており、特に岡山市（中心市街地）の郷土料理として有名である。,岡山県,岡山市,岡山県近辺で食されており、特に岡山市（中心市街地）の郷土料理として有名である。,"osm(place=city,node:703048335)",900
ヨメナカセ,ヨメナカセ,発祥地,岡山県,津山市,岡山県,津山市,冒頭の定義文,ヨメナカセとは、岡山県津山市における牛大動脈の呼称、およびその部位を用いた料理名。,,,,"osm(place=city,node:1909470228)",899
クリームボックス,クリームボックス,発祥地,福島県,郡山市,福島県,郡山市,冒頭の定義文,クリームボックスは、福島県郡山市が発祥の菓子パンである。,福島県,郡山市,郡山市のご当地パンとして知られるようになり、2016年4月からはクリームボックスを通じた町おこし事業として同市のパン店18店舗を巡る「スタンプラリー」が行われている、同年5月には福島県の大型観光企画「アフターDC（デスティネーションキャンペーン）」の開催記念のオリジナル商品としてファミリーマートから東北6県と新潟県の約860店で発売され、福島県のPRに一役買っている。,"osm(place=city,node:734866104)",886
島原手延そうめん,島原手延そうめん,発祥地,長崎県,南島原市,長崎県,南島原市,冒頭の定義文,島原手延そうめん（しまばらてのべそうめん）は、長崎県南島原市で製造される手延素麺。,,,,"osm(place=city,node:3060275492)",882
高井田ラーメン,高井田ラーメン,ご当地,大阪府,東大阪市,大阪府,東大阪市,発祥を述べる文,大阪市生野区小路東にある生野店が発祥だが、東大阪市高井田西にも高井田店を出店している。,大阪府,東大阪市,高井田ラーメン（たかいだラーメン）は、大阪府大阪市東成区深江南、東大阪市高井田西付近で食べられているラーメン。,"osm(place=city,node:551367401)",880
焼きまんじゅう,焼きまんじゅう,発祥地,群馬県,伊勢崎市,群馬県,伊勢崎市,発祥を述べる文,歴史起源は幕末（19世紀中期）と見られ、前橋発祥説が有力とされているが、他にも伊勢崎市、沼田市等の店舗が元祖を名乗っており、それぞれ独立した起源であるとする見方もある。,,,,"osm(place=city,node:1068823679)",867
じゃこ天,じゃこ天,発祥地,愛媛県,,愛媛県,,都道府県のみ,じゃこ天（じゃこてん）は、愛媛県南予地方の海岸部で作られる特産品および、それを使用した郷土料理。,,,,"osm(県庁所在地:松山市,node:207689592)",861
鬼まんじゅう,鬼まんじゅう,ご当地,愛知県,名古屋市,愛知県,名古屋市,発祥を述べる文,日本の名古屋市を中心に愛知県全域と、岐阜県、三重県と東海地域におもに普及する。,愛知県,名古屋市,日本の名古屋市を中心に愛知県全域と、岐阜県、三重県と東海地域におもに普及する。,"osm(place=city,node:569005393)",855
温麺,温麺,ご当地,宮城県,白石市,宮城県,白石市,冒頭の定義文,温麺（うーめん）は、素麺の一種であり、宮城県白石市で生産される同地の特産品である。,宮城県,白石市,温麺（うーめん）は、素麺の一種であり、宮城県白石市で生産される同地の特産品である。,"osm(place=city,node:752184876)",850
ゼリーフライ,ゼリーフライ,ご当地,埼玉県,行田市,埼玉県,行田市,発祥を述べる文,埼玉県行田市の付近に広まり、ご当地グルメとして地域おこしに用いられている。,埼玉県,行田市,埼玉県行田市の付近に広まり、ご当地グルメとして地域おこしに用いられている。,"osm(place=city,node:302348601)",849
仙台牛タン焼き,仙台牛タン焼き,ご当地,宮城県,仙台市,宮城県,仙台市,冒頭の定義文,仙台牛タン焼き（せんだいぎゅうタンやき）では、宮城県仙台市の名物である牛タン焼きについて扱う。,宮城県,仙台市,仙台牛タン焼き（せんだいぎゅうタンやき）では、宮城県仙台市の名物である牛タン焼きについて扱う。,"osm(place=city,node:752184864)",837
とり天,とり天,発祥地,大分県,別府市,大分県,別府市,発祥を述べる文,三ツ葉グリル元祖説1953年（昭和28年）に別府市内の洋食店「三ツ葉グリル」（現「グリルみつば」）が開業した当時のメニューにもとり天が載っており、この店が元祖として紹介されることも多い。,,,,"osm(place=city,node:1721427608)",836
佐賀ラーメン,佐賀ラーメン,ご当地,佐賀県,佐賀市,佐賀県,佐賀市,冒頭の定義文,佐賀ラーメン（さがラーメン）は、佐賀県佐賀市を中心に作られるラーメン。,佐賀県,佐賀市,佐賀ラーメン（さがラーメン）は、佐賀県佐賀市を中心に作られるラーメン。,"osm(place=city,node:332181950)",823
朴葉味噌,朴葉味噌,発祥地,岐阜県,,岐阜県,,都道府県のみ,朴葉味噌（ほおばみそ）とは、飛騨（現在の岐阜県北部）高山地方の郷土料理の名称である。,,,,"osm(県庁所在地:岐阜市,node:5488948282)",822
ぼたん鍋,ぼたん鍋,発祥地,兵庫県,丹波篠山市,兵庫県,丹波篠山市,発祥を述べる文,丹波篠山市の特産品として有名で、飲食店の数だけぼたん鍋の味があるといわれている。,兵庫県,丹波篠山市,丹波篠山市の特産品として有名で、飲食店の数だけぼたん鍋の味があるといわれている。,"osm(place=city,node:721818319)",822
鳥取牛骨ラーメン,鳥取牛骨ラーメン,発祥地,鳥取県,,鳥取県,,都道府県のみ,鳥取牛骨ラーメン（読み: とっとりぎゅうこつらーめん）は、牛骨でスープの出汁を取る鳥取県中西部のご当地ラーメンである。,,,,"osm(県庁所在地:鳥取市,node:697537844)",821
狭山茶,狭山茶,発祥地,埼玉県,入間市,埼玉県,入間市,冒頭の定義文,埼玉県における農産物生産面積では県下一で、入間市が狭山茶全体の6割程度の生産量を担う主産地である。,,,,"osm(place=city,node:863647764)",813
なみえ焼そば,なみえ焼そば,発祥地,福島県,浪江町,福島県,浪江町,発祥を述べる文,なみえ焼そば（なみえやきそば）は、福島県双葉郡浪江町で生まれた焼きそばで、ご当地グルメの一つである。,,,,"osm(place=town,node:734866092)",812
荻窪ラーメン,荻窪ラーメン,発祥地,東京都,,東京都,,都道府県のみ,荻窪ラーメン（おぎくぼラーメン）は、東京ラーメンの一種で、JR中央線荻窪駅周辺のラーメン店で提供されているラーメンである。,,,,"osm(県庁所在地:新宿区,node:2389061853)",803
豚トロ,豚トロ,発祥地,北海道,,北海道,,都道府県のみ,北海道旭川市が発祥とされる。,,,,"osm(県庁所在地:札幌市,node:57683926)",800
横手やきそば,横手やきそば,ご当地,秋田県,横手市,秋田県,横手市,冒頭の定義文,横手やきそば（よこてやきそば）は、秋田県横手市周辺で販売されている焼きそば、ご当地グルメである。,秋田県,横手市,横手やきそば（よこてやきそば）は、秋田県横手市周辺で販売されている焼きそば、ご当地グルメである。,"osm(place=city,node:752195588)",794
あくまき,あくまき,発祥地,鹿児島県,,鹿児島県,,都道府県のみ,あくまき（灰汁巻き）とは、九州の鹿児島県を中心に、宮崎県および熊本県南部（人吉・球磨地方および水俣・芦北地方）など南九州で主に端午の節句に作られる季節の和菓子である。,,,,"osm(県庁所在地:鹿児島市,node:640003455)",793
広島ラーメン,広島ラーメン,ご当地,広島県,広島市,広島県,広島市,冒頭の定義文,広島ラーメン（ひろしまラーメン）とは、戦後の広島市を中心とする広島県西部に散見される醤油とんこつ味のラーメン（中華そば）である。,広島県,広島市,広島ラーメン（ひろしまラーメン）とは、戦後の広島市を中心とする広島県西部に散見される醤油とんこつ味のラーメン（中華そば）である。,"osm(place=city,node:1590291928)",793
三津浜焼き,三津浜焼き,ご当地,愛媛県,松山市,愛媛県,松山市,冒頭の定義文,三津浜焼き（みつはまやき）は、愛媛県松山市の三津浜地区におけるご当地グルメである。,愛媛県,松山市,三津浜焼き（みつはまやき）は、愛媛県松山市の三津浜地区におけるご当地グルメである。,"osm(place=city,node:207689592)",791
ラフテー,ラフテー,発祥地,沖縄県,,沖縄県,,都道府県のみ,ラフテーは、沖縄県の郷土料理の1つで、皮付きの三枚肉またはヒサガー（皮付きのもも肉）を泡盛(酒)や醤油で甘辛く味付けした料理であり、いわゆる沖縄風の豚の角煮のことである。,,,,"osm(県庁所在地:那覇市,node:567940176)",787
氷見うどん,氷見うどん,ご当地,富山県,氷見市,富山県,氷見市,冒頭の定義文,氷見うどん（ひみうどん）は、富山県氷見市周辺の郷土料理である。,富山県,氷見市,氷見うどん（ひみうどん）は、富山県氷見市周辺の郷土料理である。,"osm(place=city,node:762305933)",743
赤湯ラーメン,赤湯ラーメン,ご当地,山形県,南陽市,山形県,南陽市,冒頭の定義文,赤湯ラーメン（あかゆラーメン）は、山形県南陽市（旧赤湯町）で供されているご当地ラーメン。,山形県,南陽市,赤湯ラーメン（あかゆラーメン）は、山形県南陽市（旧赤湯町）で供されているご当地ラーメン。,"osm(place=city,node:752206835)",728
おっきりこみ,おっきりこみ,発祥地,群馬県,,群馬県,,都道府県のみ,おっきりこみ（おっ切り込み）は煮込み麺料理の一種で、群馬県や埼玉県北部・秩父地方の郷土料理。,,,,"osm(県庁所在地:前橋市,node:574841107)",724
干しいも,干しいも,発祥地,静岡県,,静岡県,,都道府県のみ,干しいもは静岡県遠州が発祥とされ、日本での生産量は茨城県がもっとも多い。,,,,"osm(県庁所在地:静岡市,node:763118317)",722
ひっぱりうどん,ひっぱりうどん,発祥地,山形県,村山市,山形県,村山市,発祥を述べる文,ひっぱりうどん  ひっぱりうどん (5640568396).jpg  ひっぱりうどん    山形県村山市  麺料理ひっぱりうどんは、山形県内陸部の郷土料理。,山形県,村山市,ひっぱりうどん  ひっぱりうどん (5640568396).jpg  ひっぱりうどん    山形県村山市  麺料理ひっぱりうどんは、山形県内陸部の郷土料理。,"osm(place=city,node:752206803)",698
サラダパン,サラダパン,発祥地,滋賀県,長浜市,滋賀県,長浜市,発祥を述べる文,概要滋賀県長浜市木之本町木之本（旧木之本町）にある1951年創業のパン屋「つるやパン」の名物パンである。,,,,"osm(place=city,node:324857864)",698
四日市とんてき,四日市とんてき,ご当地,三重県,四日市市,三重県,四日市市,冒頭の定義文,四日市とんてき（よっかいちとんてき）は、主に三重県四日市市内の飲食店で提供される豚肉のステーキである。,三重県,四日市市,四日市とんてき（よっかいちとんてき）は、主に三重県四日市市内の飲食店で提供される豚肉のステーキである。,"osm(place=city,node:623153598)",697
播州ラーメン,播州ラーメン,ご当地,兵庫県,西脇市,兵庫県,西脇市,冒頭の定義文,播州ラーメン（ばんしゅうラーメン）は、兵庫県西脇市を中心とした播州地方で作られ食されている醤油ラーメンで、「播州名物」とされているラーメンである。,兵庫県,西脇市,播州ラーメン（ばんしゅうラーメン）は、兵庫県西脇市を中心とした播州地方で作られ食されている醤油ラーメンで、「播州名物」とされているラーメンである。,"osm(place=city,node:721818717)",697
かりんとう饅頭,かりんとう饅頭,発祥地,福島県,,福島県,,都道府県のみ,福島県田村市の老舗菓子店あくつ屋が2001年に饅頭の皮にエゴマを練りんだ「かりんとう饅頭」を発売したのが発祥とされ、全国ネット番組で紹介されたことから全国に広まり、スーパーやコンビニなどでも販売されるようになった。,,,,"osm(県庁所在地:福島市,node:734866113)",694
ハトシ,ハトシ,発祥地,長崎県,,長崎県,,都道府県のみ,ハトシ（、、）は、食パンの間にエビなどのすり身をはさんで、油で揚げた料理。,,,,"osm(県庁所在地:長崎市,node:568515366)",694
じぶ煮,じぶ煮,ご当地,石川県,金沢市,石川県,金沢市,冒頭の定義文,じぶ煮（治部煮、じぶに）は鴨肉などを煮た料理で、石川県金沢市の代表的な郷土料理（加賀料理）である。,石川県,金沢市,じぶ煮（治部煮、じぶに）は鴨肉などを煮た料理で、石川県金沢市の代表的な郷土料理（加賀料理）である。,"osm(place=city,node:303913177)",687
骨付鳥,骨付鳥,ご当地,香川県,丸亀市,香川県,丸亀市,冒頭の定義文,骨付鳥（ほねつきどり）は、鶏の骨付きもも肉を焼いた香川県丸亀市のご当地グルメ。,香川県,丸亀市,骨付鳥（ほねつきどり）は、鶏の骨付きもも肉を焼いた香川県丸亀市のご当地グルメ。,"osm(place=city,node:1012320257)",682
博多うどん,博多うどん,ご当地,福岡県,福岡市,福岡県,福岡市,冒頭の定義文,博多うどん（はかたうどん）は、福岡県福岡市を中心に食されるうどん。,福岡県,福岡市,博多うどん（はかたうどん）は、福岡県福岡市を中心に食されるうどん。,"osm(place=city,node:1932338735)",677
豊橋カレーうどん,豊橋カレーうどん,ご当地,愛知県,豊橋市,愛知県,豊橋市,発祥を述べる文,豊橋カレーうどん（とよはしカレーうどん）は、愛知県豊橋市のご当地グルメとして創作されたカレーうどんである。,愛知県,豊橋市,豊橋カレーうどん（とよはしカレーうどん）は、愛知県豊橋市のご当地グルメとして創作されたカレーうどんである。,"osm(place=city,node:569005441)",676
酒田ラーメン,酒田ラーメン,ご当地,山形県,酒田市,山形県,酒田市,冒頭の定義文,酒田ラーメン（さかたラーメン）は、山形県酒田市のご当地ラーメン。,山形県,酒田市,酒田ラーメン（さかたラーメン）は、山形県酒田市のご当地ラーメン。,"osm(place=city,node:752206814)",673
長岡生姜醤油ラーメン,長岡生姜醤油ラーメン,発祥地,新潟県,長岡市,新潟県,長岡市,発祥を述べる文,長岡生姜醤油ラーメン（ながおかしょうがしょうゆラーメン）は、新潟県長岡市発祥のご当地ラーメン。,,,,"osm(place=city,node:752398736)",664
焼豚玉子飯,焼豚玉子飯,ご当地,愛媛県,今治市,愛媛県,今治市,冒頭の定義文,焼豚玉子飯（やきぶたたまごめし）は、愛媛県の今治市の名物料理の一つであり、「今治焼豚玉子飯」とも呼ばれるB級グルメである。,愛媛県,今治市,焼豚玉子飯（やきぶたたまごめし）は、愛媛県の今治市の名物料理の一つであり、「今治焼豚玉子飯」とも呼ばれるB級グルメである。,"osm(place=city,node:637454152)",657
水戸藩らーめん,水戸藩らーめん,ご当地,茨城県,水戸市,茨城県,水戸市,冒頭の定義文,水戸藩らーめん（みとはんらーめん）は、茨城県水戸市で販売されているご当地ラーメンのひとつ。,茨城県,水戸市,水戸藩らーめん（みとはんらーめん）は、茨城県水戸市で販売されているご当地ラーメンのひとつ。,"osm(place=city,node:736355846)",653
太田焼きそば,太田焼きそば,ご当地,群馬県,太田市,群馬県,太田市,冒頭の定義文,太田焼きそば（おおたやきそば）は、群馬県太田市で提供されるご当地焼きそば。,群馬県,太田市,太田焼きそば（おおたやきそば）は、群馬県太田市で提供されるご当地焼きそば。,"osm(place=city,node:1068823657)",653
皿鉢料理,皿鉢料理,発祥地,高知県,,高知県,,都道府県のみ,皿鉢料理（さわちりょうり）とは高知県の郷土料理である。,,,,"osm(県庁所在地:高知市,node:574820566)",639
佐伯ラーメン,佐伯ラーメン,ご当地,大分県,佐伯市,大分県,佐伯市,冒頭の定義文,佐伯ラーメン（さいきラーメン）は、大分県佐伯市のご当地ラーメンである。,大分県,佐伯市,佐伯ラーメン（さいきラーメン）は、大分県佐伯市のご当地ラーメンである。,"osm(place=city,node:698791824)",636
味噌カレー牛乳ラーメン,味噌カレー牛乳ラーメン,ご当地,青森県,青森市,青森県,青森市,冒頭の定義文,味噌カレー牛乳ラーメン（みそカレーぎゅうにゅうラーメン）とは青森県青森市のご当地ラーメンである。,青森県,青森市,味噌カレー牛乳ラーメン（みそカレーぎゅうにゅうラーメン）とは青森県青森市のご当地ラーメンである。,"osm(place=city,node:734876517)",635
草加煎餅,草加煎餅,ご当地,埼玉県,草加市,埼玉県,草加市,冒頭の定義文,草加煎餅（そうかせんべい、又は「草加せんべい」）とは、日本の煎餅のひとつであり、埼玉県草加市の名産品である。,埼玉県,草加市,草加煎餅（そうかせんべい、又は「草加せんべい」）とは、日本の煎餅のひとつであり、埼玉県草加市の名産品である。,"osm(place=city,node:864255937)",634
いごねり,いごねり,発祥地,新潟県,,新潟県,,都道府県のみ,概要石川県能登・新潟県（本土、佐渡島）・山形県・秋田県・青森県および長野県北部などの広い地域で食べられている。,,,,"osm(県庁所在地:新潟市,node:752398625)",630
山形ラーメン,山形ラーメン,発祥地,山形県,,山形県,,都道府県のみ,山形ラーメン（やまがたラーメン）は、山形県を発祥とするご当地ラーメンの総称ではあるが、本来の「山形ラーメン」と山形県内で提供される「山形のラーメン」は別物である。,,,,"osm(県庁所在地:山形市,node:752206840)",630
たこめし,たこめし,発祥地,愛媛県,,愛媛県,,都道府県のみ,愛媛県、香川県、広島県、岡山県、兵庫県など、瀬戸内海周辺の島嶼、海岸地域を中心に食べられている。,,,,"osm(県庁所在地:松山市,node:207689592)",628
氷頭なます,氷頭なます,発祥地,北海道,,北海道,,都道府県のみ,氷頭膾（ひずなます）は、鮭の頭部の軟骨を酢締めにした膾の一種である。,,,,"osm(県庁所在地:札幌市,node:57683926)",624
じゃがいも入りやきそば,じゃがいも入りやきそば,ご当地,栃木県,栃木市,栃木県,栃木市,冒頭の定義文,じゃがいも入りやきそば（じゃがいもいりやきそば）は栃木県栃木市のご当地焼きそば。,栃木県,栃木市,じゃがいも入りやきそば（じゃがいもいりやきそば）は栃木県栃木市のご当地焼きそば。,"osm(place=city,node:1108891177)",622
津軽ラーメン,津軽ラーメン,発祥地,青森県,青森市,青森県,青森市,発祥を述べる文,津川賢2025年5月22日 (木) 17:37 (UTC)は、「青森市内にある明治35年創業の蕎麦屋入〆（いりしめ）では、昭和10年頃には支那そばが人気メニューだったそうです。,,,,"osm(place=city,node:734876517)",618
笠岡ラーメン,笠岡ラーメン,ご当地,岡山県,笠岡市,岡山県,笠岡市,冒頭の定義文,笠岡ラーメン（かさおかラーメン）は、岡山県笠岡市のご当地ラーメン。,岡山県,笠岡市,笠岡ラーメン（かさおかラーメン）は、岡山県笠岡市のご当地ラーメン。,"osm(place=city,node:698685264)",614
鯛麺,鯛麺,発祥地,岡山県,,岡山県,,都道府県のみ,日本の麺料理 韓国の鍋料理ko 도미면 トミミョン2023年8月10日 (木) 18:21 (UTC) 料理 兵庫県 岡山県 広島県 香川県 愛媛県 大分県 熊本県 実物2023年8月10日 (木) 18:21 (UTC) 愛媛県 大分県 熊本県 実物鯛麺（たいめん）とは、瀬戸内海や豊後水道沿岸地域に広く伝わる郷土料理。,大分県,姫島村,大分県鯛麺（たいめん）は、大分県姫島村の郷土料理大分。,"osm(県庁所在地:岡山市,node:703048335)",609
水まま,水まま,発祥地,山形県,,山形県,,都道府県のみ,水まま（みずまま）は、冷えたごはんに水をかけて食べる山形県内陸地方の食文化。,,,,"osm(県庁所在地:山形市,node:752206840)",605
かつめし,かつめし,ご当地,兵庫県,加古川市,兵庫県,加古川市,発祥を述べる文,兵庫県加古川市の郷土料理・ご当地グルメである。,兵庫県,加古川市,兵庫県加古川市の郷土料理・ご当地グルメである。,"osm(place=city,node:721818312)",604
せんべい汁,せんべい汁,発祥地,青森県,八戸市,青森県,八戸市,発祥を述べる文,せんべい汁（せんべいじる）は、青森県八戸市周辺で江戸時代に生まれた伝統的な郷土料理で、同料理専用の南部煎餅を用い、醤油味で煮立てた汁物あるいは鍋料理。,,,,"osm(place=city,node:734876512)",599
もばらーめん,もばらーめん,ご当地,千葉県,茂原市,千葉県,茂原市,冒頭の定義文,もばらーめんは千葉県茂原市のご当地ラーメン。,千葉県,茂原市,もばらーめんは千葉県茂原市のご当地ラーメン。,"osm(place=city,node:2098183487)",598
いちご煮,いちご煮,発祥地,青森県,八戸市,青森県,八戸市,冒頭の定義文,いちご煮（いちごに）とは青森県八戸市とその周辺の三陸海岸の伝統的な料理で、ウニとアワビの吸物である。,,,,"osm(place=city,node:734876512)",591
サンミー,サンミー,発祥地,大阪府,,大阪府,,都道府県のみ,サンミーは、YKベーキングカンパニーが製造している菓子パン。,,,,"osm(県庁所在地:大阪市,node:57563779)",588
函館ラーメン,函館ラーメン,ご当地,北海道,函館市,北海道,函館市,冒頭の定義文,函館ラーメン（はこだてラーメン）は、北海道函館市のご当地グルメ。,北海道,函館市,函館ラーメン（はこだてラーメン）は、北海道函館市のご当地グルメ。,"osm(place=city,node:3229063363)",583
船橋ソースラーメン,船橋ソースラーメン,ご当地,千葉県,船橋市,千葉県,船橋市,冒頭の定義文,船橋ソースラーメン（ふなばしソースラーメン）とは、千葉県船橋市を中心に提供されているご当地ラーメンである。,千葉県,船橋市,船橋ソースラーメン（ふなばしソースラーメン）とは、千葉県船橋市を中心に提供されているご当地ラーメンである。,"osm(place=city,node:264883234)",583
宮崎ラーメン,宮崎ラーメン,発祥地,宮崎県,,宮崎県,,都道府県のみ,宮崎ラーメン（みやざきラーメン）は、宮崎県で提供されているご当地ラーメン。,,,,"osm(県庁所在地:宮崎市,node:739203629)",580
日田やきそば,日田やきそば,ご当地,大分県,日田市,大分県,日田市,冒頭の定義文,日田やきそば（ひたやきそば）は、大分県日田市で提供される焼きそばで、ご当地グルメである。,大分県,日田市,日田やきそば（ひたやきそば）は、大分県日田市で提供される焼きそばで、ご当地グルメである。,"osm(place=city,node:3052990373)",574
守口漬,守口漬,発祥地,愛知県,名古屋市,愛知県,名古屋市,冒頭の定義文,名古屋市中区にあった漬物店「きた福（喜多福）」にて発売し、その略称である「守口漬」が現在は名称として定着している。,,,,"osm(place=city,node:569005393)",562
だんご汁,だんご汁,発祥地,大分県,,大分県,,都道府県のみ,だんご汁主な地域大分発案時期不詳発案店（発案者）不詳だんご汁は、大分県の郷土料理である。,,,,"osm(県庁所在地:大分市,node:417258484)",547
石狩鍋,石狩鍋,発祥地,北海道,石狩市,北海道,石狩市,発祥を述べる文,元祖は、北海道石狩市の石狩川河口近くにある1880年（明治13年）創業の割烹「金大亭」と言われ、明治時代に地元の漁師が賄い料理として味噌汁の中に鮭のぶつ切りやアラ、野菜などを入れて食べていたものが、「金大亭」の手によって世に送り出された。,,,,"osm(place=city,node:361130475)",547
別府冷麺,別府冷麺,ご当地,大分県,別府市,大分県,別府市,冒頭の定義文,別府冷麺（べっぷれいめん）は、大分県別府市で供される冷麺である。,大分県,別府市,別府市民にとってのソウルフードと言われる。,"osm(place=city,node:1721427608)",546
菜飯田楽,菜飯田楽,発祥地,愛知県,豊川市,愛知県,豊川市,発祥を述べる文,東三河の菜飯田楽尾形乾山（1663年～1743年）の道中記には、吉田宿の隣にある御油宿（現在の豊川市）で菜飯田楽を名物として看板に掲げる店に入ったという記述がある。,愛知県,豊川市,東三河の菜飯田楽尾形乾山（1663年～1743年）の道中記には、吉田宿の隣にある御油宿（現在の豊川市）で菜飯田楽を名物として看板に掲げる店に入ったという記述がある。,"osm(place=city,node:569005460)",529
鯨汁,鯨汁,発祥地,北海道,,北海道,,都道府県のみ,北海道北海道では道南地域で鯨汁が食されている北海道。,,,,"osm(県庁所在地:札幌市,node:57683926)",526
甲府鳥もつ煮,甲府鳥もつ煮,発祥地,山梨県,甲府市,山梨県,甲府市,発祥を述べる文,なにか安くて美味しいものができないものか」と山梨県甲府市の蕎麦屋で考案したもので、それが評判となって他の飲食店に広がっていき、甲府の特徴的な食文化のひとつとなった。,,,,"osm(place=city,node:1808192270)",526
信州そば,信州そば,発祥地,長野県,,長野県,,都道府県のみ,信州そば（しんしゅうそば）は、一般的には長野県で作られる蕎麦の総称である。,,,,"osm(県庁所在地:長野市,node:702987391)",522
茶粥,茶粥,発祥地,奈良県,,奈良県,,都道府県のみ,近畿地方南部の茶粥奈良県、和歌山県、三重県の伊賀では、昔から「おかいさん」の愛称で親しまれ常食となっていた。,,,,"osm(県庁所在地:奈良市,node:1922043513)",512
スタミナラーメン (埼玉),スタミナラーメン (埼玉),発祥地,埼玉県,さいたま市,埼玉県,さいたま市,冒頭の定義文,スタミナラーメンは、埼玉県さいたま市の北浦和駅近くに所在する中華料理店「娘々」（にゃんにゃん）、大宮駅近くの「漫々亭」（まんまんてい）や、その姉妹店で出されるラーメンの一品。,,,,"osm(place=city,node:243993095)",512
仙台マーボー焼そば,仙台マーボー焼そば,ご当地,宮城県,仙台市,宮城県,仙台市,冒頭の定義文,仙台マーボー焼そば（せんだいマーボーやきそば）とは、宮城県仙台市を中心とした地域のご当地焼きそばである。,宮城県,仙台市,仙台マーボー焼そば（せんだいマーボーやきそば）とは、宮城県仙台市を中心とした地域のご当地焼きそばである。,"osm(place=city,node:752184864)",511
呉汁,呉汁,発祥地,岐阜県,,岐阜県,,都道府県のみ,岐阜県の郡上本染（岐阜県重要無形文化財）では鯉のぼりの制作に呉汁が用いられている。,,,,"osm(県庁所在地:岐阜市,node:5488948282)",510
アリランラーメン,アリランラーメン,発祥地,千葉県,長柄町,千葉県,長柄町,冒頭の定義文,アリランラーメンとは千葉県長生郡長柄町山根に所在する「八平の食堂」とその親族が経営する店で提供されているラーメンメニューの名称である。,,,,"osm(place=town,node:2098215275)",508
中津からあげ,中津からあげ,ご当地,大分県,中津市,大分県,中津市,冒頭の定義文,中津からあげ（なかつからあげ）は、大分県中津市で販売されているご当地から揚げである。,大分県,中津市,中津からあげ（なかつからあげ）は、大分県中津市で販売されているご当地から揚げである。,"osm(place=city,node:1648573880)",506
玉名ラーメン,玉名ラーメン,ご当地,熊本県,玉名市,熊本県,玉名市,冒頭の定義文,玉名ラーメン（たまなラーメン）は、熊本県玉名市を中心に提供されている豚骨ラーメン。,熊本県,玉名市,玉名ラーメン（たまなラーメン）は、熊本県玉名市を中心に提供されている豚骨ラーメン。,"osm(place=city,node:739281256)",505
三平汁,三平汁,発祥地,北海道,,北海道,,都道府県のみ,三平汁（さんぺいじる）は、北海道の郷土料理。,,,,"osm(県庁所在地:札幌市,node:57683926)",504
北京飯,北京飯,ご当地,愛知県,安城市,愛知県,安城市,冒頭の定義文,北京飯（ぺきんはん）は愛知県安城市を中心に出されている玉子丼に豚の唐揚げを乗せたご当地グルメである。,愛知県,安城市,北京飯（ぺきんはん）は愛知県安城市を中心に出されている玉子丼に豚の唐揚げを乗せたご当地グルメである。,"osm(place=city,node:569005345)",502
黒はんぺん,黒はんぺん,発祥地,静岡県,,静岡県,,都道府県のみ,黒はんぺん（くろはんぺん）とは、静岡県地方の郷土食である魚肉練り製品。,,,,"osm(県庁所在地:静岡市,node:763118317)",487
手羽先唐揚げ,手羽先唐揚げ,発祥地,愛知県,,愛知県,,都道府県のみ,手羽先唐揚げ（てばさきからあげ）は、鶏の手羽先をから揚げにした料理。,,,,"osm(県庁所在地:名古屋市,node:569005393)",487
しらす丼,しらす丼,発祥地,神奈川県,,神奈川県,,都道府県のみ,観光資源として神奈川県神奈川県の鎌倉市、逗子市、葉山町、藤沢市、茅ヶ崎市などでは『湘南しらす』として神奈川県のプライドフィッシュに認定されており、数多くの提供店がある。,,,,"osm(県庁所在地:横浜市,node:1973500311)",484
じゃがバター,じゃがバター,発祥地,北海道,,北海道,,都道府県のみ,ジャガイモの一大生産地であり、バターの原料である乳牛の飼育数も豊富な北海道の各家庭では、おかずやおつまみ、おやつとして供される。,,,,"osm(県庁所在地:札幌市,node:57683926)",483
さよりめし,さよりめし,発祥地,岐阜県,,岐阜県,,都道府県のみ,さよりめしとは、岐阜県中濃地方、東濃地方に伝わる郷土料理の一つである。,,,,"osm(県庁所在地:岐阜市,node:5488948282)",472
とんかつパフェ,とんかつパフェ,発祥地,愛媛県,松山市,愛媛県,松山市,冒頭の定義文,とんかつパフェとは、愛媛県松山市に本社がある豚カツ店「清まる」の登録商標であり、豚カツと、リンゴ、オレンジ、キウイフルーツなどのフルーツ、アイスクリーム、生クリーム等をトッピングしたパフェ。,愛媛県,松山市,「清まる」は愛媛県松山市にある道後店（道後温泉近くの店舗）でとんかつパフェを提供してきたが、その後道後店は閉店し、2014年以降は花園店（いよてつ松山市内線・松山市駅前停留場近くの店舗）で提供している。,"osm(place=city,node:207689592)",464
フライ (鉄板焼),フライ (鉄板焼),発祥地,埼玉県,行田市,埼玉県,行田市,冒頭の定義文,行田市周辺のゼリーフライと同じく軽食やおやつとして主に食べられる。,埼玉県,熊谷市,熊谷市熊谷市においても「フライ」を公式に名物料理・観光資源の一つとして扱っており、「熊谷の名物料理」だとしてメディアで紹介されることもある。,"osm(place=city,node:302348601)",464
いとこ煮,いとこ煮,発祥地,山形県,,山形県,,都道府県のみ,山形県小豆のみを軟らかくなるまで煮た後、一晩水に浸しておいたもち米をアズキの上部に加え、ひたひたの水加減で一緒に約30分間煮てからしばらく冷まし、砂糖と少量の塩を入れて混ぜ合わせ、再度弱火で水分を飛ばして仕上げた料理。,,,,"osm(県庁所在地:山形市,node:752206840)",462
かぶら寿司,かぶら寿司,発祥地,石川県,,石川県,,都道府県のみ,石川県の加賀地方産のものが全国的に有名だが、富山県西部など、能登地方を除く旧・加賀藩の地域で広く作られる。,,,,"osm(県庁所在地:金沢市,node:303913177)",457
シャチボン,シャチボン,発祥地,愛知県,,愛知県,,都道府県のみ,シャチボンは、ジェイアール東海フードサービス株式会社がJR名古屋駅内で販売していた鯱形のシュークリーム。,,,,"osm(県庁所在地:名古屋市,node:569005393)",452
ひっつみ,ひっつみ,発祥地,岩手県,,岩手県,,都道府県のみ,ひっつみ、とってなげ（旧盛岡藩領の岩手県北地域）、つめり（旧仙台藩領の旧江刺郡地域等）は、小麦粉を用いた汁物の郷土料理。,,,,"osm(県庁所在地:盛岡市,node:471357225)",452
名古屋カレーうどん,名古屋カレーうどん,ご当地,愛知県,名古屋市,愛知県,名古屋市,冒頭の定義文,名古屋カレーうどん（なごやカレーうどん）は、愛知県名古屋市のご当地麺料理（カレーうどん）の一種である。,愛知県,名古屋市,名古屋カレーうどん（なごやカレーうどん）は、愛知県名古屋市のご当地麺料理（カレーうどん）の一種である。,"osm(place=city,node:569005393)",452
あなご飯,あなご飯,発祥地,広島県,,広島県,,都道府県のみ,あなご飯（あなごめし、穴子飯、穴子めし）は、広島県宮島口を発祥とする郷土料理。,,,,"osm(県庁所在地:広島市,node:1590291928)",450
ホルモン焼きうどん,ホルモン焼きうどん,ご当地,岡山県,津山市,兵庫県,佐用町,冒頭の定義文,ホルモン焼きうどん（ホルモンやきうどん）は、兵庫県佐用郡佐用町および岡山県の美作地方中東部（津山市など）の名物料理。,岡山県,津山市,ホルモン焼きうどん（ホルモンやきうどん）は、兵庫県佐用郡佐用町および岡山県の美作地方中東部（津山市など）の名物料理。,"osm(place=city,node:1909470228)",450
鰻のせいろ蒸し,鰻のせいろ蒸し,ご当地,福岡県,柳川市,福岡県,柳川市,冒頭の定義文,鰻のせいろ蒸し（うなぎのせいろむし）は、福岡県柳川市の名物料理。,福岡県,柳川市,鰻のせいろ蒸し（うなぎのせいろむし）は、福岡県柳川市の名物料理。,"osm(place=city,node:1806843505)",447
焼きカレー,焼きカレー,発祥地,福岡県,北九州市,福岡県,北九州市,発祥を述べる文,歴史焼きカレーの始まりは昭和30年代の福岡県北九州市門司港の栄町銀天街にあった「山田屋」という和食店（後年に閉店）。,,,,"osm(place=city,node:5410283420)",443
朴葉寿司,朴葉寿司,発祥地,岐阜県,,岐阜県,,都道府県のみ,岐阜県、長野県、奈良県などに見られる。,,,,"osm(県庁所在地:岐阜市,node:5488948282)",442
スープ入り焼きそば,スープ入り焼きそば,ご当地,栃木県,那須塩原市,栃木県,那須塩原市,冒頭の定義文,スープ入り焼きそば（スープいりやきそば、スープ入焼そばとも）は、栃木県那須塩原市の塩原温泉郷で提供されているご当地焼きそば。,栃木県,那須塩原市,スープ入り焼きそば（スープいりやきそば、スープ入焼そばとも）は、栃木県那須塩原市の塩原温泉郷で提供されているご当地焼きそば。,"osm(place=city,node:1108891172)",437
蘇鉄味噌,蘇鉄味噌,発祥地,沖縄県,,沖縄県,,都道府県のみ,蘇鉄味噌（そてつみそ、英語 Cycad miso）は、鹿児島県奄美群島や沖縄県の粟国島で生産されている、ソテツの実から取ったデンプンと玄米と大豆を原料にした味噌。,,,,"osm(県庁所在地:那覇市,node:567940176)",435
やせうま,やせうま,発祥地,大分県,,大分県,,都道府県のみ,やせうまは、小麦粉で作る大分県の郷土料理。,,,,"osm(県庁所在地:大分市,node:417258484)",434
つけナポリタン,つけナポリタン,ご当地,静岡県,富士市,静岡県,富士市,冒頭の定義文,つけナポリタンとは、静岡県富士市にある吉原商店街の喫茶店や飲食店を中心に販売されているご当地グルメである。,静岡県,富士市,つけナポリタンとは、静岡県富士市にある吉原商店街の喫茶店や飲食店を中心に販売されているご当地グルメである。,"osm(place=city,node:763118309)",434
八重山そば,八重山そば,発祥地,沖縄県,,沖縄県,,都道府県のみ,八重山そば（やえやまそば）は、沖縄県の八重山地方で食されている沖縄そばである。,,,,"osm(県庁所在地:那覇市,node:567940176)",428
つゆ焼きそば,つゆ焼きそば,発祥地,青森県,,青森県,,都道府県のみ,つゆ焼きそば（つゆやきそば）は、青森県黒石市の黒石やきそばから派生したご当地グルメ。,,,,"osm(県庁所在地:青森市,node:734876517)",425
宇部ラーメン,宇部ラーメン,ご当地,山口県,宇部市,山口県,宇部市,冒頭の定義文,宇部ラーメン（うべラーメン）とは、山口県宇部市を中心に提供されているラーメン。,山口県,宇部市,宇部ラーメン（うべラーメン）とは、山口県宇部市を中心に提供されているラーメン。,"osm(place=city,node:697538048)",422
トンカツラーメン,トンカツラーメン,ご当地,岡山県,岡山市,岡山県,岡山市,発祥を述べる文,岡山市のご当地ラーメンである。,岡山県,岡山市,岡山市のご当地ラーメンである。,"osm(place=city,node:703048335)",414
奈良茶飯,奈良茶飯,発祥地,奈良県,,奈良県,,都道府県のみ,奈良茶飯（ならちゃめし）は、炊き込みご飯の一種で、奈良県の各地の郷土料理。,,,,"osm(県庁所在地:奈良市,node:1922043513)",412
かしみん焼き,かしみん焼き,発祥地,大阪府,,大阪府,,都道府県のみ,一銭洋食（洋食焼）の一種で大阪府岸和田市の地元料理。,,,,"osm(県庁所在地:大阪市,node:57563779)",409
バクダンおにぎり,バクダンおにぎり,発祥地,沖縄県,糸満市,沖縄県,糸満市,発祥を述べる文,沖縄県のバクダンおにぎり沖縄県糸満市発祥のご当地グルメ。,,,,"osm(place=city,node:568023583)",409
小樽あんかけ焼そば,小樽あんかけ焼そば,ご当地,北海道,小樽市,北海道,小樽市,冒頭の定義文,小樽あんかけ焼そば（おたるあんかけやきそば）は、北海道小樽市の多くの料理店で提供されているあんかけ焼そば。,北海道,小樽市,小樽あんかけ焼そば（おたるあんかけやきそば）は、北海道小樽市の多くの料理店で提供されているあんかけ焼そば。,"osm(place=city,node:3012162160)",402
鎌倉丼,鎌倉丼,発祥地,神奈川県,鎌倉市,神奈川県,鎌倉市,冒頭の定義文,鎌倉丼（かまくらどん）とは、神奈川県鎌倉市の一部地域の飲食店などで供される丼物。,,,,"osm(place=city,node:2115184125)",401
釧路ラーメン,釧路ラーメン,発祥地,北海道,釧路市,北海道,釧路市,冒頭の定義文,釧路ラーメン（くしろラーメン）とは、北海道釧路市とその付近の地域のラーメンである。,,,,"osm(place=city,node:381942295)",400
焼きラーメン,焼きラーメン,発祥地,福岡県,福岡市,福岡県,福岡市,発祥を述べる文,福岡市1968年に福岡県の福岡市天神で創業した屋台「小金ちゃん」が発祥と言われ、人気も高いマニマニ。,,,,"osm(place=city,node:1932338735)",396
手こね寿司,手こね寿司,発祥地,三重県,志摩市,三重県,志摩市,発祥を述べる文,考案したのは志摩町和具（志摩市）の漁師とされており、江戸時代頃から食べ始められたという。,,,,"osm(place=city,node:2970907199)",393
にかけうどん,にかけうどん,発祥地,愛知県,,愛知県,,都道府県のみ,にかけうどんは、愛知県三河地方の郷土料理。,,,,"osm(県庁所在地:名古屋市,node:569005393)",393
小田原系ラーメン,小田原系ラーメン,発祥地,神奈川県,湯河原町,神奈川県,湯河原町,冒頭の定義文,小田原系ラーメン（おだわらけいラーメン）は、1930年頃に登場した神奈川県湯河原町発祥の豚骨醤油ベースで平打ち縮れ麺を特徴とするラーメン店群である。,,,,"osm(place=town,node:2115184115)",392
薩摩汁,薩摩汁,発祥地,鹿児島県,,鹿児島県,,都道府県のみ,名称は、「サツマイモのはいった汁」ではなく、鹿児島県の郷土料理であることからきた。,,,,"osm(県庁所在地:鹿児島市,node:640003455)",391
釘煮,釘煮,発祥地,兵庫県,神戸市,兵庫県,神戸市,発祥を述べる文,発祥イカナゴ漁は駒ヶ林（現在の神戸市長田区）では1000年以上前から行われているが、釘煮がいつごろから作られていたのかははっきりしない。,,,,"osm(place=city,node:721818614)",388
ひるぜん焼そば,ひるぜん焼そば,ご当地,岡山県,真庭市,岡山県,真庭市,冒頭の定義文,ひるぜん焼そば（ひるぜんやきそば）は、岡山県真庭市蒜山（ひるぜん）地方のご当地グルメの焼きそば。,岡山県,真庭市,ひるぜん焼そば（ひるぜんやきそば）は、岡山県真庭市蒜山（ひるぜん）地方のご当地グルメの焼きそば。,"osm(place=city,node:1909482657)",384
茶飯,茶飯,発祥地,奈良県,,奈良県,,都道府県のみ,奈良県の郷土料理として有名（奈良茶飯）。,,,,"osm(県庁所在地:奈良市,node:1922043513)",374
みそポテト,みそポテト,発祥地,埼玉県,,埼玉県,,都道府県のみ,みそポテトは、埼玉県秩父地方の郷土料理で、みそなどを使って甘辛く味付けしたジャガイモの天ぷらである。,,,,"osm(県庁所在地:さいたま市,node:243993095)",368
米沢ラーメン,米沢ラーメン,ご当地,山形県,米沢市,山形県,米沢市,冒頭の定義文,米沢ラーメン（よねざわラーメン）は、山形県米沢市周辺で供されるラーメン（ご当地ラーメン）。,山形県,米沢市,米沢ラーメン（よねざわラーメン）は、山形県米沢市周辺で供されるラーメン（ご当地ラーメン）。,"osm(place=city,node:1201727341)",362
敦賀ラーメン,敦賀ラーメン,ご当地,福井県,敦賀市,福井県,敦賀市,冒頭の定義文,敦賀ラーメン（つるがラーメン）は、福井県敦賀市で提供されるラーメン。,福井県,敦賀市,敦賀ラーメン（つるがラーメン）は、福井県敦賀市で提供されるラーメン。,"osm(place=city,node:762539005)",361
こづゆ,こづゆ,発祥地,福島県,,福島県,,都道府県のみ,こづゆは、福島県会津地方の郷土料理。,,,,"osm(県庁所在地:福島市,node:734866113)",354
天ぷらまんじゅう,天ぷらまんじゅう,発祥地,福島県,,福島県,,都道府県のみ,長野県日清 m、福島県会津地方日清 m、岐阜県飛騨地方m、東京都の一部m、滋賀県日清、島根県大田市日清で親しまれている。,,,,"osm(県庁所在地:福島市,node:734866113)",352
冷汁うどん,冷汁うどん,発祥地,埼玉県,,埼玉県,,都道府県のみ,冷汁うどん（ひやしるうどん）は、埼玉県の大宮・川越・加須あたりで中心に主に夏の家庭料理として食べられるうどん。,,,,"osm(県庁所在地:さいたま市,node:243993095)",349
魚ロッケ,魚ロッケ,発祥地,佐賀県,,佐賀県,,都道府県のみ,本項では、佐賀県・熊本県・長崎県で流通しているミンチ天（ミンチてん）と呼ばれる製品についても記す。,山口県,下関市,2007年には山崎製パンと藤川蒲鉾本店の共同企画で魚ロッケが入ったパン「魚ロッケの里」が開発され、九州と山口県下関市のローソンで販売された。,"osm(県庁所在地:佐賀市,node:332181950)",349
宮古そば,宮古そば,発祥地,沖縄県,,沖縄県,,都道府県のみ,宮古そば（みやこそば）は、沖縄県の宮古島発祥の沖縄そばである。,,,,"osm(県庁所在地:那覇市,node:567940176)",348
てびち,てびち,発祥地,沖縄県,,沖縄県,,都道府県のみ,てびち、足てびちは、沖縄県での豚足の呼び名、また豚足を用いた沖縄郷土料理の名前。,,,,"osm(県庁所在地:那覇市,node:567940176)",347
鍋焼きラーメン,鍋焼きラーメン,発祥地,高知県,須崎市,高知県,須崎市,発祥を述べる文,2002年に須崎市の名物として売り出そうと商工会議所・市役所などの有志により「鍋焼きラーメンプロジェクトX」が発足し、積極的にPRが行われるようになった。,高知県,須崎市,2002年に須崎市の名物として売り出そうと商工会議所・市役所などの有志により「鍋焼きラーメンプロジェクトX」が発足し、積極的にPRが行われるようになった。,"osm(place=city,node:697482793)",347
八幡巻,八幡巻,ご当地,京都府,八幡市,京都府,八幡市,発祥を述べる文,八幡村（現在の京都府八幡市）の郷土料理として知られる。,京都府,八幡市,八幡村（現在の京都府八幡市）の郷土料理として知られる。,"osm(place=city,node:533681105)",346
姫路ラーメン,姫路ラーメン,ご当地,兵庫県,加古川市,兵庫県,加古川市,発祥を述べる文,姫路ラーメン（ひめじらーめん）とは、兵庫県姫路市を中心に加古川市、播磨地域のご当地ラーメンである。,兵庫県,加古川市,姫路ラーメン（ひめじらーめん）とは、兵庫県姫路市を中心に加古川市、播磨地域のご当地ラーメンである。,"osm(place=city,node:721818312)",344
ビルマ汁,ビルマ汁,ご当地,栃木県,益子町,栃木県,益子町,冒頭の定義文,ビルマ汁（ビルマじる）とは、栃木県芳賀郡益子町のご当地名物スープ料理「地スープ」である。,栃木県,益子町,ビルマ汁（ビルマじる）とは、栃木県芳賀郡益子町のご当地名物スープ料理「地スープ」である。,"osm(place=town,node:1108891330)",343
かんころもち,かんころもち,発祥地,長崎県,,長崎県,,都道府県のみ,長崎県五島列島の郷土料理、和菓子の一つである。,,,,"osm(県庁所在地:長崎市,node:568515366)",338
ヒラヤーチー,ヒラヤーチー,発祥地,沖縄県,,沖縄県,,都道府県のみ,ヒラヤーチーは、沖縄県の家庭料理。,,,,"osm(県庁所在地:那覇市,node:567940176)",336
三五八漬け,三五八漬け,発祥地,福島県,,福島県,,都道府県のみ,三五八漬け（さごはちづけ）は福島県、山形県、秋田県の郷土料理で、麹で漬けた漬物である。,,,,"osm(県庁所在地:福島市,node:734866113)",336
ヨコスカネイビーバーガー,ヨコスカネイビーバーガー,ご当地,神奈川県,横須賀市,神奈川県,,都道府県のみ,ヨコスカ ネイビー バーガー（YOKOSUKA NAVY BURGER）とは、2009年1月30日から神奈川県横須賀市内で販売が開始された、横須賀独自のハンバーガーである。,神奈川県,横須賀市,ヨコスカ ネイビー バーガー（YOKOSUKA NAVY BURGER）とは、2009年1月30日から神奈川県横須賀市内で販売が開始された、横須賀独自のハンバーガーである。,"osm(place=city,node:2115184112)",336
祖谷そば,祖谷そば,ご当地,徳島県,三好市,徳島県,三好市,冒頭の定義文,祖谷そば(いやそば)は、徳島県の三好市祖谷地方を中心に食されている郷土料理の蕎麦である。,徳島県,三好市,祖谷そば(いやそば)は、徳島県の三好市祖谷地方を中心に食されている郷土料理の蕎麦である。,"osm(place=city,node:309633282)",334
カキオコ,カキオコ,ご当地,岡山県,備前市,岡山県,備前市,冒頭の定義文,カキオコは、岡山県備前市日生（ひなせ）地区の郷土料理、ご当地グルメである。,岡山県,備前市,カキオコは、岡山県備前市日生（ひなせ）地区の郷土料理、ご当地グルメである。,"osm(place=city,node:1595875913)",334
桜飯,桜飯,発祥地,東京都,,東京都,,都道府県のみ,桜飯（さくらめし）は、醤油味で具のない炊き込みご飯である。,,,,"osm(県庁所在地:新宿区,node:2389061853)",333
六兵衛,六兵衛,発祥地,長崎県,,長崎県,,都道府県のみ,六兵衛（ろくべえ）は長崎県島原半島周辺と対馬に伝わる麺料理である。,,,,"osm(県庁所在地:長崎市,node:568515366)",331
きんし丼,きんし丼,発祥地,滋賀県,大津市,滋賀県,大津市,発祥を述べる文,滋賀県大津市の料理店「逢坂山かねよ」が発祥とされ、同店の登録商標となっている。,,,,"osm(place=city,node:541402993)",331
加須うどん,加須うどん,ご当地,埼玉県,加須市,埼玉県,加須市,冒頭の定義文,加須うどん（かぞうどん）は、埼玉県加須市とその周辺地域で生産され食べられているうどん。,埼玉県,加須市,五家宝と並ぶ加須市の郷土料理となっている。,"osm(place=city,node:820110092)",328
ジャン麺,ジャン麺,発祥地,高知県,,高知県,,都道府県のみ,ジャン麺 Janmen Takamatsu.jpg じゃんめん高松東店(高松市)で提供されるジャン麺 じゃんめん 高知県 四万十町 満洲軒 平成時代（約15年前） ラーメン2025年3月1日 (土) 17:56 (UTC) 料理 高知県 料理の実物ジャン麺（ジャンめん）は卵・ニラ・ホルモン・唐辛子が含まれているあんかけラーメンである。,香川県,高松市,ジャン麺 Janmen Takamatsu.jpg じゃんめん高松東店(高松市)で提供されるジャン麺 じゃんめん 高知県 四万十町 満洲軒 平成時代（約15年前） ラーメン2025年3月1日 (土) 17:56 (UTC) 料理 高知県 料理の実物ジャン麺（ジャンめん）は卵・ニラ・ホルモン・唐辛子が含まれているあんかけラーメンである。,"osm(県庁所在地:高知市,node:574820566)",328
室蘭カレーラーメン,室蘭カレーラーメン,発祥地,北海道,洞爺湖町,北海道,洞爺湖町,発祥を述べる文,室蘭カレーラーメン（むろらんカレーラーメン）とは、北海道室蘭市・登別市・伊達市・洞爺湖町の「室蘭カレーラーメンの会」に加盟するラーメン店を中心に提供されるラーメンである。,,,,"osm(place=town,node:242931526)",327
いぎりす,いぎりす,発祥地,長崎県,,長崎県,,都道府県のみ,いぎりすとは、長崎県島原地方や熊本県天草地方等に伝わる郷土料理。,,,,"osm(県庁所在地:長崎市,node:568515366)",325
あんばやし,あんばやし,発祥地,富山県,富山市,富山県,富山市,発祥を述べる文,あんばやしは富山県、それも富山市中心の呼び方で、呉東では主に、田楽と呼ばれる。,,,,"osm(place=city,node:762306892)",324
一文字グルグル,一文字グルグル,発祥地,熊本県,,熊本県,,都道府県のみ,一文字グルグル（ひともじグルグル）は熊本県の郷土料理。,,,,"osm(県庁所在地:熊本市,node:642042925)",322
府中焼き,府中焼き,発祥地,広島県,広島市,広島県,広島市,発祥を述べる文,創業100周年を迎えたオタフクホールディングス（HD・広島市西区）が広島県府中市に寄贈した。,,,,"osm(place=city,node:1590291928)",321
せんざんき,せんざんき,ご当地,愛媛県,今治市,愛媛県,今治市,冒頭の定義文,せんざんき（千斬切、せんざん雉）は、鶏料理が盛んな東予地方（主に愛媛県東部の今治市辺り）の郷土料理である。,愛媛県,今治市,せんざんき（千斬切、せんざん雉）は、鶏料理が盛んな東予地方（主に愛媛県東部の今治市辺り）の郷土料理である。,"osm(place=city,node:637454152)",320
がん漬,がん漬,発祥地,熊本県,,熊本県,,都道府県のみ,がん漬（蟹漬、がんづけ）は、干潟に生息する小型のカニを利用した塩辛の一種である。,,,,"osm(県庁所在地:熊本市,node:642042925)",319
東村山黒焼きそば,東村山黒焼きそば,ご当地,東京都,東村山市,東京都,東村山市,発祥を述べる文,東村山黒焼そば（ひがしむらやまくろやきそば）は東京都東村山市のご当地焼きそば。,東京都,東村山市,東村山黒焼そば（ひがしむらやまくろやきそば）は東京都東村山市のご当地焼きそば。,"osm(place=city,node:1673414230)",319
いもフライ,いもフライ,ご当地,栃木県,佐野市,栃木県,佐野市,発祥を述べる文,特に栃木県佐野市においてご当地B級グルメとして定着しており、ソウルフードとなっている。,栃木県,佐野市,特に栃木県佐野市においてご当地B級グルメとして定着しており、ソウルフードとなっている。,"osm(place=city,node:1108891363)",317
いがまんじゅう,いがまんじゅう,発祥地,埼玉県,加須市,埼玉県,加須市,発祥を述べる文,概要いが饅頭は埼玉県の旧川里町（現・鴻巣市）、旧騎西町（現・加須市）、加須市、羽生市、行田市などの穀倉地帯に伝わる、あるいは菓子屋で製造販売されている和菓子である。,,,,"osm(place=city,node:820110092)",312
ぶり大根,ぶり大根,発祥地,富山県,,富山県,,都道府県のみ,2007年、農山漁村の郷土料理百選において富山県の郷土料理として選定された。,,,,"osm(県庁所在地:富山市,node:762306892)",311
アンダンスー,アンダンスー,発祥地,沖縄県,,沖縄県,,都道府県のみ,アンダンスーは、沖縄料理の一つで、味噌を豚の脂肪（ラード）で炒めたもの。,,,,"osm(県庁所在地:那覇市,node:567940176)",311
ホルモン焼きそば,ホルモン焼きそば,発祥地,秋田県,,秋田県,,都道府県のみ,秋田県横手市のものが代表的。,秋田県,横手市,横手市秋田県横手市で提供されているホルモン焼きそばについて記す。,"osm(県庁所在地:秋田市,node:752195639)",311
素ラーメン,素ラーメン,ご当地,鳥取県,鳥取市,鳥取県,鳥取市,冒頭の定義文,素ラーメン（すラーメン）とは、鳥取県鳥取市で供されるご当地ラーメン。,鳥取県,鳥取市,素ラーメン（すラーメン）とは、鳥取県鳥取市で供されるご当地ラーメン。,"osm(place=city,node:697537844)",311
いかにんじん,いかにんじん,発祥地,福島県,,福島県,,都道府県のみ,いかにんじんとは、福島県中通り北部の郷土料理である。,,,,"osm(県庁所在地:福島市,node:734866113)",308
鴨鍋,鴨鍋,発祥地,千葉県,,千葉県,,都道府県のみ,宮内庁の鴨の猟場である千葉県市川市の鴨料理専門店では、陶製の浅い鍋に油をひかずに鴨肉を焼き、野菜と共に割下で食べるすき焼き風の鴨鍋が名物である。,,,,"osm(県庁所在地:千葉市,node:3675848658)",308
こうのす川幅うどん,こうのす川幅うどん,ご当地,埼玉県,鴻巣市,埼玉県,鴻巣市,冒頭の定義文,こうのす川幅うどんは、埼玉県鴻巣市で提供されているご当地麺料理である。,埼玉県,鴻巣市,こうのす川幅うどんは、埼玉県鴻巣市で提供されているご当地麺料理である。,"osm(place=city,node:820097446)",308
宇都宮焼きそば,宇都宮焼きそば,ご当地,栃木県,宇都宮市,栃木県,宇都宮市,冒頭の定義文,宇都宮焼きそば（うつのみややきそば）とは、栃木県宇都宮市を中心に、約50店で提供されているご当地グルメの焼きそばである。,栃木県,宇都宮市,宇都宮焼きそば（うつのみややきそば）とは、栃木県宇都宮市を中心に、約50店で提供されているご当地グルメの焼きそばである。,"osm(place=city,node:1108891208)",307
レタス巻き,レタス巻き,発祥地,宮崎県,宮崎市,宮崎県,宮崎市,発祥を述べる文,歴史宮崎県宮崎市松山にある寿司屋『一平』を発祥とする霧島酒造 2019 60山本 2011 105-106。,,,,"osm(place=city,node:739203629)",305
ガタタン,ガタタン,発祥地,北海道,,北海道,,都道府県のみ,ガタタン（含多湯）（がたたん）とは、北海道芦別市の郷土料理（ご当地グルメ）。,,,,"osm(県庁所在地:札幌市,node:57683926)",301
らーめん潤,らーめん潤,発祥地,新潟県,燕市,新潟県,燕市,冒頭の定義文,らーめん潤（らーめんじゅん）は、新潟県燕市発祥のラーメン店である。,,,,"osm(place=city,node:752398545)",296
黒作り,黒作り,発祥地,富山県,,富山県,,都道府県のみ,黒作り（くろづくり）は、富山県の郷土料理。,,,,"osm(県庁所在地:富山市,node:762306892)",294
ドミグラスソースカツ丼,ドミグラスソースカツ丼,ご当地,岡山県,岡山市,岡山県,岡山市,冒頭の定義文,ドミグラスソースカツ丼（ドミグラスソースカツどん）は岡山県岡山市のご当地グルメ。,岡山県,岡山市,ドミグラスソースカツ丼（ドミグラスソースカツどん）は岡山県岡山市のご当地グルメ。,"osm(place=city,node:703048335)",294
新子焼き,新子焼き,発祥地,北海道,,北海道,,都道府県のみ,北海道旭川市が発祥とされ、旭川市では戦後からソウルフードとして親しまれている。,,,,"osm(県庁所在地:札幌市,node:57683926)",291
石巻焼きそば,石巻焼きそば,ご当地,宮城県,石巻市,宮城県,石巻市,冒頭の定義文,石巻焼きそば（いしのまきやきそば）は、宮城県石巻市で食べられている焼きそばである。,宮城県,石巻市,石巻焼きそば（いしのまきやきそば）は、宮城県石巻市で食べられている焼きそばである。,"osm(place=city,node:752184841)",283
漬物ステーキ,漬物ステーキ,発祥地,岐阜県,,岐阜県,,都道府県のみ,漬物ステーキ（つけものステーキ）は、岐阜県飛騨地方の郷土料理。,,,,"osm(県庁所在地:岐阜市,node:5488948282)",282
あげいも,あげいも,発祥地,北海道,札幌市,北海道,札幌市,発祥を述べる文,1968年に中山峠の道の駅望羊中山の前身にあたる喜茂別町営中山峠健民センター物産館の男性職員が妻に新たな名物を考えてほしいと言ったところ妻が地元の名産であるジャガイモを用いた料理を着想し、アメリカンドッグをヒントとして衣をつけたジャガイモを油で揚げて提供したことが始まりとされ、札幌市から後志管内の間の途中の休憩時の軽食として親しまれている。,,,,"osm(place=city,node:57683926)",282
にくてん,にくてん,発祥地,兵庫県,高砂市,兵庫県,高砂市,発祥を述べる文,にくてんは発祥地の神戸よりもむしろ高砂市の名物として知られるようになっており、高砂にくてんとしてB-1グランプリにも出場した。,兵庫県,高砂市,にくてんは発祥地の神戸よりもむしろ高砂市の名物として知られるようになっており、高砂にくてんとしてB-1グランプリにも出場した。,"osm(place=city,node:721818673)",277
貝焼き味噌,貝焼き味噌,発祥地,青森県,,青森県,,都道府県のみ,貝焼き味噌（かやきみそ、かやぎみそ）とは青森県津軽地方および下北地方の郷土料理。,,,,"osm(県庁所在地:青森市,node:734876517)",275
会津カレー焼きそば,会津カレー焼きそば,ご当地,福島県,会津若松市,福島県,会津若松市,冒頭の定義文,会津カレー焼きそば（あいづカレーやきそば）とは、福島県会津若松市のご当地グルメで、焼きそばにカレーのルーをかけた料理である。,福島県,会津若松市,会津カレー焼きそば（あいづカレーやきそば）とは、福島県会津若松市のご当地グルメで、焼きそばにカレーのルーをかけた料理である。,"osm(place=city,node:734866096)",274
このしろ寿し,このしろ寿し,ご当地,京都府,京丹後市,京都府,京丹後市,冒頭の定義文,このしろ寿し（このしろずし）とは、姿寿司の一種で、体長20～25センチメートルのコノシロ（鮗）を丸ごと用いて作る京都府京丹後市久美浜町の郷土料理である。,京都府,京丹後市,このしろ寿し（このしろずし）とは、姿寿司の一種で、体長20～25センチメートルのコノシロ（鮗）を丸ごと用いて作る京都府京丹後市久美浜町の郷土料理である。,"osm(place=city,node:533681457)",271
鯨竜田揚げ,鯨竜田揚げ,発祥地,和歌山県,,和歌山県,,都道府県のみ,鯨竜田揚げ（くじらたつたあげ）、鯨の竜田揚げ（くじらのたつたあげ）は和歌山県や山口県の郷土料理。,,,,"osm(県庁所在地:和歌山市,node:1551511175)",271
ジュンドッグ,ジュンドッグ,発祥地,北海道,,北海道,,都道府県のみ,ジュンドッグ（JUN DOG）は、北海道旭川市・美瑛町で販売されるファストフードである。,,,,"osm(県庁所在地:札幌市,node:57683926)",271
バリそば,バリそば,ご当地,山口県,山口市,山口県,山口市,冒頭の定義文,バリそばは、山口県、特に山口市とその近郊で食べられている麺料理。,山口県,山口市,バリそばは、山口県、特に山口市とその近郊で食べられている麺料理。,"osm(place=city,node:697538055)",271
大門素麺,大門素麺,発祥地,富山県,砺波市,富山県,砺波市,冒頭の定義文,大門素麺（おおかどそうめん）とは、富山県砺波市庄下地区の大門集落（旧砺波郡大門村）に伝わる素麺の一つである。,,,,"osm(place=city,node:762539001)",267
ひきずり,ひきずり,発祥地,愛知県,,愛知県,,都道府県のみ,概要主に愛知県、特に名古屋市など尾張地方の郷土料理。,,,,"osm(県庁所在地:名古屋市,node:569005393)",262
黄飯,黄飯,発祥地,大分県,臼杵市,大分県,臼杵市,発祥を述べる文,大分県黄飯（おうはん）は、大分県臼杵市の郷土料理う。,大分県,臼杵市,大分県黄飯（おうはん）は、大分県臼杵市の郷土料理う。,"osm(place=city,node:1966672241)",260
かやき,かやき,発祥地,秋田県,,秋田県,,都道府県のみ,かやきとは、主に秋田県など日本海側の東北地方で食べられる鍋料理の一種。,,,,"osm(県庁所在地:秋田市,node:752195639)",259
キャベツ焼き,キャベツ焼き,発祥地,大阪府,,大阪府,,都道府県のみ,キャベツ焼き（キャベツやき）は、水に溶いた小麦粉を鉄板で焼き、キャベツ、天かす、玉子などの具を載せて焼いた料理。,,,,"osm(県庁所在地:大阪市,node:57563779)",258
ハタハタ寿司,ハタハタ寿司,発祥地,秋田県,,秋田県,,都道府県のみ,ハタハタ寿司（ハタハタずし）とは、秋田県の郷土料理で、ハタハタ（鰰）を用いた飯寿司（イズシ）の一種、発酵ずしである。,,,,"osm(県庁所在地:秋田市,node:752195639)",257
十文字中華そば,十文字中華そば,ご当地,秋田県,横手市,秋田県,横手市,冒頭の定義文,十文字中華そば（じゅうもんじちゅうかそば）とは、秋田県横手市十文字町を中心とする地域で食されるラーメン（ご当地ラーメン）。,秋田県,横手市,十文字中華そば（じゅうもんじちゅうかそば）とは、秋田県横手市十文字町を中心とする地域で食されるラーメン（ご当地ラーメン）。,"osm(place=city,node:752195588)",257
岩国寿司,岩国寿司,発祥地,山口県,岩国市,山口県,岩国市,冒頭の定義文,岩国寿司（いわくにずし）とは山口県岩国市周辺で作られる押し寿司の一種。,,,,"osm(place=city,node:3105577785)",256
牡蠣の土手鍋,牡蠣の土手鍋,発祥地,広島県,,広島県,,都道府県のみ,牡蠣の土手鍋（かきのどてなべ）とは鍋料理の一種で、鍋の周りに味噌を塗りつけ、カキと豆腐や野菜を煮ながら食べる広島県の郷土料理。,,,,"osm(県庁所在地:広島市,node:1590291928)",255
糸魚川ブラック焼きそば,糸魚川ブラック焼きそば,ご当地,新潟県,糸魚川市,新潟県,糸魚川市,冒頭の定義文,糸魚川ブラック焼きそば（いといがわブラックやきそば）は、新潟県糸魚川市で提供される焼きそばで、ご当地グルメの一つである。,新潟県,糸魚川市,糸魚川ブラック焼きそば（いといがわブラックやきそば）は、新潟県糸魚川市で提供される焼きそばで、ご当地グルメの一つである。,"osm(place=city,node:752398712)",255
豆腐ラーメン,豆腐ラーメン,発祥地,埼玉県,さいたま市,埼玉県,さいたま市,発祥を述べる文,豆腐ラーメン（とーふらーめん）は、豆腐とひき肉の醤油餡をかけたラーメンで、埼玉県岩槻市(現・岩槻区)発祥で現在さいたま市(岩槻区・桜区)のご当地グルメである。,,,,"osm(place=city,node:243993095)",255
おたぐり,おたぐり,発祥地,長野県,,長野県,,都道府県のみ,おたぐりは、長野県の伊那谷へ伝わる郷土料理。,,,,"osm(県庁所在地:長野市,node:702987391)",254
イルカのすき焼き,イルカのすき焼き,ご当地,和歌山県,太地町,和歌山県,太地町,冒頭の定義文,イルカのすき焼き（イルカのすきやき）とは、和歌山県東牟婁郡太地町の郷土料理で、イルカをすき焼き風に調理する鍋料理である。,和歌山県,太地町,イルカのすき焼き（イルカのすきやき）とは、和歌山県東牟婁郡太地町の郷土料理で、イルカをすき焼き風に調理する鍋料理である。,"osm(place=town,node:691599018)",254
鮑の煮貝,鮑の煮貝,発祥地,山梨県,甲府市,山梨県,甲府市,発祥を述べる文,甲府横近習町（甲府市中央二丁目）の呉服商・大木家に伝わる大木家資料には富士信仰に関するものが含まれる。,,,,"osm(place=city,node:1808192270)",254
ちゃんぽん焼き,ちゃんぽん焼き,ご当地,兵庫県,姫路市,兵庫県,姫路市,冒頭の定義文,ちゃんぽん焼き（ちゃんぽんやき）は、兵庫県姫路市周辺で食べられている麺料理で、焼きそばと焼きうどんを合わせたもの。,兵庫県,姫路市,ちゃんぽん焼き（ちゃんぽんやき）は、兵庫県姫路市周辺で食べられている麺料理で、焼きそばと焼きうどんを合わせたもの。,"osm(place=city,node:721818691)",254
まめぶ汁,まめぶ汁,ご当地,岩手県,久慈市,岩手県,久慈市,冒頭の定義文,まめぶ汁（まめぶじる）とは、岩手県久慈市山形町や九戸郡で食されている郷土料理である。,岩手県,久慈市,まめぶ汁（まめぶじる）とは、岩手県久慈市山形町や九戸郡で食されている郷土料理である。,"osm(place=city,node:623806605)",252
馬肉ラーメン,馬肉ラーメン,発祥地,山形県,長井市,山形県,長井市,冒頭の定義文,馬肉ラーメン（ばにくラーメン）は、山形県長井市で食されている馬肉を使ったラーメンの総称。,,,,"osm(place=city,node:752206811)",252
イリチー,イリチー,発祥地,沖縄県,,沖縄県,,都道府県のみ,イリチーとは細かく切った素材にだし汁を加えて炒り付けた沖縄料理。,,,,"osm(県庁所在地:那覇市,node:567940176)",251
鍋しぎ,鍋しぎ,発祥地,栃木県,,栃木県,,都道府県のみ,栃木県、長野県ではあぶらみそという名で知られている。,,,,"osm(県庁所在地:宇都宮市,node:1108891208)",251
龍ケ崎コロッケ,龍ケ崎コロッケ,ご当地,茨城県,龍ケ崎市,茨城県,龍ケ崎市,冒頭の定義文,龍ケ崎コロッケ（りゅうがさきコロッケ、）は、茨城県龍ケ崎市のイベントや飲食店で供されるご当地コロッケである。,茨城県,龍ケ崎市,龍ケ崎コロッケ（りゅうがさきコロッケ、）は、茨城県龍ケ崎市のイベントや飲食店で供されるご当地コロッケである。,"osm(place=city,node:1079080827)",251
おしぼりうどん,おしぼりうどん,ご当地,長野県,坂城町,長野県,坂城町,冒頭の定義文,おしぼりうどんは、長野県埴科郡坂城町周辺の郷土料理である。,長野県,坂城町,おしぼりうどんは、長野県埴科郡坂城町周辺の郷土料理である。,"osm(place=town,node:5901282255)",249
豚骨料理,豚骨料理,発祥地,鹿児島県,,鹿児島県,,都道府県のみ,豚骨料理（とんこつりょうり）は、鹿児島県で作られる郷土料理の一つ。,,,,"osm(県庁所在地:鹿児島市,node:640003455)",249
気仙沼ホルモン,気仙沼ホルモン,ご当地,宮城県,気仙沼市,宮城県,気仙沼市,冒頭の定義文,気仙沼ホルモン（けせんぬまホルモン）は、宮城県気仙沼市を中心とした地域で食べられてきた豚のホルモン焼き料理。,宮城県,気仙沼市,気仙沼ホルモン（けせんぬまホルモン）は、宮城県気仙沼市を中心とした地域で食べられてきた豚のホルモン焼き料理。,"osm(place=city,node:752184881)",249
のっぺ,のっぺ,発祥地,新潟県,,新潟県,,都道府県のみ,脚注関連項目笹寿司 (長野・新潟) - 同じく農山漁村の郷土料理百選に選定された新潟県の郷土料理。,,,,"osm(県庁所在地:新潟市,node:752398625)",248
けの汁,けの汁,発祥地,青森県,弘前市,青森県,弘前市,発祥を述べる文,起源伝承青森県弘前市には、同市和徳町に所在したとされる和徳城（南部氏家臣・小山内氏の居城）が戦国時代の1571年（元亀2年）に大浦為信により攻められた際、城内の小山内軍の兵が落城前に食べた食糧が、けの汁の起源となったとする伝承があり、地元の有志団体により「けの汁発祥の地」を啓発するイベント等が行われている。,,,,"osm(place=city,node:734876473)",247
ぬかみそ炊き,ぬかみそ炊き,ご当地,福岡県,北九州市,福岡県,北九州市,冒頭の定義文,ぬかみそ炊き（ぬかみそだき）は、福岡県北九州市（旧豊前国）の郷土料理である。,福岡県,北九州市,ぬかみそ炊き（ぬかみそだき）は、福岡県北九州市（旧豊前国）の郷土料理である。,"osm(place=city,node:5410283420)",247
三升漬,三升漬,発祥地,北海道,,北海道,,都道府県のみ,北海道・東北地方の郷土料理である。,,,,"osm(県庁所在地:札幌市,node:57683926)",246
あつめし,あつめし,ご当地,大分県,佐伯市,大分県,佐伯市,冒頭の定義文,あつめし（温飯）は、大分県南部沿岸の佐伯市の旧・蒲江町や旧・米水津村地区の郷土料理である。,大分県,佐伯市,あつめし（温飯）は、大分県南部沿岸の佐伯市の旧・蒲江町や旧・米水津村地区の郷土料理である。,"osm(place=city,node:698791824)",242
江ノ島丼,江ノ島丼,発祥地,神奈川県,藤沢市,神奈川県,藤沢市,発祥を述べる文,神奈川県藤沢市の江の島にある「ハルミ食堂」が発祥とされ、島内や周辺の飲食店などで販売されている。,,,,"osm(place=city,node:2115184122)",242
みしまコロッケ,みしまコロッケ,ご当地,静岡県,三島市,静岡県,三島市,冒頭の定義文,みしまコロッケは静岡県三島市のご当地グルメ。,静岡県,三島市,みしまコロッケは静岡県三島市のご当地グルメ。,"osm(place=city,node:763099675)",239
久留米やきとり,久留米やきとり,ご当地,福岡県,久留米市,福岡県,久留米市,冒頭の定義文,久留米やきとりは、福岡県久留米市の郷土料理である串焼き料理。,福岡県,久留米市,久留米やきとりは、福岡県久留米市の郷土料理である串焼き料理。,"osm(place=city,node:3056729963)",237
中華ちらし,中華ちらし,ご当地,北海道,帯広市,北海道,帯広市,冒頭の定義文,中華ちらし（ちゅうかちらし）は、各種の具材を炒めて味付けし、ご飯の上に載せた料理であり、北海道帯広市ではこれを「中華チラシ」としてご当地グルメの一つになっている。,北海道,帯広市,中華ちらし（ちゅうかちらし）は、各種の具材を炒めて味付けし、ご飯の上に載せた料理であり、北海道帯広市ではこれを「中華チラシ」としてご当地グルメの一つになっている。,"osm(place=city,node:262838820)",236
八戸らーめん,八戸らーめん,ご当地,青森県,八戸市,青森県,八戸市,冒頭の定義文,八戸らーめん（はちのへらーめん）とは、青森県八戸市で食されるラーメン（ご当地ラーメン）。,青森県,八戸市,八戸らーめん（はちのへらーめん）とは、青森県八戸市で食されるラーメン（ご当地ラーメン）。,"osm(place=city,node:734876512)",236
梶賀のあぶり,梶賀のあぶり,発祥地,三重県,尾鷲市,三重県,尾鷲市,冒頭の定義文,梶賀のあぶり（かじかのあぶり）は、三重県尾鷲市梶賀町で生産される、小形の魚類を燻製にした保存食、およびこれを販売する際の商品名。,,,,"osm(place=city,node:691595771)",235
伊予さつま,伊予さつま,発祥地,愛媛県,,愛媛県,,都道府県のみ,伊予さつま（いよさつま）とは、愛媛県の魚と味噌を使った郷土料理。,,,,"osm(県庁所在地:松山市,node:207689592)",231
ポンポン焼き,ポンポン焼き,ご当地,青森県,八戸市,青森県,八戸市,発祥を述べる文,ポンポン焼きは、青森県南部地域、特に八戸市周辺に伝わる、イカを使った郷土料理である。,青森県,八戸市,ポンポン焼きは、青森県南部地域、特に八戸市周辺に伝わる、イカを使った郷土料理である。,"osm(place=city,node:734876512)",225
チーイリチー,チーイリチー,発祥地,沖縄県,,沖縄県,,都道府県のみ,チーイリチー、チーイリチャーは、豚またはヤギの肉や内臓と血液を炒め煮にした沖縄料理。,,,,"osm(県庁所在地:那覇市,node:567940176)",224
どぶ汁,どぶ汁,発祥地,茨城県,,茨城県,,都道府県のみ,どぶ汁（どぶじる）は、茨城県北部から福島県南部の太平洋沿岸地域に伝わる漁師料理。,,,,"osm(県庁所在地:水戸市,node:736355846)",224
黒石やきそば,黒石やきそば,ご当地,青森県,黒石市,青森県,黒石市,冒頭の定義文,黒石やきそば（くろいしやきそば）は、青森県黒石市のご当地グルメ。,青森県,黒石市,黒石やきそば（くろいしやきそば）は、青森県黒石市のご当地グルメ。,"osm(place=city,node:734876454)",223
煮ぼうとう,煮ぼうとう,ご当地,埼玉県,深谷市,埼玉県,深谷市,冒頭の定義文,煮ぼうとう（にぼうとう）は、煮込みうどんの一種で、日本の埼玉県深谷市の郷土料理。,埼玉県,深谷市,煮ぼうとう（にぼうとう）は、煮込みうどんの一種で、日本の埼玉県深谷市の郷土料理。,"osm(place=city,node:820591253)",222
大牟田ラーメン,大牟田ラーメン,ご当地,福岡県,大牟田市,福岡県,大牟田市,冒頭の定義文,大牟田ラーメン（おおむたラーメン）は、福岡県大牟田市を中心に提供されている豚骨ラーメン。,福岡県,大牟田市,大牟田ラーメン（おおむたラーメン）は、福岡県大牟田市を中心に提供されている豚骨ラーメン。,"osm(place=city,node:1800434750)",221
たらおさ,たらおさ,発祥地,大分県,,大分県,,都道府県のみ,盆だらは大分県日田・玖珠地方の郷土料理である。,,,,"osm(県庁所在地:大分市,node:417258484)",218
太巻き祭り寿司,太巻き祭り寿司,発祥地,千葉県,,千葉県,,都道府県のみ,太巻き祭り寿司（ふとまきまつりずし）は、千葉県の郷土料理。,,,,"osm(県庁所在地:千葉市,node:3675848658)",218
オホーツク北見塩やきそば,オホーツク北見塩やきそば,発祥地,北海道,,北海道,,都道府県のみ,オホーツク北見塩やきそば（オホーツクきたみしおやきそば）は、北海道北見市で提供されている焼きそば料理である。,,,,"osm(県庁所在地:札幌市,node:57683926)",218
たらいうどん,たらいうどん,ご当地,徳島県,阿波市,徳島県,阿波市,冒頭の定義文,たらいうどんは、徳島県阿波市土成町（旧・御所村）の郷土料理である。,徳島県,阿波市,たらいうどんは、徳島県阿波市土成町（旧・御所村）の郷土料理である。,"osm(place=city,node:309631884)",216
フィッシュカツ,フィッシュカツ,発祥地,徳島県,小松島市,徳島県,小松島市,発祥を述べる文,徳島県小松島市の蒲鉾屋「津久司蒲鉾」が戦後すぐに売り出したのが始まりだとする説が有力であるexcite。,,,,"osm(place=city,node:298310885)",216
津ぎょうざ,津ぎょうざ,ご当地,三重県,津市,三重県,津市,冒頭の定義文,津ぎょうざ（つぎょうざ）は三重県津市のご当地グルメ。,三重県,津市,津ぎょうざ（つぎょうざ）は三重県津市のご当地グルメ。,"osm(place=city,node:623151602)",215
たくあんの煮物,たくあんの煮物,発祥地,京都府,,京都府,,都道府県のみ,概要たくあんを煮る料理は、京都府・滋賀県・三重県（北勢）・岐阜県（西濃）・福井県・石川県・富山県・山形県（庄内地方）および香川県などで見られる。,,,,"osm(県庁所在地:京都市,node:533681139)",214
山都そば,山都そば,発祥地,福島県,喜多方市,福島県,喜多方市,冒頭の定義文,山都そば（やまとそば）は福島県喜多方市山都町の名産品、郷土料理。,熊本県,山都町,山都そば（やまとそば）は福島県喜多方市山都町の名産品、郷土料理。,"osm(place=city,node:734866062)",214
ちゃんらー,ちゃんらー,発祥地,福岡県,北九州市,福岡県,北九州市,冒頭の定義文,ちゃんらーは、福岡県北九州市の門司港発祥の、うどんの出汁にちゃんぽん麺を入れた麺料理である。,,,,"osm(place=city,node:5410283420)",214
とりもつラーメン,とりもつラーメン,発祥地,山形県,新庄市,山形県,新庄市,冒頭の定義文,とりもつラーメンは、山形県新庄市で供されるラーメンである。,,,,"osm(place=city,node:752206843)",213
ひゅうが飯,ひゅうが飯,ご当地,愛媛県,西予市,愛媛県,西予市,発祥を述べる文,ひゅうが飯（ひゅうがめし）とは、愛媛県南部の宇和島市や、西予市明浜町などでつくられる、新鮮な魚を用いた郷土料理である。,愛媛県,西予市,ひゅうが飯（ひゅうがめし）とは、愛媛県南部の宇和島市や、西予市明浜町などでつくられる、新鮮な魚を用いた郷土料理である。,"osm(place=city,node:691562997)",212
戸畑ちゃんぽん,戸畑ちゃんぽん,ご当地,福岡県,北九州市,福岡県,北九州市,冒頭の定義文,戸畑ちゃんぽん（とばたちゃんぽん）とは、福岡県北九州市戸畑区で食べられる細めの蒸し麺を使ったちゃんぽんである。,福岡県,北九州市,戸畑ちゃんぽん（とばたちゃんぽん）とは、福岡県北九州市戸畑区で食べられる細めの蒸し麺を使ったちゃんぽんである。,"osm(place=city,node:5410283420)",211
忍者系ラーメン,忍者系ラーメン,ご当地,静岡県,浜松市,静岡県,浜松市,冒頭の定義文,忍者系ラーメン（にんじゃけいラーメン）とは、浜松市を中心に展開されるご当地ラーメン（支那そば）である。,静岡県,浜松市,忍者系ラーメン（にんじゃけいラーメン）とは、浜松市を中心に展開されるご当地ラーメン（支那そば）である。,"osm(place=city,node:763118297)",208
なんこ鍋,なんこ鍋,発祥地,秋田県,,秋田県,,都道府県のみ,秋田県の料理や、北海道空知地方の郷土料理ともされている。,,,,"osm(県庁所在地:秋田市,node:752195639)",207
飫肥天,飫肥天,ご当地,宮崎県,日南市,宮崎県,日南市,冒頭の定義文,飫肥天（おびてん）とは、宮崎県日南市飫肥地区の郷土料理で、魚肉練り製品。,宮崎県,日南市,飫肥天（おびてん）とは、宮崎県日南市飫肥地区の郷土料理で、魚肉練り製品。,"osm(place=city,node:739203609)",203
じゃっぱ汁,じゃっぱ汁,発祥地,青森県,,青森県,,都道府県のみ,じゃっぱ汁（じゃっぱじる）は青森県津軽地方の郷土料理である。,,,,"osm(県庁所在地:青森市,node:734876517)",202
みそカツラーメン,みそカツラーメン,発祥地,高知県,,高知県,,都道府県のみ,みそカツラーメン、または味噌カツラーメンは日本の高知県のご当地ラーメンである。,,,,"osm(県庁所在地:高知市,node:574820566)",202
勝手丼,勝手丼,ご当地,北海道,釧路市,北海道,釧路市,冒頭の定義文,勝手丼（かってどん）とは、北海道釧路市に存在する釧路和商市場の名物とされる丼物。,北海道,釧路市,勝手丼（かってどん）とは、北海道釧路市に存在する釧路和商市場の名物とされる丼物。,"osm(place=city,node:381942295)",202
瀬戸しょうゆ焼きそば,瀬戸しょうゆ焼きそば,ご当地,愛知県,瀬戸市,愛知県,瀬戸市,冒頭の定義文,瀬戸しょうゆ焼きそば（せとしょうゆやきそば）は、愛知県瀬戸市で販売されているご当地焼きそば。,愛知県,瀬戸市,瀬戸しょうゆ焼きそば（せとしょうゆやきそば）は、愛知県瀬戸市で販売されているご当地焼きそば。,"osm(place=city,node:569005558)",201
郡山ブラック,郡山ブラック,ご当地,福島県,郡山市,福島県,郡山市,冒頭の定義文,郡山ブラック（こおりやまブラック）は、福島県郡山市で提供されているラーメン（ご当地ラーメン）である。,福島県,郡山市,郡山ブラック（こおりやまブラック）は、福島県郡山市で提供されているラーメン（ご当地ラーメン）である。,"osm(place=city,node:734866104)",199
あちゃら漬け,あちゃら漬け,ご当地,福岡県,福岡市,福岡県,福岡市,冒頭の定義文,あちゃら漬け（阿茶羅漬け、あちゃらづけ）は、福岡県福岡市（博多）の郷土料理。,福岡県,福岡市,あちゃら漬け（阿茶羅漬け、あちゃらづけ）は、福岡県福岡市（博多）の郷土料理。,"osm(place=city,node:1932338735)",198
両棒餅,両棒餅,発祥地,鹿児島県,,鹿児島県,,都道府県のみ,両棒餅（ぢゃんぼもち、じゃんぼもち）とは、鹿児島県で古くから親しまれている郷土菓子である。,,,,"osm(県庁所在地:鹿児島市,node:640003455)",196
津軽そば,津軽そば,発祥地,青森県,,青森県,,都道府県のみ,津軽そば（つがるそば）は、青森県津軽地方を中心に食されている郷土料理の蕎麦。,,,,"osm(県庁所在地:青森市,node:734876517)",196
足利シュウマイ,足利シュウマイ,ご当地,栃木県,足利市,栃木県,足利市,冒頭の定義文,足利シュウマイ（あしかがシュウマイ）は栃木県足利市のご当地グルメの1つ。,栃木県,足利市,足利シュウマイ（あしかがシュウマイ）は栃木県足利市のご当地グルメの1つ。,"osm(place=city,node:1108891308)",196
ばらずし (丹後地方),ばらずし (丹後地方),発祥地,京都府,京丹後市,京都府,京丹後市,発祥を述べる文,このようなことから、ばらずしの発祥は旧網野町地域と考えられている京丹後市史編さん委員会 2014 124。,京都府,京丹後市,2009年（平成21年）から2010年（平成22年）にかけて京丹後市で行われたアンケート2009年（平成21年）10月4日に丹後あじわいの郷（現在の道の駅丹後王国「食のみやこ」）で開催された京丹後市観光協会主催の「食の祭典」の参加者444名へのアンケート、2010年（平成22年）2月23日に開催された丹後農業研究所及び京丹後市観光協会共催の「丹後郷土料理ばらずしを語る」セミナー参加者89名（うち回答者63名）、京丹後市内の農家の女性、料理店、宿泊業者への聞き取り調査による中村 2012 90-96。,"osm(place=city,node:533681457)",194
金魚めし,金魚めし,ご当地,岐阜県,各務原市,岐阜県,各務原市,発祥を述べる文,金魚めし（きんぎょめし）とは、各務原にんじんの生産が盛んな岐阜県各務原市の鵜沼地区に伝わる郷土料理の一つである。,岐阜県,各務原市,金魚めし（きんぎょめし）とは、各務原にんじんの生産が盛んな岐阜県各務原市の鵜沼地区に伝わる郷土料理の一つである。,"osm(place=city,node:2017719379)",191
鮎鮨,鮎鮨,発祥地,奈良県,,奈良県,,都道府県のみ,鮎鮨（あゆずし）は鮎をたねにした鮨（なれずし）である。,,,,"osm(県庁所在地:奈良市,node:1922043513)",191
小田原系担々麺,小田原系担々麺,発祥地,神奈川県,小田原市,神奈川県,小田原市,冒頭の定義文,小田原系担々麺（おだわらけいタンタンめん）は、1975年に神奈川県小田原市上曽我で発祥した、ひき肉・ザーサイ・ニンニク・豆板醤などをベースとした、とろみの強いあんかけ風甘辛スープの担々麺を特徴とするラーメン店群である。,神奈川県,小田原市,それにも関わらず、提供されるタンタン麺が地元などで話題になると、それが小田原市のご当地ラーメンとして各メディアで紹介されるようになり、現在では、小田原系担々麺と呼称されるようになった。,"osm(place=city,node:2115184105)",191
もつカレー,もつカレー,ご当地,静岡県,静岡市,静岡県,静岡市,冒頭の定義文,もつカレーは、静岡県静岡市清水区を中心に食されているご当地グルメである。,静岡県,静岡市,もつカレーは、静岡県静岡市清水区を中心に食されているご当地グルメである。,"osm(place=city,node:763118317)",188
ウニ丼,ウニ丼,発祥地,北海道,,北海道,,都道府県のみ,発祥は北海道の礼文島といわれている。,,,,"osm(県庁所在地:札幌市,node:57683926)",188
ぼうり,ぼうり,ご当地,和歌山県,田辺市,和歌山県,田辺市,冒頭の定義文,ぼうりは、和歌山県大塔村（現・田辺市大塔地区）の郷土料理。,和歌山県,田辺市,ぼうりは、和歌山県大塔村（現・田辺市大塔地区）の郷土料理。,"osm(place=city,node:691599266)",184
那珂湊焼きそば,那珂湊焼きそば,ご当地,茨城県,ひたちなか市,茨城県,ひたちなか市,冒頭の定義文,那珂湊焼きそば（なかみなとやきそば）とは、茨城県ひたちなか市の那珂湊地区を中心に販売されているご当地焼きそばである。,茨城県,ひたちなか市,那珂湊焼きそば（なかみなとやきそば）とは、茨城県ひたちなか市の那珂湊地区を中心に販売されているご当地焼きそばである。,"osm(place=city,node:752603189)",184
せち焼き,せち焼き,ご当地,和歌山県,御坊市,和歌山県,御坊市,発祥を述べる文,和歌山県御坊市のご当地グルメである。,和歌山県,御坊市,和歌山県御坊市のご当地グルメである。,"osm(place=city,node:691599261)",183
えびおろし,えびおろし,発祥地,愛知県,大治町,愛知県,大治町,発祥を述べる文,1968年に橋爪淳が愛知県名古屋市瑞穂区で「えびすや」を開業（現在は愛知県海部郡大治町で「えびすや大治店」を営業）し、新メニューとして考案されたのが始まりであり、店主の橋爪淳が独立して開業する前に、「えびすや本店」（名古屋市中区）で、修業していた時、賄い料理として大根おろしをのせたうどんと、客からのリクエストでざるうどんにえび天を乗せていたことから、えびおろしの発想を思いついた。,,,,"osm(place=town,node:569005489)",182
新潟濃厚味噌ラーメン,新潟濃厚味噌ラーメン,発祥地,新潟県,新潟市,新潟県,新潟市,冒頭の定義文,新潟濃厚味噌ラーメン（にいがたのうこうみそラーメン）とは、新潟県新潟市西蒲区（旧巻町）発祥のラーメン。,,,,"osm(place=city,node:752398625)",182
にら豚,にら豚,発祥地,大分県,大分市,大分県,大分市,発祥を述べる文,にら豚（にらぶた）は、大分県大分市発祥の郷土料理。,,,,"osm(place=city,node:417258484)",181
円盤餃子,円盤餃子,ご当地,福島県,福島市,福島県,福島市,冒頭の定義文,円盤餃子（えんばんぎょうざ）は福島県福島市のご当地餃子。,福島県,福島市,円盤餃子（えんばんぎょうざ）は福島県福島市のご当地餃子。,"osm(place=city,node:734866113)",181
ぼうぜの姿寿司,ぼうぜの姿寿司,発祥地,徳島県,,徳島県,,都道府県のみ,ぼうぜの姿寿司（ぼうぜのすがたずし）は、イボダイを使った寿司の一種で、徳島県北部に伝わる郷土料理である。,,,,"osm(県庁所在地:徳島市,node:263264345)",179
チキンチキンごぼう,チキンチキンごぼう,ご当地,山口県,山口市,山口県,山口市,冒頭の定義文,チキンチキンごぼうは、山口県山口市を中心に広まる郷土料理の一つで、一口大に切った鶏肉と薄切りにしたゴボウをそれぞれ片栗粉をまぶして素揚げし、茹でた枝豆と共に砂糖や醤油などで作られた甘辛いタレに絡めた料理。,山口県,山口市,チキンチキンごぼうは、山口県山口市を中心に広まる郷土料理の一つで、一口大に切った鶏肉と薄切りにしたゴボウをそれぞれ片栗粉をまぶして素揚げし、茹でた枝豆と共に砂糖や醤油などで作られた甘辛いタレに絡めた料理。,"osm(place=city,node:697538055)",177
ンブシー,ンブシー,発祥地,沖縄県,,沖縄県,,都道府県のみ,ンブシーは、水分の多い野菜等の食材を蒸し煮する沖縄料理の調理方法、及び、その調理方法で作った料理。,,,,"osm(県庁所在地:那覇市,node:567940176)",177
ゴム焼きそば,ゴム焼きそば,ご当地,京都府,福知山市,京都府,福知山市,冒頭の定義文,ゴム焼きそば（ゴムやきそば）は、京都府福知山市内の料理店（焼きそば店・お好み焼き店）で提供されるご当地グルメ・ソウルフード・B級グルメ。,京都府,福知山市,ゴム焼きそば（ゴムやきそば）は、京都府福知山市内の料理店（焼きそば店・お好み焼き店）で提供されるご当地グルメ・ソウルフード・B級グルメ。,"osm(place=city,node:533681202)",177
ウニの貝焼き,ウニの貝焼き,ご当地,福島県,いわき市,福島県,いわき市,冒頭の定義文,ウニの貝焼き（ウニのかいやき）は、ウニの身をホッキ貝の殻に盛り付け、蒸し焼きにした福島県いわき市の郷土料理である。,福島県,いわき市,ウニの貝焼き（ウニのかいやき）は、ウニの身をホッキ貝の殻に盛り付け、蒸し焼きにした福島県いわき市の郷土料理である。,"osm(place=city,node:734866076)",177
味噌かんぷら,味噌かんぷら,発祥地,福島県,古殿町,福島県,古殿町,発祥を述べる文,味噌かんぷら    File:Misokampura.jpg        福島県古殿町            総菜、郷土料理      ジャガイモ味噌                      1味噌かんぷら（みそかんぷら）は、福島県の郷土料理。,福島県,古殿町,味噌かんぷら    File:Misokampura.jpg        福島県古殿町            総菜、郷土料理      ジャガイモ味噌                      1味噌かんぷら（みそかんぷら）は、福島県の郷土料理。,"osm(place=town,node:734866074)",175
はかりめ丼,はかりめ丼,ご当地,千葉県,富津市,千葉県,富津市,冒頭の定義文,はかりめ丼（はかりめどん）は、千葉県富津市で販売されているご当地グルメ。,千葉県,富津市,はかりめ丼（はかりめどん）は、千葉県富津市で販売されているご当地グルメ。,"osm(place=city,node:1977637091)",174
カニ汁,カニ汁,発祥地,北海道,,北海道,,都道府県のみ,北海道では、「鉄砲汁（てっぽうじる）」と呼称され、ご当地グルメ・郷土料理でもある。,,,,"osm(県庁所在地:札幌市,node:57683926)",173
亀山ラーメン,亀山ラーメン,ご当地,三重県,亀山市,三重県,亀山市,冒頭の定義文,亀山ラーメン（かめやまラーメン）は、三重県亀山市の亀山商工会議所と三重県が企画し、亀山市内のラーメン店が開発したご当地ラーメン。,三重県,亀山市,亀山ラーメン（かめやまラーメン）は、三重県亀山市の亀山商工会議所と三重県が企画し、亀山市内のラーメン店が開発したご当地ラーメン。,"osm(place=city,node:2970907194)",173
新潟あっさり醤油ラーメン,新潟あっさり醤油ラーメン,発祥地,新潟県,新潟市,新潟県,新潟市,冒頭の定義文,新潟あっさり醤油ラーメン（にいがたあっさりしょうゆラーメン）とは、新潟県新潟市中央区、主に新潟島周辺が発祥のラーメン。,,,,"osm(place=city,node:752398625)",172
かきめし,かきめし,発祥地,北海道,,北海道,,都道府県のみ,かきめしは、カキ（牡蠣）を使った料理の一種である。,,,,"osm(県庁所在地:札幌市,node:57683926)",167
豪雪うどん,豪雪うどん,ご当地,北海道,倶知安町,北海道,倶知安町,冒頭の定義文,豪雪うどん（ごうせつうどん）は、北海道倶知安町の名物うどん。,北海道,倶知安町,豪雪うどん（ごうせつうどん）は、北海道倶知安町の名物うどん。,"osm(place=town,node:204672378)",164
塩ホルモン,塩ホルモン,発祥地,北海道,上富良野町,北海道,上富良野町,発祥を述べる文,近隣の上富良野町は、豚サガリの発祥地である。,,,,"osm(place=town,node:389385487)",164
昆布巻き,昆布巻き,発祥地,富山県,,富山県,,都道府県のみ,昆布巻きかまぼこ昆布を渦巻状に巻きこんだかまぼこで、主に富山県で生産・消費される。,,,,"osm(県庁所在地:富山市,node:762306892)",162
高岡コロッケ,高岡コロッケ,ご当地,富山県,高岡市,富山県,高岡市,冒頭の定義文,高岡コロッケ（たかおかコロッケ）は、富山県高岡市で販売されているご当地コロッケである。,富山県,高岡市,高岡コロッケ（たかおかコロッケ）は、富山県高岡市で販売されているご当地コロッケである。,"osm(place=city,node:762306910)",162
わっぱ煮,わっぱ煮,発祥地,新潟県,,新潟県,,都道府県のみ,わっぱ煮（わっぱに）は、新潟県粟島の郷土料理である。,,,,"osm(県庁所在地:新潟市,node:752398625)",161
笹寿司 (長野・新潟),笹寿司 (長野・新潟),発祥地,新潟県,,新潟県,,都道府県のみ,新潟県ならびに長野県北信地方の郷土料理ともなっており、農山漁村の郷土料理百選に選定されている。,,,,"osm(県庁所在地:新潟市,node:752398625)",161
遠州焼き,遠州焼き,ご当地,静岡県,浜松市,静岡県,浜松市,冒頭の定義文,遠州焼き（えんしゅうやき）は、静岡県浜松市を中心とする地域で食されているお好み焼きの一種である。,静岡県,浜松市,遠州焼き（えんしゅうやき）は、静岡県浜松市を中心とする地域で食されているお好み焼きの一種である。,"osm(place=city,node:763118297)",160
ホワイトカレー,ホワイトカレー,発祥地,北海道,帯広市,北海道,帯広市,発祥を述べる文,発祥は帯広市のカレー店「カレーリーフ」が1998年5月のオープン時にフランス風カレーと言う名で提供したのが元祖で今も変わらぬ味のカレーを食す事ができる。,,,,"osm(place=city,node:262838820)",160
牛とろ丼,牛とろ丼,発祥地,北海道,清水町,北海道,清水町,発祥を述べる文,関連項目十勝清水牛玉ステーキ丼 - 牛とろ丼と同じ清水町のご当地丼。,,,,"osm(place=town,node:263098586)",160
えびす (料理),えびす (料理),ご当地,石川県,金沢市,石川県,金沢市,冒頭の定義文,えびすとは、石川県金沢市の郷土料理である。,石川県,金沢市,えびすとは、石川県金沢市の郷土料理である。,"osm(place=city,node:303913177)",159
黒部ダムカレー,黒部ダムカレー,発祥地,長野県,大町市,長野県,大町市,冒頭の定義文,黒部ダムカレー（くろべダムカレー）は、長野県大町市内の約20店舗（2023年現在）が提供している黒部ダムをモチーフとしたカレーライス。,,,,"osm(place=city,node:702987319)",157
中日そば,中日そば,ご当地,高知県,香南市,高知県,香南市,冒頭の定義文,中日そば（ちゅうにちそば）は高知県香南市で食べられている麺料理。,高知県,香南市,中日そば（ちゅうにちそば）は高知県香南市で食べられている麺料理。,"osm(place=city,node:1760556401)",157
下館ラーメン,下館ラーメン,発祥地,茨城県,筑西市,茨城県,筑西市,冒頭の定義文,下館ラーメン（しもだてラーメン）は、茨城県筑西市のうち、主に旧下館市界隈に所在する店舗で供されるラーメンの形態。,,,,"osm(place=city,node:3385454595)",157
小田原蒲鉾,小田原蒲鉾,記事名,神奈川県,小田原市,神奈川県,,都道府県のみ,その後同組合は改組し、2020年現在の権利者は神奈川県小田原市の「小田原蒲鉾協同組合」である。,,,,"osm(place=city,node:2115184105)",156
入善ブラウンラーメン,入善ブラウンラーメン,ご当地,富山県,入善町,富山県,入善町,発祥を述べる文,入善ブラウンラーメン（にゅうぜんブラウンラーメン）は、富山県入善町で地域おこしのために考案され、提供されているご当地ラーメンである。,富山県,入善町,入善ブラウンラーメン（にゅうぜんブラウンラーメン）は、富山県入善町で地域おこしのために考案され、提供されているご当地ラーメンである。,"osm(place=town,node:1862539849)",155
苫小牧ホッキカレー,苫小牧ホッキカレー,ご当地,北海道,苫小牧市,北海道,苫小牧市,冒頭の定義文,苫小牧ホッキカレー（とまこまいホッキカレー）は、北海道苫小牧市で販売されているご当地グルメのカレー料理である。,北海道,苫小牧市,苫小牧ホッキカレー（とまこまいホッキカレー）は、北海道苫小牧市で販売されているご当地グルメのカレー料理である。,"osm(place=city,node:263097353)",155
ごまだし,ごまだし,発祥地,大分県,佐伯市,大分県,佐伯市,冒頭の定義文,ごまだしは、焼いたエソ類などの魚の身、胡麻を擂り潰して、醤油等を混ぜて作られる大分県佐伯市の調味料である。,大分県,佐伯市,ごまだしうどんは、唯一の佐伯独自のうどん料理であるが、本来家庭料理であることもあり、佐伯市には現在もうどん専業店は少なく、食堂や居酒屋で提供される方が多い。,"osm(place=city,node:698791824)",154
瓜の鉄砲漬,瓜の鉄砲漬,ご当地,千葉県,成田市,千葉県,成田市,発祥を述べる文,瓜の鉄砲漬（うりのてっぽうづけ）は千葉県成田市・香取市の郷土料理。,千葉県,成田市,瓜の鉄砲漬（うりのてっぽうづけ）は千葉県成田市・香取市の郷土料理。,"osm(place=city,node:2098146368)",154
ゲソ丼,ゲソ丼,発祥地,北海道,岩見沢市,北海道,岩見沢市,発祥を述べる文,また、旭川市から約100km離れた岩見沢市にもゲソ丼を扱う蕎麦屋「小もろそば」（創業1966年）がかつて存在した。,,,,"osm(place=city,node:383332866)",154
くさりずし,くさりずし,発祥地,千葉県,,千葉県,,都道府県のみ,千葉県くさりずしは千葉県九十九里浜地域の伝統的な保存食。,和歌山県,有田市,有田市和歌山県有田市の郷土料理であるサバのなれずしは強い発酵臭を伴うため、くさりずしの別名がある。,"osm(県庁所在地:千葉市,node:3675848658)",152
餡餅雑煮,餡餅雑煮,発祥地,香川県,,香川県,,都道府県のみ,餡餅雑煮（あんもちぞうに）は雑煮の一種で、香川県（特に東部の平野部）、熊本県の海岸部にみられる郷土料理である。,,,,"osm(県庁所在地:高松市,node:574804765)",152
からつバーガー,からつバーガー,ご当地,佐賀県,唐津市,佐賀県,唐津市,冒頭の定義文,からつバーガー（唐津バーガー）とは、佐賀県唐津市のご当地バーガーである。,佐賀県,唐津市,からつバーガー（唐津バーガー）とは、佐賀県唐津市のご当地バーガーである。,"osm(place=city,node:1954714987)",152
いぎす豆腐,いぎす豆腐,ご当地,愛媛県,今治市,愛媛県,今治市,発祥を述べる文,いぎす豆腐（いぎすどうふ）とは、愛媛県今治市を中心とした瀬戸内海地方に伝わる郷土料理。,愛媛県,今治市,いぎす豆腐（いぎすどうふ）とは、愛媛県今治市を中心とした瀬戸内海地方に伝わる郷土料理。,"osm(place=city,node:637454152)",151
大根そば,大根そば,発祥地,栃木県,,栃木県,,都道府県のみ,栃木県栃木県佐野市を含み群馬県にまたがる両毛地区は小麦の生産が盛んでうどんは常食であった伝。,福島県,矢吹町,また、十返舎一九の『諸国道中金の草鞋』「奥州路之巻」では矢吹宿（現・福島県矢吹町）で弥次郎兵衛と喜多八が名物の「大根そば」を食し、蕎麦が少量で大根が大量であったため、「これでは大根そばではなくそば大根だ」と憤慨するシーンが描かれている。,"osm(県庁所在地:宇都宮市,node:1108891208)",150
高岡グリーンラーメン,高岡グリーンラーメン,ご当地,富山県,高岡市,富山県,高岡市,発祥を述べる文,高岡グリーンラーメン（たかおかグリーンラーメン）とは、富山県高岡市で、地域おこしの一環として考案され、提供されているご当地ラーメンである。,富山県,高岡市,高岡グリーンラーメン（たかおかグリーンラーメン）とは、富山県高岡市で、地域おこしの一環として考案され、提供されているご当地ラーメンである。,"osm(place=city,node:762306910)",149
信州味噌ラーメン,信州味噌ラーメン,発祥地,長野県,,長野県,,都道府県のみ,信州味噌ラーメン（しんしゅうみそラーメン）は、長野県のご当地ラーメン。,,,,"osm(県庁所在地:長野市,node:702987391)",148
安養寺ラーメン,安養寺ラーメン,ご当地,長野県,佐久市,長野県,佐久市,冒頭の定義文,安養寺ラーメン（あんようじラーメン）とは、長野県佐久市にある臨済宗安養寺で造られていた安養寺みそを使って、新たな町おこしの一環として、安養寺ラーメン開発メンバーが2008年に造り上げた佐久市のご当地ラーメンである。,長野県,佐久市,安養寺ラーメン（あんようじラーメン）とは、長野県佐久市にある臨済宗安養寺で造られていた安養寺みそを使って、新たな町おこしの一環として、安養寺ラーメン開発メンバーが2008年に造り上げた佐久市のご当地ラーメンである。,"osm(place=city,node:5901282261)",148
上川ラーメン,上川ラーメン,発祥地,北海道,,北海道,,都道府県のみ,上川ラーメン（かみかわラーメン）とは、北海道上川郡上川町で供され食されるラーメンであり、ご当地ラーメン（ご当地グルメ）の一つ。,,,,"osm(県庁所在地:札幌市,node:57683926)",147
三島ゴム焼きそば,三島ゴム焼きそば,ご当地,静岡県,三島市,静岡県,三島市,冒頭の定義文,三島ゴム焼きそば（みしまゴムやきそば）は、かつて静岡県三島市の焼きそば店で提供されていたご当地グルメ・ソウルフード。,静岡県,三島市,三島ゴム焼きそば（みしまゴムやきそば）は、かつて静岡県三島市の焼きそば店で提供されていたご当地グルメ・ソウルフード。,"osm(place=city,node:763099675)",146
富良野オムカレー,富良野オムカレー,ご当地,北海道,富良野市,北海道,富良野市,冒頭の定義文,富良野オムカレー（ふらのオムカレー）は、北海道富良野市のご当地グルメ。,北海道,富良野市,富良野オムカレー（ふらのオムカレー）は、北海道富良野市のご当地グルメ。,"osm(place=city,node:389337975)",146
具雑煮,具雑煮,発祥地,長崎県,,長崎県,,都道府県のみ,具雑煮（ぐぞうに）は、長崎県島原地方の郷土料理。,,,,"osm(県庁所在地:長崎市,node:568515366)",145
えのき氷,えのき氷,発祥地,長野県,中野市,長野県,中野市,冒頭の定義文,えのき氷（えのきごおり、えのきこおり）とは、エノキタケを主原料とする加工食品であり、長野県中野市農業協同組合（以下、JA中野市）の登録商標である（登録番号 第5340131号）。,,,,"osm(place=city,node:702987403)",145
西馬音内そば,西馬音内そば,ご当地,秋田県,羽後町,秋田県,羽後町,冒頭の定義文,西馬音内そば（にしもないそば）は、秋田県羽後町の郷土料理。,秋田県,羽後町,西馬音内そば（にしもないそば）は、秋田県羽後町の郷土料理。,"osm(place=town,node:752195604)",144
おやべホワイトラーメン,おやべホワイトラーメン,ご当地,富山県,小矢部市,富山県,小矢部市,発祥を述べる文,おやべホワイトラーメンとは、富山県小矢部市で、地域おこしの一環として考案され、提供されているご当地ラーメンである。,富山県,小矢部市,おやべホワイトラーメンとは、富山県小矢部市で、地域おこしの一環として考案され、提供されているご当地ラーメンである。,"osm(place=city,node:1862532040)",144
肉巻きおにぎり,肉巻きおにぎり,発祥地,宮崎県,,宮崎県,,都道府県のみ,宮崎県発祥のご当地ファーストフード（B級グルメ）である。,,,,"osm(県庁所在地:宮崎市,node:739203629)",143
宮津カレー焼きそば,宮津カレー焼きそば,ご当地,京都府,宮津市,京都府,宮津市,冒頭の定義文,宮津カレー焼きそば（みやづカレーやきそば）は、京都府宮津市のご当地グルメ（B級グルメ）。,京都府,宮津市,宮津カレー焼きそば（みやづカレーやきそば）は、京都府宮津市のご当地グルメ（B級グルメ）。,"osm(place=city,node:533681218)",143
磯ラーメン,磯ラーメン,発祥地,岩手県,大槌町,岩手県,大槌町,発祥を述べる文,磯ラーメン発祥の地をうたう大槌町には１月末、同社から「（沿岸）地域で商品名として使われていることを調べずに出願し、申し訳なかった」との電話があったという。,青森県,八戸市,磯ラーメン（いそラーメン）は、主に岩手県三陸沿岸地方から青森県八戸市にかけて供されるご当地ラーメン。,"osm(place=town,node:691229934)",143
じゅんじゅん,じゅんじゅん,発祥地,滋賀県,,滋賀県,,都道府県のみ,じゅんじゅんは滋賀県の郷土料理。,,,,"osm(県庁所在地:大津市,node:541402993)",141
ニシ汁,ニシ汁,ご当地,愛知県,南知多町,愛知県,南知多町,冒頭の定義文,ニシ汁は、愛知県知多郡南知多町の篠島で主に食べられる郷土料理。,愛知県,南知多町,ニシ汁は、愛知県知多郡南知多町の篠島で主に食べられる郷土料理。,"osm(place=town,node:569005316)",140
なすそうめん,なすそうめん,発祥地,石川県,,石川県,,都道府県のみ,なすそうめんは石川県や香川県の郷土料理。,石川県,金沢市,そんな素麺産地の名残のような料理が、金沢市で食べられているなすそうめんである石川 産経。,"osm(県庁所在地:金沢市,node:303913177)",139
パパイヤ漬け,パパイヤ漬け,発祥地,鹿児島県,,鹿児島県,,都道府県のみ,主に鹿児島県の奄美群島で作られている他、沖縄県でも作られている。,,,,"osm(県庁所在地:鹿児島市,node:640003455)",139
へぼ飯,へぼ飯,発祥地,愛知県,,愛知県,,都道府県のみ,へぼ飯（へぼめし）は、愛知県の三河地域、岐阜県の東濃地域の郷土料理。,,,,"osm(県庁所在地:名古屋市,node:569005393)",138
桐生うどん,桐生うどん,発祥地,群馬県,桐生市,群馬県,桐生市,冒頭の定義文,桐生うどん（きりゅううどん）は、群馬県桐生市とその周辺地域で生産され食べられているうどんである。,,,,"osm(place=city,node:1068823646)",137
かつラーメン,かつラーメン,ご当地,秋田県,小坂町,秋田県,小坂町,冒頭の定義文,かつラーメンは、秋田県小坂町のご当地ラーメン。,秋田県,小坂町,かつラーメンは、秋田県小坂町のご当地ラーメン。,"osm(place=town,node:3148342461)",136
府中味噌,府中味噌,発祥地,広島県,,広島県,,都道府県のみ,府中味噌（ふちゅうみそ）は広島県の味噌。,,,,"osm(県庁所在地:広島市,node:1590291928)",135
パンカツ,パンカツ,ご当地,東京都,八王子市,東京都,八王子市,冒頭の定義文,パンカツとは、東京都八王子市のご当地グルメで、カツの一種である。,東京都,八王子市,パンカツとは、東京都八王子市のご当地グルメで、カツの一種である。,"osm(place=city,node:622423997)",134
ふなんこぐい,ふなんこぐい,ご当地,佐賀県,鹿島市,佐賀県,鹿島市,冒頭の定義文,ふなんこぐいは、佐賀県鹿島市の郷土料理。,佐賀県,鹿島市,ふなんこぐいは、佐賀県鹿島市の郷土料理。,"osm(place=city,node:1954716191)",134
いぎす,いぎす,発祥地,鳥取県,,鳥取県,,都道府県のみ,いぎすは、鳥取県中部地域の郷土料理。,,,,"osm(県庁所在地:鳥取市,node:697537844)",132
鮒の子まぶし,鮒の子まぶし,発祥地,滋賀県,,滋賀県,,都道府県のみ,滋賀県の郷土料理。,,,,"osm(県庁所在地:大津市,node:541402993)",131
スカレー,スカレー,発祥地,神奈川県,横須賀市,神奈川県,横須賀市,冒頭の定義文,スカレー（Sucurry）は、神奈川県横須賀市の「よこすか海軍カレー」の公式キャラクター。,神奈川県,横須賀市,行ってみたい場所：イギリス活躍現在は「よこすか海軍カレー」のみならず「よこすか海軍カレーパン」など他の横須賀市の名産品、イベントの広報大使として活躍するほか、青地の制服を着た「BIGスカレーちゃん」が、市内や県内の様々なイベント、テレビ番組などにも登場し活躍している。,"osm(place=city,node:2115184112)",131
スキー汁,スキー汁,ご当地,新潟県,上越市,新潟県,上越市,冒頭の定義文,スキー汁（スキーじる）は、新潟県上越市の郷土料理。,新潟県,上越市,スキー汁（スキーじる）は、新潟県上越市の郷土料理。,"osm(place=city,node:752398522)",130
神代カレー,神代カレー,ご当地,秋田県,仙北市,秋田県,仙北市,冒頭の定義文,神代カレー（じんだいカレー）は、秋田県仙北市周辺で販売されているカレーライス。,秋田県,仙北市,神代カレー（じんだいカレー）は、秋田県仙北市周辺で販売されているカレーライス。,"osm(place=city,node:752195640)",130
小田原おでん,小田原おでん,発祥地,神奈川県,小田原市,神奈川県,小田原市,冒頭の定義文,小田原おでん（おだわらおでん）は、神奈川県小田原市内の料理店で供されるおでん料理の一種。,,,,"osm(place=city,node:2115184105)",129
とうふちくわ,とうふちくわ,発祥地,鳥取県,,鳥取県,,都道府県のみ,とうふちくわ（豆腐竹輪）とは、鳥取県東部で食されている郷土料理である。,,,,"osm(県庁所在地:鳥取市,node:697537844)",128
登別閻魔やきそば,登別閻魔やきそば,ご当地,北海道,登別市,北海道,登別市,冒頭の定義文,登別閻魔やきそば（のぼりべつえんまやきそば）とは、北海道登別市で提供されるご当地焼きそばである。,北海道,登別市,登別閻魔やきそば（のぼりべつえんまやきそば）とは、北海道登別市で提供されるご当地焼きそばである。,"osm(place=city,node:420892715)",128
対馬とんちゃん,対馬とんちゃん,発祥地,長崎県,対馬市,長崎県,対馬市,冒頭の定義文,対馬とんちゃん（つしまとんちゃん）は、長崎県対馬市発祥の豚肉料理。,,,,"osm(place=city,node:2852440585)",127
南関そうめん,南関そうめん,発祥地,熊本県,南関町,熊本県,南関町,冒頭の定義文,南関そうめん（なんかんそうめん）は、熊本県南関町の伝統食材。,,,,"osm(place=town,node:739281323)",127
パンロール,パンロール,発祥地,北海道,小樽市,北海道,小樽市,冒頭の定義文,パンロールとは、北海道小樽市に本社を構えるかまぼこ等の練り製品の製造・販売を手がけるかま栄が開発したすり身を食パンで巻いた揚げパンである。,,,,"osm(place=city,node:3012162160)",126
白樺派のカレー,白樺派のカレー,ご当地,千葉県,我孫子市,千葉県,我孫子市,冒頭の定義文,白樺派のカレー（しらかばはのカレー）は、千葉県我孫子市を中心に販売されているカレー及び、カレーライスである。,千葉県,我孫子市,白樺派のカレー（しらかばはのカレー）は、千葉県我孫子市を中心に販売されているカレー及び、カレーライスである。,"osm(place=city,node:2098146404)",126
どんがら汁,どんがら汁,発祥地,山形県,,山形県,,都道府県のみ,どんがら汁（どんがらじる）は、タラを使用した山形県庄内地方の郷土料理。,,,,"osm(県庁所在地:山形市,node:752206840)",124
男鹿のやきそば,男鹿のやきそば,ご当地,秋田県,男鹿市,秋田県,男鹿市,発祥を述べる文,男鹿しょっつる焼きそば（おがしょっつるやきそば）は、秋田県男鹿市で開発されたご当地焼きそばである。,秋田県,男鹿市,男鹿しょっつる焼きそば（おがしょっつるやきそば）は、秋田県男鹿市で開発されたご当地焼きそばである。,"osm(place=city,node:752195644)",123
高菜めし,高菜めし,発祥地,熊本県,,熊本県,,都道府県のみ,高菜めし（たかなめし）は、熊本県および筑後地方の郷土料理。,,,,"osm(県庁所在地:熊本市,node:642042925)",122
海賊焼,海賊焼,ご当地,静岡県,西伊豆町,静岡県,西伊豆町,冒頭の定義文,海賊焼（かいぞくやき）とは、静岡県西伊豆町で販売されているご当地焼きそばである。,静岡県,西伊豆町,海賊焼（かいぞくやき）とは、静岡県西伊豆町で販売されているご当地焼きそばである。,"osm(place=town,node:2377927313)",122
行方バーガー,行方バーガー,ご当地,茨城県,行方市,茨城県,行方市,冒頭の定義文,行方バーガー（なめがたバーガー）は、茨城県行方市のご当地グルメである。,茨城県,行方市,行方バーガー（なめがたバーガー）は、茨城県行方市のご当地グルメである。,"osm(place=city,node:2115199906)",122
いりこ飯,いりこ飯,発祥地,香川県,,香川県,,都道府県のみ,香川県では、カタクチイワシを茹でて干したいりこの炊き込みごはんが食されてきた。,,,,"osm(県庁所在地:高松市,node:574804765)",119
ゴッコ汁,ゴッコ汁,発祥地,北海道,,北海道,,都道府県のみ,ゴッコ汁（ゴッコじる）は、主に北海道で収獲される魚ゴッコ（）を使用した鍋料理。,,,,"osm(県庁所在地:札幌市,node:57683926)",119
大船渡さんまらーめん,大船渡さんまらーめん,ご当地,岩手県,大船渡市,岩手県,大船渡市,冒頭の定義文,大船渡さんまらーめん（おおふなとさんまらーめん）とは、岩手県大船渡市で供されるご当地ラーメンである。,岩手県,大船渡市,大船渡さんまらーめん（おおふなとさんまらーめん）とは、岩手県大船渡市で供されるご当地ラーメンである。,"osm(place=city,node:691229932)",119
サイダーかん,サイダーかん,発祥地,静岡県,富士市,静岡県,富士市,冒頭の定義文,サイダーかんは、サイダーと寒天を原料とする静岡県富士市に特有の洋生菓子の一種。,,,,"osm(place=city,node:763118309)",118
徳島丼,徳島丼,発祥地,徳島県,,徳島県,,都道府県のみ,2009年にミュージシャンの桑田佳祐がホストを務める音楽番組『桑田佳祐の音楽寅さん 〜MUSIC TIGER〜』で紹介されたのがきっかけで話題を呼び、徳島県庁にも問い合わせが相次いだ。,,,,"osm(県庁所在地:徳島市,node:263264345)",118
鬼そば,鬼そば,ご当地,京都府,福知山市,京都府,福知山市,発祥を述べる文,鬼そば（おにそば）は京都府福知山市に伝わる郷土料理の生蕎麦（きそば）であり、その名称である。,京都府,福知山市,鬼そば（おにそば）は京都府福知山市に伝わる郷土料理の生蕎麦（きそば）であり、その名称である。,"osm(place=city,node:533681202)",117
ブルブル,ブルブル,ご当地,福島県,福島市,福島県,福島市,冒頭の定義文,ブルブルとは、福島県福島市名物の豚肉料理である。,福島県,福島市,ブルブルとは、福島県福島市名物の豚肉料理である。,"osm(place=city,node:734866113)",117
岩沼とんちゃん,岩沼とんちゃん,ご当地,宮城県,岩沼市,宮城県,岩沼市,冒頭の定義文,岩沼とんちゃん（いわぬまとんちゃん）とは、宮城県岩沼市を中心とした地域で食べられている豚のホルモン焼き料理の総称。,宮城県,岩沼市,岩沼とんちゃん（いわぬまとんちゃん）とは、宮城県岩沼市を中心とした地域で食べられている豚のホルモン焼き料理の総称。,"osm(place=city,node:752184879)",117
天ぷらラーメン,天ぷらラーメン,発祥地,北海道,岩内町,北海道,岩内町,発祥を述べる文,歴史発祥については諸説あるが、1940年頃、北海道岩内郡岩内町で営業していた福井庵という蕎麦屋が、「天ぷらそばの天ぷら（かき揚げと思われる）をラーメンに入れてけれや」との常連客からの注文に応じてメニュー化したものが評判になり、これが町内の他の飲食店にひろがったとの説が有力である。,,,,"osm(place=town,node:391743205)",117
八幡ぎょうざ,八幡ぎょうざ,ご当地,福岡県,北九州市,福岡県,北九州市,冒頭の定義文,八幡ぎょうざ（やはたぎょうざ）とは、福岡県北九州市八幡地域（八幡東区、八幡西区）にて提供される餃子である。,福岡県,北九州市,近年は、北九州市の魅力を発信するご当地グルメの一つとして紹介されることもある。,"osm(place=city,node:5410283420)",116
忠七めし,忠七めし,ご当地,埼玉県,小川町,埼玉県,小川町,冒頭の定義文,忠七めしとはかつて埼玉県の小川町に伝わっていた郷土料理の一つである。,埼玉県,小川町,忠七めしとはかつて埼玉県の小川町に伝わっていた郷土料理の一つである。,"osm(place=town,node:863433506)",115
かしわバター丼,かしわバター丼,発祥地,香川県,高松市,香川県,高松市,発祥を述べる文,高松市中心部にある「武内食堂」が発祥とされる。,,,,"osm(place=city,node:574804765)",115
あご野焼き,あご野焼き,発祥地,鳥取県,,鳥取県,,都道府県のみ,鳥取県ではあごちくわとも呼ばれる。,,,,"osm(県庁所在地:鳥取市,node:697537844)",113
がね,がね,ご当地,宮崎県,都城市,鹿児島県,,都道府県のみ,がねは、鹿児島県、宮崎県都城市の郷土料理。,宮崎県,都城市,がねは、鹿児島県、宮崎県都城市の郷土料理。,"osm(place=city,node:739203636)",113
にしんの山椒漬け,にしんの山椒漬け,発祥地,福島県,,福島県,,都道府県のみ,にしんの山椒漬け（にしんのさんしょうづけ）は、福島県会津地方の郷土料理。,,,,"osm(県庁所在地:福島市,node:734866113)",112
京漬物,京漬物,発祥地,京都府,,京都府,,都道府県のみ,京漬物（きょうつけもの）は、京都府産の野菜から京都でつくられた漬物の総称。,,,,"osm(県庁所在地:京都市,node:533681139)",112
そずり鍋,そずり鍋,ご当地,岡山県,津山市,岡山県,津山市,冒頭の定義文,そずり鍋（そずりなべ）とは、岡山県津山市の郷土料理で、名物鍋料理。,岡山県,津山市,そずり鍋（そずりなべ）とは、岡山県津山市の郷土料理で、名物鍋料理。,"osm(place=city,node:1909470228)",112
阿波ういろ,阿波ういろ,ご当地,徳島県,徳島市,徳島県,徳島市,冒頭の定義文,阿波ういろ（あわういろ）は、徳島県徳島市を中心に作られる「ういろう」の総称。,徳島県,徳島市,阿波ういろ（あわういろ）は、徳島県徳島市を中心に作られる「ういろう」の総称。,"osm(place=city,node:263264345)",112
下松牛骨ラーメン,下松牛骨ラーメン,ご当地,山口県,下松市,山口県,下松市,冒頭の定義文,下松牛骨ラーメン（くだまつぎゅうこつラーメン）は、山口県下松市のご当地ラーメン。,山口県,下松市,下松牛骨ラーメン（くだまつぎゅうこつラーメン）は、山口県下松市のご当地ラーメン。,"osm(place=city,node:836095712)",109
東京油そば,東京油そば,発祥地,東京都,杉並区,東京都,杉並区,発祥を述べる文,東京都杉並区を発祥とする東京のストリートフードである。,,,,"osm(place=city,node:718383251)",108
トドカレー,トドカレー,発祥地,北海道,,北海道,,都道府県のみ,トドカレーとは、北海道で土産などとして売られている、トドの肉を使用したカレーである。,,,,"osm(県庁所在地:札幌市,node:57683926)",108
大東そば,大東そば,発祥地,沖縄県,那覇市,沖縄県,那覇市,冒頭の定義文,現在は那覇市内の製麺所で製造され、直営店である「元祖大東そば」で提供されている。,,,,"osm(place=city,node:567940176)",107
ドゥル天,ドゥル天,発祥地,沖縄県,,沖縄県,,都道府県のみ,thumb|ドゥル天ドゥル天（どぅるてん）は、タイモを使った沖縄県の揚げ物料理。,,,,"osm(県庁所在地:那覇市,node:567940176)",105
東京大田汐焼きそば,東京大田汐焼きそば,ご当地,東京都,大田区,東京都,大田区,冒頭の定義文,東京大田汐焼きそば（とうきょうおおたしおやきそば）とは、東京都大田区のご当地焼きそば。,東京都,大田区,東京大田汐焼きそば（とうきょうおおたしおやきそば）とは、東京都大田区のご当地焼きそば。,"osm(place=city,node:1111454606)",102
つぼ汁,つぼ汁,発祥地,山梨県,,山梨県,,都道府県のみ,つぼ汁（つぼじる、つぼの味噌汁）は、山梨県の甲府盆地から長野県にかけての範囲で食されているタニシの味噌汁である。,,,,"osm(県庁所在地:甲府市,node:1808192270)",101
性学もち,性学もち,発祥地,千葉県,,千葉県,,都道府県のみ,性学もち（せいがくもち）は、千葉県の郷土料理。,,,,"osm(県庁所在地:千葉市,node:3675848658)",101
串木野まぐろラーメン,串木野まぐろラーメン,ご当地,鹿児島県,いちき串木野市,鹿児島県,いちき串木野市,冒頭の定義文,串木野まぐろラーメン(くしきのまぐろラーメン)とは、鹿児島県いちき串木野市のうち、旧串木野市域で提供されているご当地ラーメンである。,鹿児島県,いちき串木野市,串木野まぐろラーメン(くしきのまぐろラーメン)とは、鹿児島県いちき串木野市のうち、旧串木野市域で提供されているご当地ラーメンである。,"osm(place=city,node:739243867)",101
砂たまご,砂たまご,ご当地,鳥取県,鳥取市,鳥取県,鳥取市,冒頭の定義文,砂たまご（すなたまご、砂卵とも）とは、鶏卵を利用した鳥取県鳥取市のご当地グルメ。,鳥取県,鳥取市,砂たまご（すなたまご、砂卵とも）とは、鶏卵を利用した鳥取県鳥取市のご当地グルメ。,"osm(place=city,node:697537844)",100
魚うどん,魚うどん,ご当地,宮崎県,日南市,宮崎県,日南市,冒頭の定義文,魚うどん（ぎょうどん）は、宮崎県日南市周辺の郷土料理である。,宮崎県,日南市,魚うどん（ぎょうどん）は、宮崎県日南市周辺の郷土料理である。,"osm(place=city,node:739203609)",98
信州サーモン丼,信州サーモン丼,ご当地,長野県,安曇野市,長野県,安曇野市,冒頭の定義文,信州サーモン丼（しんしゅうサーモンどん）は、長野県安曇野市を中心に販売されているご当地グルメの丼である。,長野県,安曇野市,信州サーモン丼（しんしゅうサーモンどん）は、長野県安曇野市を中心に販売されているご当地グルメの丼である。,"osm(place=city,node:702987365)",98
うどラーメン,うどラーメン,ご当地,東京都,立川市,東京都,立川市,冒頭の定義文,うどラーメンとは、東京都立川市のご当地ラーメン（ご当地グルメ）。,東京都,立川市,うどラーメンとは、東京都立川市のご当地ラーメン（ご当地グルメ）。,"osm(place=city,node:1440311172)",98
小鮎の甘露煮,小鮎の甘露煮,ご当地,滋賀県,大津市,滋賀県,大津市,発祥を述べる文,第二次世界大戦以前は、大津市の名物、土産物として盛んに作られた。,滋賀県,大津市,第二次世界大戦以前は、大津市の名物、土産物として盛んに作られた。,"osm(place=city,node:541402993)",97
あがら丼,あがら丼,ご当地,和歌山県,田辺市,和歌山県,田辺市,冒頭の定義文,あがら丼（あがらどん）は、和歌山県田辺市の観光協会を中心としたプロモーション事業で提供されている丼物の総称である。,和歌山県,田辺市,あがら丼（あがらどん）は、和歌山県田辺市の観光協会を中心としたプロモーション事業で提供されている丼物の総称である。,"osm(place=city,node:691599266)",96
氷見カレー,氷見カレー,ご当地,富山県,氷見市,富山県,氷見市,冒頭の定義文,氷見カレー（ひみカレー）は、富山県氷見市で提供・販売されている、煮干しを使ったご当地カレーである。,富山県,氷見市,氷見カレー（ひみカレー）は、富山県氷見市で提供・販売されている、煮干しを使ったご当地カレーである。,"osm(place=city,node:762305933)",96
ちたけそば,ちたけそば,発祥地,栃木県,,栃木県,,都道府県のみ,ちたけそばは、栃木県平野部の郷土料理。,,,,"osm(県庁所在地:宇都宮市,node:1108891208)",95
春日部やきそば,春日部やきそば,ご当地,埼玉県,春日部市,埼玉県,春日部市,冒頭の定義文,春日部やきそば（かすかべやきそば）とは、埼玉県春日部市で販売されているご当地グルメの焼きそばである。,埼玉県,春日部市,春日部やきそば（かすかべやきそば）とは、埼玉県春日部市で販売されているご当地グルメの焼きそばである。,"osm(place=city,node:864248665)",94
もつそば,もつそば,発祥地,北海道,,北海道,,都道府県のみ,「もつそば」という名前のもつが載ったラーメンは北海道外にもあるが、もつが載った日本そばが供されるのは、北海道旭川市と南空知地区（岩見沢市・美唄市など）のみある。,,,,"osm(県庁所在地:札幌市,node:57683926)",93
鮎雑炊,鮎雑炊,発祥地,岐阜県,,岐阜県,,都道府県のみ,鮎雑炊（あゆぞうすい）とは、岐阜県の木曽川流域、長良川流域、揖斐川流域に伝わる郷土料理の一つである。,,,,"osm(県庁所在地:岐阜市,node:5488948282)",93
ピネライス,ピネライス,ご当地,京都府,京都市,京都府,京都市,冒頭の定義文,ピネライスは、京都市のご当地グルメ。,京都府,京都市,ピネライスは、京都市のご当地グルメ。,"osm(place=city,node:533681139)",93
白味噌雑煮,白味噌雑煮,発祥地,京都府,,京都府,,都道府県のみ,京都府、大阪府、和歌山県、香川県などで食される白味噌仕立ての雑煮である。,,,,"osm(県庁所在地:京都市,node:533681139)",93
うすやき,うすやき,発祥地,山梨県,,山梨県,,都道府県のみ,うすやき（うす焼き、薄焼き）は、山梨県全域および岩手県盛岡市の郷土料理。,岩手県,盛岡市,うすやき（うす焼き、薄焼き）は、山梨県全域および岩手県盛岡市の郷土料理。,"osm(県庁所在地:甲府市,node:1808192270)",92
そば米汁,そば米汁,ご当地,徳島県,三好市,徳島県,三好市,冒頭の定義文,そば米汁（そばごめじる）またはそば米雑炊（そばごめぞうすい）は、徳島県三好市の郷土料理。,徳島県,三好市,そば米汁（そばごめじる）またはそば米雑炊（そばごめぞうすい）は、徳島県三好市の郷土料理。,"osm(place=city,node:309633282)",92
ねずし,ねずし,発祥地,岐阜県,,岐阜県,,都道府県のみ,ねずし（寝鮓、寝寿司、飛騨寝鮓）とは、岐阜県飛騨地方の郷土料理で、なれずしの一種。,,,,"osm(県庁所在地:岐阜市,node:5488948282)",92
スヤキ,スヤキ,ご当地,滋賀県,甲賀市,滋賀県,甲賀市,冒頭の定義文,スヤキとは、滋賀県甲賀市のご当地グルメの焼きそばである。,滋賀県,甲賀市,スヤキとは、滋賀県甲賀市のご当地グルメの焼きそばである。,"osm(place=city,node:541403008)",92
ホワイトガウラーメン,ホワイトガウラーメン,ご当地,千葉県,袖ケ浦市,千葉県,袖ケ浦市,冒頭の定義文,ホワイトガウラーメンは千葉県袖ケ浦市のご当地ラーメン。,千葉県,袖ケ浦市,ホワイトガウラーメンは千葉県袖ケ浦市のご当地ラーメン。,"osm(place=city,node:2098215068)",92
ヒカド,ヒカド,ご当地,長崎県,長崎市,長崎県,長崎市,冒頭の定義文,ヒカドは、長崎県長崎市の郷土料理。,長崎県,長崎市,ヒカドは、長崎県長崎市の郷土料理。,"osm(place=city,node:568515366)",91
口取り菓子,口取り菓子,発祥地,北海道,,北海道,,都道府県のみ,ここでは、北海道での口取りについて記述する。,,,,"osm(県庁所在地:札幌市,node:57683926)",91
むきそば,むきそば,ご当地,山形県,酒田市,山形県,酒田市,冒頭の定義文,むきそばは山形県酒田市の郷土料理。,山形県,酒田市,むきそばは山形県酒田市の郷土料理。,"osm(place=city,node:752206814)",91
しおかつお,しおかつお,発祥地,静岡県,西伊豆町,静岡県,西伊豆町,冒頭の定義文,しおかつお（潮鰹、塩鰹）は静岡県西伊豆町で作られる伝統的な保存食。,,,,"osm(place=town,node:2377927313)",90
伊勢崎もんじゃ,伊勢崎もんじゃ,ご当地,群馬県,伊勢崎市,群馬県,伊勢崎市,冒頭の定義文,伊勢崎もんじゃ（いせさきもんじゃ）は、群馬県伊勢崎市におけるご当地グルメ。,群馬県,伊勢崎市,伊勢崎もんじゃ（いせさきもんじゃ）は、群馬県伊勢崎市におけるご当地グルメ。,"osm(place=city,node:1068823679)",90
青森生姜味噌おでん,青森生姜味噌おでん,ご当地,青森県,青森市,青森県,青森市,冒頭の定義文,青森生姜味噌おでん（あおもりしょうがみそおでん）とは青森県青森市を中心としたおでん料理である。,青森県,青森市,青森生姜味噌おでん（あおもりしょうがみそおでん）とは青森県青森市を中心としたおでん料理である。,"osm(place=city,node:734876517)",90
へらへら団子,へらへら団子,ご当地,神奈川県,横須賀市,神奈川県,横須賀市,発祥を述べる文,へらへら団子（へらへらだんご）は、神奈川県横須賀市西部の佐島地区に伝わる郷土料理で、団子に餡をからめた和菓子である。,神奈川県,横須賀市,へらへら団子（へらへらだんご）は、神奈川県横須賀市西部の佐島地区に伝わる郷土料理で、団子に餡をからめた和菓子である。,"osm(place=city,node:2115184112)",90
鶏肉のレモン漬け,鶏肉のレモン漬け,発祥地,兵庫県,赤穂市,兵庫県,赤穂市,発祥を述べる文,兵庫県赤穂市発祥の料理。,,,,"osm(place=city,node:721818401)",89
どんどろけ飯,どんどろけ飯,発祥地,鳥取県,,鳥取県,,都道府県のみ,どんどろけ飯（どんどろけめし）は、鳥取県東部、中部地域の郷土料理。,,,,"osm(県庁所在地:鳥取市,node:697537844)",88
とまこまいカレーラーメン,とまこまいカレーラーメン,発祥地,北海道,,北海道,,都道府県のみ,とまこまいカレーラーメンは、北海道苫小牧市、厚真町、安平町などの東胆振で主に提供されている、カレー風味のラーメン（カレーラーメン）である。,,,,"osm(県庁所在地:札幌市,node:57683926)",88
かっけ (料理),かっけ (料理),発祥地,岩手県,,岩手県,,都道府県のみ,かっけ、そばかっけ、つつけは、旧・南部藩（現在の岩手県中部、青森県東部）に伝承される郷土料理。,,,,"osm(県庁所在地:盛岡市,node:471357225)",87
ごま漬け,ごま漬け,発祥地,千葉県,,千葉県,,都道府県のみ,ごま漬けは千葉県の主に九十九里地方で作られる郷土料理。,,,,"osm(県庁所在地:千葉市,node:3675848658)",87
マミーすいとん,マミーすいとん,ご当地,福島県,楢葉町,福島県,楢葉町,冒頭の定義文,マミーすいとんは、福島県双葉郡楢葉町の郷土料理。,福島県,楢葉町,マミーすいとんは、福島県双葉郡楢葉町の郷土料理。,"osm(place=town,node:734866103)",86
たんたんたぬきの担々やきそば,たんたんたぬきの担々やきそば,ご当地,神奈川県,湯河原町,神奈川県,湯河原町,冒頭の定義文,たんたんたぬきの担々やきそば（たんたんたぬきのたんたんやきそば）は、神奈川県湯河原町で販売されているご当地焼きそば。,神奈川県,湯河原町,たんたんたぬきの担々やきそば（たんたんたぬきのたんたんやきそば）は、神奈川県湯河原町で販売されているご当地焼きそば。,"osm(place=town,node:2115184115)",86
利賀そば,利賀そば,ご当地,富山県,南砺市,富山県,南砺市,冒頭の定義文,利賀そば（とがそば）は、富山県南砺市を中心に食されている郷土料理の蕎麦。,富山県,南砺市,利賀そば（とがそば）は、富山県南砺市を中心に食されている郷土料理の蕎麦。,"osm(place=city,node:762539003)",84
小豆ばっとう,小豆ばっとう,発祥地,青森県,,青森県,,都道府県のみ,小豆ばっとう（あずきばっとう）、小豆ばっと（あずきばっと）は、青森県の南東部と岩手県の中部や北部で古くから見られる郷土料理。,,,,"osm(県庁所在地:青森市,node:734876517)",84
深川そばめし,深川そばめし,発祥地,北海道,,北海道,,都道府県のみ,深川そばめし（ふかがわそばめし）は、北海道深川市で提供されているご当地グルメのおにぎりである。,,,,"osm(県庁所在地:札幌市,node:57683926)",84
対州そば,対州そば,ご当地,長崎県,対馬市,長崎県,対馬市,発祥を述べる文,長崎県対馬市の特産。,長崎県,対馬市,長崎県対馬市の特産。,"osm(place=city,node:2852440585)",83
煮穴子,煮穴子,発祥地,広島県,,広島県,,都道府県のみ,広島県のあなご飯は一般的に「焼き穴子」が中心だが、煮穴子で提供する店舗もある。,,,,"osm(県庁所在地:広島市,node:1590291928)",83
もろこしうどん,もろこしうどん,ご当地,愛知県,岡崎市,愛知県,岡崎市,冒頭の定義文,もろこしうどんは、愛知県岡崎市の名物料理のうどんである。,愛知県,岡崎市,もろこしうどんは、愛知県岡崎市の名物料理のうどんである。,"osm(place=city,node:569005455)",83
中華四川,中華四川,発祥地,神奈川県,小田原市,神奈川県,小田原市,冒頭の定義文,中華四川（ちゅうかしせん）は、1975年に神奈川県小田原市で創業したタンタン麺専門店である。,,,,"osm(place=city,node:2115184105)",83
天窓 (料理),天窓 (料理),発祥地,福岡県,北九州市,福岡県,北九州市,発祥を述べる文,北九州市が発祥と言われている。,,,,"osm(place=city,node:5410283420)",82
すその水ギョーザ,すその水ギョーザ,ご当地,静岡県,裾野市,静岡県,裾野市,冒頭の定義文,すその水ギョーザ（すそのすいぎょーざ）とは、静岡県裾野市のご当地餃子である。,静岡県,裾野市,すその水ギョーザ（すそのすいぎょーざ）とは、静岡県裾野市のご当地餃子である。,"osm(place=city,node:1648713724)",82
ふくめん,ふくめん,ご当地,愛媛県,宇和島市,愛媛県,宇和島市,発祥を述べる文,ふくめんは、愛媛県宇和島市周辺に伝わる郷土料理の一つ。,愛媛県,宇和島市,ふくめんは、愛媛県宇和島市周辺に伝わる郷土料理の一つ。,"osm(place=city,node:691562998)",81
紅葉漬,紅葉漬,発祥地,福島県,,福島県,,都道府県のみ,紅葉漬（こうようづけ）は、福島県伊達市の郷土料理である。,,,,"osm(県庁所在地:福島市,node:734866113)",81
美濃加茂やきそば,美濃加茂やきそば,ご当地,岐阜県,美濃加茂市,岐阜県,美濃加茂市,冒頭の定義文,美濃加茂やきそば（みのかもやきそば）は、岐阜県美濃加茂市で調理・販売されている焼きそば（ご当地グルメ）。,岐阜県,美濃加茂市,美濃加茂やきそば（みのかもやきそば）は、岐阜県美濃加茂市で調理・販売されている焼きそば（ご当地グルメ）。,"osm(place=city,node:2017659616)",81
ままかりずし,ままかりずし,発祥地,岡山県,,岡山県,,都道府県のみ,ままかりずし（表記として「ままかり寿司」、「ままかり鮨」もあり）は岡山県瀬戸内海沿岸地域の郷土料理。,,,,"osm(県庁所在地:岡山市,node:703048335)",79
振り茶,振り茶,発祥地,奈良県,,奈良県,,都道府県のみ,挽き茶奈良県橿原市中曽司町に伝承されている振り茶。,,,,"osm(県庁所在地:奈良市,node:1922043513)",79
鉄砲巻き (富津市),鉄砲巻き (富津市),ご当地,千葉県,富津市,千葉県,富津市,冒頭の定義文,鉄砲巻き（てっぽうまき）は千葉県富津市の郷土料理。,千葉県,富津市,鉄砲巻き（てっぽうまき）は千葉県富津市の郷土料理。,"osm(place=city,node:1977637091)",79
国会丼,国会丼,発祥地,東京都,,東京都,,都道府県のみ,国会丼（こっかいどん）は、日本の国立国会図書館東京本館6Fの食堂で看板メニューとして提供されていた丼物。,,,,"osm(県庁所在地:新宿区,node:2389061853)",79
おひら,おひら,発祥地,岩手県,,岩手県,,都道府県のみ,岩手県洋野町2023年8月10日 (木) 18:33 (UTC) 岩手県 現物岩手県洋野町の郷土料理。,,,,"osm(県庁所在地:盛岡市,node:471357225)",79
鹿角ホルモン,鹿角ホルモン,ご当地,秋田県,鹿角市,秋田県,鹿角市,冒頭の定義文,鹿角ホルモン（かづのホルモン）は、秋田県鹿角市のご当地グルメ。,秋田県,鹿角市,鹿角ホルモン（かづのホルモン）は、秋田県鹿角市のご当地グルメ。,"osm(place=city,node:752195642)",79
川越太麺焼きそば,川越太麺焼きそば,ご当地,埼玉県,川越市,埼玉県,川越市,冒頭の定義文,川越太麺焼きそば（かわごえふとめんやきそば）は、埼玉県川越市で販売されているご当地焼きそばである。,埼玉県,川越市,川越太麺焼きそば（かわごえふとめんやきそば）は、埼玉県川越市で販売されているご当地焼きそばである。,"osm(place=city,node:537121807)",79
じゃこカツ,じゃこカツ,発祥地,愛媛県,,愛媛県,,都道府県のみ,主に愛媛県で食べられている。,,,,"osm(県庁所在地:松山市,node:207689592)",78
信州諏訪みそ天丼,信州諏訪みそ天丼,ご当地,長野県,諏訪市,長野県,諏訪市,冒頭の定義文,信州諏訪みそ天丼（しんしゅうすわみそてんどん）は、長野県諏訪市内の飲食店を中心に提供されているご当地天丼。,長野県,諏訪市,信州諏訪みそ天丼（しんしゅうすわみそてんどん）は、長野県諏訪市内の飲食店を中心に提供されているご当地天丼。,"osm(place=city,node:702987350)",78
かめそば,かめそば,ご当地,愛媛県,松山市,愛媛県,松山市,冒頭の定義文,かめそばは、愛媛県松山市のご当地グルメの焼きそばである。,愛媛県,松山市,かめそばは、愛媛県松山市のご当地グルメの焼きそばである。,"osm(place=city,node:207689592)",78
いただき,いただき,発祥地,鳥取県,米子市,鳥取県,米子市,発祥を述べる文,鳥取県の郷土料理 和菓子 鶴屋八幡いただき    米子市 料理    ののこめし    弓ヶ浜半島  日本料理    明治中期            油揚げ生米野菜      1人分  665   素いただきは鳥取県弓ヶ浜半島で古くから親しまれている郷土料理県。,,,,"osm(place=city,node:1735958768)",78
かしゃもち,かしゃもち,発祥地,鹿児島県,,鹿児島県,,都道府県のみ,かしゃもち（カシャ餅）は、主に九州の鹿児島県、奄美群島で食べられ作られる、餅の郷土菓子。,,,,"osm(県庁所在地:鹿児島市,node:640003455)",76
うなり寿司,うなり寿司,発祥地,愛知県,豊川市,愛知県,豊川市,冒頭の定義文,うなり寿司（うなりずし）とは、愛知県豊川市や千葉県成田市、宮崎県宮崎市で作られるうなぎの蒲焼きを用いた稲荷寿司である。,,,,"osm(place=city,node:569005460)",76
喜多方ラーメンバーガー,喜多方ラーメンバーガー,ご当地,福島県,喜多方市,福島県,喜多方市,冒頭の定義文,喜多方ラーメンバーガー（きたかたラーメンバーガー）とは、福島県喜多方市のご当地バーガー、喜多方市ふるさと振興株式会社の登録商標（登録第5426448号）である。,福島県,喜多方市,喜多方ラーメンバーガー（きたかたラーメンバーガー）とは、福島県喜多方市のご当地バーガー、喜多方市ふるさと振興株式会社の登録商標（登録第5426448号）である。,"osm(place=city,node:734866062)",76
旭川しょうゆ焼きそば,旭川しょうゆ焼きそば,発祥地,北海道,,北海道,,都道府県のみ,旭川しょうゆ焼きそば（あさひかわしょうゆやきそば）は、北海道旭川市で提供されている焼きそば。,,,,"osm(県庁所在地:札幌市,node:57683926)",76
ばら寿司 (徳島県),ばら寿司 (徳島県),発祥地,徳島県,,徳島県,,都道府県のみ,ばら寿司（ばらずし）は徳島県の郷土料理。,,,,"osm(県庁所在地:徳島市,node:263264345)",75
大平 (郷土料理),大平 (郷土料理),発祥地,宮城県,,宮城県,,都道府県のみ,宮城県石巻市宮城県石巻市周辺では、具だくさんのあんかけうどんを大平、あるいは大平うどんと呼ぶ。,,,,"osm(県庁所在地:仙台市,node:752184864)",74
神戸餃子,神戸餃子,ご当地,兵庫県,神戸市,兵庫県,神戸市,冒頭の定義文,神戸餃子（こうべぎょうざ）は、兵庫県神戸市のご当地餃子。,兵庫県,神戸市,神戸餃子（こうべぎょうざ）は、兵庫県神戸市のご当地餃子。,"osm(place=city,node:721818614)",74
南部はっと,南部はっと,発祥地,岩手県,奥州市,岩手県,奥州市,発祥を述べる文,概要はっととは、茨城県と福島県の境にある八溝山周辺から、宮城県の大崎地方・栗原・登米地方、岩手県の一関・奥州市地方など、主に東北地方に伝わる小麦粉に水を加えて良く練り、熟成させて薄く延ばした生地を茹で上げる小麦粉料理のことである。,,,,"osm(place=city,node:691229925)",73
かんこ焼き,かんこ焼き,発祥地,神奈川県,相模原市,神奈川県,相模原市,発祥を述べる文,かんこ焼き（かんこやき）は、神奈川県津久井郡（現・相模原市緑区津久井地区）に伝わる郷土料理。,,,,"osm(place=city,node:2115186710)",73
ところざわ醤油焼きそば,ところざわ醤油焼きそば,ご当地,埼玉県,所沢市,埼玉県,所沢市,冒頭の定義文,ところざわ醤油焼きそば（ところざわしょうゆやきそば）は、埼玉県所沢市のご当地焼きそば。,埼玉県,所沢市,ところざわ醤油焼きそば（ところざわしょうゆやきそば）は、埼玉県所沢市のご当地焼きそば。,"osm(place=city,node:863622554)",73
くじゃく,くじゃく,発祥地,大分県,,大分県,,都道府県のみ,くじゃくは、大分県佐伯地方の郷土料理。,,,,"osm(県庁所在地:大分市,node:417258484)",72
そうめんちり,そうめんちり,ご当地,福岡県,糸島市,福岡県,糸島市,冒頭の定義文,そうめんちりは、福岡県糸島市の郷土料理。,福岡県,糸島市,そうめんちりは、福岡県糸島市の郷土料理。,"osm(place=city,node:2155692247)",72
ねりくり,ねりくり,発祥地,鹿児島県,,鹿児島県,,都道府県のみ,ねりくりは、鹿児島県、宮崎県の郷土料理。,,,,"osm(県庁所在地:鹿児島市,node:640003455)",72
筑豊とんちゃん,筑豊とんちゃん,発祥地,福岡県,,福岡県,,都道府県のみ,筑豊とんちゃん （ちくほうとんちゃん）とは、福岡県筑豊地域に伝わる「とんちゃん」（ホルモン）料理である。,,,,"osm(県庁所在地:福岡市,node:1932338735)",72
豆しとぎ,豆しとぎ,発祥地,青森県,,青森県,,都道府県のみ,豆しとぎ（まめしとぎ）とは南部地方（青森県の三八・上北地方、下北地方及び岩手県北部（二戸や九戸など））に伝わる、潰した豆に米粉・砂糖等を混ぜて作った郷土菓子。,,,,"osm(県庁所在地:青森市,node:734876517)",71
おらが丼,おらが丼,ご当地,千葉県,鴨川市,千葉県,鴨川市,冒頭の定義文,おらが丼（おらがどん）は、千葉県鴨川市で販売されているご当地グルメの丼である。,千葉県,鴨川市,おらが丼（おらがどん）は、千葉県鴨川市で販売されているご当地グルメの丼である。,"osm(place=city,node:1977635153)",71
マスカットサイダー,マスカットサイダー,発祥地,岩手県,陸前高田市,岩手県,陸前高田市,冒頭の定義文,マスカットサイダー（MUSCAT CIDER）は、岩手県陸前高田市の地サイダー。,,,,"osm(place=city,node:691229929)",70
おおむた洋風かつ丼,おおむた洋風かつ丼,ご当地,福岡県,大牟田市,福岡県,大牟田市,冒頭の定義文,おおむた洋風かつ丼（おおむたようふうかつどん）は福岡県大牟田市のご当地丼。,福岡県,大牟田市,おおむた洋風かつ丼（おおむたようふうかつどん）は福岡県大牟田市のご当地丼。,"osm(place=city,node:1800434750)",70
奥美濃カレー,奥美濃カレー,ご当地,岐阜県,郡上市,岐阜県,郡上市,冒頭の定義文,奥美濃カレー（おくみのカレー）は、岐阜県郡上市白鳥町を中心に販売されているカレー及び、カレーライスである。,岐阜県,郡上市,奥美濃カレー（おくみのカレー）は、岐阜県郡上市白鳥町を中心に販売されているカレー及び、カレーライスである。,"osm(place=city,node:1891203389)",70
頭料理,頭料理,ご当地,大分県,竹田市,大分県,竹田市,冒頭の定義文,頭料理（あたまりょうり）は、大分県竹田市を中心に食べられる郷土料理である。,大分県,竹田市,頭料理（あたまりょうり）は、大分県竹田市を中心に食べられる郷土料理である。,"osm(place=city,node:1721424116)",69
せいだのたまじ,せいだのたまじ,ご当地,山梨県,上野原市,山梨県,上野原市,冒頭の定義文,せいだのたまじは、山梨県上野原市の郷土料理。,山梨県,上野原市,せいだのたまじは、山梨県上野原市の郷土料理。,"osm(place=city,node:1598836214)",68
ほねく,ほねく,ご当地,和歌山県,有田市,和歌山県,有田市,冒頭の定義文,ほねくは、和歌山県有田市の郷土料理。,和歌山県,有田市,ほねくは、和歌山県有田市の郷土料理。,"osm(place=city,node:2526393346)",68
塩川鳥モツ,塩川鳥モツ,ご当地,福島県,喜多方市,福島県,喜多方市,冒頭の定義文,塩川鳥モツ（しおかわとりモツ）は福島県喜多方市塩川町の郷土料理。,福島県,喜多方市,塩川鳥モツ（しおかわとりモツ）は福島県喜多方市塩川町の郷土料理。,"osm(place=city,node:734866062)",68
パイタ焼き,パイタ焼き,発祥地,茨城県,ひたちなか市,茨城県,ひたちなか市,発祥を述べる文,2024年2月29日 (木) 05:55 (UTC) 料理 茨城県 ひたちなか市 料理の実物パイタ焼き（パイタやき）は茨城県の郷土料理農林 W32。,,,,"osm(place=city,node:752603189)",67
松山鮓,松山鮓,記事名,愛媛県,松山市,愛媛県,,都道府県のみ,松山鮓（まつやまずし）は、愛媛県の松山地方に伝わる郷土料理である。,,,,"osm(place=city,node:207689592)",67
富山おでん,富山おでん,発祥地,富山県,,富山県,,都道府県のみ,富山おでん（とやまおでん）は、富山県内で食されているおでん料理の一種。,,,,"osm(県庁所在地:富山市,node:762306892)",67
黒豚わっぜえか丼,黒豚わっぜえか丼,発祥地,鹿児島県,,鹿児島県,,都道府県のみ,黒豚わっぜえか丼（くろぶたわっぜえかどん）は、鹿児島県で企画されたご当地グルメのひとつで、かごしま黒豚の肉を使った丼物。,,,,"osm(県庁所在地:鹿児島市,node:640003455)",67
ほや雑煮,ほや雑煮,発祥地,宮城県,石巻市,宮城県,石巻市,冒頭の定義文,ほや雑煮（ほやぞうに）は、宮城県石巻市の一部で正月に食べられている伝統食。,,,,"osm(place=city,node:752184841)",67
ぶたあえ,ぶたあえ,ご当地,熊本県,天草市,熊本県,天草市,冒頭の定義文,ぶたあえは熊本県天草市の郷土料理。,熊本県,天草市,ぶたあえは熊本県天草市の郷土料理。,"osm(place=city,node:739281184)",66
蒜山おこわ,蒜山おこわ,ご当地,岡山県,真庭市,岡山県,真庭市,冒頭の定義文,蒜山おこわ（ひるぜんおこわ）は、岡山県真庭市の郷土料理である。,岡山県,真庭市,蒜山おこわ（ひるぜんおこわ）は、岡山県真庭市の郷土料理である。,"osm(place=city,node:1909482657)",66
鉈漬,鉈漬,発祥地,秋田県,,秋田県,,都道府県のみ,鉈漬（なたづけ）は、秋田県で作られる漬物。,,,,"osm(県庁所在地:秋田市,node:752195639)",66
ふなやき,ふなやき,発祥地,滋賀県,,滋賀県,,都道府県のみ,滋賀県2024年2月29日 (木) 07:18 (UTC) 料理 滋賀県 東近江市 料理の実物ふな焼き滋賀、麩の焼き伝とも。,,,,"osm(県庁所在地:大津市,node:541402993)",65
大根ずし,大根ずし,発祥地,石川県,,石川県,,都道府県のみ,大根ずし  File:Daikon zushi.jpg      石川県  郷土料理、なれずし  身欠きニシンダイコン米麹  ニンジンコンブトウガラシ  かぶらずし大根ずし（だいこんずし）は、大根と身欠きニシンを用いるなれずし。,,,,"osm(県庁所在地:金沢市,node:303913177)",65
高崎オランダコロッケ,高崎オランダコロッケ,発祥地,群馬県,高崎市,群馬県,高崎市,冒頭の定義文,高崎オランダコロッケ（たかさきオランダコロッケ）は、群馬県高崎市の食肉店が2000年に考案した、チーズ入りのコロッケである。,,,,"osm(place=city,node:1068823649)",65
トマト丼,トマト丼,ご当地,岐阜県,下呂市,岐阜県,下呂市,冒頭の定義文,トマト丼（トマトどん）は、岐阜県下呂市のご当地グルメ。,岐阜県,下呂市,トマト丼（トマトどん）は、岐阜県下呂市のご当地グルメ。,"osm(place=city,node:1862764750)",65
仙台あおば餃子,仙台あおば餃子,ご当地,宮城県,仙台市,宮城県,仙台市,冒頭の定義文,仙台あおば餃子（せんだいあおばぎょうざ）は、宮城県仙台市のご当地餃子。,宮城県,仙台市,仙台あおば餃子（せんだいあおばぎょうざ）は、宮城県仙台市のご当地餃子。,"osm(place=city,node:752184864)",65
三崎まぐろ拉麺,三崎まぐろ拉麺,ご当地,神奈川県,三浦市,神奈川県,三浦市,冒頭の定義文,三崎まぐろ拉麺（みさきまぐろらあめん）は、神奈川県三浦市三崎で販売されているご当地ラーメンである。,神奈川県,三浦市,三崎まぐろ拉麺（みさきまぐろらあめん）は、神奈川県三浦市三崎で販売されているご当地ラーメンである。,"osm(place=city,node:2115184095)",65
泥亀汁,泥亀汁,発祥地,滋賀県,,滋賀県,,都道府県のみ,泥亀汁（どんがめじる、どろがめじる）は滋賀県湖東地域の郷土料理。,,,,"osm(県庁所在地:大津市,node:541402993)",64
いがい飯,いがい飯,ご当地,鳥取県,鳥取市,鳥取県,鳥取市,冒頭の定義文,いがい飯（いがいめし）は、鳥取県鳥取市青谷町夏泊を中心に作られる郷土料理。,鳥取県,鳥取市,いがい飯（いがいめし）は、鳥取県鳥取市青谷町夏泊を中心に作られる郷土料理。,"osm(place=city,node:697537844)",63
けんちょう,けんちょう,発祥地,山口県,,山口県,,都道府県のみ,けんちょうは山口県の郷土料理。,,,,"osm(県庁所在地:山口市,node:697538055)",63
梅ごはん,梅ごはん,ご当地,神奈川県,小田原市,神奈川県,小田原市,冒頭の定義文,梅ごはん（うめごはん）は、梅干しとちりめんじゃこを混ぜた米をだし汁で炊いたご飯であり、神奈川県小田原市の郷土料理である。,神奈川県,小田原市,梅ごはん（うめごはん）は、梅干しとちりめんじゃこを混ぜた米をだし汁で炊いたご飯であり、神奈川県小田原市の郷土料理である。,"osm(place=city,node:2115184105)",63
須古寿し,須古寿し,ご当地,佐賀県,白石町,佐賀県,白石町,発祥を述べる文,須古寿し（すこずし）は、押し寿司の一種で、佐賀県杵島郡白石町の須古地区に伝わる郷土料理である。,佐賀県,白石町,須古寿し（すこずし）は、押し寿司の一種で、佐賀県杵島郡白石町の須古地区に伝わる郷土料理である。,"osm(place=town,node:3061254812)",63
鰊の昆布巻き,鰊の昆布巻き,発祥地,北海道,,北海道,,都道府県のみ,文化郷土料理鰊の昆布巻きは、北海道、北陸地方、東北地方などの郷土料理である。,,,,"osm(県庁所在地:札幌市,node:57683926)",63
つぼん汁,つぼん汁,ご当地,熊本県,人吉市,熊本県,人吉市,冒頭の定義文,つぼん汁（つぼんじる）は熊本県人吉市・球磨郡地域の郷土料理。,熊本県,人吉市,つぼん汁（つぼんじる）は熊本県人吉市・球磨郡地域の郷土料理。,"osm(place=city,node:739281294)",62
とん漬け,とん漬け,ご当地,神奈川県,厚木市,神奈川県,厚木市,冒頭の定義文,とん漬け（とんづけ）は神奈川県厚木市の郷土料理。,神奈川県,厚木市,とん漬け（とんづけ）は神奈川県厚木市の郷土料理。,"osm(place=city,node:2115184100)",62
煮食い,煮食い,発祥地,島根県,,島根県,,都道府県のみ,魚の切り身を用いるすき焼き風鍋の、島根県や高知県などにおける呼称。,,,,"osm(県庁所在地:松江市,node:1735961887)",62
重箱入りぼたもち,重箱入りぼたもち,発祥地,千葉県,船橋市,千葉県,船橋市,発祥を述べる文,概要千葉県北部農林、船橋市飯山満町など船橋市の一部Z、市川市行徳地域などZに伝わる。,,,,"osm(place=city,node:264883234)",62
いかパン,いかパン,ご当地,群馬県,伊勢崎市,群馬県,伊勢崎市,冒頭の定義文,いかパンは、群馬県伊勢崎市で販売されているファストフード。,群馬県,伊勢崎市,いかパンは、群馬県伊勢崎市で販売されているファストフード。,"osm(place=city,node:1068823679)",62
能登丼,能登丼,発祥地,石川県,,石川県,,都道府県のみ,能登丼（のとどん）は、石川県の奥能登地区で提供されているご当地グルメの丼である。,,,,"osm(県庁所在地:金沢市,node:303913177)",61
まんばのけんちゃん,まんばのけんちゃん,発祥地,香川県,,香川県,,都道府県のみ,まんばのけんちゃんは香川県の郷土料理、「讃岐の冬の味覚」である。,,,,"osm(県庁所在地:高松市,node:574804765)",60
藺牟田すす,藺牟田すす,発祥地,鹿児島県,,鹿児島県,,都道府県のみ,藺牟田すす（いむたすす）とは、鹿児島県甑島列島藺牟田の郷土料理。,,,,"osm(県庁所在地:鹿児島市,node:640003455)",60
豚玉毛丼,豚玉毛丼,ご当地,埼玉県,毛呂山町,埼玉県,毛呂山町,冒頭の定義文,豚玉毛丼（ぶったまげどん）は、埼玉県入間郡毛呂山町の名産品を材料としたご当地グルメの丼。,埼玉県,毛呂山町,豚玉毛丼（ぶったまげどん）は、埼玉県入間郡毛呂山町の名産品を材料としたご当地グルメの丼。,"osm(place=town,node:863587414)",59
備中高梁インディアントマト焼そば,備中高梁インディアントマト焼そば,ご当地,岡山県,高梁市,岡山県,高梁市,冒頭の定義文,備中高梁インディアントマト焼そば（びっちゅうたかはしインディアントマトやきそば）は岡山県高梁市のB級ご当地グルメ料理。,岡山県,高梁市,備中高梁インディアントマト焼そば（びっちゅうたかはしインディアントマトやきそば）は岡山県高梁市のB級ご当地グルメ料理。,"osm(place=city,node:1307516250)",59
あめのいおご飯,あめのいおご飯,発祥地,滋賀県,,滋賀県,,都道府県のみ,あめのいおご飯（あめのいおごはん）は、滋賀県の郷土料理。,,,,"osm(県庁所在地:大津市,node:541402993)",58
倉敷バーガー,倉敷バーガー,ご当地,岡山県,倉敷市,岡山県,倉敷市,冒頭の定義文,倉敷バーガー（くらしきバーガー）とは、2006年6月のくらしき朝市三斎市でデビューした岡山県倉敷市のご当地バーガー。,岡山県,倉敷市,倉敷バーガー（くらしきバーガー）とは、2006年6月のくらしき朝市三斎市でデビューした岡山県倉敷市のご当地バーガー。,"osm(place=city,node:703049817)",58
小豆雑煮,小豆雑煮,発祥地,鳥取県,,鳥取県,,都道府県のみ,小豆雑煮（あずきぞうに）は、鳥取県、島根県などの郷土料理。,,,,"osm(県庁所在地:鳥取市,node:697537844)",57
さくら丼,さくら丼,ご当地,長野県,飯島町,長野県,飯島町,冒頭の定義文,さくら丼（さくらどん）は、長野県上伊那郡飯島町で販売されているご当地グルメの丼である。,長野県,飯島町,さくら丼（さくらどん）は、長野県上伊那郡飯島町で販売されているご当地グルメの丼である。,"osm(place=town,node:702987335)",57
青春のトマト焼そば,青春のトマト焼そば,ご当地,山梨県,中央市,山梨県,中央市,冒頭の定義文,青春のトマト焼そば（せいしゅんのトマトやきそば）は、山梨県中央市を中心に販売されているご当地焼きそば。,山梨県,中央市,青春のトマト焼そば（せいしゅんのトマトやきそば）は、山梨県中央市を中心に販売されているご当地焼きそば。,"osm(place=city,node:1812278654)",57
天中華,天中華,発祥地,青森県,,青森県,,都道府県のみ,天中華（てんちゅうか）とは青森県津軽地方のご当地ラーメンである。,,,,"osm(県庁所在地:青森市,node:734876517)",57
みかん鍋,みかん鍋,ご当地,山口県,周防大島町,山口県,周防大島町,冒頭の定義文,みかん鍋（みかんなべ）は、屋代島（周防大島）（山口県大島郡周防大島町）のご当地グルメとして開発された鍋料理。,山口県,周防大島町,みかん鍋（みかんなべ）は、屋代島（周防大島）（山口県大島郡周防大島町）のご当地グルメとして開発された鍋料理。,"osm(place=town,node:1739790635)",56
モヨロ鍋,モヨロ鍋,発祥地,北海道,,北海道,,都道府県のみ,モヨロ鍋（モヨロなべ）、鮭を主材料とした北海道網走市のご当地グルメの鍋料理である。,,,,"osm(県庁所在地:札幌市,node:57683926)",56
根室さんまロール寿司,根室さんまロール寿司,ご当地,北海道,根室市,北海道,根室市,冒頭の定義文,根室さんまロール寿司（ねむらさんまロールずし）は、北海道根室市で提供されている巻き寿司である。,北海道,根室市,根室さんまロール寿司（ねむらさんまロールずし）は、北海道根室市で提供されている巻き寿司である。,"osm(place=city,node:2173193740)",56
おもろカレー,おもろカレー,ご当地,静岡県,磐田市,静岡県,磐田市,冒頭の定義文,おもろカレーは、静岡県磐田市で販売されているご当地カレーライス。,静岡県,磐田市,おもろカレーは、静岡県磐田市で販売されているご当地カレーライス。,"osm(place=city,node:420453696)",56
稲沢カレー,稲沢カレー,ご当地,愛知県,稲沢市,愛知県,稲沢市,冒頭の定義文,稲沢カレー（いなざわカレー）は、愛知県稲沢市のご当地グルメ。,愛知県,稲沢市,稲沢カレー（いなざわカレー）は、愛知県稲沢市のご当地グルメ。,"osm(place=city,node:569005495)",56
ホルそば,ホルそば,発祥地,鳥取県,,鳥取県,,都道府県のみ,ホルそばは、鳥取県東部のご当地グルメ。,,,,"osm(県庁所在地:鳥取市,node:697537844)",56
どどめせ,どどめせ,ご当地,岡山県,瀬戸内市,岡山県,瀬戸内市,冒頭の定義文,どどめせは、備前福岡（現・岡山県瀬戸内市）の郷土料理。,岡山県,瀬戸内市,どどめせは、備前福岡（現・岡山県瀬戸内市）の郷土料理。,"osm(place=city,node:1595875934)",55
ぼっかけ (福岡県),ぼっかけ (福岡県),発祥地,福岡県,大野城市,福岡県,大野城市,冒頭の定義文,ぼっかけは、福岡県大野城市の伝統料理。,,,,"osm(place=city,node:1829275426)",55
コンカイワシ,コンカイワシ,発祥地,石川県,,石川県,,都道府県のみ,コンカイワシは、石川県の伝統的な食材。,,,,"osm(県庁所在地:金沢市,node:303913177)",55
掛川芋汁,掛川芋汁,記事名,静岡県,掛川市,静岡県,,都道府県のみ,静岡県の郷土料理である。,,,,"osm(place=city,node:420453612)",55
とびつき団子,とびつき団子,発祥地,福井県,あわら市,福井県,あわら市,発祥を述べる文,とびつき団子（とびつきだんご）は福井県の三国町（現・坂井市）、芦原町（現・あわら市）、金津町（現・あわら市）の竹田川沿いの農家に伝わる伝統菓子。,,,,"osm(place=city,node:1891438250)",54
足柄まさカリー,足柄まさカリー,ご当地,神奈川県,南足柄市,神奈川県,南足柄市,冒頭の定義文,足柄まさカリー（あしがらまさカリー）は、神奈川県南足柄市のご当地カレーである。,神奈川県,南足柄市,足柄まさカリー（あしがらまさカリー）は、神奈川県南足柄市のご当地カレーである。,"osm(place=city,node:2115184099)",54
別海ジャンボ牛乳&別海ジャンボホタテバーガー,別海ジャンボ牛乳&別海ジャンボホタテバーガー,ご当地,北海道,別海町,北海道,別海町,冒頭の定義文,別海ジャンボ牛乳&別海ジャンボホタテバーガー（べっかいジャンボぎゅうにゅうアンドべっかいジャンボホタテバーガー）とは、2008年に作られた北海道野付郡別海町のご当地グルメである。,北海道,別海町,別海ジャンボ牛乳&別海ジャンボホタテバーガー（べっかいジャンボぎゅうにゅうアンドべっかいジャンボホタテバーガー）とは、2008年に作られた北海道野付郡別海町のご当地グルメである。,"osm(place=town,node:380562923)",54
でこまわし,でこまわし,ご当地,徳島県,三好市,徳島県,三好市,冒頭の定義文,でこまわし（木偶回し）とは、徳島県三好市祖谷地方の郷土料理で、ごうしいも（小型なジャガイモの在来種）の味噌田楽である。,徳島県,三好市,でこまわし（木偶回し）とは、徳島県三好市祖谷地方の郷土料理で、ごうしいも（小型なジャガイモの在来種）の味噌田楽である。,"osm(place=city,node:309633282)",53
御厨そば,御厨そば,ご当地,静岡県,御殿場市,静岡県,御殿場市,冒頭の定義文,御厨そば（みくりやそば）は、静岡県御殿場市御厨地域の郷土料理。,静岡県,御殿場市,御厨そば（みくりやそば）は、静岡県御殿場市御厨地域の郷土料理。,"osm(place=city,node:1619235769)",53
清水羊羹,清水羊羹,発祥地,島根県,安来市,島根県,安来市,冒頭の定義文,清水羊羹（きよみずようかん）は、島根県安来市の銘菓・土産菓子。,,,,"osm(place=city,node:1738800686)",53
函館ガラビー,函館ガラビー,記事名,北海道,函館市,北海道,,都道府県のみ,生ビール  - 6/10コアップガラナ - 4/10使用する生ビールはメーカーを問わないが、ガラナ飲料は北海道七飯町で製造される株式会社小原の「コアップガラナ」を指定しているHAKODATE Guarana-Beer-01。,,,,"osm(place=city,node:3229063363)",52
温たまらん丼,温たまらん丼,ご当地,鹿児島県,指宿市,鹿児島県,指宿市,冒頭の定義文,温たまらん丼（おんたまらんどん）は、鹿児島県指宿市で販売されているご当地グルメである。,鹿児島県,指宿市,温たまらん丼（おんたまらんどん）は、鹿児島県指宿市で販売されているご当地グルメである。,"osm(place=city,node:698791778)",52
高浜とりめし,高浜とりめし,ご当地,愛知県,高浜市,愛知県,高浜市,冒頭の定義文,高浜とりめし（たかはまとりめし）は愛知県高浜市の郷土料理。,愛知県,高浜市,高浜とりめし（たかはまとりめし）は愛知県高浜市の郷土料理。,"osm(place=city,node:569005331)",52
天塩はシジミだけじゃないタコキムチ丼,天塩はシジミだけじゃないタコキムチ丼,ご当地,北海道,天塩町,北海道,天塩町,冒頭の定義文,天塩はシジミだけじゃないタコキムチ丼（てしおはシジミだけじゃないタコキムチどん）略して天塩タコキムチ丼は、北海道天塩町でかつて販売されていたご当地グルメの魚介系カツ丼である。,北海道,天塩町,天塩はシジミだけじゃないタコキムチ丼（てしおはシジミだけじゃないタコキムチどん）略して天塩タコキムチ丼は、北海道天塩町でかつて販売されていたご当地グルメの魚介系カツ丼である。,"osm(place=town,node:413329336)",52
ヤンゴメ,ヤンゴメ,発祥地,千葉県,,千葉県,,都道府県のみ,ヤンゴメは千葉県南部（旧・安房国地域）の郷土料理。,,,,"osm(県庁所在地:千葉市,node:3675848658)",51
高島とんちゃん,高島とんちゃん,発祥地,滋賀県,高島市,滋賀県,高島市,冒頭の定義文,高島とんちゃん（たかしまとんちゃん）は、滋賀県高島市のB級グルメ。,,,,"osm(place=city,node:541403016)",51
いちはらーめん,いちはらーめん,ご当地,千葉県,市原市,千葉県,市原市,冒頭の定義文,いちはらーめんは、千葉県市原市のご当地ラーメン。,千葉県,市原市,いちはらーめんは、千葉県市原市のご当地ラーメン。,"osm(place=city,node:2098146351)",51
かじか汁,かじか汁,発祥地,北海道,,北海道,,都道府県のみ,かじか汁（かじかじる）とは、北海道で漁獲されるカジカを使った鍋料理である。,,,,"osm(県庁所在地:札幌市,node:57683926)",50
けんさ焼き,けんさ焼き,発祥地,新潟県,,新潟県,,都道府県のみ,けんさ焼き（けんさやき）、けんさし焼き、けんさん焼き、けんしん焼きは、新潟県中越地方の郷土料理。,,,,"osm(県庁所在地:新潟市,node:752398625)",50
よごし,よごし,ご当地,富山県,砺波市,富山県,砺波市,冒頭の定義文,よごしは、砺波市などの富山県西部地域の郷土料理。,富山県,砺波市,よごしは、砺波市などの富山県西部地域の郷土料理。,"osm(place=city,node:762539001)",50
郡山グリーンカレー,郡山グリーンカレー,ご当地,福島県,郡山市,福島県,郡山市,冒頭の定義文,郡山グリーンカレー（こおりやまグリーンカレー）は、福島県郡山市で販売されているご当地カレーライス。,福島県,郡山市,郡山グリーンカレー（こおりやまグリーンカレー）は、福島県郡山市で販売されているご当地カレーライス。,"osm(place=city,node:734866104)",50
鳩ヶ谷ソース焼きうどん,鳩ヶ谷ソース焼きうどん,ご当地,埼玉県,川口市,埼玉県,川口市,冒頭の定義文,鳩ヶ谷ソース焼きうどん（はとがやソースやきうどん）は、埼玉県川口市鳩ヶ谷地域（旧・鳩ヶ谷市）のご当地グルメ。,埼玉県,川口市,鳩ヶ谷ソース焼きうどん（はとがやソースやきうどん）は、埼玉県川口市鳩ヶ谷地域（旧・鳩ヶ谷市）のご当地グルメ。,"osm(place=city,node:864262454)",50
いものおづけばっと,いものおづけばっと,ご当地,青森県,東通村,青森県,東通村,冒頭の定義文,いものおづけばっとは日本の青森県下北郡東通村の郷土料理。,青森県,東通村,いものおづけばっとは日本の青森県下北郡東通村の郷土料理。,"osm(place=village,node:734876474)",49
しょうが飯,しょうが飯,発祥地,和歌山県,,和歌山県,,都道府県のみ,しょうが飯（しょうがめし）は、新しょうがを炊き込んだご飯であり、和歌山県の郷土料理である。,,,,"osm(県庁所在地:和歌山市,node:1551511175)",49
孟宗汁,孟宗汁,発祥地,山形県,,山形県,,都道府県のみ,孟宗汁（もうそうじる）は山形県庄内地方の郷土料理。,,,,"osm(県庁所在地:山形市,node:752206840)",49
小松うどん,小松うどん,ご当地,石川県,小松市,石川県,小松市,冒頭の定義文,小松うどん（こまつうどん）は、石川県小松市の郷土料理。,石川県,小松市,小松うどん（こまつうどん）は、石川県小松市の郷土料理。,"osm(place=city,node:762539002)",49
夕顔ラーメン,夕顔ラーメン,ご当地,栃木県,栃木市,栃木県,栃木市,冒頭の定義文,夕顔ラーメン（ゆうがおラーメン）とは、栃木県栃木市を中心として、提供されているご当地ラーメンである。,栃木県,栃木市,夕顔ラーメン（ゆうがおラーメン）とは、栃木県栃木市を中心として、提供されているご当地ラーメンである。,"osm(place=city,node:1108891177)",49
国見バーガー,国見バーガー,ご当地,福島県,国見町,福島県,国見町,冒頭の定義文,国見バーガー（くにみバーガー）とは、福島県伊達郡国見町のご当地バーガーのことである。,福島県,国見町,国見バーガー（くにみバーガー）とは、福島県伊達郡国見町のご当地バーガーのことである。,"osm(place=town,node:734866088)",48
オホーツク紋別ホワイトカレー,オホーツク紋別ホワイトカレー,発祥地,北海道,,北海道,,都道府県のみ,オホーツク紋別ホワイトカレー（オホーツクもんべつホワイトカレー）は、北海道紋別市で提供されているカレー料理。,,,,"osm(県庁所在地:札幌市,node:57683926)",48
げんなり寿司,げんなり寿司,ご当地,静岡県,東伊豆町,静岡県,東伊豆町,冒頭の定義文,げんなり寿司（げんなりずし）は、静岡県東伊豆町稲取地区（旧・稲取町）の郷土料理。,静岡県,東伊豆町,げんなり寿司（げんなりずし）は、静岡県東伊豆町稲取地区（旧・稲取町）の郷土料理。,"osm(place=town,node:2377927293)",47
ごさい漬け,ごさい漬け,発祥地,茨城県,,茨城県,,都道府県のみ,ごさい漬け（ごさいづけ）は、茨城県鹿行地域の郷土料理。,,,,"osm(県庁所在地:水戸市,node:736355846)",47
はまなみそ,はまなみそ,発祥地,福井県,,福井県,,都道府県のみ,はまなみそは福井県嶺北地域の冬期（10月から翌年2月）の郷土料理。,,,,"osm(県庁所在地:福井市,node:762073174)",47
骨かじり,骨かじり,ご当地,熊本県,水上村,熊本県,多良木町,発祥を述べる文,骨かじりは熊本県奥球磨地域（湯前町、多良木町、水上村）の郷土料理。,熊本県,水上村,骨かじりは熊本県奥球磨地域（湯前町、多良木町、水上村）の郷土料理。,"osm(place=village,node:739281279)",47
ひたん寿し,ひたん寿し,ご当地,大分県,日田市,大分県,日田市,冒頭の定義文,ひたん寿しとは、大分県日田市のご当地グルメである。,大分県,日田市,ひたん寿しとは、大分県日田市のご当地グルメである。,"osm(place=city,node:3052990373)",47
やまなし源水ラーメン,やまなし源水ラーメン,発祥地,山梨県,,山梨県,,都道府県のみ,やまなし源水ラーメン（やまなしげんすいラーメン、）は、山梨県のご当地ラーメン。,,,,"osm(県庁所在地:甲府市,node:1808192270)",47
よこまき。,よこまき。,ご当地,秋田県,横手市,秋田県,横手市,発祥を述べる文,かつて横手市内で食べられていたはしまきが食べたいとの需要から考案された。,秋田県,横手市,は、秋田県横手市で販売されているご当地グルメである。,"osm(place=city,node:752195588)",47
真っ赤な誘惑北本トマトカレー,真っ赤な誘惑北本トマトカレー,ご当地,埼玉県,北本市,埼玉県,北本市,冒頭の定義文,真っ赤な誘惑北本トマトカレー（まっかなゆうわくきたもとトマトカレー）とは、埼玉県北本市で販売されているご当地カレーである。,埼玉県,北本市,真っ赤な誘惑北本トマトカレー（まっかなゆうわくきたもとトマトカレー）とは、埼玉県北本市で販売されているご当地カレーである。,"osm(place=city,node:820134983)",47
とばーがー,とばーがー,ご当地,三重県,鳥羽市,三重県,鳥羽市,冒頭の定義文,とばーがーは、三重県鳥羽市のご当地バーガーである。,三重県,鳥羽市,とばーがーは、三重県鳥羽市のご当地バーガーである。,"osm(place=city,node:2970907205)",47
サメバーガー,サメバーガー,ご当地,新潟県,上越市,東京都,,都道府県のみ,サメバーガーは小笠原諸島、上越市、宮古島などのご当地バーガーである。,新潟県,上越市,サメバーガーは小笠原諸島、上越市、宮古島などのご当地バーガーである。,"osm(place=city,node:752398522)",47
小田原バーガー,小田原バーガー,ご当地,神奈川県,小田原市,神奈川県,小田原市,冒頭の定義文,小田原市においては漁業（市の魚でもあるアジが有名）や農業（蜜柑、たまねぎなどが有名）、また従前からの特産品である小田原蒲鉾や梅干しなど、様々な食材が産出されるため、同市は「小田原おでん」や「小田原どん」などの地域活性化への取り組みと合わせて地産地消の動きとしてメディア等で注目を集めており、小田原バーガーも今後地域に根差したあらたな名物料理として発展が期待されている。,神奈川県,小田原市,後述のとおり、その定義については一定ではないことから、現在のところは小田原市の地場産食材を使用したり、小田原市内の名所旧跡や特産品をモチーフとしたりする等したハンバーガー形状の料理の俗称として扱われている。,"osm(place=city,node:2115184105)",47
熊谷うどん,熊谷うどん,発祥地,埼玉県,熊谷市,埼玉県,熊谷市,冒頭の定義文,熊谷うどん（くまがやうどん）は埼玉県熊谷市で町おこしの一環としてブランド化した武蔵野うどんの一つである。,,,,"osm(place=city,node:301641122)",47
へきなん焼きそば,へきなん焼きそば,ご当地,愛知県,碧南市,愛知県,碧南市,冒頭の定義文,へきなん焼きそば（へきなんやきそば）は、愛知県碧南市のご当地焼きそばである。,愛知県,碧南市,へきなん焼きそば（へきなんやきそば）は、愛知県碧南市のご当地焼きそばである。,"osm(place=city,node:569005334)",46
おきつねバーガー,おきつねバーガー,ご当地,愛知県,豊川市,愛知県,豊川市,冒頭の定義文,おきつねバーガーとは愛知県豊川市のご当地バーガーである。,愛知県,豊川市,おきつねバーガーとは愛知県豊川市のご当地バーガーである。,"osm(place=city,node:569005460)",46
つぎ汁,つぎ汁,ご当地,岐阜県,郡上市,岐阜県,郡上市,冒頭の定義文,つぎ汁（つぎじる）は岐阜県郡上市明宝寒水（かのみず）地内の郷土料理。,岐阜県,郡上市,つぎ汁（つぎじる）は岐阜県郡上市明宝寒水（かのみず）地内の郷土料理。,"osm(place=city,node:1891203389)",45
キャベツ餅,キャベツ餅,ご当地,福島県,郡山市,福島県,郡山市,冒頭の定義文,キャベツ餅（キャベツもち）は、福島県郡山市西部の郷土料理。,福島県,郡山市,キャベツ餅（キャベツもち）は、福島県郡山市西部の郷土料理。,"osm(place=city,node:734866104)",45
カレー焼きそば,カレー焼きそば,発祥地,福島県,会津若松市,福島県,会津若松市,冒頭の定義文,会津カレー焼きそば - 福島県会津若松市。,,,,"osm(place=city,node:734866096)",45
淡路島ぬーどる,淡路島ぬーどる,発祥地,兵庫県,,兵庫県,,都道府県のみ,淡路島ぬーどる（あわじしまぬーどる）は、兵庫県の淡路島でご当地グルメとして創作された麺料理である。,,,,"osm(県庁所在地:神戸市,node:721818614)",45
鮑腸,鮑腸,発祥地,大分県,,大分県,,都道府県のみ,鮑腸（ほうちょう）は、大分県大分市戸次地区に伝わる、うどんに似た郷土料理である。,,,,"osm(県庁所在地:大分市,node:417258484)",44
ええじゃん鍋,ええじゃん鍋,発祥地,広島県,,広島県,,都道府県のみ,概要2005年（平成17年）10月に開催された「ひろしまフードフェスティバル」で初めて出展された料理で、広島県産の海の幸、山の幸を一度に楽しんでもらおうと開発された。,,,,"osm(県庁所在地:広島市,node:1590291928)",44
ホワイト焼きそば,ホワイト焼きそば,ご当地,新潟県,上越市,新潟県,上越市,冒頭の定義文,ホワイト焼きそば（ホワイトやきそば）は新潟県上越市のご当地焼きそば。,新潟県,上越市,ホワイト焼きそば（ホワイトやきそば）は新潟県上越市のご当地焼きそば。,"osm(place=city,node:752398522)",44
すいぜん,すいぜん,ご当地,石川県,輪島市,石川県,輪島市,冒頭の定義文,すいぜんは石川県輪島市の郷土料理。,石川県,輪島市,すいぜんは石川県輪島市の郷土料理。,"osm(place=city,node:762305950)",43
子持鯉の煮付,子持鯉の煮付,発祥地,滋賀県,,滋賀県,,都道府県のみ,子持鯉の旨煮、子持鯉のあめ煮とも言い滋賀県の郷土料理。,,,,"osm(県庁所在地:大津市,node:541402993)",43
長崎サラダ,長崎サラダ,発祥地,長崎県,長崎市,長崎県,長崎市,冒頭の定義文,長崎サラダ（ながさきサラダ）は、長崎県長崎市の一部の飲食店でメニューとなっているB級グルメ料理で、皿うどんを使ったサラダ、もしくは麺料理。,,,,"osm(place=city,node:568515366)",43
でんぷん団子,でんぷん団子,発祥地,北海道,,北海道,,都道府県のみ,概要主に北海道の道東地方で食される郷土料理であり、主におやつや軽食として食べられる。,,,,"osm(県庁所在地:札幌市,node:57683926)",42
イッチャーシー,イッチャーシー,発祥地,鹿児島県,,鹿児島県,,都道府県のみ,イッチャーシーは、鹿児島県の奄美群島北東部に位置する喜界島における野菜炒めである。,,,,"osm(県庁所在地:鹿児島市,node:640003455)",42
高菜巻,高菜巻,発祥地,大分県,,大分県,,都道府県のみ,高菜巻（たかなまき）は、大分県日田地方の郷土料理で、海苔の代わりに高菜漬を使った巻き寿司である。,,,,"osm(県庁所在地:大分市,node:417258484)",42
とて焼,とて焼,ご当地,栃木県,那須塩原市,栃木県,那須塩原市,冒頭の定義文,とて焼（とてやき）は、栃木県那須塩原市の塩原温泉郷で販売されているご当地フード。,栃木県,那須塩原市,とて焼（とてやき）は、栃木県那須塩原市の塩原温泉郷で販売されているご当地フード。,"osm(place=city,node:1108891172)",42
小田原どん,小田原どん,ご当地,神奈川県,小田原市,神奈川県,小田原市,冒頭の定義文,小田原どん（おだわらどん）は、神奈川県小田原市で販売されているご当地グルメの丼である。,神奈川県,小田原市,小田原どん（おだわらどん）は、神奈川県小田原市で販売されているご当地グルメの丼である。,"osm(place=city,node:2115184105)",42
のっぺいうどん,のっぺいうどん,ご当地,滋賀県,長浜市,滋賀県,長浜市,冒頭の定義文,のっぺいうどんは、滋賀県長浜市で食べられている郷土料理で、うどんの一種。,滋賀県,長浜市,のっぺいうどんは、滋賀県長浜市で食べられている郷土料理で、うどんの一種。,"osm(place=city,node:324857864)",41
藤沢炒麺,藤沢炒麺,ご当地,神奈川県,藤沢市,神奈川県,藤沢市,冒頭の定義文,藤沢炒麺（ふじさわちゃーめん、）とは、神奈川県藤沢市で販売されているご当地焼きそばである。,神奈川県,藤沢市,藤沢炒麺（ふじさわちゃーめん、）とは、神奈川県藤沢市で販売されているご当地焼きそばである。,"osm(place=city,node:2115184122)",41
十勝芽室コーン炒飯,十勝芽室コーン炒飯,ご当地,北海道,芽室町,北海道,芽室町,冒頭の定義文,十勝芽室コーン炒飯（とかちめむろコーンチャーハン）は、北海道芽室町で食べられているご当地グルメで、バター風味のスイートコーンを大量にトッピングした炒飯。,北海道,芽室町,十勝芽室コーン炒飯（とかちめむろコーンチャーハン）は、北海道芽室町で食べられているご当地グルメで、バター風味のスイートコーンを大量にトッピングした炒飯。,"osm(place=town,node:379176006)",40
味噌おでん (鹿児島風),味噌おでん (鹿児島風),発祥地,鹿児島県,,鹿児島県,,都道府県のみ,2015年8月4日 (火) 12:54 (UTC)味噌おでん (鹿児島風) 2009年5月 鹿児島県 料理噌鹿児島風 味噌おでん（かごしまふう みそおでん）は、味噌で味付けし煮込んだおでん。,,,,"osm(県庁所在地:鹿児島市,node:640003455)",40
浦上そぼろ,浦上そぼろ,ご当地,長崎県,長崎市,長崎県,長崎市,発祥を述べる文,浦上そぼろ（うらかみそぼろ）は、長崎市浦上地区に伝わる郷土料理。,長崎県,長崎市,浦上そぼろ（うらかみそぼろ）は、長崎市浦上地区に伝わる郷土料理。,"osm(place=city,node:568515366)",40
たっちょほねく丼,たっちょほねく丼,ご当地,和歌山県,有田市,和歌山県,有田市,冒頭の定義文,たっちょほねく丼（たっちょほねくどん）は、和歌山県有田市のご当地グルメ。,和歌山県,有田市,たっちょほねく丼（たっちょほねくどん）は、和歌山県有田市のご当地グルメ。,"osm(place=city,node:2526393346)",40
ひこね丼,ひこね丼,ご当地,滋賀県,彦根市,滋賀県,彦根市,冒頭の定義文,ひこね丼（ひこねどん）は、滋賀県彦根市のご当地グルメ。,滋賀県,彦根市,ひこね丼（ひこねどん）は、滋賀県彦根市のご当地グルメ。,"osm(place=city,node:541403022)",40
岩槻ねぎの塩焼きそば,岩槻ねぎの塩焼きそば,ご当地,埼玉県,さいたま市,埼玉県,さいたま市,冒頭の定義文,岩槻ねぎの塩焼きそば（いわつきねぎのしおやきそば）とは、埼玉県さいたま市岩槻区で販売されているご当地焼きそばである。,埼玉県,さいたま市,岩槻ねぎの塩焼きそば（いわつきねぎのしおやきそば）とは、埼玉県さいたま市岩槻区で販売されているご当地焼きそばである。,"osm(place=city,node:243993095)",40
名取り雑煮,名取り雑煮,発祥地,東京都,,東京都,,都道府県のみ,名取り雑煮（なとりぞうに）は、東京都の伝統的な雑煮。,,,,"osm(県庁所在地:新宿区,node:2389061853)",39
蒸し雑煮,蒸し雑煮,ご当地,福岡県,朝倉市,福岡県,朝倉市,冒頭の定義文,蒸し雑煮（むしぞうに）は、福岡県朝倉市の伝統料理。,福岡県,朝倉市,2021年時点では、朝倉名物として朝倉市内の各飲食店で提供される他、温めるだけで食べられるチルドタイプの蒸し雑煮、好みの食材と卵を加えて蒸し雑煮を作ることができるキットも市販されている。,"osm(place=city,node:1555134676)",39
串間活〆ぶりプリ丼ぶり,串間活〆ぶりプリ丼ぶり,ご当地,宮崎県,串間市,宮崎県,串間市,冒頭の定義文,串間活〆ぶりプリ丼ぶり（くしまかつじめぶりプリどんぶり、くしまいきじめぶりプリどんぶり）は宮崎県串間市のご当地丼。,宮崎県,串間市,串間活〆ぶりプリ丼ぶり（くしまかつじめぶりプリどんぶり、くしまいきじめぶりプリどんぶり）は宮崎県串間市のご当地丼。,"osm(place=city,node:739203626)",39
大村あま辛まっ黒!カレー,大村あま辛まっ黒!カレー,ご当地,長崎県,大村市,長崎県,大村市,冒頭の定義文,大村あま辛まっ黒!カレー（おおむらあまからまっくろカレー）は、長崎県大村市のご当地グルメ、ご当地カレーである。,長崎県,大村市,大村あま辛まっ黒!カレー（おおむらあまからまっくろカレー）は、長崎県大村市のご当地グルメ、ご当地カレーである。,"osm(place=city,node:3060109535)",39
マジェンバ,マジェンバ,ご当地,佐賀県,小城市,佐賀県,小城市,冒頭の定義文,マジェンバは佐賀県小城市のご当地グルメ。,佐賀県,小城市,マジェンバは佐賀県小城市のご当地グルメ。,"osm(place=city,node:1952049362)",39
オホーツク干貝柱塩ラーメン,オホーツク干貝柱塩ラーメン,発祥地,北海道,,北海道,,都道府県のみ,オホーツク干貝柱塩ラーメン（オホーツクほしかいばしらしおラーメン）とは、北海道の稚内から網走までのオホーツク海沿岸地域で提供されているご当地ラーメンである。,,,,"osm(県庁所在地:札幌市,node:57683926)",39
十勝清水牛玉ステーキ丼,十勝清水牛玉ステーキ丼,発祥地,北海道,清水町,北海道,清水町,冒頭の定義文,十勝清水牛玉ステーキ丼（とかちしみずぎゅうたまステーキどん）は、北海道上川郡清水町で販売されているご当地丼料理である。,,,,"osm(place=town,node:263098586)",39
ばらっぱまんじゅう,ばらっぱまんじゅう,発祥地,千葉県,,千葉県,,都道府県のみ,ばらっぱまんじゅうは、千葉県北総地域の郷土料理。,,,,"osm(県庁所在地:千葉市,node:3675848658)",38
ぼっかけ (福井県),ぼっかけ (福井県),ご当地,福井県,勝山市,福井県,勝山市,発祥を述べる文,また、勝山市ではご当地グルメとして勝ち山ボッカケの普及を図っている。,福井県,勝山市,また、勝山市ではご当地グルメとして勝ち山ボッカケの普及を図っている。,"osm(place=city,node:1891526180)",38
南蛮べっちょ,南蛮べっちょ,ご当地,秋田県,八峰町,秋田県,八峰町,冒頭の定義文,南蛮べっちょ（なんばんべっちょ）は秋田県峰浜村（現・八峰町）の郷土料理。,秋田県,八峰町,南蛮べっちょ（なんばんべっちょ）は秋田県峰浜村（現・八峰町）の郷土料理。,"osm(place=town,node:752195648)",38
ナピラ,ナピラ,発祥地,埼玉県,,埼玉県,,都道府県のみ,2020-11-24 埼玉県 料理の写真ナピラとは、炊いた米に納豆・チーズなどを乗せて焼いた料理。,,,,"osm(県庁所在地:さいたま市,node:243993095)",38
能代豚なんこつ,能代豚なんこつ,ご当地,秋田県,能代市,秋田県,能代市,冒頭の定義文,能代豚なんこつ（のしろぶたなんこつ）は、秋田県能代市周辺で調理販売されている豚軟骨料理。,秋田県,能代市,現在では能代市周辺に定着し、多くの店舗で提供されているほか、精肉店でも豚軟骨が販売され、各家庭で調理されている。,"osm(place=city,node:752195550)",38
岩見沢バーガー,岩見沢バーガー,ご当地,北海道,岩見沢市,北海道,岩見沢市,冒頭の定義文,岩見沢バーガー（いわみざわバーガー）とは北海道岩見沢市のご当地バーガーである。,北海道,岩見沢市,岩見沢バーガー（いわみざわバーガー）とは北海道岩見沢市のご当地バーガーである。,"osm(place=city,node:383332866)",37
仙台雑煮,仙台雑煮,ご当地,宮城県,仙台市,宮城県,仙台市,冒頭の定義文,仙台雑煮（せんだいぞうに）は宮城県仙台市の郷土料理。,宮城県,仙台市,仙台雑煮（せんだいぞうに）は宮城県仙台市の郷土料理。,"osm(place=city,node:752184864)",36
しぐれ肉巻きおにぎり,しぐれ肉巻きおにぎり,ご当地,三重県,桑名市,三重県,桑名市,冒頭の定義文,しぐれ肉巻きおにぎり（しぐれにくまきおにぎり）は、あさりの時雨煮を混ぜ込んだご飯を、豚肉で巻いたおにぎり（肉巻きおにぎり）で、三重県桑名市のご当地グルメ。,三重県,桑名市,しぐれ肉巻きおにぎり（しぐれにくまきおにぎり）は、あさりの時雨煮を混ぜ込んだご飯を、豚肉で巻いたおにぎり（肉巻きおにぎり）で、三重県桑名市のご当地グルメ。,"osm(place=city,node:683098223)",36
つるぎTKGY,つるぎTKGY,ご当地,石川県,白山市,石川県,白山市,冒頭の定義文,つるぎTKGY（つるぎティーケージーワイ）は、石川県白山市鶴来地区で提供される卵かけご飯を焼いたご当地グルメである。,石川県,白山市,つるぎTKGY（つるぎティーケージーワイ）は、石川県白山市鶴来地区で提供される卵かけご飯を焼いたご当地グルメである。,"osm(place=city,node:1822974496)",36
グラタンフライ,グラタンフライ,ご当地,青森県,八戸市,青森県,八戸市,冒頭の定義文,グラタンフライは、青森県八戸市で作られているご当地グルメである。,青森県,八戸市,グラタンフライは、青森県八戸市で作られているご当地グルメである。,"osm(place=city,node:734876512)",36
コロリンシュウマイ,コロリンシュウマイ,ご当地,群馬県,桐生市,群馬県,桐生市,冒頭の定義文,コロリンシュウマイは群馬県桐生市のご当地グルメの1つ。,群馬県,桐生市,コロリンシュウマイは群馬県桐生市のご当地グルメの1つ。,"osm(place=city,node:1068823646)",36
北上コロッケ,北上コロッケ,ご当地,岩手県,北上市,岩手県,北上市,冒頭の定義文,北上コロッケ（きたかみコロッケ）は、岩手県北上市の名物、B級グルメ。,岩手県,北上市,北上コロッケ（きたかみコロッケ）は、岩手県北上市の名物、B級グルメ。,"osm(place=city,node:619310110)",36
たらふく丼,たらふく丼,ご当地,佐賀県,太良町,佐賀県,太良町,冒頭の定義文,たらふく丼（たらふくどん）は佐賀県太良町のご当地グルメ。,佐賀県,太良町,たらふく丼（たらふくどん）は佐賀県太良町のご当地グルメ。,"osm(place=town,node:3061182834)",36
鶏雑炊,鶏雑炊,発祥地,千葉県,南房総市,千葉県,南房総市,発祥を述べる文,房総半島の南側、富山町（現・南房総市）などは魚介類に恵まれており、「日本酪農の発祥の地」とも呼ばれるなど、酪農も盛んであった。,,,,"osm(place=city,node:1977631144)",35
アオリイカ黒焼きそば,アオリイカ黒焼きそば,ご当地,徳島県,牟岐町,徳島県,牟岐町,冒頭の定義文,アオリイカ黒焼きそば（アオリイカくろやきそば）は徳島県牟岐町の商工会青年部が2011年（平成23年）に開発した商品であり、牟岐町初のご当地B級グルメ。,徳島県,牟岐町,アオリイカ黒焼きそば（アオリイカくろやきそば）は徳島県牟岐町の商工会青年部が2011年（平成23年）に開発した商品であり、牟岐町初のご当地B級グルメ。,"osm(place=town,node:298625631)",35
鹿児島ぎょうざ,鹿児島ぎょうざ,発祥地,鹿児島県,,鹿児島県,,都道府県のみ,鹿児島ぎょうざ（かごしまぎょうざ）は鹿児島県のご当地餃子。,,,,"osm(県庁所在地:鹿児島市,node:640003455)",35
こけらずし (高知県),こけらずし (高知県),ご当地,高知県,東洋町,高知県,東洋町,冒頭の定義文,こけらずしは、高知県東洋町の郷土料理。,高知県,東洋町,こけらずしは、高知県東洋町の郷土料理。,"osm(place=town,node:3075219488)",35
じょじょ切り,じょじょ切り,発祥地,愛知県,,愛知県,,都道府県のみ,じょじょ切り（じょじょきり）は、渥美半島を中心とした愛知県東三河地域に明治時代から伝わる郷土料理。,,,,"osm(県庁所在地:名古屋市,node:569005393)",34
ひきとおし,ひきとおし,発祥地,長崎県,壱岐市,長崎県,壱岐市,発祥を述べる文,2024年3月3日 (日) 16:28 (UTC) 料理 長崎県 壱岐市 料理の実物ひきとおしは長崎県壱岐島の郷土料理手帖 婦人。,長崎県,壱岐市,2024年3月3日 (日) 16:28 (UTC) 料理 長崎県 壱岐市 料理の実物ひきとおしは長崎県壱岐島の郷土料理手帖 婦人。,"osm(place=city,node:2499154661)",34
はしもとオムレツ,はしもとオムレツ,ご当地,和歌山県,橋本市,和歌山県,橋本市,冒頭の定義文,はしもとオムレツは、和歌山県橋本市が新たな地域産品（ご当地グルメ）として2016年から普及・広報活動をおこなっているオムレツ。,和歌山県,橋本市,はしもとオムレツは、和歌山県橋本市が新たな地域産品（ご当地グルメ）として2016年から普及・広報活動をおこなっているオムレツ。,"osm(place=city,node:7085420188)",34
ごぼとん丼,ごぼとん丼,ご当地,長野県,松川町,長野県,松川町,冒頭の定義文,ごぼとん丼（ごぼとんどん）は、長野県下伊那郡松川町で販売されているご当地グルメである。,長野県,松川町,ごぼとん丼（ごぼとんどん）は、長野県下伊那郡松川町で販売されているご当地グルメである。,"osm(place=town,node:702987333)",34
いちきポンカレー,いちきポンカレー,ご当地,鹿児島県,いちき串木野市,鹿児島県,いちき串木野市,冒頭の定義文,いちきポンカレーは、鹿児島県いちき串木野市で販売されているご当地カレーライス。,鹿児島県,いちき串木野市,いちきポンカレーは、鹿児島県いちき串木野市で販売されているご当地カレーライス。,"osm(place=city,node:739243867)",34
八千代カレー,八千代カレー,ご当地,千葉県,八千代市,千葉県,八千代市,冒頭の定義文,八千代カレー（やちよカレー）は、千葉県八千代市のご当地グルメ。,千葉県,八千代市,八千代カレー（やちよカレー）は、千葉県八千代市のご当地グルメ。,"osm(place=city,node:2097955818)",34
おかべ焼きそば,おかべ焼きそば,ご当地,静岡県,藤枝市,静岡県,藤枝市,冒頭の定義文,おかべ焼きそば（おかべやきそば）は、静岡県藤枝市岡部町で提供される焼きそばで、ご当地グルメである。,静岡県,藤枝市,おかべ焼きそば（おかべやきそば）は、静岡県藤枝市岡部町で提供される焼きそばで、ご当地グルメである。,"osm(place=city,node:763099670)",34
中標津ミルキーラーメン,中標津ミルキーラーメン,発祥地,北海道,,北海道,,都道府県のみ,中標津ミルキーラーメン（なかしべつミルキーラーメン）は、北海道標津郡中標津町で生産された牛乳が使用されたご当地ラーメンである。,,,,"osm(県庁所在地:札幌市,node:57683926)",34
松前マグロ三色丼,松前マグロ三色丼,ご当地,北海道,松前町,北海道,松前町,冒頭の定義文,松前マグロ三色丼（まつまえマグロさんしょくどん）は、北海道松前町で販売されているご当地グルメの丼である。,北海道,松前町,松前マグロ三色丼（まつまえマグロさんしょくどん）は、北海道松前町で販売されているご当地グルメの丼である。,"osm(place=town,node:420194984)",34
おつけだんご,おつけだんご,ご当地,山梨県,大月市,山梨県,大月市,冒頭の定義文,おつけだんごとは、山梨県大月市で古くから食べられている郷土料理である。,山梨県,大月市,おつけだんごとは、山梨県大月市で古くから食べられている郷土料理である。,"osm(place=city,node:1599607817)",33
ごんじゅう,ごんじゅう,ご当地,千葉県,館山市,千葉県,館山市,冒頭の定義文,ごんじゅうは千葉県館山市の郷土料理。,千葉県,館山市,ごんじゅうは千葉県館山市の郷土料理。,"osm(place=city,node:1977624221)",33
だぶ,だぶ,発祥地,福岡県,,福岡県,,都道府県のみ,だぶ、だぶ汁は福岡県、佐賀県の郷土料理。,,,,"osm(県庁所在地:福岡市,node:1932338735)",33
ぼっかけ (愛媛県),ぼっかけ (愛媛県),ご当地,愛媛県,今治市,愛媛県,今治市,冒頭の定義文,ぼっかけは、愛媛県今治市の郷土料理。,愛媛県,今治市,ぼっかけは、愛媛県今治市の郷土料理。,"osm(place=city,node:637454152)",33
緋の蕪漬,緋の蕪漬,発祥地,愛媛県,,愛媛県,,都道府県のみ,緋の蕪漬（ひのかぶらづけ、ひのかぶづけ）は愛媛県の郷土料理。,,,,"osm(県庁所在地:松山市,node:207689592)",33
とくしまバーガー,とくしまバーガー,発祥地,徳島県,,徳島県,,都道府県のみ,とくしまバーガーは、徳島県のご当地バーガー。,,,,"osm(県庁所在地:徳島市,node:263264345)",33
すったて汁,すったて汁,発祥地,岐阜県,白川村,岐阜県,白川村,冒頭の定義文,すったて汁（すったてじる）は岐阜県大野郡白川村の郷土料理。,,,,"osm(place=village,node:1862744046)",32
どんこ汁,どんこ汁,ご当地,福島県,相馬市,福島県,相馬市,冒頭の定義文,どんこ汁（どんこじる）は、福島県相馬市、宮城県や岩手県の三陸海岸沿岸地域の郷土料理。,福島県,相馬市,どんこ汁（どんこじる）は、福島県相馬市、宮城県や岩手県の三陸海岸沿岸地域の郷土料理。,"osm(place=city,node:734866054)",32
わかめむすび,わかめむすび,ご当地,山口県,長門市,山口県,長門市,発祥を述べる文,わかめむすびは、山口県の日本海に面した長北地区（萩市、長門市など）の郷土料理。,山口県,長門市,わかめむすびは、山口県の日本海に面した長北地区（萩市、長門市など）の郷土料理。,"osm(place=city,node:697538003)",32
かっぱめし,かっぱめし,発祥地,山梨県,,山梨県,,都道府県のみ,かっぱめしは、山梨県の河口湖周辺で提供されているご当地グルメである。,,,,"osm(県庁所在地:甲府市,node:1808192270)",32
白老バーガー&ベーグル,白老バーガー&ベーグル,発祥地,北海道,白老町,北海道,白老町,冒頭の定義文,白老バーガー&ベーグル（しらおいバーガーアンドベーグル）は、北海道白老郡白老町で販売されているご当地ファーストフードである。,,,,"osm(place=town,node:420892716)",32
あんびん,あんびん,発祥地,山梨県,市川三郷町,山梨県,市川三郷町,発祥を述べる文,概要山梨県峡南地域の六郷町（現・市川三郷町）や身延町に伝わる郷土料理である県。,,,,"osm(place=town,node:2955593367)",31
こっぱもち,こっぱもち,発祥地,熊本県,天草市,熊本県,天草市,発祥を述べる文,2024年3月7日 (木) 02:24 (UTC) 料理 熊本県 天草市 料理の実物こっぱもちは熊本県天草地域の郷土料理伝 農林。,熊本県,天草市,2024年3月7日 (木) 02:24 (UTC) 料理 熊本県 天草市 料理の実物こっぱもちは熊本県天草地域の郷土料理伝 農林。,"osm(place=city,node:739281184)",31
てんもんどう,てんもんどう,発祥地,千葉県,東金市,千葉県,東金市,発祥を述べる文,千葉県の郷土料理 生薬、漢方薬 天門冬2024年2月29日 (木) 00:19 (UTC) 料理 千葉県 東金市 菓子 料理の実物てんもんどうは千葉県の郷土料理農林。,,,,"osm(place=city,node:3675848660)",31
のうさば,のうさば,ご当地,福岡県,宗像市,福岡県,宗像市,冒頭の定義文,のうさばは、福岡県宗像市鐘崎地区の郷土料理。,福岡県,宗像市,のうさばは、福岡県宗像市鐘崎地区の郷土料理。,"osm(place=city,node:1815476345)",31
べか鍋,べか鍋,発祥地,石川県,,石川県,,都道府県のみ,べか鍋（べかなべ）は、石川県沿岸部の郷土料理。,,,,"osm(県庁所在地:金沢市,node:303913177)",31
日野菜漬け,日野菜漬け,発祥地,滋賀県,日野町,滋賀県,日野町,発祥を述べる文,概要日野菜は滋賀県日野町が発祥の伝統野菜であるが、三重県においても伊賀地区から中勢地区、北勢地区まで広く栽培されている伝2。,,,,"osm(place=town,node:541402940)",31
福生ドッグ,福生ドッグ,ご当地,東京都,福生市,東京都,福生市,冒頭の定義文,福生ドッグ（ふっさドッグ）は、東京都福生市のご当地グルメの一種であるホットドッグ。,東京都,福生市,福生ドッグ（ふっさドッグ）は、東京都福生市のご当地グルメの一種であるホットドッグ。,"osm(place=city,node:1513663390)",31
ひしお丼,ひしお丼,発祥地,香川県,,香川県,,都道府県のみ,ひしお丼（ひしおどん）は、香川県小豆郡の小豆島で販売されているご当地グルメの丼である。,,,,"osm(県庁所在地:高松市,node:574804765)",31
直方焼きスパ,直方焼きスパ,ご当地,福岡県,直方市,福岡県,直方市,冒頭の定義文,直方焼きスパ（のおがたやきスパ）は直方市のご当地グルメ。,福岡県,直方市,直方焼きスパ（のおがたやきスパ）は直方市のご当地グルメ。,"osm(place=city,node:1553133028)",31
くろこ,くろこ,ご当地,群馬県,嬬恋村,群馬県,嬬恋村,冒頭の定義文,くろこは、群馬県吾妻郡嬬恋村の郷土料理。,群馬県,嬬恋村,くろこは、群馬県吾妻郡嬬恋村の郷土料理。,"osm(place=village,node:1068823687)",30
煮ごめ,煮ごめ,発祥地,広島県,,広島県,,都道府県のみ,煮ごめ（にごめ）は広島県の広島湾沿岸～芸北地域で作られる郷土料理を指す。,,,,"osm(県庁所在地:広島市,node:1590291928)",30
がね揚げ,がね揚げ,ご当地,熊本県,天草市,熊本県,天草市,冒頭の定義文,がね揚げ（がねあげ）は、熊本県天草市の郷土料理。,熊本県,天草市,がね揚げ（がねあげ）は、熊本県天草市の郷土料理。,"osm(place=city,node:739281184)",29
さつますもじ,さつますもじ,発祥地,鹿児島県,,鹿児島県,,都道府県のみ,さつますもじは、鹿児島県の郷土料理。,,,,"osm(県庁所在地:鹿児島市,node:640003455)",29
丸岡そば,丸岡そば,発祥地,福井県,坂井市,福井県,坂井市,冒頭の定義文,丸岡そば(まるおかそば)は、福井県坂井市丸岡町の在来品種のソバ。,,,,"osm(place=city,node:7085259562)",29
巻柿,巻柿,発祥地,岩手県,,岩手県,,都道府県のみ,岩手県、広島県、熊本県、大分県で見られる。,,,,"osm(県庁所在地:盛岡市,node:471357225)",29
紫錦梅,紫錦梅,ご当地,茨城県,水戸市,茨城県,水戸市,冒頭の定義文,紫錦梅（しきんばい）は、茨城県水戸市の郷土料理。,茨城県,水戸市,紫錦梅（しきんばい）は、茨城県水戸市の郷土料理。,"osm(place=city,node:736355846)",29
ニセコ羊蹄コロッケ定食,ニセコ羊蹄コロッケ定食,記事名,北海道,ニセコ町,北海道,,都道府県のみ,ニセコ羊蹄コロッケ定食（ニセコようていコロッケていしょく）は、北海道のニセコ羊蹄地域で販売されているご当地料理である。,,,,"osm(place=town,node:460416755)",29
桜えびやきそば,桜えびやきそば,ご当地,静岡県,静岡市,静岡県,静岡市,冒頭の定義文,桜えびやきそば（さくらえびやきそば）は、静岡県静岡市清水区蒲原地区で提供される焼きそばで、ご当地グルメである。,静岡県,静岡市,桜えびやきそば（さくらえびやきそば）は、静岡県静岡市清水区蒲原地区で提供される焼きそばで、ご当地グルメである。,"osm(place=city,node:763118317)",29
さぬきうどんバーガー,さぬきうどんバーガー,ご当地,香川県,さぬき市,香川県,さぬき市,冒頭の定義文,さぬきうどんバーガーは、香川県さぬき市のご当地バーガーである。,香川県,さぬき市,さぬきうどんバーガーは、香川県さぬき市のご当地バーガーである。,"osm(place=city,node:1012320229)",29
かつおラーメン,かつおラーメン,ご当地,鹿児島県,枕崎市,鹿児島県,枕崎市,冒頭の定義文,かつおラーメンとは、鹿児島県枕崎市で提供されているご当地ラーメンである。,鹿児島県,枕崎市,かつおラーメンとは、鹿児島県枕崎市で提供されているご当地ラーメンである。,"osm(place=city,node:739243832)",29
おねり,おねり,発祥地,山梨県,,山梨県,,都道府県のみ,おねりは、山梨県に伝わる郷土料理。,,,,"osm(県庁所在地:甲府市,node:1808192270)",28
つしま (郷土料理),つしま (郷土料理),ご当地,山口県,周南市,山口県,周南市,冒頭の定義文,つしまは山口県周南市の郷土料理。,山口県,周南市,つしまは山口県周南市の郷土料理。,"osm(place=city,node:835520943)",28
ばんだい餅,ばんだい餅,ご当地,栃木県,日光市,栃木県,日光市,冒頭の定義文,ばんだい餅、板台餅（ばんだいもち）は、栃木県栗山村（現・日光市）の郷土料理。,栃木県,日光市,ばんだい餅、板台餅（ばんだいもち）は、栃木県栗山村（現・日光市）の郷土料理。,"osm(place=city,node:574839709)",28
舞鶴かき丼,舞鶴かき丼,ご当地,京都府,舞鶴市,京都府,舞鶴市,冒頭の定義文,舞鶴かき丼（まいづるかきどん）は、京都府舞鶴市で提供されているご当地丼料理である。,京都府,舞鶴市,舞鶴かき丼（まいづるかきどん）は、京都府舞鶴市で提供されているご当地丼料理である。,"osm(place=city,node:533681214)",28
ガマゴリうどん,ガマゴリうどん,発祥地,愛知県,蒲郡市,愛知県,蒲郡市,発祥を述べる文,2025年11月 料理 蒲郡市 実物ガマゴリうどんは、愛知県蒲郡市のご当地グルメのうどん概要2012年に蒲郡市で撮影された映画『ガマゴリ・ネバーアイランド』のスタッフやキャストに振る舞った炊き出しのうどんが起源:0:1。,愛知県,蒲郡市,2025年11月 料理 蒲郡市 実物ガマゴリうどんは、愛知県蒲郡市のご当地グルメのうどん概要2012年に蒲郡市で撮影された映画『ガマゴリ・ネバーアイランド』のスタッフやキャストに振る舞った炊き出しのうどんが起源:0:1。,"osm(place=city,node:569005458)",28
かましいりこ,かましいりこ,ご当地,石川県,白山市,石川県,白山市,冒頭の定義文,かましいりこは石川県白山市白峰地区（旧・白峰村）の郷土料理。,石川県,白山市,かましいりこは石川県白山市白峰地区（旧・白峰村）の郷土料理。,"osm(place=city,node:1822974496)",27
うま辛王,うま辛王,発祥地,岐阜県,高山市,岐阜県,高山市,冒頭の定義文,うま辛王（うまからおう）とは、岐阜県高山市の第3セクターの飛騨唐辛工房が発売しているソースである。,,,,"osm(place=city,node:315430925)",27
レッド焼きそば,レッド焼きそば,ご当地,新潟県,妙高市,新潟県,妙高市,冒頭の定義文,レッド焼きそば（レッドやきそば）は、新潟県妙高市赤倉温泉のご当地焼きそば。,新潟県,妙高市,レッド焼きそば（レッドやきそば）は、新潟県妙高市赤倉温泉のご当地焼きそば。,"osm(place=city,node:752398751)",27
袋入り焼きそば,袋入り焼きそば,発祥地,北海道,美唄市,北海道,美唄市,冒頭の定義文,袋入り焼きそば（ふくろいりやきそば）は、北海道美唄市に所在する製麺メーカー角屋（かどや）が発祥の袋に入った焼きそば。,,,,"osm(place=city,node:383332767)",27
源平鍋,源平鍋,発祥地,香川県,,香川県,,都道府県のみ,源平鍋（げんぺいなべ）は、香川県の郷土料理。,,,,"osm(県庁所在地:高松市,node:574804765)",26
白子流ブイヤベース,白子流ブイヤベース,ご当地,千葉県,白子町,千葉県,白子町,冒頭の定義文,白子流ブイヤベース（しらこりゅうブイヤベース）は、千葉県白子町のご当地料理。,千葉県,白子町,白子流ブイヤベース（しらこりゅうブイヤベース）は、千葉県白子町のご当地料理。,"osm(place=town,node:2098183398)",26
凍みっぱなし丼,凍みっぱなし丼,ご当地,宮城県,大崎市,宮城県,大崎市,冒頭の定義文,凍みっぱなし丼（しみっぱなしどん）は、宮城県大崎市のご当地丼。,宮城県,大崎市,凍みっぱなし丼（しみっぱなしどん）は、宮城県大崎市のご当地丼。,"osm(place=city,node:752184845)",26
たじみそ焼きそば,たじみそ焼きそば,ご当地,岐阜県,多治見市,岐阜県,多治見市,冒頭の定義文,たじみそ焼きそば（たじみそやきそば）は、岐阜県多治見市のご当地グルメ（ご当地焼きそば）である。,岐阜県,多治見市,たじみそ焼きそば（たじみそやきそば）は、岐阜県多治見市のご当地グルメ（ご当地焼きそば）である。,"osm(place=city,node:2017659619)",26
せんだご汁,せんだご汁,発祥地,熊本県,天草市,熊本県,天草市,発祥を述べる文,2024年3月3日 (日) 21:16 (UTC) 料理 熊本県 天草市 料理の実物せんだご汁は熊本県天草地方の郷土料理栄養。,熊本県,天草市,2024年3月3日 (日) 21:16 (UTC) 料理 熊本県 天草市 料理の実物せんだご汁は熊本県天草地方の郷土料理栄養。,"osm(place=city,node:739281184)",25
ちしゃなます,ちしゃなます,発祥地,山口県,,山口県,,都道府県のみ,ちしゃなますは山口県の郷土料理。,,,,"osm(県庁所在地:山口市,node:697538055)",25
ほやたまご,ほやたまご,ご当地,宮城県,女川町,宮城県,女川町,冒頭の定義文,ほやたまごは、宮城県女川町の郷土料理。,宮城県,女川町,ほやたまごは、宮城県女川町の郷土料理。,"osm(place=town,node:752184846)",25
みとり饅頭,みとり饅頭,ご当地,大分県,宇佐市,福岡県,上毛町,冒頭の定義文,みとり饅頭（みとりまんじゅう）は、福岡県上毛町、大分県宇佐市といった旧・豊前国の郷土料理。,大分県,宇佐市,みとり饅頭（みとりまんじゅう）は、福岡県上毛町、大分県宇佐市といった旧・豊前国の郷土料理。,"osm(place=city,node:1721429187)",25
もろこずし,もろこずし,発祥地,愛知県,,愛知県,,都道府県のみ,もろこずしは、愛知県尾張地域、岐阜県西濃地域の郷土料理。,,,,"osm(県庁所在地:名古屋市,node:569005393)",25
煮味噌,煮味噌,発祥地,愛知県,,愛知県,,都道府県のみ,煮味噌（にみそ）は、愛知県の郷土料理。,,,,"osm(県庁所在地:名古屋市,node:569005393)",25
とうへい鍋,とうへい鍋,ご当地,福岡県,宗像市,福岡県,宗像市,冒頭の定義文,とうへい鍋（とうへいなべ）は、福岡県宗像大島（宗像市）の郷土料理。,福岡県,宗像市,とうへい鍋（とうへいなべ）は、福岡県宗像大島（宗像市）の郷土料理。,"osm(place=city,node:1815476345)",24
とろ鯖棒寿司,とろ鯖棒寿司,発祥地,青森県,,青森県,,都道府県のみ,とろ鯖棒寿司（とろさばぼうずし）は鯖寿司の一種で、脂質含量が21％以上のとろ鯖を使用した棒寿司を言う。,,,,"osm(県庁所在地:青森市,node:734876517)",24
大歳のごっつぉ,大歳のごっつぉ,発祥地,岐阜県,,岐阜県,,都道府県のみ,大歳のごっつぉ（おおとしのごっつぉ）は、岐阜県の中濃、東濃、飛騨地域の郷土料理。,,,,"osm(県庁所在地:岐阜市,node:5488948282)",24
菜豆腐,菜豆腐,ご当地,宮崎県,椎葉村,宮崎県,椎葉村,冒頭の定義文,菜豆腐（などうふ）は、宮崎県椎葉村の郷土料理。,宮崎県,椎葉村,菜豆腐（などうふ）は、宮崎県椎葉村の郷土料理。,"osm(place=village,node:739203640)",24
嵐山辛モツ焼そば,嵐山辛モツ焼そば,ご当地,埼玉県,嵐山町,埼玉県,嵐山町,冒頭の定義文,嵐山辛モツ焼そば（らんざんからモツやきそば）は、埼玉県比企郡嵐山町のご当地グルメ。,埼玉県,嵐山町,嵐山辛モツ焼そば（らんざんからモツやきそば）は、埼玉県比企郡嵐山町のご当地グルメ。,"osm(place=town,node:863443078)",24
海藻寄せ,海藻寄せ,発祥地,茨城県,石岡市,茨城県,石岡市,冒頭の定義文,海藻寄せ（かいそうよせ）は、茨城県鹿島灘沿岸部や石岡市で食されている郷土料理。,,,,"osm(place=city,node:738650161)",23
たまの温玉めし,たまの温玉めし,ご当地,岡山県,玉野市,岡山県,玉野市,冒頭の定義文,たまの温玉めし（たまのおんたまめし）は、岡山県玉野市のご当地グルメである。,岡山県,玉野市,たまの温玉めし（たまのおんたまめし）は、岡山県玉野市のご当地グルメである。,"osm(place=city,node:1482105131)",23
バラパン,バラパン,発祥地,島根県,,島根県,,都道府県のみ,バラパンは、なんぽうパンが製造・販売する島根県のご当地パン。,,,,"osm(県庁所在地:松江市,node:1735961887)",23
仙台づけ丼,仙台づけ丼,ご当地,宮城県,仙台市,宮城県,仙台市,冒頭の定義文,仙台づけ丼（せんだいづけどん）は、宮城県仙台市で販売されているご当地グルメの丼料理である。,宮城県,仙台市,仙台づけ丼（せんだいづけどん）は、宮城県仙台市で販売されているご当地グルメの丼料理である。,"osm(place=city,node:752184864)",23
大和肉鶏照焼丼,大和肉鶏照焼丼,発祥地,奈良県,,奈良県,,都道府県のみ,大和肉鶏照焼丼（やまとにくどりてりやきどん）は、奈良県で販売されているご当地丼料理である。,,,,"osm(県庁所在地:奈良市,node:1922043513)",23
ひる貝カレー,ひる貝カレー,ご当地,北海道,余市町,北海道,余市町,冒頭の定義文,ひる貝カレー（ひるがいカレー）は、北海道余市町のご当地カレー。,北海道,余市町,ひる貝カレー（ひるがいカレー）は、北海道余市町のご当地カレー。,"osm(place=town,node:391766748)",23
浦安べか焼きそば,浦安べか焼きそば,ご当地,千葉県,浦安市,千葉県,浦安市,冒頭の定義文,浦安べか焼きそば（うらやすべかやきそば）は、千葉県浦安市のご当地焼きそば。,千葉県,浦安市,浦安べか焼きそば（うらやすべかやきそば）は、千葉県浦安市のご当地焼きそば。,"osm(place=city,node:2900447873)",23
うらじろまんじゅう,うらじろまんじゅう,ご当地,山梨県,上野原市,山梨県,上野原市,発祥を述べる文,うらじろまんじゅうは、山梨県甲州市や上野原市に伝承されている郷土料理。,山梨県,上野原市,うらじろまんじゅうは、山梨県甲州市や上野原市に伝承されている郷土料理。,"osm(place=city,node:1598836214)",22
くつぞこの煮付け,くつぞこの煮付け,発祥地,福岡県,,福岡県,,都道府県のみ,有明海で獲れるシタビラメは、福岡県や長崎県では「くつぞこ」、佐賀県では「くちぞこ」と呼ばれ常食されている。,,,,"osm(県庁所在地:福岡市,node:1932338735)",22
ふうかし,ふうかし,発祥地,千葉県,船橋市,千葉県,船橋市,発祥を述べる文,2023年12月21日 (木) 00:14 (UTC) 料理 千葉県 船橋市 料理の実物ふうかしは千葉県の郷土料理郷土。,,,,"osm(place=city,node:264883234)",22
煮たくもじ,煮たくもじ,発祥地,岐阜県,,岐阜県,,都道府県のみ,煮たくもじ（にたくもじ）は岐阜県飛騨地方の郷土料理。,,,,"osm(県庁所在地:岐阜市,node:5488948282)",22
室戸キンメ丼,室戸キンメ丼,ご当地,高知県,室戸市,高知県,室戸市,冒頭の定義文,室戸キンメ丼（むろとキンメどん）は高知県室戸市で作られる海鮮丼で、同地のご当地グルメである。,高知県,室戸市,室戸キンメ丼（むろとキンメどん）は高知県室戸市で作られる海鮮丼で、同地のご当地グルメである。,"osm(place=city,node:3074189617)",22
淡路島牛丼,淡路島牛丼,発祥地,兵庫県,,兵庫県,,都道府県のみ,淡路島牛丼（あわじしまぎゅうどん）は、兵庫県の淡路島でご当地グルメとして創作された牛丼である。,,,,"osm(県庁所在地:神戸市,node:721818614)",22
大郷みそカレー,大郷みそカレー,ご当地,宮城県,大郷町,宮城県,大郷町,冒頭の定義文,大郷みそカレー（おおさとみそカレー）は、宮城県大郷町で販売されているカレー、ご当地グルメである。,宮城県,大郷町,大郷みそカレー（おおさとみそカレー）は、宮城県大郷町で販売されているカレー、ご当地グルメである。,"osm(place=town,node:752184878)",22
としるの貝がら焼き,としるの貝がら焼き,ご当地,岩手県,大船渡市,岩手県,大船渡市,冒頭の定義文,としるの貝がら焼き（としるのかいがらやき）は、岩手県大船渡市の郷土料理。,岩手県,大船渡市,としるの貝がら焼き（としるのかいがらやき）は、岩手県大船渡市の郷土料理。,"osm(place=city,node:691229932)",22
おでんぶ,おでんぶ,発祥地,徳島県,,徳島県,,都道府県のみ,おでんぶ、またはでんぶ、れんぶ、おれんぶは徳島県の郷土料理。,,,,"osm(県庁所在地:徳島市,node:263264345)",21
ごんざ,ごんざ,発祥地,奈良県,,奈良県,,都道府県のみ,ごんざ 2023年6月 奈良県 料理 福井県ごんざとは、日本の郷土料理。,,,,"osm(県庁所在地:奈良市,node:1922043513)",21
日田どん鍋,日田どん鍋,ご当地,大分県,日田市,大分県,日田市,冒頭の定義文,日田どん鍋（ひたどんなべ）は、大分県日田市のご当地グルメである。,大分県,日田市,日田どん鍋（ひたどんなべ）は、大分県日田市のご当地グルメである。,"osm(place=city,node:3052990373)",21
II-CUPヌーベル飯田丼,II-CUPヌーベル飯田丼,ご当地,長野県,飯田市,長野県,飯田市,冒頭の定義文,II-CUPヌーベル飯田丼（イイ・カップ ヌーベルいいだどん）は、長野県飯田市のご当地グルメである。,長野県,飯田市,II-CUPヌーベル飯田丼（イイ・カップ ヌーベルいいだどん）は、長野県飯田市のご当地グルメである。,"osm(place=city,node:702987331)",21
元祖 八潮焼きそば,元祖 八潮焼きそば,ご当地,埼玉県,八潮市,埼玉県,八潮市,発祥を述べる文,元祖 八潮焼きそば（がんそ やしおやきそば）は、埼玉県八潮市のご当地焼きそば。,埼玉県,八潮市,元祖 八潮焼きそば（がんそ やしおやきそば）は、埼玉県八潮市のご当地焼きそば。,"osm(place=city,node:864255938)",21
新潟バーガー,新潟バーガー,ご当地,新潟県,新潟市,新潟県,新潟市,冒頭の定義文,新潟バーガー（にいがたバーガー）は新潟県および新潟市で販売されているハンバーガーの総称。,新潟県,新潟市,新潟バーガー（にいがたバーガー）は新潟県および新潟市で販売されているハンバーガーの総称。,"osm(place=city,node:752398625)",21
へらずし,へらずし,ご当地,高知県,大月町,高知県,大月町,冒頭の定義文,へらずしは、高知県大月町の郷土料理。,高知県,大月町,へらずしは、高知県大月町の郷土料理。,"osm(place=town,node:691562993)",21
島そうめん,島そうめん,ご当地,徳島県,牟岐町,徳島県,牟岐町,冒頭の定義文,島そうめん（しまそうめん）は、徳島県牟岐町出羽島の郷土料理。,徳島県,牟岐町,島そうめん（しまそうめん）は、徳島県牟岐町出羽島の郷土料理。,"osm(place=town,node:298625631)",21
せんさら,せんさら,ご当地,鹿児島県,志布志市,鹿児島県,志布志市,発祥を述べる文,鹿児島県志布志市の郷土料理である。,鹿児島県,志布志市,鹿児島県志布志市の郷土料理である。,"osm(place=city,node:739243892)",20
成富うどん,成富うどん,ご当地,千葉県,成田市,千葉県,成田市,冒頭の定義文,成富うどん（なりとみうどん）は、千葉県成田市を中心に提供されているご当地うどんである。,千葉県,成田市,成富うどん（なりとみうどん）は、千葉県成田市を中心に提供されているご当地うどんである。,"osm(place=city,node:2098146368)",20
いわしの卯の花漬け,いわしの卯の花漬け,発祥地,千葉県,,千葉県,,都道府県のみ,いわしの卯の花漬け（いわしのうのはなづけ）は、日本・千葉県九十九里浜地域の郷土料理。,,,,"osm(県庁所在地:千葉市,node:3675848658)",19
ゆきのつゆ,ゆきのつゆ,ご当地,佐賀県,有田町,佐賀県,有田町,冒頭の定義文,ゆきのつゆ（雪の汁）は、佐賀県有田町の郷土料理。,佐賀県,有田町,ゆきのつゆ（雪の汁）は、佐賀県有田町の郷土料理。,"osm(place=town,node:1737941064)",19
煮あい,煮あい,発祥地,和歌山県,,和歌山県,,都道府県のみ,2023年8月10日 (木) 18:16 (UTC) 料理 茨城県 和歌山県 実物煮あい、煮合い（にあい）は、日本各地の郷土料理。,,,,"osm(県庁所在地:和歌山市,node:1551511175)",19
親子雑煮,親子雑煮,発祥地,北海道,,北海道,,都道府県のみ,2023年11月23日 (木) 02:05 (UTC) 料理 北海道 新潟県 新発田市 料理の実物親子雑煮（おやこぞうに）は、日本の郷土料理。,,,,"osm(県庁所在地:札幌市,node:57683926)",19
酢もち,酢もち,発祥地,福岡県,,福岡県,,都道府県のみ,酢もち、酢餅（すもち）は、福岡県豊前地方地方の郷土料理。,,,,"osm(県庁所在地:福岡市,node:1932338735)",19
麦巻き,麦巻き,ご当地,秋田県,能代市,秋田県,能代市,冒頭の定義文,麦巻き（むぎまき）は、秋田県能代市周辺および南秋田郡周辺を中心に食べられている郷土菓子。,秋田県,能代市,麦巻き（むぎまき）は、秋田県能代市周辺および南秋田郡周辺を中心に食べられている郷土菓子。,"osm(place=city,node:752195550)",19
おかざきカレーパン,おかざきカレーパン,ご当地,愛知県,岡崎市,愛知県,岡崎市,冒頭の定義文,おかざきカレーパンは、愛知県岡崎市のご当地グルメである。,愛知県,岡崎市,おかざきカレーパンは、愛知県岡崎市のご当地グルメである。,"osm(place=city,node:569005455)",19
都留風パスタ,都留風パスタ,ご当地,山梨県,都留市,山梨県,都留市,冒頭の定義文,都留風パスタ（つるふうパスタ）は、山梨県都留市のご当地グルメ。,山梨県,都留市,都留風パスタ（つるふうパスタ）は、山梨県都留市のご当地グルメ。,"osm(place=city,node:1610335917)",19
深谷ねぎカレーやきそば,深谷ねぎカレーやきそば,ご当地,埼玉県,深谷市,埼玉県,深谷市,冒頭の定義文,深谷ねぎカレーやきそば（ふかやねぎカレーやきそば）は、埼玉県深谷市の新ご当地グルメ。,埼玉県,深谷市,深谷ねぎカレーやきそば（ふかやねぎカレーやきそば）は、埼玉県深谷市の新ご当地グルメ。,"osm(place=city,node:820591253)",19
おしくじり,おしくじり,発祥地,山梨県,南アルプス市,山梨県,南アルプス市,発祥を述べる文,概要主に南アルプス市や富士川町など、特に増穂の地域に伝わる郷土料理。,,,,"osm(place=city,node:1809487734)",18
煮合い,煮合い,ご当地,茨城県,水戸市,茨城県,水戸市,冒頭の定義文,煮合い（にあい）は、茨城県水戸市東部の地域の郷土料理。,茨城県,水戸市,煮合い（にあい）は、茨城県水戸市東部の地域の郷土料理。,"osm(place=city,node:736355846)",18
わかやまポンチ,わかやまポンチ,発祥地,和歌山県,,和歌山県,,都道府県のみ,わかやまポンチは、和歌山県で販売されているご当地グルメのフルーツポンチである。,,,,"osm(県庁所在地:和歌山市,node:1551511175)",18
おのまち小町アイスバーガー,おのまち小町アイスバーガー,ご当地,福島県,小野町,福島県,小野町,冒頭の定義文,おのまち小町アイスバーガー（おのまちこまちアイスバーガー）は、福島県田村郡小野町で販売されている菓子パンである。,福島県,小野町,おのまち小町アイスバーガー（おのまちこまちアイスバーガー）は、福島県田村郡小野町で販売されている菓子パンである。,"osm(place=town,node:734866055)",18
屋久島ラーメン,屋久島ラーメン,記事名,鹿児島県,屋久島町,鹿児島県,,都道府県のみ,屋久島ラーメン（やくしまラーメン）は、鹿児島県熊毛郡屋久島のご当地ラーメン。,,,,"osm(place=town,node:582952665)",18
あみめし,あみめし,発祥地,大分県,豊後高田市,大分県,豊後高田市,発祥を述べる文,概要あみめしは、大分県北部沿岸地域、特に中津市、宇佐市、豊後高田市周辺で古くから食されている郷土料理である。,大分県,豊後高田市,概要あみめしは、大分県北部沿岸地域、特に中津市、宇佐市、豊後高田市周辺で古くから食されている郷土料理である。,"osm(place=city,node:1736758862)",17
のしこみうどん,のしこみうどん,発祥地,東京都,,東京都,,都道府県のみ,のしこみうどんは、東京都奥多摩地域の郷土料理。,,,,"osm(県庁所在地:新宿区,node:2389061853)",17
白いプリン,白いプリン,発祥地,北海道,,北海道,,都道府県のみ,白いプリン（しろいプリン）は、リクルートの旅行雑誌である『北海道じゃらん』の提唱によって北海道で製造販売される地産地消型牛乳プリンの統一名称である。,,,,"osm(県庁所在地:札幌市,node:57683926)",17
美郷まんま,美郷まんま,発祥地,秋田県,,秋田県,,都道府県のみ,美郷まんま（みさとまんま）は、秋田県美郷町のご当地グルメの一つ。,,,,"osm(県庁所在地:秋田市,node:752195639)",17
戦国ハーぶ〜丼,戦国ハーぶ〜丼,ご当地,埼玉県,寄居町,埼玉県,寄居町,冒頭の定義文,戦国ハーぶ〜丼（せんごくはーぶーどん）とは埼玉県大里郡寄居町のB級グルメである。,埼玉県,寄居町,寄居町の特産品であるエキナセアを粉末にし、焼肉のタレとブレンドした特製ダレを使用する点が特色の豚丼である。,"osm(place=town,node:863425361)",17
紫輝彩丼,紫輝彩丼,ご当地,長野県,宮田村,長野県,宮田村,冒頭の定義文,紫輝彩丼（しきさいどん）は、長野県上伊那郡宮田村のご当地グルメ。,長野県,宮田村,紫輝彩丼（しきさいどん）は、長野県上伊那郡宮田村のご当地グルメ。,"osm(place=village,node:702987330)",17
七福カレーめん,七福カレーめん,ご当地,茨城県,古河市,茨城県,古河市,冒頭の定義文,七福カレーめん（しちふくカレーめん）は、茨城県古河市で提供されているご当地麺料理である。,茨城県,古河市,七福カレーめん（しちふくカレーめん）は、茨城県古河市で提供されているご当地麺料理である。,"osm(place=city,node:1419245750)",17
めんバーガー,めんバーガー,ご当地,福岡県,行橋市,福岡県,行橋市,冒頭の定義文,めんバーガー（めんバーガー）とは、福岡県行橋市のご当地バーガーのことである。,福岡県,行橋市,めんバーガー（めんバーガー）とは、福岡県行橋市のご当地バーガーのことである。,"osm(place=city,node:1584359428)",17
おすわい,おすわい,発祥地,富山県,,富山県,,都道府県のみ,おすわいは、富山県の郷土料理。,,,,"osm(県庁所在地:富山市,node:762306892)",16
てんころ料理,てんころ料理,ご当地,富山県,富山市,富山県,富山市,冒頭の定義文,てんころ料理は富山県富山市山田地区（旧・山田村）の郷土料理。,富山県,富山市,てんころ料理は富山県富山市山田地区（旧・山田村）の郷土料理。,"osm(place=city,node:762306892)",16
寒漬け,寒漬け,ご当地,熊本県,水俣市,山口県,山口市,冒頭の定義文,寒漬け（かんづけ）は、山口県阿知須町（現・山口市）や熊本県葦北郡・水俣市の郷土料理。,熊本県,水俣市,寒漬け（かんづけ）は、山口県阿知須町（現・山口市）や熊本県葦北郡・水俣市の郷土料理。,"osm(place=city,node:739281399)",16
豊富ホッキチャウダー,豊富ホッキチャウダー,ご当地,北海道,豊富町,北海道,豊富町,冒頭の定義文,豊富ホッキチャウダー（とよとみホッキチャウダー）は、北海道豊富町で販売されているご当地グルメである。,北海道,豊富町,豊富ホッキチャウダー（とよとみホッキチャウダー）は、北海道豊富町で販売されているご当地グルメである。,"osm(place=town,node:2173193790)",16
ホーシューバーガー,ホーシューバーガー,ご当地,岐阜県,笠松町,岐阜県,笠松町,冒頭の定義文,ホーシューバーガーは、岐阜県笠松町にある「ブルーリバーカフェ」で提供されているご当地バーガーである。,岐阜県,笠松町,ホーシューバーガーは、岐阜県笠松町にある「ブルーリバーカフェ」で提供されているご当地バーガーである。,"osm(place=town,node:2017880284)",16
土佐維新バーガー,土佐維新バーガー,発祥地,高知県,,高知県,,都道府県のみ,これにより、土佐維新バーガーの具材すべてが高知県内で調達されることとなった。,,,,"osm(県庁所在地:高知市,node:574820566)",16
おつぼ (長崎県),おつぼ (長崎県),発祥地,長崎県,,長崎県,,都道府県のみ,おつぼは長崎県五島列島福江島の郷土料理。,,,,"osm(県庁所在地:長崎市,node:568515366)",15
しろはたずし,しろはたずし,ご当地,鳥取県,鳥取市,鳥取県,鳥取市,冒頭の定義文,しろはたずしとは鳥取県鳥取市の周辺の郷土料理として作られている、ハタハタとおからを使ったなれずしの一種である。,鳥取県,鳥取市,しろはたずしとは鳥取県鳥取市の周辺の郷土料理として作られている、ハタハタとおからを使ったなれずしの一種である。,"osm(place=city,node:697537844)",15
酢ずき,酢ずき,発祥地,富山県,,富山県,,都道府県のみ,酢ずき（すずき）は、富山県の郷土料理。,,,,"osm(県庁所在地:富山市,node:762306892)",15
豊後きのこカレー,豊後きのこカレー,発祥地,大分県,,大分県,,都道府県のみ,豊後きのこカレー（ぶんごきのこカレー）は、大分県の大分県椎茸農業協同組合が製造する、シイタケを主具材とするレトルトカレーである。,,,,"osm(県庁所在地:大分市,node:417258484)",15
白老シーフードカレー,白老シーフードカレー,ご当地,北海道,白老町,北海道,白老町,冒頭の定義文,白老シーフードカレー（しらおいシーフードカレー）は、北海道白老町で販売されているご当地グルメのカレーである。,北海道,白老町,白老シーフードカレー（しらおいシーフードカレー）は、北海道白老町で販売されているご当地グルメのカレーである。,"osm(place=town,node:420892716)",15
ぶりなます,ぶりなます,発祥地,石川県,,石川県,,都道府県のみ,ぶりなます（鰤膾）は石川県の郷土料理。,,,,"osm(県庁所在地:金沢市,node:303913177)",14
いしかりバーガー,いしかりバーガー,ご当地,北海道,石狩市,北海道,石狩市,冒頭の定義文,いしかりバーガー（いしかりバーガー）とは、北海道石狩市のご当地バーガーのことである。,北海道,石狩市,いしかりバーガー（いしかりバーガー）とは、北海道石狩市のご当地バーガーのことである。,"osm(place=city,node:361130475)",14
十勝おびひろ枝豆サラダ麺,十勝おびひろ枝豆サラダ麺,ご当地,北海道,帯広市,北海道,帯広市,冒頭の定義文,十勝おびひろ枝豆サラダ麺（とかちおびひろえだまめサラダめん）は、北海道帯広市で販売されているご当地グルメの麺料理である。,北海道,帯広市,十勝おびひろ枝豆サラダ麺（とかちおびひろえだまめサラダめん）は、北海道帯広市で販売されているご当地グルメの麺料理である。,"osm(place=city,node:262838820)",14
むくり鮒,むくり鮒,ご当地,山形県,川西町,山形県,川西町,冒頭の定義文,むくり鮒（むくりぶな）は、山形県川西町、置賜地方の郷土料理。,山形県,川西町,むくり鮒（むくりぶな）は、山形県川西町、置賜地方の郷土料理。,"osm(place=town,node:752206832)",14
あんじゃなます,あんじゃなます,ご当地,富山県,魚津市,富山県,魚津市,冒頭の定義文,あんじゃなますは、富山県魚津市の郷土料理。,富山県,魚津市,あんじゃなますは、富山県魚津市の郷土料理。,"osm(place=city,node:762306868)",13
にごみ,にごみ,ご当地,長崎県,大村市,長崎県,大村市,冒頭の定義文,にごみは長崎県大村市の郷土料理。,長崎県,大村市,にごみは長崎県大村市の郷土料理。,"osm(place=city,node:3060109535)",13
かわじま呉汁,かわじま呉汁,ご当地,埼玉県,川島町,埼玉県,川島町,冒頭の定義文,かわじま呉汁（かわじまごじる）は、埼玉県比企郡川島町で販売されているご当地グルメである。,埼玉県,川島町,かわじま呉汁（かわじまごじる）は、埼玉県比企郡川島町で販売されているご当地グルメである。,"osm(place=town,node:863580022)",12
和楽備茶漬け,和楽備茶漬け,ご当地,埼玉県,蕨市,埼玉県,蕨市,冒頭の定義文,和楽備茶漬け（わらびちゃづけ）は、埼玉県蕨市で販売されているご当地グルメである。,埼玉県,蕨市,和楽備茶漬け（わらびちゃづけ）は、埼玉県蕨市で販売されているご当地グルメである。,"osm(place=city,node:864262459)",12
蒲原いわしカレー,蒲原いわしカレー,ご当地,静岡県,静岡市,静岡県,静岡市,冒頭の定義文,蒲原いわしカレー（かんばらいわしカレー）は、静岡県静岡市清水区で販売されているご当地グルメのカレーである。,静岡県,静岡市,蒲原いわしカレー（かんばらいわしカレー）は、静岡県静岡市清水区で販売されているご当地グルメのカレーである。,"osm(place=city,node:763118317)",12
美瑛カレーうどん,美瑛カレーうどん,発祥地,北海道,,北海道,,都道府県のみ,美瑛カレーうどん（びえいカレーうどん）は、北海道上川郡美瑛町で提供されているカレーうどんである。,,,,"osm(県庁所在地:札幌市,node:57683926)",12
めまき,めまき,ご当地,山梨県,富士河口湖町,山梨県,富士河口湖町,冒頭の定義文,めまきは山梨県富士河口湖町周辺の郷土料理。,山梨県,富士河口湖町,めまきは山梨県富士河口湖町周辺の郷土料理。,"osm(place=town,node:1670542927)",11
山鹿薬師馬カレー,山鹿薬師馬カレー,ご当地,熊本県,山鹿市,熊本県,山鹿市,冒頭の定義文,山鹿薬師馬カレー（やまがやくしうまカレー）は、熊本県山鹿市で販売されているご当地カレーライスである。,熊本県,山鹿市,山鹿薬師馬カレー（やまがやくしうまカレー）は、熊本県山鹿市で販売されているご当地カレーライスである。,"osm(place=city,node:739281387)",11
熊谷ホルどん,熊谷ホルどん,ご当地,埼玉県,熊谷市,埼玉県,熊谷市,冒頭の定義文,熊谷ホルどん（くまがやホルどん）は埼玉県熊谷市のB級グルメ料理。,埼玉県,熊谷市,また、熊谷市内には食肉処理施設の県北食肉センターがあり、直送の新鮮なホルモンが利用できることから、熊谷市にはホルモン焼きを提供する飲食店が点在しており、名物ともなっている。,"osm(place=city,node:301641122)",11
なんぷエゾカツカレー,なんぷエゾカツカレー,発祥地,北海道,南富良野町,北海道,南富良野町,冒頭の定義文,なんぷエゾカツカレーは、北海道空知郡南富良野町で販売されているご当地グルメのカレーである。,,,,"osm(place=town,node:379131472)",11
にいもじ,にいもじ,発祥地,佐賀県,,佐賀県,,都道府県のみ,にいもじは佐賀県の郷土料理。,,,,"osm(県庁所在地:佐賀市,node:332181950)",10
賀日あえ,賀日あえ,ご当地,広島県,尾道市,広島県,尾道市,冒頭の定義文,賀日あえ（がじつあえ）は広島県尾道市の郷土料理。,広島県,尾道市,賀日あえ（がじつあえ）は広島県尾道市の郷土料理。,"osm(place=city,node:747719891)",10
ほるホル丼,ほるホル丼,ご当地,福岡県,飯塚市,福岡県,飯塚市,冒頭の定義文,ほるホル丼（ほるホルどん）は福岡県飯塚市のご当地グルメ。,福岡県,飯塚市,ほるホル丼（ほるホルどん）は福岡県飯塚市のご当地グルメ。,"osm(place=city,node:1553257495)",10
日南一本釣りカツオ炙り重,日南一本釣りカツオ炙り重,ご当地,宮崎県,日南市,宮崎県,日南市,冒頭の定義文,日南一本釣りカツオ炙り重（にちなんいっぽんづりカツオあぶりじゅう）は、宮崎県日南市で販売されているご当地グルメである。,宮崎県,日南市,日南一本釣りカツオ炙り重（にちなんいっぽんづりカツオあぶりじゅう）は、宮崎県日南市で販売されているご当地グルメである。,"osm(place=city,node:739203609)",10
川西源氏うどん,川西源氏うどん,ご当地,兵庫県,川西市,兵庫県,川西市,冒頭の定義文,川西源氏うどん（かわにしげんじうどん）は、兵庫県川西市内の飲食店で提供されるご当地うどんである。,兵庫県,川西市,川西源氏うどん（かわにしげんじうどん）は、兵庫県川西市内の飲食店で提供されるご当地うどんである。,"osm(place=city,node:721818095)",10
中標津ミルキーカレー,中標津ミルキーカレー,発祥地,北海道,,北海道,,都道府県のみ,中標津ミルキーカレー（なかしべつミルキーカレー）は、北海道標津郡中標津町で生産された牛乳を使用したホワイトカレー。,,,,"osm(県庁所在地:札幌市,node:57683926)",10
煮ごみ,煮ごみ,ご当地,佐賀県,武雄市,佐賀県,武雄市,冒頭の定義文,煮ごみ（にごみ）は佐賀県山内町（現・武雄市）の郷土料理。,佐賀県,武雄市,煮ごみ（にごみ）は佐賀県山内町（現・武雄市）の郷土料理。,"osm(place=city,node:7114413475)",9
大津まるごとカレー,大津まるごとカレー,ご当地,滋賀県,大津市,滋賀県,大津市,冒頭の定義文,大津まるごとカレー（おおつまるごとカレー）は、滋賀県大津市で販売されているご当地カレーライス。,滋賀県,大津市,大津まるごとカレー（おおつまるごとカレー）は、滋賀県大津市で販売されているご当地カレーライス。,"osm(place=city,node:541402993)",9
矢高あっぷるカレー,矢高あっぷるカレー,ご当地,栃木県,矢板市,栃木県,矢板市,冒頭の定義文,矢高あっぷるカレー（やこうあっぷるカレー）は、栃木県矢板市で販売されているご当地グルメのカレーライスである。,栃木県,矢板市,矢高あっぷるカレー（やこうあっぷるカレー）は、栃木県矢板市で販売されているご当地グルメのカレーライスである。,"osm(place=city,node:1108891254)",9
アゲ揚げ白岡トマルーめん,アゲ揚げ白岡トマルーめん,ご当地,埼玉県,白岡市,埼玉県,白岡市,冒頭の定義文,アゲ揚げ白岡トマルーめん（アゲあげしらおかトマルーめん）は、埼玉県白岡市のご当地焼きそば。,埼玉県,白岡市,アゲ揚げ白岡トマルーめん（アゲあげしらおかトマルーめん）は、埼玉県白岡市のご当地焼きそば。,"osm(place=city,node:2716991002)",8
おつぼ (福井県),おつぼ (福井県),発祥地,福井県,,福井県,,都道府県のみ,おつぼは福井県嶺北地方の郷土料理。,,,,"osm(県庁所在地:福井市,node:762073174)",7
飯塚伝説ホルモン,飯塚伝説ホルモン,ご当地,福岡県,飯塚市,福岡県,飯塚市,冒頭の定義文,飯塚伝説ホルモン（いいづかでんせつホルモン）は、福岡県飯塚市で販売されているご当地ホルモンである。,福岡県,飯塚市,飯塚伝説ホルモン（いいづかでんせつホルモン）は、福岡県飯塚市で販売されているご当地ホルモンである。,"osm(place=city,node:1553257495)",7
栗駒耕英岩魚丼,栗駒耕英岩魚丼,ご当地,宮城県,栗原市,宮城県,栗原市,冒頭の定義文,栗駒耕英岩魚丼（くりこまこうえいいわなどん）は、宮城県栗原市栗駒耕英地域のご当地丼。,宮城県,栗原市,栗駒耕英岩魚丼（くりこまこうえいいわなどん）は、宮城県栗原市栗駒耕英地域のご当地丼。,"osm(place=city,node:752184858)",7
富士かぐや姫茶漬け,富士かぐや姫茶漬け,ご当地,静岡県,富士市,静岡県,富士市,冒頭の定義文,富士かぐや姫茶漬け（ふじかぐやひめちゃづけ）は、静岡県富士市で販売されているご当地グルメである。,静岡県,富士市,富士かぐや姫茶漬け（ふじかぐやひめちゃづけ）は、静岡県富士市で販売されているご当地グルメである。,"osm(place=city,node:763118309)",6
新潟ライスボウル,新潟ライスボウル,発祥地,新潟県,,新潟県,,都道府県のみ,概要じゃらんが新潟県内の26の飲食店とタイアップして開発された、新米とご当地食材を組み合わせた新しいご当地グルメで、下記3点を提供店に義務付けている。,,,,"osm(県庁所在地:新潟市,node:752398625)",6
おしゃかこごり,おしゃかこごり,発祥地,山梨県,市川三郷町,山梨県,市川三郷町,発祥を述べる文,概要峡東地域と甲府市、市川三郷町、身延町などに伝わる、4月8日の灌仏会の花まつりの行事食。,,,,"osm(place=town,node:2955593367)",5
那須のすいとん,那須のすいとん,ご当地,栃木県,那須町,栃木県,那須町,冒頭の定義文,那須のすいとん（なすのすいとん）は、栃木県那須郡那須町で販売されているご当地グルメである。,栃木県,那須町,那須のすいとん（なすのすいとん）は、栃木県那須郡那須町で販売されているご当地グルメである。,"osm(place=town,node:1108891275)",3
さよりめし#かやくめし,さよりめし,節から起こした,埼玉県,小川町,,,本文の鉤括弧,,埼玉県,小川町,1939年（昭和14年）には、宮内省の全国郷土料理調査において日本の代表的な郷土料理として、島根県の「うずめめし」、東京都深川の「深川めし」、埼玉県小川町の「忠七めし」、大阪府難波地方の「かやくめし」とともに、「日本五大名飯」のひとつに選定された。,"osm(place=town,node:863433506)",
きりたんぽ#きりたんぽ鍋,きりたんぽ,節から起こした,秋田県,鹿角市,,,節の見出し,,秋田県,鹿角市,地域的な特徴として、秋田県教育委員会の「秋田県の郷土食」によると鹿角市ではしらたきまたは糸こんにゃくが入るとしている。,"osm(place=city,node:752195642)",
茶飯#さくらご飯,茶飯,節から起こした,静岡県,浜松市,,,本文の鉤括弧,,静岡県,浜松市,遠州地方（静岡県浜松市周辺）では「さくらご飯」（桜飯）とも呼ばれる。,"osm(place=city,node:763118297)",
さよりめし#さんまご飯,さよりめし,節から起こした,岐阜県,美濃市,,,本文の鉤括弧,,岐阜県,美濃市,岐阜県内でも美濃市や飛騨地方などでは「さんまご飯」「さんまめし」と呼ぶ日本調理学会 2023 38。,"osm(place=city,node:1891221662)",
さよりめし#さんまめし,さよりめし,節から起こした,岐阜県,美濃市,,,本文の鉤括弧,,岐阜県,美濃市,岐阜県内でも美濃市や飛騨地方などでは「さんまご飯」「さんまめし」と呼ぶ日本調理学会 2023 38。,"osm(place=city,node:1891221662)",
うどん#ちゃんぽん焼,うどん,節から起こした,兵庫県,姫路市,,,節の見出し,,兵庫県,姫路市,姫路市発祥のご当地グルメで「焼きうどん」と「焼きそば」がミックスされたもの。,"osm(place=city,node:721818691)",
トンカツラーメン#とんかつそば,トンカツラーメン,節から起こした,岡山県,岡山市,,,本文の鉤括弧,,岡山県,岡山市,岡山市の「中華そば 一元」では「とんかつそば」の名でトンカツラーメンを提供しているが、昭和40年頃にはメニューにあったと証言している山崎。,"osm(place=city,node:703048335)",
もつ鍋#とんちゃん鍋,もつ鍋,節から起こした,山口県,下関市,,,本文の鉤括弧,,山口県,下関市,山口県下関市では、「とんちゃん鍋」と呼ばれる、博多の「もつ鍋」とは全く異なった種類のホルモン鍋が存在する。,"osm(place=city,node:697538044)",
うどん#どきどきうどん,うどん,節から起こした,福岡県,北九州市,,,本文の鉤括弧,,福岡県,北九州市,一般的には薄切り肉（細切れ肉）を用いるが、北九州市（おもに小倉北区・小倉南区）では、「どきどきうどん」（どぎどぎうどん）と呼ばれる、牛ほほ肉・牛すじ肉の角切りを用いた肉うどんが存在する。,"osm(place=city,node:5410283420)",
へらずし#へだずし,へらずし,節から起こした,高知県,大月町,,,節の見出し,,高知県,大月町,へだずしは、高知県大月町柏島で食されている類似の郷土料理観光。,"osm(place=town,node:691562993)",
汁粉#べろべろ餅,汁粉,節から起こした,山形県,鶴岡市,,,本文の鉤括弧,,山形県,鶴岡市,山形県鶴岡市温海地域では、うるち米で作られる「べろべろ餅」を入れた汁粉が食べられる。,"osm(place=city,node:752206830)",
とっとりバーガーフェスタ#もさバーガー,とっとりバーガーフェスタ,節から起こした,鳥取県,鳥取市,,,本文の鉤括弧,,鳥取県,鳥取市,佐世保バーガーをきっかけに「ご当地バーガーブーム」が盛り上がり始めた中で、2009年（平成21年）7月21日に初開催された「食のみやこ鳥取県」新・名物料理大賞では、伯耆町の地元食材である伯耆和牛のフィレステーキを挟んだ「大山バーガー」のほか、ご当地の海産物「もさえび」を使った鳥取市の「もさバーガー」が大賞を受賞した。,"osm(place=city,node:697537844)",
海軍カレー#よこすか海軍カレー,海軍カレー,節から起こした,神奈川県,横須賀市,,,節の見出し,,神奈川県,横須賀市,横須賀市以外でも、小麦粉を煎ったものを混ぜたカレー粉が市販されているので、家庭でも容易に作ることができる靖国神社の遊就館でも販売されている。,"osm(place=city,node:2115184112)",
よごし#よごしライスバーガー,よごし,節から起こした,富山県,高岡市,,,節の見出し,,富山県,高岡市,富山県高岡市商工会青年部が地域の名物を作るために「青春! みらいレシピ」と題して市内の中学生からアイデアを募り、グランプリを獲得したのがよごしライスバーガーである北。,"osm(place=city,node:762306910)",
ダムカレー#アーチカレー,ダムカレー,節から起こした,長野県,大町市,,,節の見出し,,長野県,大町市,カレーライスの名称は「アーチカレー」で、「ダムカレー」ではなかったが、大町市内の複数の飲食店がご当地グルメとして「黒部ダムカレー」を提供することになったことに合わせ、2009年7月1日に「黒部ダムカレー」に名称を変更した（2003年以前に名称を変えていた可能性もある）。,"osm(place=city,node:702987319)",
焼きうどん#キムトマ焼きうどん,焼きうどん,節から起こした,群馬県,藤岡市,,,節の見出し,,群馬県,藤岡市,群馬県藤岡市で販売されているご当地グルメの焼きうどんであり、トマトソースとキムチを合わせた「キムトマソース」をかけ、スクランブルエッグや鰹節をトッピングした料理。,"osm(place=city,node:1068823554)",
カツ丼#ソースカツ丼,カツ丼,節から起こした,山梨県,甲府市,,,節の見出し,,山梨県,甲府市,福井県、山梨県甲府市などの地域では、単に「カツ丼」と呼ぶとソースカツ丼を指しており、卵とじのカツ丼は「卵カツ丼」「上カツ丼」「煮カツ丼」などと呼び別の料理とされている。,"osm(place=city,node:1808192270)",
カツ丼#デミカツ丼,カツ丼,節から起こした,岡山県,岡山市,,,本文の鉤括弧,,岡山県,岡山市,岡山県岡山市のものが「デミカツ丼」（おかやまデミカツ丼）の名前でご当地グルメとして広まっている。,"osm(place=city,node:703048335)",
ドミグラスソースカツ丼#デミグラスソースカツ丼,ドミグラスソースカツ丼,節から起こした,岡山県,岡山市,,,本文の鉤括弧,,岡山県,岡山市,ただし比較的近年にできた店や、岡山市中心部以外の地域では「デミグラスソースカツ丼」等の名称で提供されることが多い。,"osm(place=city,node:703048335)",
ヨコスカネイビーバーガー#ネイビーバーガー,ヨコスカネイビーバーガー,節から起こした,神奈川県,横須賀市,,,本文の鉤括弧,,神奈川県,横須賀市,2008年11月19日に、横須賀基地の米海軍司令官より横須賀市長へ、「ネイビーバーガー」のレシピが提供された。,"osm(place=city,node:2115184112)",
ベトコンラーメン#ローカルラーメン,ベトコンラーメン,節から起こした,広島県,福山市,,,節の見出し,,広島県,福山市,「新京」とは別に、広島県福山市の中華料理店「光福亭（こうふくてい）」は、ベトコンラーメンとみそベトコンを提供している。,"osm(place=city,node:1985508816)",
カレーラーメン#三条カレーラーメン,カレーラーメン,節から起こした,新潟県,三条市,,,節の見出し,,新潟県,三条市,（同じく三条市内にある「大黒亭」が発祥との説もあり、同店の初代が戦前に東京のレストランで働いていた時に食べたカレーにヒントを得たとされている。,"osm(place=city,node:752398739)",
久留米ラーメン#久留米国道系ラーメン,久留米ラーメン,節から起こした,福岡県,久留米市,,,節の見出し,,福岡県,久留米市,久留米市内や久留米市周辺部の国道3号沿いに店を構え、こってりしたスープのラーメンが国道系と呼ばれることもある渡辺。,"osm(place=city,node:3056729963)",
焼きうどん#亀山みそ焼きうどん,焼きうどん,節から起こした,三重県,亀山市,,,節の見出し,,三重県,亀山市,三重県亀山市で企画・販売されている。,"osm(place=city,node:2970907194)",
岡山県のラーメン#井原ラーメン,岡山県のラーメン,節から起こした,岡山県,井原市,,,節の見出し,,岡山県,井原市,県南西部の井原市で、市民らでつくるNPOが井原鉄道井原線の開業10周年を記念して、井原線沿線地域の食材を使用したラーメンを開発し、「いばらーめん」として開業記念日の1月11日に井原駅で試験販売を行なったところ、好評だったため、2009年（平成21年）4月1日から井原鉄道が販売を引き継ぎ、井原駅舎内のキッチンスナックコーナーにて提供するようになり、その名が知られるようになる。,"osm(place=city,node:698685265)",
焼豚玉子飯#今治焼豚玉子飯,焼豚玉子飯,節から起こした,愛媛県,今治市,,,本文の鉤括弧,,愛媛県,今治市,焼豚玉子飯（やきぶたたまごめし）は、愛媛県の今治市の名物料理の一つであり、「今治焼豚玉子飯」とも呼ばれるB級グルメである。,"osm(place=city,node:637454152)",
養肝漬#伊賀越漬,養肝漬,節から起こした,三重県,伊賀市,,,本文の鉤括弧,,三重県,伊賀市,同様の食品として、同じく伊賀市に本社を持つ伊賀越株式会社が販売する「伊賀越漬」がある。,"osm(place=city,node:2683355141)",
たぬき丼#信楽町のたぬき丼,たぬき丼,節から起こした,滋賀県,甲賀市,,,節の見出し,,滋賀県,甲賀市,信楽焼のタヌキで知られる滋賀県甲賀市信楽町では、2010年（平成22年）に開催された芸術イベント「信楽まちなか芸術祭」の目玉企画として、信楽町のご当地グルメ「たぬき丼」が考案された中日新聞20121114m_p19。,"osm(place=city,node:541403008)",
岡山県のラーメン#倉敷ラーメン,岡山県のラーメン,節から起こした,岡山県,倉敷市,,,節の見出し,,岡山県,倉敷市,製麺業者が観光都市・倉敷市のご当地ラーメンとして「倉敷ラーメン」を商品化し、その名が知られるようになる。,"osm(place=city,node:703049817)",
北海道のラーメン#元祖地獄ラーメン,北海道のラーメン,節から起こした,広島県,広島市,,,本文の鉤括弧,,広島県,広島市,同様の名称を持つ店舗は日本各地に存在するが、北広島市に所在する店舗「元祖地獄ラーメン」の登録商標である。,"osm(place=city,node:1590291928)",
大東そば#元祖大東そば,大東そば,節から起こした,沖縄県,那覇市,,,本文の鉤括弧,,沖縄県,那覇市,現在は那覇市内の製麺所で製造され、直営店である「元祖大東そば」で提供されている。,"osm(place=city,node:567940176)",
へぎそば#十日町へぎそば,へぎそば,節から起こした,新潟県,十日町市,,,本文の鉤括弧,,新潟県,十日町市,十日町市のへぎそば組合は「十日町へぎそば」を、小千谷市の業界団体は「小千谷名物へぎそば」を商標登録している。,"osm(place=city,node:752398696)",
海軍カレー#呉海自カレー,海軍カレー,節から起こした,広島県,呉市,,,節の見出し,,広島県,呉市,帝国海軍の呉鎮守府が置かれ、現在も海上自衛隊呉地方隊が置かれている広島県呉市では、呉市役所と呉地方隊が協力して、2015年から「呉海自カレー」が同市内の飲食店30店舗（2018年3月現在）で提供されている。,"osm(place=city,node:191581255)",
焼きラーメン#和歌山焼きラーメン,焼きラーメン,節から起こした,和歌山県,有田川町,,,本文の鉤括弧,,和歌山県,有田川町,和歌山県有田郡有田川町の麺工場ナルトが考案した「和歌山焼きラーメン」は2012年の『地域ブランドサミットinありだ2012』で開催された「B級ご当地グルメコンテスト」において優勝した有田。,"osm(place=town,node:2527912116)",
海軍カレー#大湊海自カレー,海軍カレー,節から起こした,青森県,むつ市,,,節の見出し,,青森県,むつ市,かつて旧海軍の大湊警備府が置かれ、現在は海上自衛隊の大湊地方隊が置かれている青森県むつ市でも、護衛艦で食べられているカレーをご当地グルメとして普及させようという試みが行われている。,"osm(place=city,node:734876492)",
糸魚川ブラック焼きそば#妙高赤倉温泉レッド焼きそば,糸魚川ブラック焼きそば,節から起こした,新潟県,妙高市,,,本文の鉤括弧,,新潟県,妙高市,近隣地域のご当地グルメである、妙高市赤倉温泉の「妙高赤倉温泉レッド焼きそば」、上越市の「謙信公 義の塩ホワイト焼きそば」とともに、2012年1月31日、「上越三色同麺」を締結し、グルメイベント「～天下御麺～越後上越 食の嵐in糸魚川」など、タイアップでのPR活動を展開している。,"osm(place=city,node:752398751)",
鯛めし#宇和島鯛めし,鯛めし,節から起こした,愛媛県,宇和島市,,,節の見出し,,愛媛県,宇和島市,東予地方や中予地方では一般的な焼き鯛の炊き込みご飯を鯛めしと呼ぶが、宇和島市を中心とする南予地方では鯛の刺身を、醤油を主体としたタレに生卵、ゴマ、きざみねぎなどの薬味を混ぜたものに和え、ご飯に載せたものを鯛めしと呼ぶ。,"osm(place=city,node:691562998)",
うなり寿司#宮崎のうなり寿司,うなり寿司,節から起こした,宮崎県,宮崎市,,,節の見出し,,宮崎県,宮崎市,2020年、宮崎市の男性が日本料理の知識とすし職人としての経験を生かし、宮崎県の名産であるウナギと稲荷すしを組み合わせた「うなりずし」の販売を開始した。,"osm(place=city,node:739203629)",
焼きうどん#小倉発祥焼うどん,焼きうどん,節から起こした,福岡県,北九州市,,,節の見出し,,福岡県,北九州市,2001年、福岡県北九州市において、市内の青年有志による地域活性化団体「北九州青年みらい塾」による町おこしの一環として「小倉発祥焼うどん」のブランド化ならびに普及活動が企画され活動を開始した。,"osm(place=city,node:5410283420)",
へぎそば#小千谷名物へぎそば,へぎそば,節から起こした,新潟県,小千谷市,,,本文の鉤括弧,,新潟県,小千谷市,十日町市のへぎそば組合は「十日町へぎそば」を、小千谷市の業界団体は「小千谷名物へぎそば」を商標登録している。,"osm(place=city,node:752398664)",
尾道ラーメン#尾道・福山ラーメン,尾道ラーメン,節から起こした,広島県,福山市,,,本文の鉤括弧,,広島県,福山市,なお、阿藻珍味は福山市のメーカーであるため、岩岡洋志は「尾道・福山ラーメン」と呼ぶべきかもしれないと述べている岩岡。,"osm(place=city,node:1985508816)",
壺漬け#山川漬,壺漬け,節から起こした,鹿児島県,指宿市,,,節の見出し,,鹿児島県,指宿市,鹿児島県指宿市山川地区が発祥の地とされる。,"osm(place=city,node:698791778)",
釜玉うどん#山越うどん,釜玉うどん,節から起こした,香川県,綾川町,,,本文の鉤括弧,,香川県,綾川町,綾川町にある「山越うどん」が一般メニューに加えたことで広く食べられるようになったとされる。,"osm(place=town,node:691563058)",
岡山県のラーメン#岡山ラーメン,岡山県のラーメン,節から起こした,岡山県,岡山市,,,節の見出し,,岡山県,岡山市,第二次世界大戦直後の岡山市中心市街地で、屋台やバラック小屋から発祥した。,"osm(place=city,node:703048335)",
豚丼#帯広系豚丼,豚丼,節から起こした,北海道,帯広市,,,節の見出し,,北海道,帯広市,十勝地方に特有のこの種の豚丼は、1933年（昭和8年）に帯広市の大衆食堂「ぱんちょう」創業者である阿部秀司が考案したとされる。,"osm(place=city,node:262838820)",
天理ラーメン#彩華ラーメン,天理ラーメン,節から起こした,奈良県,天理市,,,節の見出し,,奈良県,天理市,天理ラーメン（てんりラーメン）とは、奈良県天理市の「ご当地ラーメン」である。,"osm(place=city,node:2453910137)",
朝ラーメン#志太系ラーメン,朝ラーメン,節から起こした,静岡県,島田市,,,本文の鉤括弧,,静岡県,島田市,藤枝市、焼津市、島田市で「志太系ラーメン」を提供する店舗は、2018年時点で約20店舗毎日。,"osm(place=city,node:763099677)",
岡山県のラーメン#新見ラーメン,岡山県のラーメン,節から起こした,岡山県,新見市,,,節の見出し,,岡山県,新見市,県北西部の新見市では、猪が多く生息し、昔からぼたん鍋など猪料理が郷土料理として食べられてきた。,"osm(place=city,node:708363561)",
東村山黒焼きそば#東村山ブラックカレー,東村山黒焼きそば,節から起こした,東京都,東村山市,,,節の見出し,,東京都,東村山市,東村山市立久米川東小学校5年生（当時）の森涼葉が夏休みの自由研究として食品ロス削減や地産地消をテーマに選び、自宅にあった地元産野菜と黒焼そばソースなどでレシピを考案したもの読売。,"osm(place=city,node:1673414230)",
海軍カレー#横須賀海軍カレー,海軍カレー,節から起こした,神奈川県,横須賀市,,,本文の鉤括弧,,神奈川県,横須賀市,神奈川県横須賀市では「横須賀海軍カレー」としてご当地グルメになっている。,"osm(place=city,node:2115184112)",
油麩#油麩丼,油麩,節から起こした,宮城県,登米市,,,節の見出し,,宮城県,登米市,登米市では、油麩丼（あぶらふどん）と呼ばれる。,"osm(place=city,node:3162509661)",
おおむた洋風かつ丼#洋風かつ丼,おおむた洋風かつ丼,節から起こした,福岡県,大牟田市,,,本文の鉤括弧,,福岡県,大牟田市,松屋は2004年に閉館となったが、10年後の2014年に「おおむた洋風かつ丼研究会」が大牟田市のご当地グルメとして「洋風かつ丼」を復活させた観光。,"osm(place=city,node:1800434750)",
ドミグラスソースカツ丼#洋風カツ丼,ドミグラスソースカツ丼,節から起こした,新潟県,長岡市,,,本文の鉤括弧,,新潟県,長岡市,島根県松江市周辺の「カツライス」や、兵庫県加古川市周辺の「かつめし」、新潟県長岡市の「洋風カツ丼」などがある。,"osm(place=city,node:752398736)",
岡山県のラーメン#津山ラーメン,岡山県のラーメン,節から起こした,岡山県,津山市,,,節の見出し,,岡山県,津山市,特徴としては、作州黒豚を用い、スープに蜂蜜、麺に山芋といった津山市の特産品が用いられている。,"osm(place=city,node:1909470228)",
鯛めし#活き鯛めし,鯛めし,節から起こした,愛媛県,松山市,,,本文の鉤括弧,,愛媛県,松山市,松山市では平成21年に「活き鯛めし」の名称を使い、松山市の郷土料理として大々的に「鯛めし」を紹介したが、その後は宇和島を発祥の地としている。,"osm(place=city,node:207689592)",
カツ丼#煮込みソースカツ丼,カツ丼,節から起こした,福島県,会津若松市,,,節の見出し,,福島県,会津若松市,福島県会津若松市にはソースで煮込んだカツを卵とじにした「煮込みソースカツ丼」を提供する店がある。,"osm(place=city,node:734866096)",
出雲そば#玄丹そば,出雲そば,節から起こした,島根県,松江市,,,節の見出し,,島根県,松江市,松江市には玄丹そば（げんたんそば）と呼ばれるそばがある。,"osm(place=city,node:1735961887)",
サラダパン#秋田のサラダパン,サラダパン,節から起こした,秋田県,秋田市,,,節の見出し,,秋田県,秋田市,秋田県秋田市にあるたけや製パンも同名のパンを製造・販売している。,"osm(place=city,node:752195639)",
うどん#肉うどん,うどん,節から起こした,福岡県,北九州市,,,節の見出し,,福岡県,北九州市,一般的には薄切り肉（細切れ肉）を用いるが、北九州市（おもに小倉北区・小倉南区）では、「どきどきうどん」（どぎどぎうどん）と呼ばれる、牛ほほ肉・牛すじ肉の角切りを用いた肉うどんが存在する。,"osm(place=city,node:5410283420)",
岡山県のラーメン#鏡野ラーメン,岡山県のラーメン,節から起こした,岡山県,鏡野町,,,節の見出し,,岡山県,鏡野町,県北部の苫田郡鏡野町で、特産品の甘いフルーツトマトを使用したラーメンが開発され、その名が知られるようになる。,"osm(place=town,node:1926704988)",
博多ラーメン#長浜ラーメン,博多ラーメン,節から起こした,福岡県,福岡市,,,節の見出し,,福岡県,福岡市,おもに福岡市中央区長浜の店舗や屋台のラーメンを指して、長浜ラーメンと呼ぶ。,"osm(place=city,node:1932338735)",
岡山県のラーメン#風の家ラーメン,岡山県のラーメン,節から起こした,岡山県,真庭市,,,節の見出し,,岡山県,真庭市,真庭市蒜山の国道482号の道の駅風の家で提供されている人気の名物ラーメン。,"osm(place=city,node:1909482657)",
高島とんちゃん#高島とんちゃん焼き丼,高島とんちゃん,節から起こした,滋賀県,高島市,,,節の見出し,,滋賀県,高島市,高島市とセブン-イレブン・ジャパンは2019年に地域活性化に向けた包括連携協定を結んでおり、「高島とんちゃん焼き丼」の開発、販売は包括連携協定の一環のひとつとなる中日。,"osm(place=city,node:541403016)",
